ISO-10303-21;
HEADER;
/* Generated by software containing ST-Developer
 * from STEP Tools, Inc. (www.steptools.com) 
 */
/* OPTION: using custom renumber hook */

FILE_DESCRIPTION(
/* description */ (
'CAx-IF Rec.Pracs.---Representation and Presentation of Product Manufa
cturing Information (PMI)---4.0---2014-10-13',
'CAx-IF Rec.Pracs.---3D Tessellated Geometry---0.4---2014-09-14','2;1'),

/* implementation_level */ '2;1');

FILE_NAME(
/* name */ 'Cliff_Bumper_Sensor_Assembly-2',
/* time_stamp */ '2026-10-02T00:34:15+03:00',
/* author */ (''),
/* organization */ (''),
/* preprocessor_version */ 'ST-DEVELOPER v18.102',
/* originating_system */ 'SIEMENS PLM Software NX2206.9140',
/* authorisation */ $);

FILE_SCHEMA (('AP242_MANAGED_MODEL_BASED_3D_ENGINEERING_MIM_LF { 1 0 10303 442 3 1 4 }'));
ENDSEC;

DATA;
#10=CONTEXT_DEPENDENT_OVER_RIDING_STYLED_ITEM('',(#6554),#6579,#6551,(#27));
#11=CONTEXT_DEPENDENT_OVER_RIDING_STYLED_ITEM('',$,#6580,#6551,(#28));
#12=PROPERTY_DEFINITION_REPRESENTATION(#14,#16);
#13=PROPERTY_DEFINITION_REPRESENTATION(#15,#17);
#14=PROPERTY_DEFINITION('assembly validation property',
'assembly validation property',#11741);
#15=PROPERTY_DEFINITION('assembly validation property',
'assembly validation property',#11736);
#16=REPRESENTATION('number of children',(#18),#11727);
#17=REPRESENTATION('notional solids centroid',(#11701),#11727);
#18=INTEGER_REPRESENTATION_ITEM('number of children',2.);
#19=CONICAL_SURFACE('',#6966,2.19671359865931,0.000125201071265402);
#20=CONICAL_SURFACE('',#6976,1.27111676639182,0.000125201071265402);
#21=CONICAL_SURFACE('',#7078,2.19671359865931,0.000125201071265402);
#22=CONICAL_SURFACE('',#7079,1.27111676639182,0.000125201071265402);
#23=CONTEXT_DEPENDENT_SHAPE_REPRESENTATION(#27,#11738);
#24=CONTEXT_DEPENDENT_SHAPE_REPRESENTATION(#28,#11740);
#25=NEXT_ASSEMBLY_USAGE_OCCURRENCE('inner_part','inner_part',
'inner_part',#11741,#11742,'');
#26=NEXT_ASSEMBLY_USAGE_OCCURRENCE('transparent_cover',
'transparent_cover','transparent_cover',#11741,#11743,'');
#27=(
REPRESENTATION_RELATIONSHIP(' ',' ',#6579,#6578)
REPRESENTATION_RELATIONSHIP_WITH_TRANSFORMATION(#29)
SHAPE_REPRESENTATION_RELATIONSHIP()
);
#28=(
REPRESENTATION_RELATIONSHIP(' ',' ',#6580,#6578)
REPRESENTATION_RELATIONSHIP_WITH_TRANSFORMATION(#30)
SHAPE_REPRESENTATION_RELATIONSHIP()
);
#29=ITEM_DEFINED_TRANSFORMATION(' ',' ',#6581,#6927);
#30=ITEM_DEFINED_TRANSFORMATION(' ',' ',#6581,#7149);
#31=DEFAULT_MODEL_GEOMETRIC_VIEW('','',#142,#66,'','',#11737,*);
#32=DEFAULT_MODEL_GEOMETRIC_VIEW('','',#150,#74,'','',#11739,*);
#33=DEFAULT_MODEL_GEOMETRIC_VIEW('','',#158,#82,'','',#11740,*);
#34=MECHANICAL_DESIGN_AND_DRAUGHTING_RELATIONSHIP('','',#58,#59);
#35=MECHANICAL_DESIGN_AND_DRAUGHTING_RELATIONSHIP('','',#60,#59);
#36=MECHANICAL_DESIGN_AND_DRAUGHTING_RELATIONSHIP('','',#61,#59);
#37=MECHANICAL_DESIGN_AND_DRAUGHTING_RELATIONSHIP('','',#62,#59);
#38=MECHANICAL_DESIGN_AND_DRAUGHTING_RELATIONSHIP('','',#63,#59);
#39=MECHANICAL_DESIGN_AND_DRAUGHTING_RELATIONSHIP('','',#64,#59);
#40=MECHANICAL_DESIGN_AND_DRAUGHTING_RELATIONSHIP('','',#65,#59);
#41=MECHANICAL_DESIGN_AND_DRAUGHTING_RELATIONSHIP('','',#66,#59);
#42=MECHANICAL_DESIGN_AND_DRAUGHTING_RELATIONSHIP('','',#67,#59);
#43=MECHANICAL_DESIGN_AND_DRAUGHTING_RELATIONSHIP('','',#68,#59);
#44=MECHANICAL_DESIGN_AND_DRAUGHTING_RELATIONSHIP('','',#69,#59);
#45=MECHANICAL_DESIGN_AND_DRAUGHTING_RELATIONSHIP('','',#70,#59);
#46=MECHANICAL_DESIGN_AND_DRAUGHTING_RELATIONSHIP('','',#71,#59);
#47=MECHANICAL_DESIGN_AND_DRAUGHTING_RELATIONSHIP('','',#72,#59);
#48=MECHANICAL_DESIGN_AND_DRAUGHTING_RELATIONSHIP('','',#73,#59);
#49=MECHANICAL_DESIGN_AND_DRAUGHTING_RELATIONSHIP('','',#74,#59);
#50=MECHANICAL_DESIGN_AND_DRAUGHTING_RELATIONSHIP('','',#75,#59);
#51=MECHANICAL_DESIGN_AND_DRAUGHTING_RELATIONSHIP('','',#76,#59);
#52=MECHANICAL_DESIGN_AND_DRAUGHTING_RELATIONSHIP('','',#77,#59);
#53=MECHANICAL_DESIGN_AND_DRAUGHTING_RELATIONSHIP('','',#78,#59);
#54=MECHANICAL_DESIGN_AND_DRAUGHTING_RELATIONSHIP('','',#79,#59);
#55=MECHANICAL_DESIGN_AND_DRAUGHTING_RELATIONSHIP('','',#80,#59);
#56=MECHANICAL_DESIGN_AND_DRAUGHTING_RELATIONSHIP('','',#81,#59);
#57=MECHANICAL_DESIGN_AND_DRAUGHTING_RELATIONSHIP('','',#82,#59);
#58=DRAUGHTING_MODEL('Top',(#135,#109),#11728);
#59=DRAUGHTING_MODEL('',(#110),#11727);
#60=DRAUGHTING_MODEL('Front',(#136,#111),#11728);
#61=DRAUGHTING_MODEL('Right',(#137,#112),#11728);
#62=DRAUGHTING_MODEL('Back',(#138,#113),#11728);
#63=DRAUGHTING_MODEL('Bottom',(#139,#114),#11728);
#64=DRAUGHTING_MODEL('Left',(#140,#115),#11728);
#65=DRAUGHTING_MODEL('Isometric',(#141,#116),#11728);
#66=DRAUGHTING_MODEL('Trimetric',(#142,#117),#11728);
#67=DRAUGHTING_MODEL('Top',(#143,#118),#11729);
#68=DRAUGHTING_MODEL('Front',(#144,#119),#11729);
#69=DRAUGHTING_MODEL('Right',(#145,#120),#11729);
#70=DRAUGHTING_MODEL('Back',(#146,#121),#11729);
#71=DRAUGHTING_MODEL('Bottom',(#147,#122),#11729);
#72=DRAUGHTING_MODEL('Left',(#148,#123),#11729);
#73=DRAUGHTING_MODEL('Isometric',(#149,#124),#11729);
#74=DRAUGHTING_MODEL('Trimetric',(#150,#125),#11729);
#75=DRAUGHTING_MODEL('Top',(#151,#126),#11727);
#76=DRAUGHTING_MODEL('Front',(#152,#127),#11727);
#77=DRAUGHTING_MODEL('Right',(#153,#128),#11727);
#78=DRAUGHTING_MODEL('Back',(#154,#129),#11727);
#79=DRAUGHTING_MODEL('Bottom',(#155,#130),#11727);
#80=DRAUGHTING_MODEL('Left',(#156,#131),#11727);
#81=DRAUGHTING_MODEL('Isometric',(#157,#132),#11727);
#82=DRAUGHTING_MODEL('Trimetric',(#158,#133),#11727);
#83=REPRESENTATION_MAP(#6581,#209);
#84=REPRESENTATION_MAP(#6581,#209);
#85=REPRESENTATION_MAP(#6581,#209);
#86=REPRESENTATION_MAP(#6581,#209);
#87=REPRESENTATION_MAP(#6581,#209);
#88=REPRESENTATION_MAP(#6581,#209);
#89=REPRESENTATION_MAP(#6581,#209);
#90=REPRESENTATION_MAP(#6581,#209);
#91=REPRESENTATION_MAP(#6581,#209);
#92=REPRESENTATION_MAP(#6581,#210);
#93=REPRESENTATION_MAP(#6581,#210);
#94=REPRESENTATION_MAP(#6581,#210);
#95=REPRESENTATION_MAP(#6581,#210);
#96=REPRESENTATION_MAP(#6581,#210);
#97=REPRESENTATION_MAP(#6581,#210);
#98=REPRESENTATION_MAP(#6581,#210);
#99=REPRESENTATION_MAP(#6581,#210);
#100=REPRESENTATION_MAP(#6581,$);
#101=REPRESENTATION_MAP(#6581,$);
#102=REPRESENTATION_MAP(#6581,$);
#103=REPRESENTATION_MAP(#6581,$);
#104=REPRESENTATION_MAP(#6581,$);
#105=REPRESENTATION_MAP(#6581,$);
#106=REPRESENTATION_MAP(#6581,$);
#107=REPRESENTATION_MAP(#6581,$);
#108=REPRESENTATION_MAP(#6581,#6578);
#109=MAPPED_ITEM('',#83,#6581);
#110=MAPPED_ITEM('',#84,#6581);
#111=MAPPED_ITEM('',#85,#6581);
#112=MAPPED_ITEM('',#86,#6581);
#113=MAPPED_ITEM('',#87,#6581);
#114=MAPPED_ITEM('',#88,#6581);
#115=MAPPED_ITEM('',#89,#6581);
#116=MAPPED_ITEM('',#90,#6581);
#117=MAPPED_ITEM('',#91,#6581);
#118=MAPPED_ITEM('',#92,#6581);
#119=MAPPED_ITEM('',#93,#6581);
#120=MAPPED_ITEM('',#94,#6581);
#121=MAPPED_ITEM('',#95,#6581);
#122=MAPPED_ITEM('',#96,#6581);
#123=MAPPED_ITEM('',#97,#6581);
#124=MAPPED_ITEM('',#98,#6581);
#125=MAPPED_ITEM('',#99,#6581);
#126=MAPPED_ITEM('',#100,#6581);
#127=MAPPED_ITEM('',#101,#6581);
#128=MAPPED_ITEM('',#102,#6581);
#129=MAPPED_ITEM('',#103,#6581);
#130=MAPPED_ITEM('',#104,#6581);
#131=MAPPED_ITEM('',#105,#6581);
#132=MAPPED_ITEM('',#106,#6581);
#133=MAPPED_ITEM('',#107,#6581);
#134=MAPPED_ITEM('',#108,#6581);
#135=CAMERA_MODEL_D3('Top',#6911,#159);
#136=CAMERA_MODEL_D3('Front',#6913,#160);
#137=CAMERA_MODEL_D3('Right',#6915,#161);
#138=CAMERA_MODEL_D3('Back',#6917,#162);
#139=CAMERA_MODEL_D3('Bottom',#6919,#163);
#140=CAMERA_MODEL_D3('Left',#6921,#164);
#141=CAMERA_MODEL_D3('Isometric',#6923,#165);
#142=CAMERA_MODEL_D3('Trimetric',#6925,#166);
#143=CAMERA_MODEL_D3('Top',#7133,#167);
#144=CAMERA_MODEL_D3('Front',#7135,#168);
#145=CAMERA_MODEL_D3('Right',#7137,#169);
#146=CAMERA_MODEL_D3('Back',#7139,#170);
#147=CAMERA_MODEL_D3('Bottom',#7141,#171);
#148=CAMERA_MODEL_D3('Left',#7143,#172);
#149=CAMERA_MODEL_D3('Isometric',#7145,#173);
#150=CAMERA_MODEL_D3('Trimetric',#7147,#174);
#151=CAMERA_MODEL_D3('Top',#7150,#175);
#152=CAMERA_MODEL_D3('Front',#7152,#176);
#153=CAMERA_MODEL_D3('Right',#7154,#177);
#154=CAMERA_MODEL_D3('Back',#7156,#178);
#155=CAMERA_MODEL_D3('Bottom',#7158,#179);
#156=CAMERA_MODEL_D3('Left',#7160,#180);
#157=CAMERA_MODEL_D3('Isometric',#7162,#181);
#158=CAMERA_MODEL_D3('Trimetric',#7164,#182);
#159=VIEW_VOLUME(.PARALLEL.,#10417,347.082183837891,0.,.F.,0.,.F.,.F.,#183);
#160=VIEW_VOLUME(.PARALLEL.,#10420,2223.30780792236,0.,.F.,0.,.F.,.F.,#184);
#161=VIEW_VOLUME(.PARALLEL.,#10423,2223.30786132813,0.,.F.,0.,.F.,.F.,#185);
#162=VIEW_VOLUME(.PARALLEL.,#10426,2223.30767059326,0.,.F.,0.,.F.,.F.,#186);
#163=VIEW_VOLUME(.PARALLEL.,#10429,347.082183837891,0.,.F.,0.,.F.,.F.,#187);
#164=VIEW_VOLUME(.PARALLEL.,#10432,2223.30786132813,0.,.F.,0.,.F.,.F.,#188);
#165=VIEW_VOLUME(.PARALLEL.,#10435,2183.69827874526,0.,.F.,0.,.F.,.F.,#189);
#166=VIEW_VOLUME(.PARALLEL.,#10438,2304.60841666063,0.,.F.,0.,.F.,.F.,#190);
#167=VIEW_VOLUME(.PARALLEL.,#11677,347.082183837891,0.,.F.,0.,.F.,.F.,#191);
#168=VIEW_VOLUME(.PARALLEL.,#11680,2223.30786132813,0.,.F.,0.,.F.,.F.,#192);
#169=VIEW_VOLUME(.PARALLEL.,#11683,2223.30786132813,0.,.F.,0.,.F.,.F.,#193);
#170=VIEW_VOLUME(.PARALLEL.,#11686,2223.30786132813,0.,.F.,0.,.F.,.F.,#194);
#171=VIEW_VOLUME(.PARALLEL.,#11689,347.082183837891,0.,.F.,0.,.F.,.F.,#195);
#172=VIEW_VOLUME(.PARALLEL.,#11692,2223.30786132813,0.,.F.,0.,.F.,.F.,#196);
#173=VIEW_VOLUME(.PARALLEL.,#11695,2183.69827874526,0.,.F.,0.,.F.,.F.,#197);
#174=VIEW_VOLUME(.PARALLEL.,#11698,2304.60841666063,0.,.F.,0.,.F.,.F.,#198);
#175=VIEW_VOLUME(.PARALLEL.,#11703,84.3388214111328,0.,.F.,0.,.F.,.F.,#199);
#176=VIEW_VOLUME(.PARALLEL.,#11706,50.8439178466797,0.,.F.,0.,.F.,.F.,#200);
#177=VIEW_VOLUME(.PARALLEL.,#11709,70.2559814453125,0.,.F.,0.,.F.,.F.,#201);
#178=VIEW_VOLUME(.PARALLEL.,#11712,50.8439197540283,0.,.F.,0.,.F.,.F.,#202);
#179=VIEW_VOLUME(.PARALLEL.,#11715,84.3388214111328,0.,.F.,0.,.F.,.F.,#203);
#180=VIEW_VOLUME(.PARALLEL.,#11718,70.2559814453125,0.,.F.,0.,.F.,.F.,#204);
#181=VIEW_VOLUME(.PARALLEL.,#11721,68.5100748604152,0.,.F.,0.,.F.,.F.,#205);
#182=VIEW_VOLUME(.PARALLEL.,#11724,69.5655023684437,0.,.F.,0.,.F.,.F.,#206);
#183=PLANAR_BOX('',173.074615083798,173.074615083798,#6912);
#184=PLANAR_BOX('',1108.66578864414,1108.66578864414,#6914);
#185=PLANAR_BOX('',1108.66581527524,1108.66581527524,#6916);
#186=PLANAR_BOX('',1108.66572016416,1108.66572016416,#6918);
#187=PLANAR_BOX('',173.074615083798,173.074615083798,#6920);
#188=PLANAR_BOX('',1108.66581527524,1108.66581527524,#6922);
#189=PLANAR_BOX('',1088.91425907793,1088.91425907793,#6924);
#190=PLANAR_BOX('',1149.20682537458,1149.20682537458,#6926);
#191=PLANAR_BOX('',173.074615083798,173.074615083798,#7134);
#192=PLANAR_BOX('',1108.66581527524,1108.66581527524,#7136);
#193=PLANAR_BOX('',1108.66581527524,1108.66581527524,#7138);
#194=PLANAR_BOX('',1108.66581527524,1108.66581527524,#7140);
#195=PLANAR_BOX('',173.074615083798,173.074615083798,#7142);
#196=PLANAR_BOX('',1108.66581527524,1108.66581527524,#7144);
#197=PLANAR_BOX('',1088.91425907793,1088.91425907793,#7146);
#198=PLANAR_BOX('',1149.20682537458,1149.20682537458,#7148);
#199=PLANAR_BOX('',42.0560597232229,42.0560597232229,#7151);
#200=PLANAR_BOX('',25.3536249350568,25.3536249350568,#7153);
#201=PLANAR_BOX('',35.0335670114982,35.0335670114982,#7155);
#202=PLANAR_BOX('',25.3536258861677,25.3536258861677,#7157);
#203=PLANAR_BOX('',42.0560597232229,42.0560597232229,#7159);
#204=PLANAR_BOX('',35.0335670114982,35.0335670114982,#7161);
#205=PLANAR_BOX('',34.1629602093511,34.1629602093511,#7163);
#206=PLANAR_BOX('',34.6892554737205,34.6892554737205,#7165);
#207=SHAPE_REPRESENTATION_RELATIONSHIP('','',#6579,#209);
#208=SHAPE_REPRESENTATION_RELATIONSHIP('','',#6580,#210);
#209=ADVANCED_BREP_SHAPE_REPRESENTATION('',(#6573),#11728);
#210=ADVANCED_BREP_SHAPE_REPRESENTATION('',(#6574),#11729);
#211=TOROIDAL_SURFACE('',#6776,0.4,0.2);
#212=TOROIDAL_SURFACE('',#6779,0.4,0.2);
#213=TOROIDAL_SURFACE('',#6790,0.4,0.2);
#214=TOROIDAL_SURFACE('',#6794,0.4,0.2);
#215=TOROIDAL_SURFACE('',#6828,0.4,0.2);
#216=TOROIDAL_SURFACE('',#6834,0.4,0.2);
#217=TOROIDAL_SURFACE('',#6862,0.4,0.2);
#218=TOROIDAL_SURFACE('',#6882,0.4,0.2);
#219=TOROIDAL_SURFACE('',#6884,0.4,0.2);
#220=TOROIDAL_SURFACE('',#6896,0.4,0.2);
#221=SPHERICAL_SURFACE('',#6721,0.4);
#222=SPHERICAL_SURFACE('',#6751,0.4);
#223=SPHERICAL_SURFACE('',#6792,0.2);
#224=SPHERICAL_SURFACE('',#6802,0.2);
#225=SPHERICAL_SURFACE('',#6804,0.2);
#226=SPHERICAL_SURFACE('',#6814,0.2);
#227=SPHERICAL_SURFACE('',#6816,0.2);
#228=SPHERICAL_SURFACE('',#6826,0.2);
#229=SPHERICAL_SURFACE('',#6844,0.2);
#230=SPHERICAL_SURFACE('',#6857,0.2);
#231=SPHERICAL_SURFACE('',#6859,0.2);
#232=SPHERICAL_SURFACE('',#6878,0.2);
#233=SPHERICAL_SURFACE('',#6880,0.2);
#234=SPHERICAL_SURFACE('',#6894,0.2);
#235=(
BOUNDED_SURFACE()
B_SPLINE_SURFACE(3,2,((#9951,#9952,#9953),(#9954,#9955,#9956),(#9957,#9958,
#9959),(#9960,#9961,#9962),(#9963,#9964,#9965)),.UNSPECIFIED.,.F.,.F.,.F.)
B_SPLINE_SURFACE_WITH_KNOTS((4,1,4),(3,3),(0.00296726452996041,0.00614006642498849,
0.00931286832001658),(0.,1.),.UNSPECIFIED.)
GEOMETRIC_REPRESENTATION_ITEM()
RATIONAL_B_SPLINE_SURFACE(((1.,0.707106781186542,1.),(1.,0.707106781186542,
1.),(1.,0.707106781186553,1.),(1.,0.707106781186544,1.),(1.,0.707106781186544,
1.)))
REPRESENTATION_ITEM('')
SURFACE()
);
#236=(
BOUNDED_SURFACE()
B_SPLINE_SURFACE(3,2,((#9967,#9968,#9969),(#9970,#9971,#9972),(#9973,#9974,
#9975),(#9976,#9977,#9978)),.UNSPECIFIED.,.F.,.F.,.F.)
B_SPLINE_SURFACE_WITH_KNOTS((4,4),(3,3),(0.00284503000499173,0.0065750843305004),
(0.,1.),.PIECEWISE_BEZIER_KNOTS.)
GEOMETRIC_REPRESENTATION_ITEM()
RATIONAL_B_SPLINE_SURFACE(((1.,0.729563141687247,1.),(1.,0.7389747538259,
1.),(1.,0.752510864216659,1.),(1.,0.772405676610474,1.)))
REPRESENTATION_ITEM('')
SURFACE()
);
#237=(
BOUNDED_SURFACE()
B_SPLINE_SURFACE(3,2,((#10219,#10220,#10221),(#10222,#10223,#10224),(#10225,
#10226,#10227),(#10228,#10229,#10230),(#10231,#10232,#10233)),
 .UNSPECIFIED.,.F.,.F.,.F.)
B_SPLINE_SURFACE_WITH_KNOTS((4,1,4),(3,3),(0.00296726452996041,0.00614006642498849,
0.00931286832001658),(0.,1.),.UNSPECIFIED.)
GEOMETRIC_REPRESENTATION_ITEM()
RATIONAL_B_SPLINE_SURFACE(((1.,0.70710678118654,1.),(1.,0.70710678118654,
1.),(1.,0.707106781186551,1.),(1.,0.707106781186544,1.),(1.,0.707106781186544,
1.)))
REPRESENTATION_ITEM('')
SURFACE()
);
#238=(
BOUNDED_SURFACE()
B_SPLINE_SURFACE(3,2,((#10235,#10236,#10237),(#10238,#10239,#10240),(#10241,
#10242,#10243),(#10244,#10245,#10246)),.UNSPECIFIED.,.F.,.F.,.F.)
B_SPLINE_SURFACE_WITH_KNOTS((4,4),(3,3),(0.00284503000499173,0.00657508433050041),
(0.,1.),.PIECEWISE_BEZIER_KNOTS.)
GEOMETRIC_REPRESENTATION_ITEM()
RATIONAL_B_SPLINE_SURFACE(((1.,0.729563141687247,1.),(1.,0.738974753826177,
1.),(1.,0.752510864225133,1.),(1.,0.772405676610473,1.)))
REPRESENTATION_ITEM('')
SURFACE()
);
#239=(
BOUNDED_SURFACE()
B_SPLINE_SURFACE(3,2,((#11194,#11195,#11196),(#11197,#11198,#11199),(#11200,
#11201,#11202),(#11203,#11204,#11205),(#11206,#11207,#11208)),
 .UNSPECIFIED.,.F.,.F.,.F.)
B_SPLINE_SURFACE_WITH_KNOTS((4,1,4),(3,3),(4.82121301731569,5.54200744738358,
6.26280187745146),(0.,1.),.UNSPECIFIED.)
GEOMETRIC_REPRESENTATION_ITEM()
RATIONAL_B_SPLINE_SURFACE(((1.,0.688318859312729,1.),(1.,0.646438349380341,
1.),(1.,0.556689695775597,1.),(1.,0.509749176886872,1.),(1.,0.508587032119295,
1.)))
REPRESENTATION_ITEM('')
SURFACE()
);
#240=(
BOUNDED_SURFACE()
B_SPLINE_SURFACE(3,2,((#11321,#11322,#11323),(#11324,#11325,#11326),(#11327,
#11328,#11329),(#11330,#11331,#11332)),.UNSPECIFIED.,.F.,.F.,.F.)
B_SPLINE_SURFACE_WITH_KNOTS((4,4),(3,3),(0.00285353444644511,0.00517141982503327),
(0.,0.897904462493212),.PIECEWISE_BEZIER_KNOTS.)
GEOMETRIC_REPRESENTATION_ITEM()
RATIONAL_B_SPLINE_SURFACE(((1.,0.757231392080493,0.950428816969366),(1.,
0.762492113376761,0.951503009306198),(1.,0.769050916320705,0.952842258330124),
(1.,0.777702420720997,0.954608818314105)))
REPRESENTATION_ITEM('')
SURFACE()
);
#241=(
BOUNDED_SURFACE()
B_SPLINE_SURFACE(3,2,((#11569,#11570,#11571),(#11572,#11573,#11574),(#11575,
#11576,#11577),(#11578,#11579,#11580),(#11581,#11582,#11583)),
 .UNSPECIFIED.,.F.,.F.,.F.)
B_SPLINE_SURFACE_WITH_KNOTS((4,1,4),(3,3),(4.82121301731569,5.54200744738358,
6.26280187745146),(0.,1.),.UNSPECIFIED.)
GEOMETRIC_REPRESENTATION_ITEM()
RATIONAL_B_SPLINE_SURFACE(((1.,0.688318859312726,1.),(1.,0.646438349387954,
1.),(1.,0.556689695772172,1.),(1.,0.509749176886098,1.),(1.,0.508587032119295,
1.)))
REPRESENTATION_ITEM('')
SURFACE()
);
#242=(
BOUNDED_SURFACE()
B_SPLINE_SURFACE(3,2,((#11584,#11585,#11586),(#11587,#11588,#11589),(#11590,
#11591,#11592),(#11593,#11594,#11595),(#11596,#11597,#11598)),
 .UNSPECIFIED.,.F.,.F.,.F.)
B_SPLINE_SURFACE_WITH_KNOTS((4,1,4),(3,3),(4.592718563085,5.45108690993007,
6.30945525677513),(0.,1.),.UNSPECIFIED.)
GEOMETRIC_REPRESENTATION_ITEM()
RATIONAL_B_SPLINE_SURFACE(((1.,0.685454742928498,1.),(1.,0.737915927960396,
1.),(1.,0.83429219377558,1.),(1.,0.86892775541808,1.),(1.,0.867831690133594,
1.)))
REPRESENTATION_ITEM('')
SURFACE()
);
#243=(
BOUNDED_SURFACE()
B_SPLINE_SURFACE(3,2,((#11625,#11626,#11627),(#11628,#11629,#11630),(#11631,
#11632,#11633),(#11634,#11635,#11636)),.UNSPECIFIED.,.F.,.F.,.F.)
B_SPLINE_SURFACE_WITH_KNOTS((4,4),(3,3),(0.00285353444644511,0.00517141982503327),
(0.102095537506817,1.),.PIECEWISE_BEZIER_KNOTS.)
GEOMETRIC_REPRESENTATION_ITEM()
RATIONAL_B_SPLINE_SURFACE(((0.950428816969354,0.7572313920805,1.),(0.951503009306178,
0.76249211337673,1.),(0.952842258341814,0.769050916378017,1.),(0.954608818314084,
0.777702420720958,1.)))
REPRESENTATION_ITEM('')
SURFACE()
);
#244=B_SPLINE_SURFACE_WITH_KNOTS('',3,1,((#9792,#9793),(#9794,#9795),(#9796,
#9797),(#9798,#9799),(#9800,#9801)),.SURF_OF_LINEAR_EXTRUSION.,.F.,.F.,
 .F.,(4,1,4),(2,2),(0.,0.5,1.),(0.,1.),.UNSPECIFIED.);
#245=B_SPLINE_SURFACE_WITH_KNOTS('',3,1,((#9825,#9826),(#9827,#9828),(#9829,
#9830),(#9831,#9832)),.SURF_OF_LINEAR_EXTRUSION.,.F.,.F.,.F.,(4,4),(2,2),
(0.,1.),(0.,1.),.PIECEWISE_BEZIER_KNOTS.);
#246=B_SPLINE_SURFACE_WITH_KNOTS('',3,1,((#9862,#9863),(#9864,#9865),(#9866,
#9867),(#9868,#9869)),.SURF_OF_LINEAR_EXTRUSION.,.F.,.F.,.F.,(4,4),(2,2),
(0.,1.00599999831427),(0.,1.),.PIECEWISE_BEZIER_KNOTS.);
#247=B_SPLINE_SURFACE_WITH_KNOTS('',3,1,((#9899,#9900),(#9901,#9902),(#9903,
#9904),(#9905,#9906)),.SURF_OF_LINEAR_EXTRUSION.,.F.,.F.,.F.,(4,4),(2,2),
(0.276308262462364,0.989904359312654),(0.,1.),.PIECEWISE_BEZIER_KNOTS.);
#248=B_SPLINE_SURFACE_WITH_KNOTS('',3,1,((#9922,#9923),(#9924,#9925),(#9926,
#9927),(#9928,#9929),(#9930,#9931)),.SURF_OF_LINEAR_EXTRUSION.,.F.,.F.,
 .F.,(4,1,4),(2,2),(0.208230827461773,0.598776785606017,0.989322743750261),
(0.,1.),.UNSPECIFIED.);
#249=B_SPLINE_SURFACE_WITH_KNOTS('',3,1,((#10060,#10061),(#10062,#10063),
(#10064,#10065),(#10066,#10067),(#10068,#10069)),
 .SURF_OF_LINEAR_EXTRUSION.,.F.,.F.,.F.,(4,1,4),(2,2),(0.,0.5,1.),(0.,1.),
 .UNSPECIFIED.);
#250=B_SPLINE_SURFACE_WITH_KNOTS('',3,1,((#10093,#10094),(#10095,#10096),
(#10097,#10098),(#10099,#10100)),.SURF_OF_LINEAR_EXTRUSION.,.F.,.F.,.F.,
(4,4),(2,2),(0.,1.),(0.,1.),.PIECEWISE_BEZIER_KNOTS.);
#251=B_SPLINE_SURFACE_WITH_KNOTS('',3,1,((#10130,#10131),(#10132,#10133),
(#10134,#10135),(#10136,#10137)),.SURF_OF_LINEAR_EXTRUSION.,.F.,.F.,.F.,
(4,4),(2,2),(0.,1.00599999831427),(0.,1.),.PIECEWISE_BEZIER_KNOTS.);
#252=B_SPLINE_SURFACE_WITH_KNOTS('',3,1,((#10167,#10168),(#10169,#10170),
(#10171,#10172),(#10173,#10174)),.SURF_OF_LINEAR_EXTRUSION.,.F.,.F.,.F.,
(4,4),(2,2),(0.276308262462364,0.989904359312654),(0.,1.),
 .PIECEWISE_BEZIER_KNOTS.);
#253=B_SPLINE_SURFACE_WITH_KNOTS('',3,1,((#10190,#10191),(#10192,#10193),
(#10194,#10195),(#10196,#10197),(#10198,#10199)),
 .SURF_OF_LINEAR_EXTRUSION.,.F.,.F.,.F.,(4,1,4),(2,2),(0.208230827461773,
0.598776785606017,0.989322743750261),(0.,1.),.UNSPECIFIED.);
#254=B_SPLINE_SURFACE_WITH_KNOTS('',1,3,((#10498,#10499,#10500,#10501,#10502,
#10503,#10504,#10505,#10506,#10507,#10508,#10509,#10510,#10511,#10512,#10513),
(#10514,#10515,#10516,#10517,#10518,#10519,#10520,#10521,#10522,#10523,
#10524,#10525,#10526,#10527,#10528,#10529),(#10530,#10531,#10532,#10533,
#10534,#10535,#10536,#10537,#10538,#10539,#10540,#10541,#10542,#10543,#10544,
#10545),(#10546,#10547,#10548,#10549,#10550,#10551,#10552,#10553,#10554,
#10555,#10556,#10557,#10558,#10559,#10560,#10561),(#10562,#10563,#10564,
#10565,#10566,#10567,#10568,#10569,#10570,#10571,#10572,#10573,#10574,#10575,
#10576,#10577)),.RULED_SURF.,.F.,.F.,.F.,(2,1,1,1,2),(4,3,2,2,2,3,4),(-1.00802229486549,
-0.997569349098139,-0.123716875526103,0.,0.00788977611058438),(-0.00637842697752136,
0.,0.25,0.5,0.75,1.,1.00606209501979),.UNSPECIFIED.);
#255=B_SPLINE_SURFACE_WITH_KNOTS('',1,3,((#10603,#10604,#10605,#10606,#10607,
#10608,#10609,#10610,#10611,#10612),(#10613,#10614,#10615,#10616,#10617,
#10618,#10619,#10620,#10621,#10622),(#10623,#10624,#10625,#10626,#10627,
#10628,#10629,#10630,#10631,#10632),(#10633,#10634,#10635,#10636,#10637,
#10638,#10639,#10640,#10641,#10642)),.RULED_SURF.,.F.,.F.,.F.,(2,1,1,2),
(4,3,3,4),(-0.0121624835706561,0.,1.,1.005),(-0.0275933713348707,-0.021376101463729,
1.,1.00638338950874),.PIECEWISE_BEZIER_KNOTS.);
#256=B_SPLINE_SURFACE_WITH_KNOTS('',1,3,((#10654,#10655,#10656,#10657,#10658,
#10659,#10660,#10661,#10662,#10663,#10664,#10665,#10666,#10667,#10668,#10669),
(#10670,#10671,#10672,#10673,#10674,#10675,#10676,#10677,#10678,#10679,
#10680,#10681,#10682,#10683,#10684,#10685),(#10686,#10687,#10688,#10689,
#10690,#10691,#10692,#10693,#10694,#10695,#10696,#10697,#10698,#10699,#10700,
#10701),(#10702,#10703,#10704,#10705,#10706,#10707,#10708,#10709,#10710,
#10711,#10712,#10713,#10714,#10715,#10716,#10717),(#10718,#10719,#10720,
#10721,#10722,#10723,#10724,#10725,#10726,#10727,#10728,#10729,#10730,#10731,
#10732,#10733)),.RULED_SURF.,.F.,.F.,.F.,(2,1,1,1,2),(4,3,2,2,2,3,4),(-1.00802229489021,
-0.997142410669654,-0.123716875526028,0.,0.00788977611058417),(-0.00637842697753082,
0.,0.25,0.5,0.75,1.,1.0060620950198),.UNSPECIFIED.);
#257=B_SPLINE_SURFACE_WITH_KNOTS('',1,3,((#10756,#10757,#10758,#10759,#10760,
#10761,#10762,#10763,#10764,#10765),(#10766,#10767,#10768,#10769,#10770,
#10771,#10772,#10773,#10774,#10775),(#10776,#10777,#10778,#10779,#10780,
#10781,#10782,#10783,#10784,#10785),(#10786,#10787,#10788,#10789,#10790,
#10791,#10792,#10793,#10794,#10795)),.RULED_SURF.,.F.,.F.,.F.,(2,1,1,2),
(4,3,3,4),(-0.0121624835706602,0.,1.,1.005),(-0.0275933713348661,-0.021376101463729,
1.,1.00638338950874),.PIECEWISE_BEZIER_KNOTS.);
#258=B_SPLINE_SURFACE_WITH_KNOTS('',3,3,((#11209,#11210,#11211,#11212,#11213,
#11214,#11215),(#11216,#11217,#11218,#11219,#11220,#11221,#11222),(#11223,
#11224,#11225,#11226,#11227,#11228,#11229),(#11230,#11231,#11232,#11233,
#11234,#11235,#11236),(#11237,#11238,#11239,#11240,#11241,#11242,#11243),
(#11244,#11245,#11246,#11247,#11248,#11249,#11250),(#11251,#11252,#11253,
#11254,#11255,#11256,#11257),(#11258,#11259,#11260,#11261,#11262,#11263,
#11264),(#11265,#11266,#11267,#11268,#11269,#11270,#11271)),
 .UNSPECIFIED.,.F.,.F.,.F.,(4,1,1,1,1,1,4),(4,1,1,1,4),(6.24667637741676,
6.46254833664439,6.67842029587203,7.1101642143273,7.54190813278256,7.7577800920102,
7.97365205123783),(0.,0.251534305536078,0.503068611072155,0.754602916608233,
1.00613722214431),.UNSPECIFIED.);
#259=ELLIPSE('',#6706,1.76593393938986,1.5);
#260=ELLIPSE('',#6713,0.200274469199584,0.2);
#261=ELLIPSE('',#6717,0.600097053349294,0.5);
#262=ELLIPSE('',#6735,1.76593393938986,1.5);
#263=ELLIPSE('',#6743,0.200274469199584,0.2);
#264=ELLIPSE('',#6747,0.600097053349294,0.5);
#265=ELLIPSE('',#6801,0.282842712474619,0.2);
#266=ELLIPSE('',#6807,0.282842712474619,0.2);
#267=ELLIPSE('',#6813,0.28284271247462,0.2);
#268=ELLIPSE('',#6819,0.282842712474619,0.2);
#269=ELLIPSE('',#6836,0.282842712474619,0.2);
#270=ELLIPSE('',#6837,0.282842712474619,0.2);
#271=ELLIPSE('',#6839,0.282842712474619,0.2);
#272=ELLIPSE('',#6843,0.282842712474619,0.2);
#273=ELLIPSE('',#6848,0.282842712474619,0.2);
#274=ELLIPSE('',#6902,0.200274469199584,0.2);
#275=ELLIPSE('',#6904,0.200274469199584,0.2);
#276=ELLIPSE('',#6938,6.889012444031,6.033);
#277=ELLIPSE('',#6942,12.498398828892,6.033);
#278=ELLIPSE('',#6946,6.889012444031,6.033);
#279=ELLIPSE('',#6950,1.96912222471981,1.69805199991207);
#280=ELLIPSE('',#6951,8.28782567856611,7.258);
#281=ELLIPSE('',#6953,8.72903514016869,7.758);
#282=ELLIPSE('',#6954,7.760854366128,7.758);
#283=ELLIPSE('',#6960,1.33749191641049,1.337);
#284=ELLIPSE('',#6963,1.33749191641049,1.337);
#285=ELLIPSE('',#6967,2.19827986125142,2.19826126703923);
#286=ELLIPSE('',#6973,2.19827986125142,2.19826126703923);
#287=ELLIPSE('',#6974,7.760854366128,7.758);
#288=ELLIPSE('',#6977,1.47577152060431,1.27261616903034);
#289=ELLIPSE('',#6978,1.47563531344192,1.27249871220537);
#290=ELLIPSE('',#6979,1.27277534777352,1.27276458196735);
#291=ELLIPSE('',#6980,1.47563531344192,1.27249871220537);
#292=ELLIPSE('',#6981,2.51448968952011,1.27276842331433);
#293=ELLIPSE('',#6983,7.80252312780962,6.833);
#294=ELLIPSE('',#6989,7.80252312780962,6.833);
#295=ELLIPSE('',#6991,7.94525917214976,6.958);
#296=ELLIPSE('',#6993,6.96056002571741,6.958);
#297=ELLIPSE('',#6995,1.33749191641049,1.337);
#298=ELLIPSE('',#7000,55.3115876659535,1.5);
#299=ELLIPSE('',#7001,0.400147170205083,0.4);
#300=ELLIPSE('',#7002,1.05038632178834,1.05);
#301=ELLIPSE('',#7003,1.05038632178834,1.05);
#302=ELLIPSE('',#7004,0.500183962756353,0.5);
#303=ELLIPSE('',#7005,0.500183962756353,0.5);
#304=ELLIPSE('',#7006,0.500183962756353,0.5);
#305=ELLIPSE('',#7007,0.500183962756353,0.5);
#306=ELLIPSE('',#7008,1.05038632178834,1.05);
#307=ELLIPSE('',#7009,1.05038632178834,1.05);
#308=ELLIPSE('',#7010,0.400147170205083,0.4);
#309=ELLIPSE('',#7011,55.3115876659535,1.5);
#310=ELLIPSE('',#7020,0.500031561981196,0.5);
#311=ELLIPSE('',#7023,0.500032551355522,0.5);
#312=ELLIPSE('',#7043,1.76593393938986,1.5);
#313=ELLIPSE('',#7061,6.889012444031,6.033);
#314=ELLIPSE('',#7065,12.498398828892,6.033);
#315=ELLIPSE('',#7069,6.889012444031,6.033);
#316=ELLIPSE('',#7073,8.28782567856611,7.258);
#317=ELLIPSE('',#7074,1.96912222471981,1.69805199991207);
#318=ELLIPSE('',#7076,8.72903514016869,7.758);
#319=ELLIPSE('',#7080,1.47577152060431,1.27261616903034);
#320=ELLIPSE('',#7081,2.51448968952011,1.27276842331433);
#321=ELLIPSE('',#7082,1.47563531344192,1.27249871220537);
#322=ELLIPSE('',#7083,1.27277534777352,1.27276458196735);
#323=ELLIPSE('',#7084,1.47563531344192,1.27249871220537);
#324=ELLIPSE('',#7086,7.80252312780962,6.833);
#325=ELLIPSE('',#7092,7.80252312780962,6.833);
#326=ELLIPSE('',#7094,7.94525917214976,6.958);
#327=ELLIPSE('',#7096,6.96056002571741,6.958);
#328=ELLIPSE('',#7098,1.33749191641049,1.337);
#329=ELLIPSE('',#7123,1.76593393938986,1.5);
#330=B_SPLINE_CURVE_WITH_KNOTS('',3,(#9110,#9111,#9112,#9113),
 .UNSPECIFIED.,.F.,.F.,(4,4),(1.73472347597681E-18,0.00083347212336495),
 .UNSPECIFIED.);
#331=B_SPLINE_CURVE_WITH_KNOTS('',3,(#9142,#9143,#9144,#9145),
 .UNSPECIFIED.,.F.,.F.,(4,4),(1.73472347597681E-18,0.000833472123364952),
 .UNSPECIFIED.);
#332=B_SPLINE_CURVE_WITH_KNOTS('',3,(#9353,#9354,#9355,#9356),
 .UNSPECIFIED.,.F.,.F.,(4,4),(8.67361737988404E-19,0.000409499075193859),
 .UNSPECIFIED.);
#333=B_SPLINE_CURVE_WITH_KNOTS('',3,(#9370,#9371,#9372,#9373),
 .UNSPECIFIED.,.F.,.F.,(4,4),(8.67361737988404E-19,0.000409499075193858),
 .UNSPECIFIED.);
#334=B_SPLINE_CURVE_WITH_KNOTS('',3,(#9508,#9509,#9510,#9511),
 .UNSPECIFIED.,.F.,.F.,(4,4),(0.,0.000624896836644115),.UNSPECIFIED.);
#335=B_SPLINE_CURVE_WITH_KNOTS('',3,(#9532,#9533,#9534,#9535),
 .UNSPECIFIED.,.F.,.F.,(4,4),(0.,0.000624896836644116),.UNSPECIFIED.);
#336=B_SPLINE_CURVE_WITH_KNOTS('',3,(#9630,#9631,#9632,#9633),
 .UNSPECIFIED.,.F.,.F.,(4,4),(0.,0.000409499075193862),.UNSPECIFIED.);
#337=B_SPLINE_CURVE_WITH_KNOTS('',3,(#9699,#9700,#9701,#9702,#9703),
 .UNSPECIFIED.,.F.,.F.,(4,1,4),(0.,0.00316482269737658,0.00632964539475317),
 .UNSPECIFIED.);
#338=B_SPLINE_CURVE_WITH_KNOTS('',3,(#9705,#9706,#9707,#9708,#9709,#9710,
#9711,#9712,#9713,#9714,#9715,#9716,#9717),.UNSPECIFIED.,.F.,.F.,(4,2,1,
3,3,4),(0.,0.434272861392984,1.,1.47965291034506,2.43529978743095,2.5570647768025),
 .UNSPECIFIED.);
#339=B_SPLINE_CURVE_WITH_KNOTS('',3,(#9719,#9720,#9721,#9722),
 .UNSPECIFIED.,.F.,.F.,(4,4),(0.,0.00199685675961869),.UNSPECIFIED.);
#340=B_SPLINE_CURVE_WITH_KNOTS('',3,(#9728,#9729,#9730,#9731),
 .UNSPECIFIED.,.F.,.F.,(4,4),(0.338806770721781,0.410869249708013),
 .UNSPECIFIED.);
#341=B_SPLINE_CURVE_WITH_KNOTS('',3,(#9737,#9738,#9739,#9740),
 .UNSPECIFIED.,.F.,.F.,(4,4),(0.,0.00199685675961869),.UNSPECIFIED.);
#342=B_SPLINE_CURVE_WITH_KNOTS('',3,(#9742,#9743,#9744,#9745,#9746,#9747,
#9748,#9749,#9750,#9751,#9752,#9753,#9754),.UNSPECIFIED.,.F.,.F.,(4,2,1,
3,3,4),(0.,0.434272861392984,1.,1.47965291034506,2.43529978743095,2.5570647768025),
 .UNSPECIFIED.);
#343=B_SPLINE_CURVE_WITH_KNOTS('',3,(#9756,#9757,#9758,#9759),
 .UNSPECIFIED.,.F.,.F.,(4,4),(0.000829719246037821,0.00371959936174485),
 .UNSPECIFIED.);
#344=B_SPLINE_CURVE_WITH_KNOTS('',3,(#9771,#9772,#9773,#9774),
 .UNSPECIFIED.,.F.,.F.,(4,4),(0.136288157890183,0.823095070413151),
 .UNSPECIFIED.);
#345=B_SPLINE_CURVE_WITH_KNOTS('',3,(#9786,#9787,#9788,#9789),
 .UNSPECIFIED.,.F.,.F.,(4,4),(0.,0.81531631591559),.UNSPECIFIED.);
#346=B_SPLINE_CURVE_WITH_KNOTS('',3,(#9805,#9806,#9807,#9808,#9809,#9810,
#9811,#9812,#9813),.UNSPECIFIED.,.F.,.F.,(4,1,1,1,1,1,4),(0.,0.25,0.375,
0.5,0.625,0.75,1.),.UNSPECIFIED.);
#347=B_SPLINE_CURVE_WITH_KNOTS('',3,(#9816,#9817,#9818,#9819),
 .UNSPECIFIED.,.F.,.F.,(4,4),(0.,1.),.UNSPECIFIED.);
#348=B_SPLINE_CURVE_WITH_KNOTS('',3,(#9821,#9822,#9823,#9824),
 .UNSPECIFIED.,.F.,.F.,(4,4),(0.,1.),.UNSPECIFIED.);
#349=B_SPLINE_CURVE_WITH_KNOTS('',3,(#9833,#9834,#9835,#9836),
 .UNSPECIFIED.,.F.,.F.,(4,4),(0.,0.000687514668479701),.UNSPECIFIED.);
#350=B_SPLINE_CURVE_WITH_KNOTS('',3,(#9839,#9840,#9841,#9842),
 .UNSPECIFIED.,.F.,.F.,(4,4),(0.,1.),.UNSPECIFIED.);
#351=B_SPLINE_CURVE_WITH_KNOTS('',3,(#9843,#9844,#9845,#9846),
 .UNSPECIFIED.,.F.,.F.,(4,4),(0.,0.426873276696912),.UNSPECIFIED.);
#352=B_SPLINE_CURVE_WITH_KNOTS('',3,(#9848,#9849,#9850,#9851),
 .UNSPECIFIED.,.F.,.F.,(4,4),(0.426873276696912,0.579036122594104),
 .UNSPECIFIED.);
#353=B_SPLINE_CURVE_WITH_KNOTS('',3,(#9852,#9853,#9854,#9855),
 .UNSPECIFIED.,.F.,.F.,(4,4),(0.,0.00098693384288098),.UNSPECIFIED.);
#354=B_SPLINE_CURVE_WITH_KNOTS('',3,(#9870,#9871,#9872,#9873,#9874,#9875,
#9876,#9877,#9878,#9879,#9880,#9881),.UNSPECIFIED.,.F.,.F.,(4,2,2,2,2,4),
(0.,0.125,0.25,0.5,0.75,1.),.UNSPECIFIED.);
#355=B_SPLINE_CURVE_WITH_KNOTS('',3,(#9907,#9908,#9909,#9910,#9911),
 .UNSPECIFIED.,.F.,.F.,(4,1,4),(0.,0.00294577993963164,0.00589155987926329),
 .UNSPECIFIED.);
#356=B_SPLINE_CURVE_WITH_KNOTS('',3,(#9913,#9914,#9915,#9916),
 .UNSPECIFIED.,.F.,.F.,(4,4),(1.93947980722443E-18,0.00274907069215774),
 .UNSPECIFIED.);
#357=B_SPLINE_CURVE_WITH_KNOTS('',3,(#9918,#9919,#9920,#9921),
 .UNSPECIFIED.,.F.,.F.,(4,4),(0.,1.),.PIECEWISE_BEZIER_KNOTS.);
#358=B_SPLINE_CURVE_WITH_KNOTS('',3,(#9932,#9933,#9934,#9935,#9936,#9937,
#9938),.UNSPECIFIED.,.F.,.F.,(4,1,1,1,4),(0.000233120970040981,0.00226561900767652,
0.00429811704531206,0.0063306150829476,0.00836311312058314),
 .UNSPECIFIED.);
#359=B_SPLINE_CURVE_WITH_KNOTS('',3,(#9940,#9941,#9942,#9943),
 .UNSPECIFIED.,.F.,.F.,(4,4),(0.,0.000460188894718979),.UNSPECIFIED.);
#360=B_SPLINE_CURVE_WITH_KNOTS('',3,(#9945,#9946,#9947,#9948),
 .UNSPECIFIED.,.F.,.F.,(4,4),(1.81745402302524E-18,0.000675540766839586),
 .UNSPECIFIED.);
#361=B_SPLINE_CURVE_WITH_KNOTS('',3,(#9980,#9981,#9982,#9983),
 .UNSPECIFIED.,.F.,.F.,(4,4),(0.,0.000287709264456398),.UNSPECIFIED.);
#362=B_SPLINE_CURVE_WITH_KNOTS('',3,(#9997,#9998,#9999,#10000),
 .UNSPECIFIED.,.F.,.F.,(4,4),(0.338806770721781,0.410869249708013),
 .UNSPECIFIED.);
#363=B_SPLINE_CURVE_WITH_KNOTS('',3,(#10006,#10007,#10008,#10009,#10010),
 .UNSPECIFIED.,.F.,.F.,(4,1,4),(0.,0.00316482269737659,0.00632964539475317),
 .UNSPECIFIED.);
#364=B_SPLINE_CURVE_WITH_KNOTS('',3,(#10017,#10018,#10019,#10020),
 .UNSPECIFIED.,.F.,.F.,(4,4),(0.000829719246037822,0.00371959936174485),
 .UNSPECIFIED.);
#365=B_SPLINE_CURVE_WITH_KNOTS('',3,(#10033,#10034,#10035,#10036),
 .UNSPECIFIED.,.F.,.F.,(4,4),(0.136288157890183,0.823095070413151),
 .UNSPECIFIED.);
#366=B_SPLINE_CURVE_WITH_KNOTS('',3,(#10042,#10043,#10044,#10045),
 .UNSPECIFIED.,.F.,.F.,(4,4),(0.,0.81531631591559),.UNSPECIFIED.);
#367=B_SPLINE_CURVE_WITH_KNOTS('',3,(#10073,#10074,#10075,#10076),
 .UNSPECIFIED.,.F.,.F.,(4,4),(0.,1.),.UNSPECIFIED.);
#368=B_SPLINE_CURVE_WITH_KNOTS('',3,(#10078,#10079,#10080,#10081),
 .UNSPECIFIED.,.F.,.F.,(4,4),(0.,1.),.UNSPECIFIED.);
#369=B_SPLINE_CURVE_WITH_KNOTS('',3,(#10084,#10085,#10086,#10087,#10088,
#10089,#10090,#10091,#10092),.UNSPECIFIED.,.F.,.F.,(4,1,1,1,1,1,4),(0.,
0.25,0.375,0.5,0.625,0.75,1.),.UNSPECIFIED.);
#370=B_SPLINE_CURVE_WITH_KNOTS('',3,(#10101,#10102,#10103,#10104),
 .UNSPECIFIED.,.F.,.F.,(4,4),(0.,0.00098693384288098),.UNSPECIFIED.);
#371=B_SPLINE_CURVE_WITH_KNOTS('',3,(#10105,#10106,#10107,#10108),
 .UNSPECIFIED.,.F.,.F.,(4,4),(0.426873276696912,0.579036122594104),
 .UNSPECIFIED.);
#372=B_SPLINE_CURVE_WITH_KNOTS('',3,(#10110,#10111,#10112,#10113),
 .UNSPECIFIED.,.F.,.F.,(4,4),(0.,0.426873276696912),.UNSPECIFIED.);
#373=B_SPLINE_CURVE_WITH_KNOTS('',3,(#10114,#10115,#10116,#10117),
 .UNSPECIFIED.,.F.,.F.,(4,4),(0.,1.),.UNSPECIFIED.);
#374=B_SPLINE_CURVE_WITH_KNOTS('',3,(#10120,#10121,#10122,#10123),
 .UNSPECIFIED.,.F.,.F.,(4,4),(0.,0.000687514668479701),.UNSPECIFIED.);
#375=B_SPLINE_CURVE_WITH_KNOTS('',3,(#10138,#10139,#10140,#10141,#10142,
#10143,#10144,#10145,#10146,#10147,#10148,#10149),.UNSPECIFIED.,.F.,.F.,
(4,2,2,2,2,4),(0.,0.125,0.25,0.5,0.75,1.),.UNSPECIFIED.);
#376=B_SPLINE_CURVE_WITH_KNOTS('',3,(#10175,#10176,#10177,#10178,#10179),
 .UNSPECIFIED.,.F.,.F.,(4,1,4),(0.,0.00294577993963164,0.00589155987926329),
 .UNSPECIFIED.);
#377=B_SPLINE_CURVE_WITH_KNOTS('',3,(#10181,#10182,#10183,#10184),
 .UNSPECIFIED.,.F.,.F.,(4,4),(0.,1.),.PIECEWISE_BEZIER_KNOTS.);
#378=B_SPLINE_CURVE_WITH_KNOTS('',3,(#10186,#10187,#10188,#10189),
 .UNSPECIFIED.,.F.,.F.,(4,4),(1.93947980722443E-18,0.00274907069215774),
 .UNSPECIFIED.);
#379=B_SPLINE_CURVE_WITH_KNOTS('',3,(#10200,#10201,#10202,#10203,#10204,
#10205,#10206),.UNSPECIFIED.,.F.,.F.,(4,1,1,1,4),(0.000233120970040981,
0.00226561900767652,0.00429811704531206,0.0063306150829476,0.00836311312058314),
 .UNSPECIFIED.);
#380=B_SPLINE_CURVE_WITH_KNOTS('',3,(#10208,#10209,#10210,#10211),
 .UNSPECIFIED.,.F.,.F.,(4,4),(0.,0.000460188894718979),.UNSPECIFIED.);
#381=B_SPLINE_CURVE_WITH_KNOTS('',3,(#10213,#10214,#10215,#10216),
 .UNSPECIFIED.,.F.,.F.,(4,4),(1.81745402302524E-18,0.000675540766839586),
 .UNSPECIFIED.);
#382=B_SPLINE_CURVE_WITH_KNOTS('',3,(#10247,#10248,#10249,#10250),
 .UNSPECIFIED.,.F.,.F.,(4,4),(0.,0.000287709264456399),.UNSPECIFIED.);
#383=B_SPLINE_CURVE_WITH_KNOTS('',3,(#10578,#10579,#10580,#10581),
 .UNSPECIFIED.,.F.,.F.,(4,4),(0.,1.),.UNSPECIFIED.);
#384=B_SPLINE_CURVE_WITH_KNOTS('',3,(#10584,#10585,#10586,#10587),
 .UNSPECIFIED.,.F.,.F.,(4,4),(-0.000118862230811383,6.92820323027569E-6),
 .UNSPECIFIED.);
#385=B_SPLINE_CURVE_WITH_KNOTS('',3,(#10589,#10590,#10591,#10592),
 .UNSPECIFIED.,.F.,.F.,(4,4),(0.000734074931724731,0.00155460430830145),
 .UNSPECIFIED.);
#386=B_SPLINE_CURVE_WITH_KNOTS('',3,(#10594,#10595,#10596,#10597),
 .UNSPECIFIED.,.F.,.F.,(4,4),(4.33680868994202E-19,7.54387498848064E-6),
 .UNSPECIFIED.);
#387=B_SPLINE_CURVE_WITH_KNOTS('',3,(#10599,#10600,#10601,#10602),
 .UNSPECIFIED.,.F.,.F.,(4,4),(6.92820323027797E-6,0.000132372352598875),
 .UNSPECIFIED.);
#388=B_SPLINE_CURVE_WITH_KNOTS('',3,(#10643,#10644,#10645,#10646),
 .UNSPECIFIED.,.F.,.F.,(4,4),(-0.021376101463729,1.),.UNSPECIFIED.);
#389=B_SPLINE_CURVE_WITH_KNOTS('',3,(#10648,#10649,#10650,#10651),
 .UNSPECIFIED.,.F.,.F.,(4,4),(0.00721823091862664,0.00900114269969154),
 .UNSPECIFIED.);
#390=B_SPLINE_CURVE_WITH_KNOTS('',3,(#10734,#10735,#10736,#10737),
 .UNSPECIFIED.,.F.,.F.,(4,4),(0.,1.),.UNSPECIFIED.);
#391=B_SPLINE_CURVE_WITH_KNOTS('',3,(#10740,#10741,#10742,#10743),
 .UNSPECIFIED.,.F.,.F.,(4,4),(0.00025119470493147,0.000376638854278126),
 .UNSPECIFIED.);
#392=B_SPLINE_CURVE_WITH_KNOTS('',3,(#10745,#10746,#10747,#10748),
 .UNSPECIFIED.,.F.,.F.,(4,4),(4.33680868994202E-19,7.54387498843298E-6),
 .UNSPECIFIED.);
#393=B_SPLINE_CURVE_WITH_KNOTS('',3,(#10750,#10751,#10752,#10753),
 .UNSPECIFIED.,.F.,.F.,(4,4),(0.000734055261091104,0.00155457651475023),
 .UNSPECIFIED.);
#394=B_SPLINE_CURVE_WITH_KNOTS('',3,(#10796,#10797,#10798,#10799),
 .UNSPECIFIED.,.F.,.F.,(4,4),(-0.021376101463729,1.),.UNSPECIFIED.);
#395=B_SPLINE_CURVE_WITH_KNOTS('',3,(#10803,#10804,#10805,#10806),
 .UNSPECIFIED.,.F.,.F.,(4,4),(0.00720013008909795,0.00898304187015361),
 .UNSPECIFIED.);
#396=B_SPLINE_CURVE_WITH_KNOTS('',3,(#10918,#10919,#10920,#10921,#10922),
 .UNSPECIFIED.,.F.,.F.,(4,1,4),(0.0105073830974452,0.0124716700979696,0.0144359570984939),
 .UNSPECIFIED.);
#397=B_SPLINE_CURVE_WITH_KNOTS('',3,(#10924,#10925,#10926,#10927),
 .UNSPECIFIED.,.F.,.F.,(4,4),(5.05151476204446E-15,0.922617922570074),
 .UNSPECIFIED.);
#398=B_SPLINE_CURVE_WITH_KNOTS('',3,(#10929,#10930,#10931,#10932),
 .UNSPECIFIED.,.F.,.F.,(4,4),(0.,1.),.UNSPECIFIED.);
#399=B_SPLINE_CURVE_WITH_KNOTS('',3,(#10948,#10949,#10950,#10951),
 .UNSPECIFIED.,.F.,.F.,(4,4),(5.05151476204446E-15,0.922617922570072),
 .UNSPECIFIED.);
#400=B_SPLINE_CURVE_WITH_KNOTS('',3,(#10953,#10954,#10955,#10956),
 .UNSPECIFIED.,.F.,.F.,(4,4),(0.,1.),.UNSPECIFIED.);
#401=B_SPLINE_CURVE_WITH_KNOTS('',3,(#10978,#10979,#10980,#10981),
 .UNSPECIFIED.,.F.,.F.,(4,4),(0.00221156764688641,0.00315371474042079),
 .UNSPECIFIED.);
#402=B_SPLINE_CURVE_WITH_KNOTS('',3,(#10985,#10986,#10987,#10988),
 .UNSPECIFIED.,.F.,.F.,(4,4),(0.190150393485778,1.45693143370147),
 .UNSPECIFIED.);
#403=B_SPLINE_CURVE_WITH_KNOTS('',3,(#10992,#10993,#10994,#10995),
 .UNSPECIFIED.,.F.,.F.,(4,4),(0.,1.),.UNSPECIFIED.);
#404=B_SPLINE_CURVE_WITH_KNOTS('',3,(#10997,#10998,#10999,#11000),
 .UNSPECIFIED.,.F.,.F.,(4,4),(-1.09424626821296,0.788486811411983),
 .UNSPECIFIED.);
#405=B_SPLINE_CURVE_WITH_KNOTS('',3,(#11072,#11073,#11074,#11075,#11076),
 .UNSPECIFIED.,.F.,.F.,(4,1,4),(8.67361737988404E-19,0.000818650689754891,
0.00163730137950978),.UNSPECIFIED.);
#406=B_SPLINE_CURVE_WITH_KNOTS('',3,(#11120,#11121,#11122,#11123,#11124),
 .UNSPECIFIED.,.F.,.F.,(4,1,4),(3.87895961444886E-18,0.000818650689754892,
0.00163730137950978),.UNSPECIFIED.);
#407=B_SPLINE_CURVE_WITH_KNOTS('',3,(#11149,#11150,#11151,#11152),
 .UNSPECIFIED.,.F.,.F.,(4,4),(0.,1.),.UNSPECIFIED.);
#408=B_SPLINE_CURVE_WITH_KNOTS('',3,(#11154,#11155,#11156,#11157),
 .UNSPECIFIED.,.F.,.F.,(4,4),(-1.09424626821296,0.788486811411983),
 .UNSPECIFIED.);
#409=B_SPLINE_CURVE_WITH_KNOTS('',3,(#11272,#11273,#11274,#11275),
 .UNSPECIFIED.,.F.,.F.,(4,4),(0.,1.),.UNSPECIFIED.);
#410=B_SPLINE_CURVE_WITH_KNOTS('',3,(#11315,#11316,#11317,#11318),
 .UNSPECIFIED.,.F.,.F.,(4,4),(0.,0.000287709264456393),.UNSPECIFIED.);
#411=B_SPLINE_CURVE_WITH_KNOTS('',3,(#11333,#11334,#11335,#11336),
 .UNSPECIFIED.,.F.,.F.,(4,4),(0.000140156585296974,0.000675540766839588),
 .UNSPECIFIED.);
#412=B_SPLINE_CURVE_WITH_KNOTS('',3,(#11337,#11338,#11339,#11340),
 .UNSPECIFIED.,.F.,.F.,(4,4),(1.93947980722443E-18,0.00083347212336495),
 .UNSPECIFIED.);
#413=B_SPLINE_CURVE_WITH_KNOTS('',3,(#11342,#11343,#11344,#11345),
 .UNSPECIFIED.,.F.,.F.,(4,4),(0.000829719246037821,0.00230175265942326),
 .UNSPECIFIED.);
#414=B_SPLINE_CURVE_WITH_KNOTS('',3,(#11412,#11413,#11414,#11415),
 .UNSPECIFIED.,.F.,.F.,(4,4),(3.87895961444886E-18,0.000833472123364951),
 .UNSPECIFIED.);
#415=B_SPLINE_CURVE_WITH_KNOTS('',3,(#11493,#11494,#11495,#11496,#11497),
 .UNSPECIFIED.,.F.,.F.,(4,1,4),(0.,0.00196387222567641,0.00392774445135282),
 .UNSPECIFIED.);
#416=B_SPLINE_CURVE_WITH_KNOTS('',3,(#11507,#11508,#11509,#11510),
 .UNSPECIFIED.,.F.,.F.,(4,4),(0.190150393485778,1.45693143370147),
 .UNSPECIFIED.);
#417=B_SPLINE_CURVE_WITH_KNOTS('',3,(#11514,#11515,#11516,#11517),
 .UNSPECIFIED.,.F.,.F.,(4,4),(0.00221156764688641,0.00315371474042079),
 .UNSPECIFIED.);
#418=B_SPLINE_CURVE_WITH_KNOTS('',3,(#11599,#11600,#11601,#11602),
 .UNSPECIFIED.,.F.,.F.,(4,4),(0.,1.),.UNSPECIFIED.);
#419=B_SPLINE_CURVE_WITH_KNOTS('',3,(#11620,#11621,#11622,#11623),
 .UNSPECIFIED.,.F.,.F.,(4,4),(0.,0.000287709264456395),.UNSPECIFIED.);
#420=B_SPLINE_CURVE_WITH_KNOTS('',3,(#11637,#11638,#11639,#11640),
 .UNSPECIFIED.,.F.,.F.,(4,4),(0.00082971924603782,0.00230175265942326),
 .UNSPECIFIED.);
#421=B_SPLINE_CURVE_WITH_KNOTS('',3,(#11641,#11642,#11643,#11644),
 .UNSPECIFIED.,.F.,.F.,(4,4),(0.000140156585296974,0.000675540766839588),
 .UNSPECIFIED.);
#422=CYLINDRICAL_SURFACE('',#6588,2.);
#423=CYLINDRICAL_SURFACE('',#6661,2.5);
#424=CYLINDRICAL_SURFACE('',#6663,0.5);
#425=CYLINDRICAL_SURFACE('',#6676,2.5);
#426=CYLINDRICAL_SURFACE('',#6678,0.5);
#427=CYLINDRICAL_SURFACE('',#6723,0.4);
#428=CYLINDRICAL_SURFACE('',#6724,1.05);
#429=CYLINDRICAL_SURFACE('',#6725,1.05);
#430=CYLINDRICAL_SURFACE('',#6726,0.5);
#431=CYLINDRICAL_SURFACE('',#6727,0.5);
#432=CYLINDRICAL_SURFACE('',#6728,1.5);
#433=CYLINDRICAL_SURFACE('',#6753,0.4);
#434=CYLINDRICAL_SURFACE('',#6754,1.05);
#435=CYLINDRICAL_SURFACE('',#6755,1.05);
#436=CYLINDRICAL_SURFACE('',#6756,0.5);
#437=CYLINDRICAL_SURFACE('',#6757,0.5);
#438=CYLINDRICAL_SURFACE('',#6758,1.5);
#439=CYLINDRICAL_SURFACE('',#6764,0.2);
#440=CYLINDRICAL_SURFACE('',#6767,0.2);
#441=CYLINDRICAL_SURFACE('',#6770,0.2);
#442=CYLINDRICAL_SURFACE('',#6773,0.2);
#443=CYLINDRICAL_SURFACE('',#6782,0.2);
#444=CYLINDRICAL_SURFACE('',#6784,0.2);
#445=CYLINDRICAL_SURFACE('',#6786,0.2);
#446=CYLINDRICAL_SURFACE('',#6788,0.2);
#447=CYLINDRICAL_SURFACE('',#6796,0.2);
#448=CYLINDRICAL_SURFACE('',#6798,0.2);
#449=CYLINDRICAL_SURFACE('',#6800,0.2);
#450=CYLINDRICAL_SURFACE('',#6806,0.2);
#451=CYLINDRICAL_SURFACE('',#6808,0.2);
#452=CYLINDRICAL_SURFACE('',#6810,0.2);
#453=CYLINDRICAL_SURFACE('',#6812,0.2);
#454=CYLINDRICAL_SURFACE('',#6818,0.2);
#455=CYLINDRICAL_SURFACE('',#6820,0.2);
#456=CYLINDRICAL_SURFACE('',#6822,0.2);
#457=CYLINDRICAL_SURFACE('',#6824,0.2);
#458=CYLINDRICAL_SURFACE('',#6830,0.2);
#459=CYLINDRICAL_SURFACE('',#6832,0.2);
#460=CYLINDRICAL_SURFACE('',#6835,0.2);
#461=CYLINDRICAL_SURFACE('',#6838,0.2);
#462=CYLINDRICAL_SURFACE('',#6840,0.2);
#463=CYLINDRICAL_SURFACE('',#6842,0.2);
#464=CYLINDRICAL_SURFACE('',#6847,0.2);
#465=CYLINDRICAL_SURFACE('',#6849,0.2);
#466=CYLINDRICAL_SURFACE('',#6851,0.2);
#467=CYLINDRICAL_SURFACE('',#6853,0.2);
#468=CYLINDRICAL_SURFACE('',#6855,0.2);
#469=CYLINDRICAL_SURFACE('',#6865,0.2);
#470=CYLINDRICAL_SURFACE('',#6867,0.2);
#471=CYLINDRICAL_SURFACE('',#6869,0.2);
#472=CYLINDRICAL_SURFACE('',#6871,0.2);
#473=CYLINDRICAL_SURFACE('',#6874,0.2);
#474=CYLINDRICAL_SURFACE('',#6876,0.2);
#475=CYLINDRICAL_SURFACE('',#6886,0.2);
#476=CYLINDRICAL_SURFACE('',#6888,0.2);
#477=CYLINDRICAL_SURFACE('',#6890,0.2);
#478=CYLINDRICAL_SURFACE('',#6892,0.2);
#479=CYLINDRICAL_SURFACE('',#6898,0.2);
#480=CYLINDRICAL_SURFACE('',#6899,0.2);
#481=CYLINDRICAL_SURFACE('',#6900,0.2);
#482=CYLINDRICAL_SURFACE('',#6906,0.2);
#483=CYLINDRICAL_SURFACE('',#6907,0.2);
#484=CYLINDRICAL_SURFACE('',#6908,0.2);
#485=CYLINDRICAL_SURFACE('',#6909,0.2);
#486=CYLINDRICAL_SURFACE('',#6910,2.);
#487=CYLINDRICAL_SURFACE('',#6945,6.033);
#488=CYLINDRICAL_SURFACE('',#6952,7.758);
#489=CYLINDRICAL_SURFACE('',#6964,2.072);
#490=CYLINDRICAL_SURFACE('',#6988,6.833);
#491=CYLINDRICAL_SURFACE('',#6992,6.958);
#492=CYLINDRICAL_SURFACE('',#6994,1.337);
#493=CYLINDRICAL_SURFACE('',#6996,1.272);
#494=CYLINDRICAL_SURFACE('',#7018,2.);
#495=CYLINDRICAL_SURFACE('',#7019,0.5);
#496=CYLINDRICAL_SURFACE('',#7022,0.5);
#497=CYLINDRICAL_SURFACE('',#7026,0.5);
#498=CYLINDRICAL_SURFACE('',#7028,0.5);
#499=CYLINDRICAL_SURFACE('',#7031,1.05);
#500=CYLINDRICAL_SURFACE('',#7034,1.05);
#501=CYLINDRICAL_SURFACE('',#7037,0.4);
#502=CYLINDRICAL_SURFACE('',#7041,1.5);
#503=CYLINDRICAL_SURFACE('',#7068,6.033);
#504=CYLINDRICAL_SURFACE('',#7075,7.758);
#505=CYLINDRICAL_SURFACE('',#7077,2.072);
#506=CYLINDRICAL_SURFACE('',#7091,6.833);
#507=CYLINDRICAL_SURFACE('',#7095,6.958);
#508=CYLINDRICAL_SURFACE('',#7097,1.337);
#509=CYLINDRICAL_SURFACE('',#7099,1.272);
#510=CYLINDRICAL_SURFACE('',#7106,2.);
#511=CYLINDRICAL_SURFACE('',#7107,0.5);
#512=CYLINDRICAL_SURFACE('',#7109,0.5);
#513=CYLINDRICAL_SURFACE('',#7111,0.5);
#514=CYLINDRICAL_SURFACE('',#7112,0.5);
#515=CYLINDRICAL_SURFACE('',#7114,1.05);
#516=CYLINDRICAL_SURFACE('',#7116,1.05);
#517=CYLINDRICAL_SURFACE('',#7118,0.4);
#518=CYLINDRICAL_SURFACE('',#7121,1.5);
#519=CIRCLE('',#6583,2.);
#520=CIRCLE('',#6587,2.);
#521=CIRCLE('',#6589,2.);
#522=CIRCLE('',#6590,2.);
#523=CIRCLE('',#6591,2.);
#524=CIRCLE('',#6602,0.5);
#525=CIRCLE('',#6603,0.5);
#526=CIRCLE('',#6604,1.05);
#527=CIRCLE('',#6605,1.05);
#528=CIRCLE('',#6606,0.4);
#529=CIRCLE('',#6607,0.4);
#530=CIRCLE('',#6608,1.05);
#531=CIRCLE('',#6609,1.05);
#532=CIRCLE('',#6610,0.5);
#533=CIRCLE('',#6611,0.5);
#534=CIRCLE('',#6617,2.);
#535=CIRCLE('',#6618,0.4);
#536=CIRCLE('',#6619,0.4);
#537=CIRCLE('',#6620,2.5);
#538=CIRCLE('',#6621,0.5);
#539=CIRCLE('',#6622,0.5);
#540=CIRCLE('',#6623,2.5);
#541=CIRCLE('',#6624,0.4);
#542=CIRCLE('',#6625,0.2);
#543=CIRCLE('',#6628,2.);
#544=CIRCLE('',#6646,0.4);
#545=CIRCLE('',#6648,0.5);
#546=CIRCLE('',#6649,2.5);
#547=CIRCLE('',#6656,0.4);
#548=CIRCLE('',#6657,0.4);
#549=CIRCLE('',#6658,0.4);
#550=CIRCLE('',#6666,0.2);
#551=CIRCLE('',#6667,0.2);
#552=CIRCLE('',#6668,0.2);
#553=CIRCLE('',#6669,0.2);
#554=CIRCLE('',#6671,2.);
#555=CIRCLE('',#6672,2.5);
#556=CIRCLE('',#6673,0.5);
#557=CIRCLE('',#6687,0.4);
#558=CIRCLE('',#6689,0.4);
#559=CIRCLE('',#6690,0.4);
#560=CIRCLE('',#6693,0.2);
#561=CIRCLE('',#6694,0.2);
#562=CIRCLE('',#6695,0.2);
#563=CIRCLE('',#6696,0.2);
#564=CIRCLE('',#6699,1.5);
#565=CIRCLE('',#6719,0.4);
#566=CIRCLE('',#6720,0.4);
#567=CIRCLE('',#6722,0.4);
#568=CIRCLE('',#6732,1.5);
#569=CIRCLE('',#6749,0.4);
#570=CIRCLE('',#6750,0.4);
#571=CIRCLE('',#6752,0.4);
#572=CIRCLE('',#6765,0.2);
#573=CIRCLE('',#6766,0.2);
#574=CIRCLE('',#6768,0.2);
#575=CIRCLE('',#6769,0.2);
#576=CIRCLE('',#6771,0.2);
#577=CIRCLE('',#6772,0.2);
#578=CIRCLE('',#6774,0.2);
#579=CIRCLE('',#6775,0.2);
#580=CIRCLE('',#6777,0.2);
#581=CIRCLE('',#6778,0.2);
#582=CIRCLE('',#6780,0.2);
#583=CIRCLE('',#6781,0.2);
#584=CIRCLE('',#6783,0.2);
#585=CIRCLE('',#6785,0.2);
#586=CIRCLE('',#6787,0.2);
#587=CIRCLE('',#6789,0.2);
#588=CIRCLE('',#6791,0.2);
#589=CIRCLE('',#6793,0.2);
#590=CIRCLE('',#6795,0.2);
#591=CIRCLE('',#6797,0.2);
#592=CIRCLE('',#6799,0.2);
#593=CIRCLE('',#6803,0.2);
#594=CIRCLE('',#6805,0.2);
#595=CIRCLE('',#6809,0.2);
#596=CIRCLE('',#6811,0.2);
#597=CIRCLE('',#6815,0.2);
#598=CIRCLE('',#6817,0.2);
#599=CIRCLE('',#6821,0.2);
#600=CIRCLE('',#6823,0.2);
#601=CIRCLE('',#6825,0.2);
#602=CIRCLE('',#6827,0.2);
#603=CIRCLE('',#6829,0.2);
#604=CIRCLE('',#6831,0.2);
#605=CIRCLE('',#6833,0.2);
#606=CIRCLE('',#6841,0.2);
#607=CIRCLE('',#6845,0.2);
#608=CIRCLE('',#6846,0.2);
#609=CIRCLE('',#6850,0.2);
#610=CIRCLE('',#6852,0.2);
#611=CIRCLE('',#6854,0.2);
#612=CIRCLE('',#6856,0.2);
#613=CIRCLE('',#6858,0.2);
#614=CIRCLE('',#6860,0.2);
#615=CIRCLE('',#6861,0.2);
#616=CIRCLE('',#6863,0.2);
#617=CIRCLE('',#6864,0.2);
#618=CIRCLE('',#6866,0.2);
#619=CIRCLE('',#6868,0.2);
#620=CIRCLE('',#6870,0.2);
#621=CIRCLE('',#6872,0.2);
#622=CIRCLE('',#6873,0.2);
#623=CIRCLE('',#6875,0.2);
#624=CIRCLE('',#6877,0.2);
#625=CIRCLE('',#6879,0.2);
#626=CIRCLE('',#6881,0.2);
#627=CIRCLE('',#6883,0.2);
#628=CIRCLE('',#6885,0.2);
#629=CIRCLE('',#6887,0.2);
#630=CIRCLE('',#6889,0.2);
#631=CIRCLE('',#6891,0.2);
#632=CIRCLE('',#6893,0.2);
#633=CIRCLE('',#6895,0.2);
#634=CIRCLE('',#6897,0.2);
#635=CIRCLE('',#6956,2.);
#636=CIRCLE('',#6957,2.);
#637=CIRCLE('',#6958,2.072);
#638=CIRCLE('',#6959,2.072);
#639=CIRCLE('',#6961,1.272);
#640=CIRCLE('',#6962,1.272);
#641=CIRCLE('',#6965,2.072);
#642=CIRCLE('',#6971,2.);
#643=CIRCLE('',#6972,2.072);
#644=CIRCLE('',#6975,2.);
#645=CIRCLE('',#6997,1.272);
#646=CIRCLE('',#7021,0.5);
#647=CIRCLE('',#7027,0.5);
#648=CIRCLE('',#7029,0.5);
#649=CIRCLE('',#7032,1.05);
#650=CIRCLE('',#7035,1.05);
#651=CIRCLE('',#7038,0.4);
#652=CIRCLE('',#7042,1.5);
#653=CIRCLE('',#7051,0.5);
#654=CIRCLE('',#7052,0.5);
#655=CIRCLE('',#7053,1.05);
#656=CIRCLE('',#7054,1.05);
#657=CIRCLE('',#7055,0.4);
#658=CIRCLE('',#7100,1.272);
#659=CIRCLE('',#7108,0.5);
#660=CIRCLE('',#7122,1.5);
#661=ORIENTED_EDGE('',*,*,#2519,.T.);
#662=ORIENTED_EDGE('',*,*,#2520,.T.);
#663=ORIENTED_EDGE('',*,*,#2521,.F.);
#664=ORIENTED_EDGE('',*,*,#2522,.T.);
#665=ORIENTED_EDGE('',*,*,#2523,.T.);
#666=ORIENTED_EDGE('',*,*,#2524,.F.);
#667=ORIENTED_EDGE('',*,*,#2519,.F.);
#668=ORIENTED_EDGE('',*,*,#2525,.F.);
#669=ORIENTED_EDGE('',*,*,#2526,.F.);
#670=ORIENTED_EDGE('',*,*,#2521,.T.);
#671=ORIENTED_EDGE('',*,*,#2527,.T.);
#672=ORIENTED_EDGE('',*,*,#2528,.F.);
#673=ORIENTED_EDGE('',*,*,#2529,.T.);
#674=ORIENTED_EDGE('',*,*,#2528,.T.);
#675=ORIENTED_EDGE('',*,*,#2530,.T.);
#676=ORIENTED_EDGE('',*,*,#2526,.T.);
#677=ORIENTED_EDGE('',*,*,#2531,.F.);
#678=ORIENTED_EDGE('',*,*,#2532,.T.);
#679=ORIENTED_EDGE('',*,*,#2533,.F.);
#680=ORIENTED_EDGE('',*,*,#2534,.T.);
#681=ORIENTED_EDGE('',*,*,#2535,.T.);
#682=ORIENTED_EDGE('',*,*,#2536,.F.);
#683=ORIENTED_EDGE('',*,*,#2537,.F.);
#684=ORIENTED_EDGE('',*,*,#2538,.F.);
#685=ORIENTED_EDGE('',*,*,#2539,.F.);
#686=ORIENTED_EDGE('',*,*,#2540,.T.);
#687=ORIENTED_EDGE('',*,*,#2541,.F.);
#688=ORIENTED_EDGE('',*,*,#2542,.T.);
#689=ORIENTED_EDGE('',*,*,#2543,.F.);
#690=ORIENTED_EDGE('',*,*,#2544,.T.);
#691=ORIENTED_EDGE('',*,*,#2545,.T.);
#692=ORIENTED_EDGE('',*,*,#2546,.F.);
#693=ORIENTED_EDGE('',*,*,#2547,.F.);
#694=ORIENTED_EDGE('',*,*,#2548,.T.);
#695=ORIENTED_EDGE('',*,*,#2549,.T.);
#696=ORIENTED_EDGE('',*,*,#2550,.F.);
#697=ORIENTED_EDGE('',*,*,#2551,.T.);
#698=ORIENTED_EDGE('',*,*,#2552,.T.);
#699=ORIENTED_EDGE('',*,*,#2553,.F.);
#700=ORIENTED_EDGE('',*,*,#2554,.F.);
#701=ORIENTED_EDGE('',*,*,#2555,.F.);
#702=ORIENTED_EDGE('',*,*,#2556,.T.);
#703=ORIENTED_EDGE('',*,*,#2557,.T.);
#704=ORIENTED_EDGE('',*,*,#2558,.F.);
#705=ORIENTED_EDGE('',*,*,#2559,.F.);
#706=ORIENTED_EDGE('',*,*,#2560,.F.);
#707=ORIENTED_EDGE('',*,*,#2561,.T.);
#708=ORIENTED_EDGE('',*,*,#2562,.T.);
#709=ORIENTED_EDGE('',*,*,#2563,.F.);
#710=ORIENTED_EDGE('',*,*,#2564,.F.);
#711=ORIENTED_EDGE('',*,*,#2565,.T.);
#712=ORIENTED_EDGE('',*,*,#2560,.T.);
#713=ORIENTED_EDGE('',*,*,#2566,.F.);
#714=ORIENTED_EDGE('',*,*,#2567,.F.);
#715=ORIENTED_EDGE('',*,*,#2568,.T.);
#716=ORIENTED_EDGE('',*,*,#2569,.T.);
#717=ORIENTED_EDGE('',*,*,#2551,.F.);
#718=ORIENTED_EDGE('',*,*,#2570,.F.);
#719=ORIENTED_EDGE('',*,*,#2571,.F.);
#720=ORIENTED_EDGE('',*,*,#2572,.F.);
#721=ORIENTED_EDGE('',*,*,#2573,.F.);
#722=ORIENTED_EDGE('',*,*,#2561,.F.);
#723=ORIENTED_EDGE('',*,*,#2565,.F.);
#724=ORIENTED_EDGE('',*,*,#2574,.F.);
#725=ORIENTED_EDGE('',*,*,#2548,.F.);
#726=ORIENTED_EDGE('',*,*,#2575,.F.);
#727=ORIENTED_EDGE('',*,*,#2568,.F.);
#728=ORIENTED_EDGE('',*,*,#2576,.F.);
#729=ORIENTED_EDGE('',*,*,#2577,.F.);
#730=ORIENTED_EDGE('',*,*,#2578,.F.);
#731=ORIENTED_EDGE('',*,*,#2556,.F.);
#732=ORIENTED_EDGE('',*,*,#2579,.T.);
#733=ORIENTED_EDGE('',*,*,#2580,.F.);
#734=ORIENTED_EDGE('',*,*,#2581,.F.);
#735=ORIENTED_EDGE('',*,*,#2582,.F.);
#736=ORIENTED_EDGE('',*,*,#2583,.F.);
#737=ORIENTED_EDGE('',*,*,#2546,.T.);
#738=ORIENTED_EDGE('',*,*,#2584,.T.);
#739=ORIENTED_EDGE('',*,*,#2585,.F.);
#740=ORIENTED_EDGE('',*,*,#2586,.T.);
#741=ORIENTED_EDGE('',*,*,#2587,.F.);
#742=ORIENTED_EDGE('',*,*,#2588,.T.);
#743=ORIENTED_EDGE('',*,*,#2589,.F.);
#744=ORIENTED_EDGE('',*,*,#2590,.T.);
#745=ORIENTED_EDGE('',*,*,#2591,.T.);
#746=ORIENTED_EDGE('',*,*,#2592,.F.);
#747=ORIENTED_EDGE('',*,*,#2593,.T.);
#748=ORIENTED_EDGE('',*,*,#2594,.F.);
#749=ORIENTED_EDGE('',*,*,#2595,.T.);
#750=ORIENTED_EDGE('',*,*,#2596,.F.);
#751=ORIENTED_EDGE('',*,*,#2597,.T.);
#752=ORIENTED_EDGE('',*,*,#2566,.T.);
#753=ORIENTED_EDGE('',*,*,#2598,.T.);
#754=ORIENTED_EDGE('',*,*,#2550,.T.);
#755=ORIENTED_EDGE('',*,*,#2599,.T.);
#756=ORIENTED_EDGE('',*,*,#2563,.T.);
#757=ORIENTED_EDGE('',*,*,#2559,.T.);
#758=ORIENTED_EDGE('',*,*,#2600,.T.);
#759=ORIENTED_EDGE('',*,*,#2601,.T.);
#760=ORIENTED_EDGE('',*,*,#2602,.T.);
#761=ORIENTED_EDGE('',*,*,#2603,.F.);
#762=ORIENTED_EDGE('',*,*,#2604,.T.);
#763=ORIENTED_EDGE('',*,*,#2605,.F.);
#764=ORIENTED_EDGE('',*,*,#2606,.T.);
#765=ORIENTED_EDGE('',*,*,#2607,.F.);
#766=ORIENTED_EDGE('',*,*,#2608,.F.);
#767=ORIENTED_EDGE('',*,*,#2609,.T.);
#768=ORIENTED_EDGE('',*,*,#2610,.F.);
#769=ORIENTED_EDGE('',*,*,#2611,.T.);
#770=ORIENTED_EDGE('',*,*,#2612,.F.);
#771=ORIENTED_EDGE('',*,*,#2613,.T.);
#772=ORIENTED_EDGE('',*,*,#2614,.F.);
#773=ORIENTED_EDGE('',*,*,#2615,.F.);
#774=ORIENTED_EDGE('',*,*,#2616,.T.);
#775=ORIENTED_EDGE('',*,*,#2558,.T.);
#776=ORIENTED_EDGE('',*,*,#2617,.T.);
#777=ORIENTED_EDGE('',*,*,#2618,.T.);
#778=ORIENTED_EDGE('',*,*,#2553,.T.);
#779=ORIENTED_EDGE('',*,*,#2619,.T.);
#780=ORIENTED_EDGE('',*,*,#2620,.T.);
#781=ORIENTED_EDGE('',*,*,#2597,.F.);
#782=ORIENTED_EDGE('',*,*,#2621,.T.);
#783=ORIENTED_EDGE('',*,*,#2576,.T.);
#784=ORIENTED_EDGE('',*,*,#2567,.T.);
#785=ORIENTED_EDGE('',*,*,#2573,.T.);
#786=ORIENTED_EDGE('',*,*,#2622,.T.);
#787=ORIENTED_EDGE('',*,*,#2600,.F.);
#788=ORIENTED_EDGE('',*,*,#2562,.F.);
#789=ORIENTED_EDGE('',*,*,#2623,.T.);
#790=ORIENTED_EDGE('',*,*,#2579,.F.);
#791=ORIENTED_EDGE('',*,*,#2624,.F.);
#792=ORIENTED_EDGE('',*,*,#2625,.F.);
#793=ORIENTED_EDGE('',*,*,#2626,.T.);
#794=ORIENTED_EDGE('',*,*,#2533,.T.);
#795=ORIENTED_EDGE('',*,*,#2627,.T.);
#796=ORIENTED_EDGE('',*,*,#2628,.F.);
#797=ORIENTED_EDGE('',*,*,#2629,.F.);
#798=ORIENTED_EDGE('',*,*,#2630,.T.);
#799=ORIENTED_EDGE('',*,*,#2631,.T.);
#800=ORIENTED_EDGE('',*,*,#2536,.T.);
#801=ORIENTED_EDGE('',*,*,#2632,.T.);
#802=ORIENTED_EDGE('',*,*,#2633,.T.);
#803=ORIENTED_EDGE('',*,*,#2634,.T.);
#804=ORIENTED_EDGE('',*,*,#2635,.T.);
#805=ORIENTED_EDGE('',*,*,#2636,.F.);
#806=ORIENTED_EDGE('',*,*,#2637,.T.);
#807=ORIENTED_EDGE('',*,*,#2638,.T.);
#808=ORIENTED_EDGE('',*,*,#2639,.T.);
#809=ORIENTED_EDGE('',*,*,#2640,.F.);
#810=ORIENTED_EDGE('',*,*,#2641,.T.);
#811=ORIENTED_EDGE('',*,*,#2642,.T.);
#812=ORIENTED_EDGE('',*,*,#2643,.F.);
#813=ORIENTED_EDGE('',*,*,#2644,.T.);
#814=ORIENTED_EDGE('',*,*,#2645,.F.);
#815=ORIENTED_EDGE('',*,*,#2598,.F.);
#816=ORIENTED_EDGE('',*,*,#2569,.F.);
#817=ORIENTED_EDGE('',*,*,#2575,.T.);
#818=ORIENTED_EDGE('',*,*,#2646,.F.);
#819=ORIENTED_EDGE('',*,*,#2647,.F.);
#820=ORIENTED_EDGE('',*,*,#2648,.T.);
#821=ORIENTED_EDGE('',*,*,#2649,.F.);
#822=ORIENTED_EDGE('',*,*,#2650,.F.);
#823=ORIENTED_EDGE('',*,*,#2651,.F.);
#824=ORIENTED_EDGE('',*,*,#2652,.F.);
#825=ORIENTED_EDGE('',*,*,#2574,.T.);
#826=ORIENTED_EDGE('',*,*,#2564,.T.);
#827=ORIENTED_EDGE('',*,*,#2599,.F.);
#828=ORIENTED_EDGE('',*,*,#2653,.F.);
#829=ORIENTED_EDGE('',*,*,#2654,.F.);
#830=ORIENTED_EDGE('',*,*,#2655,.T.);
#831=ORIENTED_EDGE('',*,*,#2656,.F.);
#832=ORIENTED_EDGE('',*,*,#2657,.F.);
#833=ORIENTED_EDGE('',*,*,#2658,.T.);
#834=ORIENTED_EDGE('',*,*,#2659,.T.);
#835=ORIENTED_EDGE('',*,*,#2660,.T.);
#836=ORIENTED_EDGE('',*,*,#2661,.T.);
#837=ORIENTED_EDGE('',*,*,#2662,.T.);
#838=ORIENTED_EDGE('',*,*,#2663,.T.);
#839=ORIENTED_EDGE('',*,*,#2664,.T.);
#840=ORIENTED_EDGE('',*,*,#2665,.T.);
#841=ORIENTED_EDGE('',*,*,#2666,.F.);
#842=ORIENTED_EDGE('',*,*,#2522,.F.);
#843=ORIENTED_EDGE('',*,*,#2529,.F.);
#844=ORIENTED_EDGE('',*,*,#2532,.F.);
#845=ORIENTED_EDGE('',*,*,#2667,.F.);
#846=ORIENTED_EDGE('',*,*,#2668,.F.);
#847=ORIENTED_EDGE('',*,*,#2669,.F.);
#848=ORIENTED_EDGE('',*,*,#2670,.F.);
#849=ORIENTED_EDGE('',*,*,#2671,.F.);
#850=ORIENTED_EDGE('',*,*,#2672,.F.);
#851=ORIENTED_EDGE('',*,*,#2673,.F.);
#852=ORIENTED_EDGE('',*,*,#2674,.F.);
#853=ORIENTED_EDGE('',*,*,#2675,.F.);
#854=ORIENTED_EDGE('',*,*,#2676,.T.);
#855=ORIENTED_EDGE('',*,*,#2628,.T.);
#856=ORIENTED_EDGE('',*,*,#2677,.T.);
#857=ORIENTED_EDGE('',*,*,#2678,.T.);
#858=ORIENTED_EDGE('',*,*,#2679,.F.);
#859=ORIENTED_EDGE('',*,*,#2680,.F.);
#860=ORIENTED_EDGE('',*,*,#2681,.T.);
#861=ORIENTED_EDGE('',*,*,#2682,.T.);
#862=ORIENTED_EDGE('',*,*,#2683,.T.);
#863=ORIENTED_EDGE('',*,*,#2684,.T.);
#864=ORIENTED_EDGE('',*,*,#2677,.F.);
#865=ORIENTED_EDGE('',*,*,#2627,.F.);
#866=ORIENTED_EDGE('',*,*,#2538,.T.);
#867=ORIENTED_EDGE('',*,*,#2684,.F.);
#868=ORIENTED_EDGE('',*,*,#2685,.T.);
#869=ORIENTED_EDGE('',*,*,#2686,.F.);
#870=ORIENTED_EDGE('',*,*,#2678,.F.);
#871=ORIENTED_EDGE('',*,*,#2687,.F.);
#872=ORIENTED_EDGE('',*,*,#2681,.F.);
#873=ORIENTED_EDGE('',*,*,#2688,.F.);
#874=ORIENTED_EDGE('',*,*,#2689,.F.);
#875=ORIENTED_EDGE('',*,*,#2631,.F.);
#876=ORIENTED_EDGE('',*,*,#2690,.T.);
#877=ORIENTED_EDGE('',*,*,#2682,.F.);
#878=ORIENTED_EDGE('',*,*,#2537,.T.);
#879=ORIENTED_EDGE('',*,*,#2671,.T.);
#880=ORIENTED_EDGE('',*,*,#2691,.T.);
#881=ORIENTED_EDGE('',*,*,#2692,.T.);
#882=ORIENTED_EDGE('',*,*,#2693,.F.);
#883=ORIENTED_EDGE('',*,*,#2674,.T.);
#884=ORIENTED_EDGE('',*,*,#2694,.T.);
#885=ORIENTED_EDGE('',*,*,#2695,.T.);
#886=ORIENTED_EDGE('',*,*,#2691,.F.);
#887=ORIENTED_EDGE('',*,*,#2673,.T.);
#888=ORIENTED_EDGE('',*,*,#2696,.T.);
#889=ORIENTED_EDGE('',*,*,#2697,.T.);
#890=ORIENTED_EDGE('',*,*,#2694,.F.);
#891=ORIENTED_EDGE('',*,*,#2672,.T.);
#892=ORIENTED_EDGE('',*,*,#2693,.T.);
#893=ORIENTED_EDGE('',*,*,#2698,.T.);
#894=ORIENTED_EDGE('',*,*,#2696,.F.);
#895=ORIENTED_EDGE('',*,*,#2692,.F.);
#896=ORIENTED_EDGE('',*,*,#2695,.F.);
#897=ORIENTED_EDGE('',*,*,#2697,.F.);
#898=ORIENTED_EDGE('',*,*,#2698,.F.);
#899=ORIENTED_EDGE('',*,*,#2667,.T.);
#900=ORIENTED_EDGE('',*,*,#2699,.T.);
#901=ORIENTED_EDGE('',*,*,#2700,.T.);
#902=ORIENTED_EDGE('',*,*,#2701,.F.);
#903=ORIENTED_EDGE('',*,*,#2670,.T.);
#904=ORIENTED_EDGE('',*,*,#2702,.T.);
#905=ORIENTED_EDGE('',*,*,#2703,.T.);
#906=ORIENTED_EDGE('',*,*,#2699,.F.);
#907=ORIENTED_EDGE('',*,*,#2669,.T.);
#908=ORIENTED_EDGE('',*,*,#2704,.T.);
#909=ORIENTED_EDGE('',*,*,#2705,.T.);
#910=ORIENTED_EDGE('',*,*,#2702,.F.);
#911=ORIENTED_EDGE('',*,*,#2668,.T.);
#912=ORIENTED_EDGE('',*,*,#2701,.T.);
#913=ORIENTED_EDGE('',*,*,#2706,.T.);
#914=ORIENTED_EDGE('',*,*,#2704,.F.);
#915=ORIENTED_EDGE('',*,*,#2700,.F.);
#916=ORIENTED_EDGE('',*,*,#2703,.F.);
#917=ORIENTED_EDGE('',*,*,#2705,.F.);
#918=ORIENTED_EDGE('',*,*,#2706,.F.);
#919=ORIENTED_EDGE('',*,*,#2666,.T.);
#920=ORIENTED_EDGE('',*,*,#2531,.T.);
#921=ORIENTED_EDGE('',*,*,#2525,.T.);
#922=ORIENTED_EDGE('',*,*,#2523,.F.);
#923=ORIENTED_EDGE('',*,*,#2632,.F.);
#924=ORIENTED_EDGE('',*,*,#2535,.F.);
#925=ORIENTED_EDGE('',*,*,#2707,.T.);
#926=ORIENTED_EDGE('',*,*,#2708,.T.);
#927=ORIENTED_EDGE('',*,*,#2640,.T.);
#928=ORIENTED_EDGE('',*,*,#2709,.T.);
#929=ORIENTED_EDGE('',*,*,#2710,.F.);
#930=ORIENTED_EDGE('',*,*,#2711,.F.);
#931=ORIENTED_EDGE('',*,*,#2636,.T.);
#932=ORIENTED_EDGE('',*,*,#2712,.T.);
#933=ORIENTED_EDGE('',*,*,#2713,.T.);
#934=ORIENTED_EDGE('',*,*,#2714,.T.);
#935=ORIENTED_EDGE('',*,*,#2715,.T.);
#936=ORIENTED_EDGE('',*,*,#2716,.T.);
#937=ORIENTED_EDGE('',*,*,#2717,.T.);
#938=ORIENTED_EDGE('',*,*,#2718,.T.);
#939=ORIENTED_EDGE('',*,*,#2719,.T.);
#940=ORIENTED_EDGE('',*,*,#2710,.T.);
#941=ORIENTED_EDGE('',*,*,#2720,.T.);
#942=ORIENTED_EDGE('',*,*,#2707,.F.);
#943=ORIENTED_EDGE('',*,*,#2534,.F.);
#944=ORIENTED_EDGE('',*,*,#2626,.F.);
#945=ORIENTED_EDGE('',*,*,#2676,.F.);
#946=ORIENTED_EDGE('',*,*,#2721,.F.);
#947=ORIENTED_EDGE('',*,*,#2722,.T.);
#948=ORIENTED_EDGE('',*,*,#2723,.T.);
#949=ORIENTED_EDGE('',*,*,#2724,.T.);
#950=ORIENTED_EDGE('',*,*,#2725,.T.);
#951=ORIENTED_EDGE('',*,*,#2726,.T.);
#952=ORIENTED_EDGE('',*,*,#2727,.T.);
#953=ORIENTED_EDGE('',*,*,#2728,.T.);
#954=ORIENTED_EDGE('',*,*,#2729,.T.);
#955=ORIENTED_EDGE('',*,*,#2730,.T.);
#956=ORIENTED_EDGE('',*,*,#2731,.T.);
#957=ORIENTED_EDGE('',*,*,#2732,.T.);
#958=ORIENTED_EDGE('',*,*,#2733,.T.);
#959=ORIENTED_EDGE('',*,*,#2734,.T.);
#960=ORIENTED_EDGE('',*,*,#2735,.T.);
#961=ORIENTED_EDGE('',*,*,#2736,.T.);
#962=ORIENTED_EDGE('',*,*,#2737,.T.);
#963=ORIENTED_EDGE('',*,*,#2738,.T.);
#964=ORIENTED_EDGE('',*,*,#2739,.T.);
#965=ORIENTED_EDGE('',*,*,#2740,.T.);
#966=ORIENTED_EDGE('',*,*,#2741,.T.);
#967=ORIENTED_EDGE('',*,*,#2742,.T.);
#968=ORIENTED_EDGE('',*,*,#2743,.T.);
#969=ORIENTED_EDGE('',*,*,#2744,.T.);
#970=ORIENTED_EDGE('',*,*,#2745,.T.);
#971=ORIENTED_EDGE('',*,*,#2746,.F.);
#972=ORIENTED_EDGE('',*,*,#2747,.T.);
#973=ORIENTED_EDGE('',*,*,#2748,.T.);
#974=ORIENTED_EDGE('',*,*,#2749,.T.);
#975=ORIENTED_EDGE('',*,*,#2750,.T.);
#976=ORIENTED_EDGE('',*,*,#2751,.T.);
#977=ORIENTED_EDGE('',*,*,#2752,.F.);
#978=ORIENTED_EDGE('',*,*,#2753,.T.);
#979=ORIENTED_EDGE('',*,*,#2754,.T.);
#980=ORIENTED_EDGE('',*,*,#2755,.T.);
#981=ORIENTED_EDGE('',*,*,#2756,.T.);
#982=ORIENTED_EDGE('',*,*,#2757,.T.);
#983=ORIENTED_EDGE('',*,*,#2758,.T.);
#984=ORIENTED_EDGE('',*,*,#2641,.F.);
#985=ORIENTED_EDGE('',*,*,#2711,.T.);
#986=ORIENTED_EDGE('',*,*,#2725,.F.);
#987=ORIENTED_EDGE('',*,*,#2759,.T.);
#988=ORIENTED_EDGE('',*,*,#2723,.F.);
#989=ORIENTED_EDGE('',*,*,#2760,.T.);
#990=ORIENTED_EDGE('',*,*,#2643,.T.);
#991=ORIENTED_EDGE('',*,*,#2761,.T.);
#992=ORIENTED_EDGE('',*,*,#2642,.F.);
#993=ORIENTED_EDGE('',*,*,#2759,.F.);
#994=ORIENTED_EDGE('',*,*,#2724,.F.);
#995=ORIENTED_EDGE('',*,*,#2761,.F.);
#996=ORIENTED_EDGE('',*,*,#2675,.T.);
#997=ORIENTED_EDGE('',*,*,#2687,.T.);
#998=ORIENTED_EDGE('',*,*,#2762,.F.);
#999=ORIENTED_EDGE('',*,*,#2646,.T.);
#1000=ORIENTED_EDGE('',*,*,#2547,.T.);
#1001=ORIENTED_EDGE('',*,*,#2645,.T.);
#1002=ORIENTED_EDGE('',*,*,#2763,.T.);
#1003=ORIENTED_EDGE('',*,*,#2721,.T.);
#1004=ORIENTED_EDGE('',*,*,#2644,.F.);
#1005=ORIENTED_EDGE('',*,*,#2760,.F.);
#1006=ORIENTED_EDGE('',*,*,#2722,.F.);
#1007=ORIENTED_EDGE('',*,*,#2763,.F.);
#1008=ORIENTED_EDGE('',*,*,#2764,.T.);
#1009=ORIENTED_EDGE('',*,*,#2765,.T.);
#1010=ORIENTED_EDGE('',*,*,#2766,.F.);
#1011=ORIENTED_EDGE('',*,*,#2648,.F.);
#1012=ORIENTED_EDGE('',*,*,#2767,.F.);
#1013=ORIENTED_EDGE('',*,*,#2768,.T.);
#1014=ORIENTED_EDGE('',*,*,#2769,.T.);
#1015=ORIENTED_EDGE('',*,*,#2770,.T.);
#1016=ORIENTED_EDGE('',*,*,#2764,.F.);
#1017=ORIENTED_EDGE('',*,*,#2647,.T.);
#1018=ORIENTED_EDGE('',*,*,#2762,.T.);
#1019=ORIENTED_EDGE('',*,*,#2689,.T.);
#1020=ORIENTED_EDGE('',*,*,#2771,.T.);
#1021=ORIENTED_EDGE('',*,*,#2651,.T.);
#1022=ORIENTED_EDGE('',*,*,#2772,.T.);
#1023=ORIENTED_EDGE('',*,*,#2773,.T.);
#1024=ORIENTED_EDGE('',*,*,#2541,.T.);
#1025=ORIENTED_EDGE('',*,*,#2774,.T.);
#1026=ORIENTED_EDGE('',*,*,#2775,.F.);
#1027=ORIENTED_EDGE('',*,*,#2776,.T.);
#1028=ORIENTED_EDGE('',*,*,#2777,.T.);
#1029=ORIENTED_EDGE('',*,*,#2778,.T.);
#1030=ORIENTED_EDGE('',*,*,#2779,.T.);
#1031=ORIENTED_EDGE('',*,*,#2780,.T.);
#1032=ORIENTED_EDGE('',*,*,#2781,.T.);
#1033=ORIENTED_EDGE('',*,*,#2782,.T.);
#1034=ORIENTED_EDGE('',*,*,#2783,.F.);
#1035=ORIENTED_EDGE('',*,*,#2784,.F.);
#1036=ORIENTED_EDGE('',*,*,#2785,.F.);
#1037=ORIENTED_EDGE('',*,*,#2786,.T.);
#1038=ORIENTED_EDGE('',*,*,#2787,.T.);
#1039=ORIENTED_EDGE('',*,*,#2788,.T.);
#1040=ORIENTED_EDGE('',*,*,#2789,.F.);
#1041=ORIENTED_EDGE('',*,*,#2790,.F.);
#1042=ORIENTED_EDGE('',*,*,#2625,.T.);
#1043=ORIENTED_EDGE('',*,*,#2791,.F.);
#1044=ORIENTED_EDGE('',*,*,#2792,.T.);
#1045=ORIENTED_EDGE('',*,*,#2793,.T.);
#1046=ORIENTED_EDGE('',*,*,#2794,.T.);
#1047=ORIENTED_EDGE('',*,*,#2795,.T.);
#1048=ORIENTED_EDGE('',*,*,#2796,.T.);
#1049=ORIENTED_EDGE('',*,*,#2797,.T.);
#1050=ORIENTED_EDGE('',*,*,#2798,.T.);
#1051=ORIENTED_EDGE('',*,*,#2799,.F.);
#1052=ORIENTED_EDGE('',*,*,#2800,.T.);
#1053=ORIENTED_EDGE('',*,*,#2801,.T.);
#1054=ORIENTED_EDGE('',*,*,#2802,.F.);
#1055=ORIENTED_EDGE('',*,*,#2803,.F.);
#1056=ORIENTED_EDGE('',*,*,#2804,.F.);
#1057=ORIENTED_EDGE('',*,*,#2805,.T.);
#1058=ORIENTED_EDGE('',*,*,#2806,.T.);
#1059=ORIENTED_EDGE('',*,*,#2807,.T.);
#1060=ORIENTED_EDGE('',*,*,#2808,.T.);
#1061=ORIENTED_EDGE('',*,*,#2809,.F.);
#1062=ORIENTED_EDGE('',*,*,#2810,.F.);
#1063=ORIENTED_EDGE('',*,*,#2811,.F.);
#1064=ORIENTED_EDGE('',*,*,#2812,.F.);
#1065=ORIENTED_EDGE('',*,*,#2813,.F.);
#1066=ORIENTED_EDGE('',*,*,#2814,.T.);
#1067=ORIENTED_EDGE('',*,*,#2679,.T.);
#1068=ORIENTED_EDGE('',*,*,#2686,.T.);
#1069=ORIENTED_EDGE('',*,*,#2655,.F.);
#1070=ORIENTED_EDGE('',*,*,#2815,.F.);
#1071=ORIENTED_EDGE('',*,*,#2812,.T.);
#1072=ORIENTED_EDGE('',*,*,#2816,.F.);
#1073=ORIENTED_EDGE('',*,*,#2817,.F.);
#1074=ORIENTED_EDGE('',*,*,#2657,.T.);
#1075=ORIENTED_EDGE('',*,*,#2818,.F.);
#1076=ORIENTED_EDGE('',*,*,#2810,.T.);
#1077=ORIENTED_EDGE('',*,*,#2656,.T.);
#1078=ORIENTED_EDGE('',*,*,#2816,.T.);
#1079=ORIENTED_EDGE('',*,*,#2811,.T.);
#1080=ORIENTED_EDGE('',*,*,#2818,.T.);
#1081=ORIENTED_EDGE('',*,*,#2771,.F.);
#1082=ORIENTED_EDGE('',*,*,#2688,.T.);
#1083=ORIENTED_EDGE('',*,*,#2680,.T.);
#1084=ORIENTED_EDGE('',*,*,#2814,.F.);
#1085=ORIENTED_EDGE('',*,*,#2819,.F.);
#1086=ORIENTED_EDGE('',*,*,#2653,.T.);
#1087=ORIENTED_EDGE('',*,*,#2549,.F.);
#1088=ORIENTED_EDGE('',*,*,#2652,.T.);
#1089=ORIENTED_EDGE('',*,*,#2654,.T.);
#1090=ORIENTED_EDGE('',*,*,#2819,.T.);
#1091=ORIENTED_EDGE('',*,*,#2813,.T.);
#1092=ORIENTED_EDGE('',*,*,#2815,.T.);
#1093=ORIENTED_EDGE('',*,*,#2820,.T.);
#1094=ORIENTED_EDGE('',*,*,#2629,.T.);
#1095=ORIENTED_EDGE('',*,*,#2821,.T.);
#1096=ORIENTED_EDGE('',*,*,#2807,.F.);
#1097=ORIENTED_EDGE('',*,*,#2664,.F.);
#1098=ORIENTED_EDGE('',*,*,#2822,.T.);
#1099=ORIENTED_EDGE('',*,*,#2823,.T.);
#1100=ORIENTED_EDGE('',*,*,#2824,.T.);
#1101=ORIENTED_EDGE('',*,*,#2825,.T.);
#1102=ORIENTED_EDGE('',*,*,#2826,.T.);
#1103=ORIENTED_EDGE('',*,*,#2827,.T.);
#1104=ORIENTED_EDGE('',*,*,#2828,.T.);
#1105=ORIENTED_EDGE('',*,*,#2829,.T.);
#1106=ORIENTED_EDGE('',*,*,#2830,.T.);
#1107=ORIENTED_EDGE('',*,*,#2831,.T.);
#1108=ORIENTED_EDGE('',*,*,#2832,.T.);
#1109=ORIENTED_EDGE('',*,*,#2833,.T.);
#1110=ORIENTED_EDGE('',*,*,#2834,.T.);
#1111=ORIENTED_EDGE('',*,*,#2835,.T.);
#1112=ORIENTED_EDGE('',*,*,#2836,.T.);
#1113=ORIENTED_EDGE('',*,*,#2837,.T.);
#1114=ORIENTED_EDGE('',*,*,#2838,.T.);
#1115=ORIENTED_EDGE('',*,*,#2839,.T.);
#1116=ORIENTED_EDGE('',*,*,#2840,.T.);
#1117=ORIENTED_EDGE('',*,*,#2809,.T.);
#1118=ORIENTED_EDGE('',*,*,#2841,.T.);
#1119=ORIENTED_EDGE('',*,*,#2658,.F.);
#1120=ORIENTED_EDGE('',*,*,#2817,.T.);
#1121=ORIENTED_EDGE('',*,*,#2662,.F.);
#1122=ORIENTED_EDGE('',*,*,#2842,.T.);
#1123=ORIENTED_EDGE('',*,*,#2843,.T.);
#1124=ORIENTED_EDGE('',*,*,#2844,.F.);
#1125=ORIENTED_EDGE('',*,*,#2845,.T.);
#1126=ORIENTED_EDGE('',*,*,#2846,.T.);
#1127=ORIENTED_EDGE('',*,*,#2847,.T.);
#1128=ORIENTED_EDGE('',*,*,#2848,.T.);
#1129=ORIENTED_EDGE('',*,*,#2849,.T.);
#1130=ORIENTED_EDGE('',*,*,#2850,.T.);
#1131=ORIENTED_EDGE('',*,*,#2851,.T.);
#1132=ORIENTED_EDGE('',*,*,#2852,.T.);
#1133=ORIENTED_EDGE('',*,*,#2853,.T.);
#1134=ORIENTED_EDGE('',*,*,#2854,.T.);
#1135=ORIENTED_EDGE('',*,*,#2855,.T.);
#1136=ORIENTED_EDGE('',*,*,#2856,.F.);
#1137=ORIENTED_EDGE('',*,*,#2857,.T.);
#1138=ORIENTED_EDGE('',*,*,#2858,.F.);
#1139=ORIENTED_EDGE('',*,*,#2859,.T.);
#1140=ORIENTED_EDGE('',*,*,#2860,.T.);
#1141=ORIENTED_EDGE('',*,*,#2861,.T.);
#1142=ORIENTED_EDGE('',*,*,#2862,.T.);
#1143=ORIENTED_EDGE('',*,*,#2772,.F.);
#1144=ORIENTED_EDGE('',*,*,#2650,.T.);
#1145=ORIENTED_EDGE('',*,*,#2863,.T.);
#1146=ORIENTED_EDGE('',*,*,#2864,.T.);
#1147=ORIENTED_EDGE('',*,*,#2865,.F.);
#1148=ORIENTED_EDGE('',*,*,#2866,.F.);
#1149=ORIENTED_EDGE('',*,*,#2867,.F.);
#1150=ORIENTED_EDGE('',*,*,#2868,.T.);
#1151=ORIENTED_EDGE('',*,*,#2539,.T.);
#1152=ORIENTED_EDGE('',*,*,#2869,.T.);
#1153=ORIENTED_EDGE('',*,*,#2861,.F.);
#1154=ORIENTED_EDGE('',*,*,#2649,.T.);
#1155=ORIENTED_EDGE('',*,*,#2766,.T.);
#1156=ORIENTED_EDGE('',*,*,#2870,.T.);
#1157=ORIENTED_EDGE('',*,*,#2769,.F.);
#1158=ORIENTED_EDGE('',*,*,#2871,.T.);
#1159=ORIENTED_EDGE('',*,*,#2863,.F.);
#1160=ORIENTED_EDGE('',*,*,#2872,.T.);
#1161=ORIENTED_EDGE('',*,*,#2795,.F.);
#1162=ORIENTED_EDGE('',*,*,#2873,.T.);
#1163=ORIENTED_EDGE('',*,*,#2874,.T.);
#1164=ORIENTED_EDGE('',*,*,#2594,.T.);
#1165=ORIENTED_EDGE('',*,*,#2875,.T.);
#1166=ORIENTED_EDGE('',*,*,#2876,.T.);
#1167=ORIENTED_EDGE('',*,*,#2781,.F.);
#1168=ORIENTED_EDGE('',*,*,#2877,.F.);
#1169=ORIENTED_EDGE('',*,*,#2878,.F.);
#1170=ORIENTED_EDGE('',*,*,#2879,.F.);
#1171=ORIENTED_EDGE('',*,*,#2577,.T.);
#1172=ORIENTED_EDGE('',*,*,#2880,.T.);
#1173=ORIENTED_EDGE('',*,*,#2792,.F.);
#1174=ORIENTED_EDGE('',*,*,#2881,.T.);
#1175=ORIENTED_EDGE('',*,*,#2615,.T.);
#1176=ORIENTED_EDGE('',*,*,#2882,.T.);
#1177=ORIENTED_EDGE('',*,*,#2883,.T.);
#1178=ORIENTED_EDGE('',*,*,#2589,.T.);
#1179=ORIENTED_EDGE('',*,*,#2884,.T.);
#1180=ORIENTED_EDGE('',*,*,#2800,.F.);
#1181=ORIENTED_EDGE('',*,*,#2885,.T.);
#1182=ORIENTED_EDGE('',*,*,#2886,.T.);
#1183=ORIENTED_EDGE('',*,*,#2887,.T.);
#1184=ORIENTED_EDGE('',*,*,#2888,.T.);
#1185=ORIENTED_EDGE('',*,*,#2592,.T.);
#1186=ORIENTED_EDGE('',*,*,#2793,.F.);
#1187=ORIENTED_EDGE('',*,*,#2880,.F.);
#1188=ORIENTED_EDGE('',*,*,#2621,.F.);
#1189=ORIENTED_EDGE('',*,*,#2596,.T.);
#1190=ORIENTED_EDGE('',*,*,#2889,.T.);
#1191=ORIENTED_EDGE('',*,*,#2890,.F.);
#1192=ORIENTED_EDGE('',*,*,#2794,.F.);
#1193=ORIENTED_EDGE('',*,*,#2890,.T.);
#1194=ORIENTED_EDGE('',*,*,#2891,.T.);
#1195=ORIENTED_EDGE('',*,*,#2873,.F.);
#1196=ORIENTED_EDGE('',*,*,#2587,.T.);
#1197=ORIENTED_EDGE('',*,*,#2892,.T.);
#1198=ORIENTED_EDGE('',*,*,#2893,.T.);
#1199=ORIENTED_EDGE('',*,*,#2894,.T.);
#1200=ORIENTED_EDGE('',*,*,#2585,.T.);
#1201=ORIENTED_EDGE('',*,*,#2895,.T.);
#1202=ORIENTED_EDGE('',*,*,#2896,.F.);
#1203=ORIENTED_EDGE('',*,*,#2897,.T.);
#1204=ORIENTED_EDGE('',*,*,#2898,.T.);
#1205=ORIENTED_EDGE('',*,*,#2899,.T.);
#1206=ORIENTED_EDGE('',*,*,#2900,.T.);
#1207=ORIENTED_EDGE('',*,*,#2901,.F.);
#1208=ORIENTED_EDGE('',*,*,#2902,.T.);
#1209=ORIENTED_EDGE('',*,*,#2903,.T.);
#1210=ORIENTED_EDGE('',*,*,#2904,.F.);
#1211=ORIENTED_EDGE('',*,*,#2905,.F.);
#1212=ORIENTED_EDGE('',*,*,#2893,.F.);
#1213=ORIENTED_EDGE('',*,*,#2906,.T.);
#1214=ORIENTED_EDGE('',*,*,#2899,.F.);
#1215=ORIENTED_EDGE('',*,*,#2907,.F.);
#1216=ORIENTED_EDGE('',*,*,#2908,.T.);
#1217=ORIENTED_EDGE('',*,*,#2901,.T.);
#1218=ORIENTED_EDGE('',*,*,#2909,.F.);
#1219=ORIENTED_EDGE('',*,*,#2910,.F.);
#1220=ORIENTED_EDGE('',*,*,#2882,.F.);
#1221=ORIENTED_EDGE('',*,*,#2911,.T.);
#1222=ORIENTED_EDGE('',*,*,#2912,.F.);
#1223=ORIENTED_EDGE('',*,*,#2913,.T.);
#1224=ORIENTED_EDGE('',*,*,#2907,.T.);
#1225=ORIENTED_EDGE('',*,*,#2898,.F.);
#1226=ORIENTED_EDGE('',*,*,#2914,.F.);
#1227=ORIENTED_EDGE('',*,*,#2801,.F.);
#1228=ORIENTED_EDGE('',*,*,#2886,.F.);
#1229=ORIENTED_EDGE('',*,*,#2903,.F.);
#1230=ORIENTED_EDGE('',*,*,#2915,.F.);
#1231=ORIENTED_EDGE('',*,*,#2897,.F.);
#1232=ORIENTED_EDGE('',*,*,#2916,.F.);
#1233=ORIENTED_EDGE('',*,*,#2917,.T.);
#1234=ORIENTED_EDGE('',*,*,#2914,.T.);
#1235=ORIENTED_EDGE('',*,*,#2804,.T.);
#1236=ORIENTED_EDGE('',*,*,#2918,.T.);
#1237=ORIENTED_EDGE('',*,*,#2912,.T.);
#1238=ORIENTED_EDGE('',*,*,#2917,.F.);
#1239=ORIENTED_EDGE('',*,*,#2919,.F.);
#1240=ORIENTED_EDGE('',*,*,#2920,.T.);
#1241=ORIENTED_EDGE('',*,*,#2902,.F.);
#1242=ORIENTED_EDGE('',*,*,#2921,.T.);
#1243=ORIENTED_EDGE('',*,*,#2802,.T.);
#1244=ORIENTED_EDGE('',*,*,#2915,.T.);
#1245=ORIENTED_EDGE('',*,*,#2908,.F.);
#1246=ORIENTED_EDGE('',*,*,#2913,.F.);
#1247=ORIENTED_EDGE('',*,*,#2918,.F.);
#1248=ORIENTED_EDGE('',*,*,#2803,.T.);
#1249=ORIENTED_EDGE('',*,*,#2921,.F.);
#1250=ORIENTED_EDGE('',*,*,#2922,.T.);
#1251=ORIENTED_EDGE('',*,*,#2923,.T.);
#1252=ORIENTED_EDGE('',*,*,#2919,.T.);
#1253=ORIENTED_EDGE('',*,*,#2916,.T.);
#1254=ORIENTED_EDGE('',*,*,#2896,.T.);
#1255=ORIENTED_EDGE('',*,*,#2924,.T.);
#1256=ORIENTED_EDGE('',*,*,#2544,.F.);
#1257=ORIENTED_EDGE('',*,*,#2925,.T.);
#1258=ORIENTED_EDGE('',*,*,#2926,.T.);
#1259=ORIENTED_EDGE('',*,*,#2927,.T.);
#1260=ORIENTED_EDGE('',*,*,#2797,.F.);
#1261=ORIENTED_EDGE('',*,*,#2928,.F.);
#1262=ORIENTED_EDGE('',*,*,#2929,.T.);
#1263=ORIENTED_EDGE('',*,*,#2910,.T.);
#1264=ORIENTED_EDGE('',*,*,#2909,.T.);
#1265=ORIENTED_EDGE('',*,*,#2905,.T.);
#1266=ORIENTED_EDGE('',*,*,#2904,.T.);
#1267=ORIENTED_EDGE('',*,*,#2885,.F.);
#1268=ORIENTED_EDGE('',*,*,#2799,.T.);
#1269=ORIENTED_EDGE('',*,*,#2930,.T.);
#1270=ORIENTED_EDGE('',*,*,#2931,.T.);
#1271=ORIENTED_EDGE('',*,*,#2928,.T.);
#1272=ORIENTED_EDGE('',*,*,#2798,.F.);
#1273=ORIENTED_EDGE('',*,*,#2927,.F.);
#1274=ORIENTED_EDGE('',*,*,#2796,.F.);
#1275=ORIENTED_EDGE('',*,*,#2876,.F.);
#1276=ORIENTED_EDGE('',*,*,#2932,.F.);
#1277=ORIENTED_EDGE('',*,*,#2925,.F.);
#1278=ORIENTED_EDGE('',*,*,#2930,.F.);
#1279=ORIENTED_EDGE('',*,*,#2926,.F.);
#1280=ORIENTED_EDGE('',*,*,#2933,.F.);
#1281=ORIENTED_EDGE('',*,*,#2887,.F.);
#1282=ORIENTED_EDGE('',*,*,#2591,.F.);
#1283=ORIENTED_EDGE('',*,*,#2934,.T.);
#1284=ORIENTED_EDGE('',*,*,#2933,.T.);
#1285=ORIENTED_EDGE('',*,*,#2932,.T.);
#1286=ORIENTED_EDGE('',*,*,#2935,.F.);
#1287=ORIENTED_EDGE('',*,*,#2935,.T.);
#1288=ORIENTED_EDGE('',*,*,#2875,.F.);
#1289=ORIENTED_EDGE('',*,*,#2593,.F.);
#1290=ORIENTED_EDGE('',*,*,#2888,.F.);
#1291=ORIENTED_EDGE('',*,*,#2590,.F.);
#1292=ORIENTED_EDGE('',*,*,#2883,.F.);
#1293=ORIENTED_EDGE('',*,*,#2929,.F.);
#1294=ORIENTED_EDGE('',*,*,#2931,.F.);
#1295=ORIENTED_EDGE('',*,*,#2934,.F.);
#1296=ORIENTED_EDGE('',*,*,#2911,.F.);
#1297=ORIENTED_EDGE('',*,*,#2884,.F.);
#1298=ORIENTED_EDGE('',*,*,#2588,.F.);
#1299=ORIENTED_EDGE('',*,*,#2894,.F.);
#1300=ORIENTED_EDGE('',*,*,#2586,.F.);
#1301=ORIENTED_EDGE('',*,*,#2900,.F.);
#1302=ORIENTED_EDGE('',*,*,#2906,.F.);
#1303=ORIENTED_EDGE('',*,*,#2892,.F.);
#1304=ORIENTED_EDGE('',*,*,#2924,.F.);
#1305=ORIENTED_EDGE('',*,*,#2895,.F.);
#1306=ORIENTED_EDGE('',*,*,#2584,.F.);
#1307=ORIENTED_EDGE('',*,*,#2545,.F.);
#1308=ORIENTED_EDGE('',*,*,#2889,.F.);
#1309=ORIENTED_EDGE('',*,*,#2595,.F.);
#1310=ORIENTED_EDGE('',*,*,#2874,.F.);
#1311=ORIENTED_EDGE('',*,*,#2891,.F.);
#1312=ORIENTED_EDGE('',*,*,#2936,.F.);
#1313=ORIENTED_EDGE('',*,*,#2571,.T.);
#1314=ORIENTED_EDGE('',*,*,#2937,.T.);
#1315=ORIENTED_EDGE('',*,*,#2620,.F.);
#1316=ORIENTED_EDGE('',*,*,#2938,.F.);
#1317=ORIENTED_EDGE('',*,*,#2789,.T.);
#1318=ORIENTED_EDGE('',*,*,#2939,.F.);
#1319=ORIENTED_EDGE('',*,*,#2940,.F.);
#1320=ORIENTED_EDGE('',*,*,#2609,.F.);
#1321=ORIENTED_EDGE('',*,*,#2941,.F.);
#1322=ORIENTED_EDGE('',*,*,#2786,.F.);
#1323=ORIENTED_EDGE('',*,*,#2942,.F.);
#1324=ORIENTED_EDGE('',*,*,#2943,.F.);
#1325=ORIENTED_EDGE('',*,*,#2604,.F.);
#1326=ORIENTED_EDGE('',*,*,#2944,.F.);
#1327=ORIENTED_EDGE('',*,*,#2945,.F.);
#1328=ORIENTED_EDGE('',*,*,#2946,.F.);
#1329=ORIENTED_EDGE('',*,*,#2606,.F.);
#1330=ORIENTED_EDGE('',*,*,#2947,.F.);
#1331=ORIENTED_EDGE('',*,*,#2788,.F.);
#1332=ORIENTED_EDGE('',*,*,#2948,.T.);
#1333=ORIENTED_EDGE('',*,*,#2949,.F.);
#1334=ORIENTED_EDGE('',*,*,#2602,.F.);
#1335=ORIENTED_EDGE('',*,*,#2950,.T.);
#1336=ORIENTED_EDGE('',*,*,#2936,.T.);
#1337=ORIENTED_EDGE('',*,*,#2787,.F.);
#1338=ORIENTED_EDGE('',*,*,#2945,.T.);
#1339=ORIENTED_EDGE('',*,*,#2951,.F.);
#1340=ORIENTED_EDGE('',*,*,#2948,.F.);
#1341=ORIENTED_EDGE('',*,*,#2611,.F.);
#1342=ORIENTED_EDGE('',*,*,#2952,.F.);
#1343=ORIENTED_EDGE('',*,*,#2953,.F.);
#1344=ORIENTED_EDGE('',*,*,#2954,.F.);
#1345=ORIENTED_EDGE('',*,*,#2613,.F.);
#1346=ORIENTED_EDGE('',*,*,#2955,.F.);
#1347=ORIENTED_EDGE('',*,*,#2956,.F.);
#1348=ORIENTED_EDGE('',*,*,#2957,.F.);
#1349=ORIENTED_EDGE('',*,*,#2958,.F.);
#1350=ORIENTED_EDGE('',*,*,#2959,.T.);
#1351=ORIENTED_EDGE('',*,*,#2960,.F.);
#1352=ORIENTED_EDGE('',*,*,#2961,.F.);
#1353=ORIENTED_EDGE('',*,*,#2962,.T.);
#1354=ORIENTED_EDGE('',*,*,#2580,.T.);
#1355=ORIENTED_EDGE('',*,*,#2963,.F.);
#1356=ORIENTED_EDGE('',*,*,#2964,.F.);
#1357=ORIENTED_EDGE('',*,*,#2965,.F.);
#1358=ORIENTED_EDGE('',*,*,#2966,.F.);
#1359=ORIENTED_EDGE('',*,*,#2967,.F.);
#1360=ORIENTED_EDGE('',*,*,#2968,.F.);
#1361=ORIENTED_EDGE('',*,*,#2953,.T.);
#1362=ORIENTED_EDGE('',*,*,#2969,.F.);
#1363=ORIENTED_EDGE('',*,*,#2939,.T.);
#1364=ORIENTED_EDGE('',*,*,#2970,.F.);
#1365=ORIENTED_EDGE('',*,*,#2971,.F.);
#1366=ORIENTED_EDGE('',*,*,#2964,.T.);
#1367=ORIENTED_EDGE('',*,*,#2972,.F.);
#1368=ORIENTED_EDGE('',*,*,#2973,.T.);
#1369=ORIENTED_EDGE('',*,*,#2956,.T.);
#1370=ORIENTED_EDGE('',*,*,#2974,.F.);
#1371=ORIENTED_EDGE('',*,*,#2975,.T.);
#1372=ORIENTED_EDGE('',*,*,#2976,.T.);
#1373=ORIENTED_EDGE('',*,*,#2957,.T.);
#1374=ORIENTED_EDGE('',*,*,#2973,.F.);
#1375=ORIENTED_EDGE('',*,*,#2977,.F.);
#1376=ORIENTED_EDGE('',*,*,#2780,.F.);
#1377=ORIENTED_EDGE('',*,*,#2978,.T.);
#1378=ORIENTED_EDGE('',*,*,#2967,.T.);
#1379=ORIENTED_EDGE('',*,*,#2877,.T.);
#1380=ORIENTED_EDGE('',*,*,#2958,.T.);
#1381=ORIENTED_EDGE('',*,*,#2976,.F.);
#1382=ORIENTED_EDGE('',*,*,#2979,.F.);
#1383=ORIENTED_EDGE('',*,*,#2980,.T.);
#1384=ORIENTED_EDGE('',*,*,#2777,.F.);
#1385=ORIENTED_EDGE('',*,*,#2981,.T.);
#1386=ORIENTED_EDGE('',*,*,#2982,.T.);
#1387=ORIENTED_EDGE('',*,*,#2979,.T.);
#1388=ORIENTED_EDGE('',*,*,#2975,.F.);
#1389=ORIENTED_EDGE('',*,*,#2983,.F.);
#1390=ORIENTED_EDGE('',*,*,#2968,.T.);
#1391=ORIENTED_EDGE('',*,*,#2978,.F.);
#1392=ORIENTED_EDGE('',*,*,#2779,.F.);
#1393=ORIENTED_EDGE('',*,*,#2984,.F.);
#1394=ORIENTED_EDGE('',*,*,#2972,.T.);
#1395=ORIENTED_EDGE('',*,*,#2984,.T.);
#1396=ORIENTED_EDGE('',*,*,#2778,.F.);
#1397=ORIENTED_EDGE('',*,*,#2983,.T.);
#1398=ORIENTED_EDGE('',*,*,#2977,.T.);
#1399=ORIENTED_EDGE('',*,*,#2982,.F.);
#1400=ORIENTED_EDGE('',*,*,#2985,.T.);
#1401=ORIENTED_EDGE('',*,*,#2986,.T.);
#1402=ORIENTED_EDGE('',*,*,#2961,.T.);
#1403=ORIENTED_EDGE('',*,*,#2987,.F.);
#1404=ORIENTED_EDGE('',*,*,#2959,.F.);
#1405=ORIENTED_EDGE('',*,*,#2980,.F.);
#1406=ORIENTED_EDGE('',*,*,#2988,.F.);
#1407=ORIENTED_EDGE('',*,*,#2784,.T.);
#1408=ORIENTED_EDGE('',*,*,#2989,.F.);
#1409=ORIENTED_EDGE('',*,*,#2990,.F.);
#1410=ORIENTED_EDGE('',*,*,#2991,.T.);
#1411=ORIENTED_EDGE('',*,*,#2782,.F.);
#1412=ORIENTED_EDGE('',*,*,#2878,.T.);
#1413=ORIENTED_EDGE('',*,*,#2966,.T.);
#1414=ORIENTED_EDGE('',*,*,#2965,.T.);
#1415=ORIENTED_EDGE('',*,*,#2971,.T.);
#1416=ORIENTED_EDGE('',*,*,#2970,.T.);
#1417=ORIENTED_EDGE('',*,*,#2992,.F.);
#1418=ORIENTED_EDGE('',*,*,#2993,.F.);
#1419=ORIENTED_EDGE('',*,*,#2989,.T.);
#1420=ORIENTED_EDGE('',*,*,#2783,.T.);
#1421=ORIENTED_EDGE('',*,*,#2991,.F.);
#1422=ORIENTED_EDGE('',*,*,#2994,.F.);
#1423=ORIENTED_EDGE('',*,*,#2785,.T.);
#1424=ORIENTED_EDGE('',*,*,#2988,.T.);
#1425=ORIENTED_EDGE('',*,*,#2995,.T.);
#1426=ORIENTED_EDGE('',*,*,#2942,.T.);
#1427=ORIENTED_EDGE('',*,*,#2993,.T.);
#1428=ORIENTED_EDGE('',*,*,#2996,.F.);
#1429=ORIENTED_EDGE('',*,*,#2607,.T.);
#1430=ORIENTED_EDGE('',*,*,#2946,.T.);
#1431=ORIENTED_EDGE('',*,*,#2997,.T.);
#1432=ORIENTED_EDGE('',*,*,#2990,.T.);
#1433=ORIENTED_EDGE('',*,*,#2997,.F.);
#1434=ORIENTED_EDGE('',*,*,#2998,.T.);
#1435=ORIENTED_EDGE('',*,*,#2995,.F.);
#1436=ORIENTED_EDGE('',*,*,#2998,.F.);
#1437=ORIENTED_EDGE('',*,*,#2947,.T.);
#1438=ORIENTED_EDGE('',*,*,#2605,.T.);
#1439=ORIENTED_EDGE('',*,*,#2943,.T.);
#1440=ORIENTED_EDGE('',*,*,#2608,.T.);
#1441=ORIENTED_EDGE('',*,*,#2996,.T.);
#1442=ORIENTED_EDGE('',*,*,#2994,.T.);
#1443=ORIENTED_EDGE('',*,*,#2992,.T.);
#1444=ORIENTED_EDGE('',*,*,#2941,.T.);
#1445=ORIENTED_EDGE('',*,*,#2969,.T.);
#1446=ORIENTED_EDGE('',*,*,#2952,.T.);
#1447=ORIENTED_EDGE('',*,*,#2610,.T.);
#1448=ORIENTED_EDGE('',*,*,#2940,.T.);
#1449=ORIENTED_EDGE('',*,*,#2612,.T.);
#1450=ORIENTED_EDGE('',*,*,#2954,.T.);
#1451=ORIENTED_EDGE('',*,*,#2974,.T.);
#1452=ORIENTED_EDGE('',*,*,#2955,.T.);
#1453=ORIENTED_EDGE('',*,*,#2987,.T.);
#1454=ORIENTED_EDGE('',*,*,#2963,.T.);
#1455=ORIENTED_EDGE('',*,*,#2614,.T.);
#1456=ORIENTED_EDGE('',*,*,#2960,.T.);
#1457=ORIENTED_EDGE('',*,*,#2949,.T.);
#1458=ORIENTED_EDGE('',*,*,#2951,.T.);
#1459=ORIENTED_EDGE('',*,*,#2944,.T.);
#1460=ORIENTED_EDGE('',*,*,#2603,.T.);
#1461=ORIENTED_EDGE('',*,*,#2881,.F.);
#1462=ORIENTED_EDGE('',*,*,#2791,.T.);
#1463=ORIENTED_EDGE('',*,*,#2624,.T.);
#1464=ORIENTED_EDGE('',*,*,#2555,.T.);
#1465=ORIENTED_EDGE('',*,*,#2616,.F.);
#1466=ORIENTED_EDGE('',*,*,#2623,.F.);
#1467=ORIENTED_EDGE('',*,*,#2790,.T.);
#1468=ORIENTED_EDGE('',*,*,#2938,.T.);
#1469=ORIENTED_EDGE('',*,*,#2619,.F.);
#1470=ORIENTED_EDGE('',*,*,#2552,.F.);
#1471=ORIENTED_EDGE('',*,*,#2950,.F.);
#1472=ORIENTED_EDGE('',*,*,#2601,.F.);
#1473=ORIENTED_EDGE('',*,*,#2622,.F.);
#1474=ORIENTED_EDGE('',*,*,#2572,.T.);
#1475=ORIENTED_EDGE('',*,*,#2618,.F.);
#1476=ORIENTED_EDGE('',*,*,#2937,.F.);
#1477=ORIENTED_EDGE('',*,*,#2570,.T.);
#1478=ORIENTED_EDGE('',*,*,#2554,.T.);
#1479=ORIENTED_EDGE('',*,*,#2617,.F.);
#1480=ORIENTED_EDGE('',*,*,#2557,.F.);
#1481=ORIENTED_EDGE('',*,*,#2578,.T.);
#1482=ORIENTED_EDGE('',*,*,#2879,.T.);
#1483=ORIENTED_EDGE('',*,*,#2744,.F.);
#1484=ORIENTED_EDGE('',*,*,#2999,.T.);
#1485=ORIENTED_EDGE('',*,*,#2738,.F.);
#1486=ORIENTED_EDGE('',*,*,#3000,.T.);
#1487=ORIENTED_EDGE('',*,*,#2740,.F.);
#1488=ORIENTED_EDGE('',*,*,#3001,.T.);
#1489=ORIENTED_EDGE('',*,*,#2734,.F.);
#1490=ORIENTED_EDGE('',*,*,#3002,.T.);
#1491=ORIENTED_EDGE('',*,*,#2732,.F.);
#1492=ORIENTED_EDGE('',*,*,#3003,.T.);
#1493=ORIENTED_EDGE('',*,*,#2726,.F.);
#1494=ORIENTED_EDGE('',*,*,#3004,.T.);
#1495=ORIENTED_EDGE('',*,*,#2736,.F.);
#1496=ORIENTED_EDGE('',*,*,#3005,.T.);
#1497=ORIENTED_EDGE('',*,*,#2730,.F.);
#1498=ORIENTED_EDGE('',*,*,#3006,.T.);
#1499=ORIENTED_EDGE('',*,*,#3007,.F.);
#1500=ORIENTED_EDGE('',*,*,#3000,.F.);
#1501=ORIENTED_EDGE('',*,*,#3008,.T.);
#1502=ORIENTED_EDGE('',*,*,#2754,.F.);
#1503=ORIENTED_EDGE('',*,*,#2637,.F.);
#1504=ORIENTED_EDGE('',*,*,#2719,.F.);
#1505=ORIENTED_EDGE('',*,*,#3009,.F.);
#1506=ORIENTED_EDGE('',*,*,#3010,.F.);
#1507=ORIENTED_EDGE('',*,*,#3009,.T.);
#1508=ORIENTED_EDGE('',*,*,#2718,.F.);
#1509=ORIENTED_EDGE('',*,*,#3011,.F.);
#1510=ORIENTED_EDGE('',*,*,#2743,.F.);
#1511=ORIENTED_EDGE('',*,*,#3008,.F.);
#1512=ORIENTED_EDGE('',*,*,#2741,.F.);
#1513=ORIENTED_EDGE('',*,*,#3012,.T.);
#1514=ORIENTED_EDGE('',*,*,#2755,.F.);
#1515=ORIENTED_EDGE('',*,*,#3007,.T.);
#1516=ORIENTED_EDGE('',*,*,#2753,.F.);
#1517=ORIENTED_EDGE('',*,*,#3013,.F.);
#1518=ORIENTED_EDGE('',*,*,#2745,.F.);
#1519=ORIENTED_EDGE('',*,*,#3010,.T.);
#1520=ORIENTED_EDGE('',*,*,#2742,.F.);
#1521=ORIENTED_EDGE('',*,*,#3014,.F.);
#1522=ORIENTED_EDGE('',*,*,#2638,.F.);
#1523=ORIENTED_EDGE('',*,*,#3011,.T.);
#1524=ORIENTED_EDGE('',*,*,#2717,.F.);
#1525=ORIENTED_EDGE('',*,*,#3015,.F.);
#1526=ORIENTED_EDGE('',*,*,#2999,.F.);
#1527=ORIENTED_EDGE('',*,*,#3012,.F.);
#1528=ORIENTED_EDGE('',*,*,#3002,.F.);
#1529=ORIENTED_EDGE('',*,*,#3016,.T.);
#1530=ORIENTED_EDGE('',*,*,#3013,.T.);
#1531=ORIENTED_EDGE('',*,*,#2752,.T.);
#1532=ORIENTED_EDGE('',*,*,#3017,.F.);
#1533=ORIENTED_EDGE('',*,*,#3014,.T.);
#1534=ORIENTED_EDGE('',*,*,#3015,.T.);
#1535=ORIENTED_EDGE('',*,*,#2716,.F.);
#1536=ORIENTED_EDGE('',*,*,#3018,.F.);
#1537=ORIENTED_EDGE('',*,*,#2739,.F.);
#1538=ORIENTED_EDGE('',*,*,#3016,.F.);
#1539=ORIENTED_EDGE('',*,*,#2737,.F.);
#1540=ORIENTED_EDGE('',*,*,#3019,.F.);
#1541=ORIENTED_EDGE('',*,*,#2756,.F.);
#1542=ORIENTED_EDGE('',*,*,#3017,.T.);
#1543=ORIENTED_EDGE('',*,*,#2751,.F.);
#1544=ORIENTED_EDGE('',*,*,#3020,.F.);
#1545=ORIENTED_EDGE('',*,*,#2639,.F.);
#1546=ORIENTED_EDGE('',*,*,#3001,.F.);
#1547=ORIENTED_EDGE('',*,*,#3018,.T.);
#1548=ORIENTED_EDGE('',*,*,#3021,.F.);
#1549=ORIENTED_EDGE('',*,*,#3019,.T.);
#1550=ORIENTED_EDGE('',*,*,#3006,.F.);
#1551=ORIENTED_EDGE('',*,*,#3022,.F.);
#1552=ORIENTED_EDGE('',*,*,#3020,.T.);
#1553=ORIENTED_EDGE('',*,*,#2750,.F.);
#1554=ORIENTED_EDGE('',*,*,#3023,.F.);
#1555=ORIENTED_EDGE('',*,*,#2709,.F.);
#1556=ORIENTED_EDGE('',*,*,#3021,.T.);
#1557=ORIENTED_EDGE('',*,*,#2715,.F.);
#1558=ORIENTED_EDGE('',*,*,#3024,.F.);
#1559=ORIENTED_EDGE('',*,*,#2735,.F.);
#1560=ORIENTED_EDGE('',*,*,#3022,.T.);
#1561=ORIENTED_EDGE('',*,*,#2733,.F.);
#1562=ORIENTED_EDGE('',*,*,#3025,.F.);
#1563=ORIENTED_EDGE('',*,*,#2757,.F.);
#1564=ORIENTED_EDGE('',*,*,#3023,.T.);
#1565=ORIENTED_EDGE('',*,*,#2749,.F.);
#1566=ORIENTED_EDGE('',*,*,#3026,.T.);
#1567=ORIENTED_EDGE('',*,*,#2720,.F.);
#1568=ORIENTED_EDGE('',*,*,#3005,.F.);
#1569=ORIENTED_EDGE('',*,*,#3024,.T.);
#1570=ORIENTED_EDGE('',*,*,#3027,.F.);
#1571=ORIENTED_EDGE('',*,*,#3025,.T.);
#1572=ORIENTED_EDGE('',*,*,#3004,.F.);
#1573=ORIENTED_EDGE('',*,*,#3028,.F.);
#1574=ORIENTED_EDGE('',*,*,#3026,.F.);
#1575=ORIENTED_EDGE('',*,*,#2748,.F.);
#1576=ORIENTED_EDGE('',*,*,#3029,.T.);
#1577=ORIENTED_EDGE('',*,*,#2708,.F.);
#1578=ORIENTED_EDGE('',*,*,#3027,.T.);
#1579=ORIENTED_EDGE('',*,*,#2714,.F.);
#1580=ORIENTED_EDGE('',*,*,#3030,.F.);
#1581=ORIENTED_EDGE('',*,*,#2731,.F.);
#1582=ORIENTED_EDGE('',*,*,#3028,.T.);
#1583=ORIENTED_EDGE('',*,*,#2729,.F.);
#1584=ORIENTED_EDGE('',*,*,#3031,.F.);
#1585=ORIENTED_EDGE('',*,*,#2758,.F.);
#1586=ORIENTED_EDGE('',*,*,#3029,.F.);
#1587=ORIENTED_EDGE('',*,*,#2747,.F.);
#1588=ORIENTED_EDGE('',*,*,#3032,.F.);
#1589=ORIENTED_EDGE('',*,*,#2633,.F.);
#1590=ORIENTED_EDGE('',*,*,#3003,.F.);
#1591=ORIENTED_EDGE('',*,*,#3030,.T.);
#1592=ORIENTED_EDGE('',*,*,#3033,.F.);
#1593=ORIENTED_EDGE('',*,*,#2746,.T.);
#1594=ORIENTED_EDGE('',*,*,#3031,.T.);
#1595=ORIENTED_EDGE('',*,*,#3034,.F.);
#1596=ORIENTED_EDGE('',*,*,#3032,.T.);
#1597=ORIENTED_EDGE('',*,*,#3033,.T.);
#1598=ORIENTED_EDGE('',*,*,#2713,.F.);
#1599=ORIENTED_EDGE('',*,*,#3035,.F.);
#1600=ORIENTED_EDGE('',*,*,#2727,.F.);
#1601=ORIENTED_EDGE('',*,*,#3034,.T.);
#1602=ORIENTED_EDGE('',*,*,#2728,.F.);
#1603=ORIENTED_EDGE('',*,*,#3036,.F.);
#1604=ORIENTED_EDGE('',*,*,#2634,.F.);
#1605=ORIENTED_EDGE('',*,*,#2712,.F.);
#1606=ORIENTED_EDGE('',*,*,#2635,.F.);
#1607=ORIENTED_EDGE('',*,*,#3036,.T.);
#1608=ORIENTED_EDGE('',*,*,#3035,.T.);
#1609=ORIENTED_EDGE('',*,*,#3037,.T.);
#1610=ORIENTED_EDGE('',*,*,#2851,.F.);
#1611=ORIENTED_EDGE('',*,*,#3038,.F.);
#1612=ORIENTED_EDGE('',*,*,#2665,.F.);
#1613=ORIENTED_EDGE('',*,*,#3038,.T.);
#1614=ORIENTED_EDGE('',*,*,#2850,.F.);
#1615=ORIENTED_EDGE('',*,*,#3039,.F.);
#1616=ORIENTED_EDGE('',*,*,#2821,.F.);
#1617=ORIENTED_EDGE('',*,*,#3037,.F.);
#1618=ORIENTED_EDGE('',*,*,#2824,.F.);
#1619=ORIENTED_EDGE('',*,*,#3040,.T.);
#1620=ORIENTED_EDGE('',*,*,#2852,.F.);
#1621=ORIENTED_EDGE('',*,*,#3039,.T.);
#1622=ORIENTED_EDGE('',*,*,#2849,.F.);
#1623=ORIENTED_EDGE('',*,*,#3041,.F.);
#1624=ORIENTED_EDGE('',*,*,#2808,.F.);
#1625=ORIENTED_EDGE('',*,*,#3042,.T.);
#1626=ORIENTED_EDGE('',*,*,#3040,.F.);
#1627=ORIENTED_EDGE('',*,*,#3043,.T.);
#1628=ORIENTED_EDGE('',*,*,#3041,.T.);
#1629=ORIENTED_EDGE('',*,*,#2860,.F.);
#1630=ORIENTED_EDGE('',*,*,#3044,.F.);
#1631=ORIENTED_EDGE('',*,*,#2841,.F.);
#1632=ORIENTED_EDGE('',*,*,#2663,.F.);
#1633=ORIENTED_EDGE('',*,*,#2848,.F.);
#1634=ORIENTED_EDGE('',*,*,#3045,.F.);
#1635=ORIENTED_EDGE('',*,*,#2822,.F.);
#1636=ORIENTED_EDGE('',*,*,#3043,.F.);
#1637=ORIENTED_EDGE('',*,*,#2823,.F.);
#1638=ORIENTED_EDGE('',*,*,#3046,.T.);
#1639=ORIENTED_EDGE('',*,*,#2826,.F.);
#1640=ORIENTED_EDGE('',*,*,#3042,.F.);
#1641=ORIENTED_EDGE('',*,*,#2825,.F.);
#1642=ORIENTED_EDGE('',*,*,#3047,.T.);
#1643=ORIENTED_EDGE('',*,*,#2853,.F.);
#1644=ORIENTED_EDGE('',*,*,#3044,.T.);
#1645=ORIENTED_EDGE('',*,*,#2859,.F.);
#1646=ORIENTED_EDGE('',*,*,#3048,.T.);
#1647=ORIENTED_EDGE('',*,*,#2659,.F.);
#1648=ORIENTED_EDGE('',*,*,#3046,.F.);
#1649=ORIENTED_EDGE('',*,*,#3045,.T.);
#1650=ORIENTED_EDGE('',*,*,#3049,.T.);
#1651=ORIENTED_EDGE('',*,*,#3050,.T.);
#1652=ORIENTED_EDGE('',*,*,#3047,.F.);
#1653=ORIENTED_EDGE('',*,*,#3051,.T.);
#1654=ORIENTED_EDGE('',*,*,#3048,.F.);
#1655=ORIENTED_EDGE('',*,*,#2858,.T.);
#1656=ORIENTED_EDGE('',*,*,#3052,.T.);
#1657=ORIENTED_EDGE('',*,*,#3053,.T.);
#1658=ORIENTED_EDGE('',*,*,#3049,.F.);
#1659=ORIENTED_EDGE('',*,*,#2847,.F.);
#1660=ORIENTED_EDGE('',*,*,#3054,.T.);
#1661=ORIENTED_EDGE('',*,*,#2827,.F.);
#1662=ORIENTED_EDGE('',*,*,#3051,.F.);
#1663=ORIENTED_EDGE('',*,*,#2828,.F.);
#1664=ORIENTED_EDGE('',*,*,#3055,.T.);
#1665=ORIENTED_EDGE('',*,*,#2829,.F.);
#1666=ORIENTED_EDGE('',*,*,#3050,.F.);
#1667=ORIENTED_EDGE('',*,*,#2832,.F.);
#1668=ORIENTED_EDGE('',*,*,#3056,.T.);
#1669=ORIENTED_EDGE('',*,*,#2854,.F.);
#1670=ORIENTED_EDGE('',*,*,#3057,.F.);
#1671=ORIENTED_EDGE('',*,*,#2855,.F.);
#1672=ORIENTED_EDGE('',*,*,#3058,.T.);
#1673=ORIENTED_EDGE('',*,*,#2836,.F.);
#1674=ORIENTED_EDGE('',*,*,#3052,.F.);
#1675=ORIENTED_EDGE('',*,*,#2857,.F.);
#1676=ORIENTED_EDGE('',*,*,#3059,.T.);
#1677=ORIENTED_EDGE('',*,*,#2837,.F.);
#1678=ORIENTED_EDGE('',*,*,#3053,.F.);
#1679=ORIENTED_EDGE('',*,*,#2840,.F.);
#1680=ORIENTED_EDGE('',*,*,#3060,.T.);
#1681=ORIENTED_EDGE('',*,*,#2660,.F.);
#1682=ORIENTED_EDGE('',*,*,#3055,.F.);
#1683=ORIENTED_EDGE('',*,*,#3054,.F.);
#1684=ORIENTED_EDGE('',*,*,#3061,.T.);
#1685=ORIENTED_EDGE('',*,*,#3058,.F.);
#1686=ORIENTED_EDGE('',*,*,#3056,.F.);
#1687=ORIENTED_EDGE('',*,*,#3062,.T.);
#1688=ORIENTED_EDGE('',*,*,#2856,.T.);
#1689=ORIENTED_EDGE('',*,*,#3057,.T.);
#1690=ORIENTED_EDGE('',*,*,#3063,.T.);
#1691=ORIENTED_EDGE('',*,*,#3059,.F.);
#1692=ORIENTED_EDGE('',*,*,#2661,.F.);
#1693=ORIENTED_EDGE('',*,*,#3060,.F.);
#1694=ORIENTED_EDGE('',*,*,#3064,.T.);
#1695=ORIENTED_EDGE('',*,*,#2842,.F.);
#1696=ORIENTED_EDGE('',*,*,#3061,.F.);
#1697=ORIENTED_EDGE('',*,*,#2846,.F.);
#1698=ORIENTED_EDGE('',*,*,#3065,.T.);
#1699=ORIENTED_EDGE('',*,*,#2830,.F.);
#1700=ORIENTED_EDGE('',*,*,#3062,.F.);
#1701=ORIENTED_EDGE('',*,*,#2831,.F.);
#1702=ORIENTED_EDGE('',*,*,#3066,.T.);
#1703=ORIENTED_EDGE('',*,*,#2833,.F.);
#1704=ORIENTED_EDGE('',*,*,#3063,.F.);
#1705=ORIENTED_EDGE('',*,*,#2835,.F.);
#1706=ORIENTED_EDGE('',*,*,#3067,.T.);
#1707=ORIENTED_EDGE('',*,*,#2838,.F.);
#1708=ORIENTED_EDGE('',*,*,#3064,.F.);
#1709=ORIENTED_EDGE('',*,*,#2839,.F.);
#1710=ORIENTED_EDGE('',*,*,#3068,.T.);
#1711=ORIENTED_EDGE('',*,*,#2843,.F.);
#1712=ORIENTED_EDGE('',*,*,#3066,.F.);
#1713=ORIENTED_EDGE('',*,*,#3065,.F.);
#1714=ORIENTED_EDGE('',*,*,#3069,.F.);
#1715=ORIENTED_EDGE('',*,*,#3068,.F.);
#1716=ORIENTED_EDGE('',*,*,#3067,.F.);
#1717=ORIENTED_EDGE('',*,*,#3070,.T.);
#1718=ORIENTED_EDGE('',*,*,#2844,.T.);
#1719=ORIENTED_EDGE('',*,*,#3069,.T.);
#1720=ORIENTED_EDGE('',*,*,#2845,.F.);
#1721=ORIENTED_EDGE('',*,*,#3070,.F.);
#1722=ORIENTED_EDGE('',*,*,#2834,.F.);
#1723=ORIENTED_EDGE('',*,*,#2773,.F.);
#1724=ORIENTED_EDGE('',*,*,#2862,.F.);
#1725=ORIENTED_EDGE('',*,*,#2869,.F.);
#1726=ORIENTED_EDGE('',*,*,#2542,.F.);
#1727=ORIENTED_EDGE('',*,*,#2770,.F.);
#1728=ORIENTED_EDGE('',*,*,#2872,.F.);
#1729=ORIENTED_EDGE('',*,*,#2870,.F.);
#1730=ORIENTED_EDGE('',*,*,#2765,.F.);
#1731=ORIENTED_EDGE('',*,*,#2775,.T.);
#1732=ORIENTED_EDGE('',*,*,#3071,.T.);
#1733=ORIENTED_EDGE('',*,*,#2867,.T.);
#1734=ORIENTED_EDGE('',*,*,#3072,.F.);
#1735=ORIENTED_EDGE('',*,*,#2581,.T.);
#1736=ORIENTED_EDGE('',*,*,#2962,.F.);
#1737=ORIENTED_EDGE('',*,*,#2986,.F.);
#1738=ORIENTED_EDGE('',*,*,#3073,.T.);
#1739=ORIENTED_EDGE('',*,*,#2865,.T.);
#1740=ORIENTED_EDGE('',*,*,#3074,.T.);
#1741=ORIENTED_EDGE('',*,*,#2767,.T.);
#1742=ORIENTED_EDGE('',*,*,#3075,.T.);
#1743=ORIENTED_EDGE('',*,*,#2922,.F.);
#1744=ORIENTED_EDGE('',*,*,#2543,.T.);
#1745=ORIENTED_EDGE('',*,*,#2583,.T.);
#1746=ORIENTED_EDGE('',*,*,#3076,.T.);
#1747=ORIENTED_EDGE('',*,*,#2866,.T.);
#1748=ORIENTED_EDGE('',*,*,#3076,.F.);
#1749=ORIENTED_EDGE('',*,*,#2582,.T.);
#1750=ORIENTED_EDGE('',*,*,#3072,.T.);
#1751=ORIENTED_EDGE('',*,*,#3073,.F.);
#1752=ORIENTED_EDGE('',*,*,#2985,.F.);
#1753=ORIENTED_EDGE('',*,*,#2981,.F.);
#1754=ORIENTED_EDGE('',*,*,#2776,.F.);
#1755=ORIENTED_EDGE('',*,*,#3075,.F.);
#1756=ORIENTED_EDGE('',*,*,#2805,.F.);
#1757=ORIENTED_EDGE('',*,*,#2920,.F.);
#1758=ORIENTED_EDGE('',*,*,#2923,.F.);
#1759=ORIENTED_EDGE('',*,*,#2864,.F.);
#1760=ORIENTED_EDGE('',*,*,#2871,.F.);
#1761=ORIENTED_EDGE('',*,*,#2768,.F.);
#1762=ORIENTED_EDGE('',*,*,#3074,.F.);
#1763=ORIENTED_EDGE('',*,*,#2774,.F.);
#1764=ORIENTED_EDGE('',*,*,#2540,.F.);
#1765=ORIENTED_EDGE('',*,*,#2868,.F.);
#1766=ORIENTED_EDGE('',*,*,#3071,.F.);
#1767=ORIENTED_EDGE('',*,*,#2520,.F.);
#1768=ORIENTED_EDGE('',*,*,#2524,.T.);
#1769=ORIENTED_EDGE('',*,*,#2530,.F.);
#1770=ORIENTED_EDGE('',*,*,#2527,.F.);
#1771=ORIENTED_EDGE('',*,*,#2820,.F.);
#1772=ORIENTED_EDGE('',*,*,#2806,.F.);
#1773=ORIENTED_EDGE('',*,*,#2685,.F.);
#1774=ORIENTED_EDGE('',*,*,#2683,.F.);
#1775=ORIENTED_EDGE('',*,*,#2690,.F.);
#1776=ORIENTED_EDGE('',*,*,#2630,.F.);
#1777=ORIENTED_EDGE('',*,*,#3077,.F.);
#1778=ORIENTED_EDGE('',*,*,#3078,.F.);
#1779=ORIENTED_EDGE('',*,*,#3079,.T.);
#1780=ORIENTED_EDGE('',*,*,#3080,.T.);
#1781=ORIENTED_EDGE('',*,*,#3081,.F.);
#1782=ORIENTED_EDGE('',*,*,#3082,.F.);
#1783=ORIENTED_EDGE('',*,*,#3083,.T.);
#1784=ORIENTED_EDGE('',*,*,#3084,.T.);
#1785=ORIENTED_EDGE('',*,*,#3085,.T.);
#1786=ORIENTED_EDGE('',*,*,#3081,.T.);
#1787=ORIENTED_EDGE('',*,*,#3086,.F.);
#1788=ORIENTED_EDGE('',*,*,#3087,.T.);
#1789=ORIENTED_EDGE('',*,*,#3088,.F.);
#1790=ORIENTED_EDGE('',*,*,#3077,.T.);
#1791=ORIENTED_EDGE('',*,*,#3089,.T.);
#1792=ORIENTED_EDGE('',*,*,#3090,.F.);
#1793=ORIENTED_EDGE('',*,*,#3091,.T.);
#1794=ORIENTED_EDGE('',*,*,#3092,.F.);
#1795=ORIENTED_EDGE('',*,*,#3093,.F.);
#1796=ORIENTED_EDGE('',*,*,#3094,.T.);
#1797=ORIENTED_EDGE('',*,*,#3095,.T.);
#1798=ORIENTED_EDGE('',*,*,#3096,.F.);
#1799=ORIENTED_EDGE('',*,*,#3097,.F.);
#1800=ORIENTED_EDGE('',*,*,#3098,.T.);
#1801=ORIENTED_EDGE('',*,*,#3099,.T.);
#1802=ORIENTED_EDGE('',*,*,#3097,.T.);
#1803=ORIENTED_EDGE('',*,*,#3100,.F.);
#1804=ORIENTED_EDGE('',*,*,#3093,.T.);
#1805=ORIENTED_EDGE('',*,*,#3095,.F.);
#1806=ORIENTED_EDGE('',*,*,#3101,.T.);
#1807=ORIENTED_EDGE('',*,*,#3102,.T.);
#1808=ORIENTED_EDGE('',*,*,#3103,.F.);
#1809=ORIENTED_EDGE('',*,*,#3104,.T.);
#1810=ORIENTED_EDGE('',*,*,#3105,.F.);
#1811=ORIENTED_EDGE('',*,*,#3106,.F.);
#1812=ORIENTED_EDGE('',*,*,#3107,.T.);
#1813=ORIENTED_EDGE('',*,*,#3108,.T.);
#1814=ORIENTED_EDGE('',*,*,#3109,.F.);
#1815=ORIENTED_EDGE('',*,*,#3108,.F.);
#1816=ORIENTED_EDGE('',*,*,#3110,.T.);
#1817=ORIENTED_EDGE('',*,*,#3111,.T.);
#1818=ORIENTED_EDGE('',*,*,#3112,.T.);
#1819=ORIENTED_EDGE('',*,*,#3113,.F.);
#1820=ORIENTED_EDGE('',*,*,#3114,.F.);
#1821=ORIENTED_EDGE('',*,*,#3115,.F.);
#1822=ORIENTED_EDGE('',*,*,#3116,.T.);
#1823=ORIENTED_EDGE('',*,*,#3117,.F.);
#1824=ORIENTED_EDGE('',*,*,#3118,.F.);
#1825=ORIENTED_EDGE('',*,*,#3119,.T.);
#1826=ORIENTED_EDGE('',*,*,#3113,.T.);
#1827=ORIENTED_EDGE('',*,*,#3091,.F.);
#1828=ORIENTED_EDGE('',*,*,#3120,.F.);
#1829=ORIENTED_EDGE('',*,*,#3121,.F.);
#1830=ORIENTED_EDGE('',*,*,#3122,.T.);
#1831=ORIENTED_EDGE('',*,*,#3123,.F.);
#1832=ORIENTED_EDGE('',*,*,#3124,.F.);
#1833=ORIENTED_EDGE('',*,*,#3125,.T.);
#1834=ORIENTED_EDGE('',*,*,#3126,.T.);
#1835=ORIENTED_EDGE('',*,*,#3127,.F.);
#1836=ORIENTED_EDGE('',*,*,#3128,.T.);
#1837=ORIENTED_EDGE('',*,*,#3120,.T.);
#1838=ORIENTED_EDGE('',*,*,#3094,.F.);
#1839=ORIENTED_EDGE('',*,*,#3100,.T.);
#1840=ORIENTED_EDGE('',*,*,#3096,.T.);
#1841=ORIENTED_EDGE('',*,*,#3103,.T.);
#1842=ORIENTED_EDGE('',*,*,#3129,.F.);
#1843=ORIENTED_EDGE('',*,*,#3128,.F.);
#1844=ORIENTED_EDGE('',*,*,#3130,.F.);
#1845=ORIENTED_EDGE('',*,*,#3131,.F.);
#1846=ORIENTED_EDGE('',*,*,#3121,.T.);
#1847=ORIENTED_EDGE('',*,*,#3132,.T.);
#1848=ORIENTED_EDGE('',*,*,#3133,.F.);
#1849=ORIENTED_EDGE('',*,*,#3125,.F.);
#1850=ORIENTED_EDGE('',*,*,#3134,.T.);
#1851=ORIENTED_EDGE('',*,*,#3135,.F.);
#1852=ORIENTED_EDGE('',*,*,#3136,.F.);
#1853=ORIENTED_EDGE('',*,*,#3134,.F.);
#1854=ORIENTED_EDGE('',*,*,#3124,.T.);
#1855=ORIENTED_EDGE('',*,*,#3137,.T.);
#1856=ORIENTED_EDGE('',*,*,#3138,.T.);
#1857=ORIENTED_EDGE('',*,*,#3135,.T.);
#1858=ORIENTED_EDGE('',*,*,#3123,.T.);
#1859=ORIENTED_EDGE('',*,*,#3137,.F.);
#1860=ORIENTED_EDGE('',*,*,#3126,.F.);
#1861=ORIENTED_EDGE('',*,*,#3133,.T.);
#1862=ORIENTED_EDGE('',*,*,#3139,.T.);
#1863=ORIENTED_EDGE('',*,*,#3140,.F.);
#1864=ORIENTED_EDGE('',*,*,#3141,.T.);
#1865=ORIENTED_EDGE('',*,*,#3130,.T.);
#1866=ORIENTED_EDGE('',*,*,#3127,.T.);
#1867=ORIENTED_EDGE('',*,*,#3142,.F.);
#1868=ORIENTED_EDGE('',*,*,#3101,.F.);
#1869=ORIENTED_EDGE('',*,*,#3098,.F.);
#1870=ORIENTED_EDGE('',*,*,#3099,.F.);
#1871=ORIENTED_EDGE('',*,*,#3092,.T.);
#1872=ORIENTED_EDGE('',*,*,#3122,.F.);
#1873=ORIENTED_EDGE('',*,*,#3131,.T.);
#1874=ORIENTED_EDGE('',*,*,#3141,.F.);
#1875=ORIENTED_EDGE('',*,*,#3143,.F.);
#1876=ORIENTED_EDGE('',*,*,#3144,.T.);
#1877=ORIENTED_EDGE('',*,*,#3145,.T.);
#1878=ORIENTED_EDGE('',*,*,#3146,.T.);
#1879=ORIENTED_EDGE('',*,*,#3147,.T.);
#1880=ORIENTED_EDGE('',*,*,#3148,.T.);
#1881=ORIENTED_EDGE('',*,*,#3149,.T.);
#1882=ORIENTED_EDGE('',*,*,#3105,.T.);
#1883=ORIENTED_EDGE('',*,*,#3150,.T.);
#1884=ORIENTED_EDGE('',*,*,#3151,.T.);
#1885=ORIENTED_EDGE('',*,*,#3139,.F.);
#1886=ORIENTED_EDGE('',*,*,#3132,.F.);
#1887=ORIENTED_EDGE('',*,*,#3136,.T.);
#1888=ORIENTED_EDGE('',*,*,#3138,.F.);
#1889=ORIENTED_EDGE('',*,*,#3152,.T.);
#1890=ORIENTED_EDGE('',*,*,#3153,.T.);
#1891=ORIENTED_EDGE('',*,*,#3109,.T.);
#1892=ORIENTED_EDGE('',*,*,#3154,.F.);
#1893=ORIENTED_EDGE('',*,*,#3155,.T.);
#1894=ORIENTED_EDGE('',*,*,#3087,.F.);
#1895=ORIENTED_EDGE('',*,*,#3156,.T.);
#1896=ORIENTED_EDGE('',*,*,#3157,.T.);
#1897=ORIENTED_EDGE('',*,*,#3158,.T.);
#1898=ORIENTED_EDGE('',*,*,#3159,.T.);
#1899=ORIENTED_EDGE('',*,*,#3160,.T.);
#1900=ORIENTED_EDGE('',*,*,#3161,.T.);
#1901=ORIENTED_EDGE('',*,*,#3143,.T.);
#1902=ORIENTED_EDGE('',*,*,#3140,.T.);
#1903=ORIENTED_EDGE('',*,*,#3129,.T.);
#1904=ORIENTED_EDGE('',*,*,#3102,.F.);
#1905=ORIENTED_EDGE('',*,*,#3142,.T.);
#1906=ORIENTED_EDGE('',*,*,#3162,.F.);
#1907=ORIENTED_EDGE('',*,*,#3163,.F.);
#1908=ORIENTED_EDGE('',*,*,#3164,.F.);
#1909=ORIENTED_EDGE('',*,*,#3165,.F.);
#1910=ORIENTED_EDGE('',*,*,#3166,.F.);
#1911=ORIENTED_EDGE('',*,*,#3167,.F.);
#1912=ORIENTED_EDGE('',*,*,#3168,.T.);
#1913=ORIENTED_EDGE('',*,*,#3169,.T.);
#1914=ORIENTED_EDGE('',*,*,#3170,.T.);
#1915=ORIENTED_EDGE('',*,*,#3171,.F.);
#1916=ORIENTED_EDGE('',*,*,#3172,.F.);
#1917=ORIENTED_EDGE('',*,*,#3162,.T.);
#1918=ORIENTED_EDGE('',*,*,#3146,.F.);
#1919=ORIENTED_EDGE('',*,*,#3173,.F.);
#1920=ORIENTED_EDGE('',*,*,#3174,.T.);
#1921=ORIENTED_EDGE('',*,*,#3110,.F.);
#1922=ORIENTED_EDGE('',*,*,#3107,.F.);
#1923=ORIENTED_EDGE('',*,*,#3175,.T.);
#1924=ORIENTED_EDGE('',*,*,#3176,.T.);
#1925=ORIENTED_EDGE('',*,*,#3177,.T.);
#1926=ORIENTED_EDGE('',*,*,#3178,.F.);
#1927=ORIENTED_EDGE('',*,*,#3179,.T.);
#1928=ORIENTED_EDGE('',*,*,#3180,.F.);
#1929=ORIENTED_EDGE('',*,*,#3181,.T.);
#1930=ORIENTED_EDGE('',*,*,#3182,.T.);
#1931=ORIENTED_EDGE('',*,*,#3152,.F.);
#1932=ORIENTED_EDGE('',*,*,#3183,.T.);
#1933=ORIENTED_EDGE('',*,*,#3184,.T.);
#1934=ORIENTED_EDGE('',*,*,#3185,.F.);
#1935=ORIENTED_EDGE('',*,*,#3186,.F.);
#1936=ORIENTED_EDGE('',*,*,#3187,.F.);
#1937=ORIENTED_EDGE('',*,*,#3188,.F.);
#1938=ORIENTED_EDGE('',*,*,#3163,.T.);
#1939=ORIENTED_EDGE('',*,*,#3174,.F.);
#1940=ORIENTED_EDGE('',*,*,#3189,.F.);
#1941=ORIENTED_EDGE('',*,*,#3177,.F.);
#1942=ORIENTED_EDGE('',*,*,#3176,.F.);
#1943=ORIENTED_EDGE('',*,*,#3190,.T.);
#1944=ORIENTED_EDGE('',*,*,#3191,.T.);
#1945=ORIENTED_EDGE('',*,*,#3192,.F.);
#1946=ORIENTED_EDGE('',*,*,#3193,.T.);
#1947=ORIENTED_EDGE('',*,*,#3187,.T.);
#1948=ORIENTED_EDGE('',*,*,#3194,.T.);
#1949=ORIENTED_EDGE('',*,*,#3118,.T.);
#1950=ORIENTED_EDGE('',*,*,#3195,.T.);
#1951=ORIENTED_EDGE('',*,*,#3179,.F.);
#1952=ORIENTED_EDGE('',*,*,#3154,.T.);
#1953=ORIENTED_EDGE('',*,*,#3111,.F.);
#1954=ORIENTED_EDGE('',*,*,#3178,.T.);
#1955=ORIENTED_EDGE('',*,*,#3189,.T.);
#1956=ORIENTED_EDGE('',*,*,#3173,.T.);
#1957=ORIENTED_EDGE('',*,*,#3145,.F.);
#1958=ORIENTED_EDGE('',*,*,#3196,.T.);
#1959=ORIENTED_EDGE('',*,*,#3197,.T.);
#1960=ORIENTED_EDGE('',*,*,#3198,.F.);
#1961=ORIENTED_EDGE('',*,*,#3199,.T.);
#1962=ORIENTED_EDGE('',*,*,#3200,.T.);
#1963=ORIENTED_EDGE('',*,*,#3201,.T.);
#1964=ORIENTED_EDGE('',*,*,#3202,.T.);
#1965=ORIENTED_EDGE('',*,*,#3203,.T.);
#1966=ORIENTED_EDGE('',*,*,#3204,.T.);
#1967=ORIENTED_EDGE('',*,*,#3205,.T.);
#1968=ORIENTED_EDGE('',*,*,#3206,.F.);
#1969=ORIENTED_EDGE('',*,*,#3207,.T.);
#1970=ORIENTED_EDGE('',*,*,#3208,.T.);
#1971=ORIENTED_EDGE('',*,*,#3209,.F.);
#1972=ORIENTED_EDGE('',*,*,#3197,.F.);
#1973=ORIENTED_EDGE('',*,*,#3171,.T.);
#1974=ORIENTED_EDGE('',*,*,#3210,.F.);
#1975=ORIENTED_EDGE('',*,*,#3211,.F.);
#1976=ORIENTED_EDGE('',*,*,#3212,.F.);
#1977=ORIENTED_EDGE('',*,*,#3213,.F.);
#1978=ORIENTED_EDGE('',*,*,#3214,.F.);
#1979=ORIENTED_EDGE('',*,*,#3206,.T.);
#1980=ORIENTED_EDGE('',*,*,#3205,.F.);
#1981=ORIENTED_EDGE('',*,*,#3215,.T.);
#1982=ORIENTED_EDGE('',*,*,#3207,.F.);
#1983=ORIENTED_EDGE('',*,*,#3214,.T.);
#1984=ORIENTED_EDGE('',*,*,#3216,.T.);
#1985=ORIENTED_EDGE('',*,*,#3217,.F.);
#1986=ORIENTED_EDGE('',*,*,#3208,.F.);
#1987=ORIENTED_EDGE('',*,*,#3215,.F.);
#1988=ORIENTED_EDGE('',*,*,#3218,.F.);
#1989=ORIENTED_EDGE('',*,*,#3198,.T.);
#1990=ORIENTED_EDGE('',*,*,#3209,.T.);
#1991=ORIENTED_EDGE('',*,*,#3217,.T.);
#1992=ORIENTED_EDGE('',*,*,#3219,.F.);
#1993=ORIENTED_EDGE('',*,*,#3220,.F.);
#1994=ORIENTED_EDGE('',*,*,#3221,.F.);
#1995=ORIENTED_EDGE('',*,*,#3222,.F.);
#1996=ORIENTED_EDGE('',*,*,#3223,.F.);
#1997=ORIENTED_EDGE('',*,*,#3199,.F.);
#1998=ORIENTED_EDGE('',*,*,#3219,.T.);
#1999=ORIENTED_EDGE('',*,*,#3218,.T.);
#2000=ORIENTED_EDGE('',*,*,#3216,.F.);
#2001=ORIENTED_EDGE('',*,*,#3213,.T.);
#2002=ORIENTED_EDGE('',*,*,#3204,.F.);
#2003=ORIENTED_EDGE('',*,*,#3223,.T.);
#2004=ORIENTED_EDGE('',*,*,#3224,.F.);
#2005=ORIENTED_EDGE('',*,*,#3225,.T.);
#2006=ORIENTED_EDGE('',*,*,#3200,.F.);
#2007=ORIENTED_EDGE('',*,*,#3212,.T.);
#2008=ORIENTED_EDGE('',*,*,#3226,.F.);
#2009=ORIENTED_EDGE('',*,*,#3227,.F.);
#2010=ORIENTED_EDGE('',*,*,#3172,.T.);
#2011=ORIENTED_EDGE('',*,*,#3170,.F.);
#2012=ORIENTED_EDGE('',*,*,#3228,.F.);
#2013=ORIENTED_EDGE('',*,*,#3229,.T.);
#2014=ORIENTED_EDGE('',*,*,#3210,.T.);
#2015=ORIENTED_EDGE('',*,*,#3201,.F.);
#2016=ORIENTED_EDGE('',*,*,#3225,.F.);
#2017=ORIENTED_EDGE('',*,*,#3230,.T.);
#2018=ORIENTED_EDGE('',*,*,#3226,.T.);
#2019=ORIENTED_EDGE('',*,*,#3211,.T.);
#2020=ORIENTED_EDGE('',*,*,#3229,.F.);
#2021=ORIENTED_EDGE('',*,*,#3231,.F.);
#2022=ORIENTED_EDGE('',*,*,#3232,.T.);
#2023=ORIENTED_EDGE('',*,*,#3233,.T.);
#2024=ORIENTED_EDGE('',*,*,#3234,.F.);
#2025=ORIENTED_EDGE('',*,*,#3235,.T.);
#2026=ORIENTED_EDGE('',*,*,#3236,.F.);
#2027=ORIENTED_EDGE('',*,*,#3237,.F.);
#2028=ORIENTED_EDGE('',*,*,#3238,.F.);
#2029=ORIENTED_EDGE('',*,*,#3239,.F.);
#2030=ORIENTED_EDGE('',*,*,#3240,.F.);
#2031=ORIENTED_EDGE('',*,*,#3241,.F.);
#2032=ORIENTED_EDGE('',*,*,#3242,.F.);
#2033=ORIENTED_EDGE('',*,*,#3243,.F.);
#2034=ORIENTED_EDGE('',*,*,#3244,.F.);
#2035=ORIENTED_EDGE('',*,*,#3245,.T.);
#2036=ORIENTED_EDGE('',*,*,#3246,.F.);
#2037=ORIENTED_EDGE('',*,*,#3247,.T.);
#2038=ORIENTED_EDGE('',*,*,#3248,.F.);
#2039=ORIENTED_EDGE('',*,*,#3249,.F.);
#2040=ORIENTED_EDGE('',*,*,#3250,.F.);
#2041=ORIENTED_EDGE('',*,*,#3251,.F.);
#2042=ORIENTED_EDGE('',*,*,#3252,.F.);
#2043=ORIENTED_EDGE('',*,*,#3253,.T.);
#2044=ORIENTED_EDGE('',*,*,#3254,.F.);
#2045=ORIENTED_EDGE('',*,*,#3255,.T.);
#2046=ORIENTED_EDGE('',*,*,#3256,.F.);
#2047=ORIENTED_EDGE('',*,*,#3257,.F.);
#2048=ORIENTED_EDGE('',*,*,#3258,.F.);
#2049=ORIENTED_EDGE('',*,*,#3259,.F.);
#2050=ORIENTED_EDGE('',*,*,#3260,.F.);
#2051=ORIENTED_EDGE('',*,*,#3261,.F.);
#2052=ORIENTED_EDGE('',*,*,#3262,.F.);
#2053=ORIENTED_EDGE('',*,*,#3263,.F.);
#2054=ORIENTED_EDGE('',*,*,#3264,.F.);
#2055=ORIENTED_EDGE('',*,*,#3265,.T.);
#2056=ORIENTED_EDGE('',*,*,#3266,.F.);
#2057=ORIENTED_EDGE('',*,*,#3267,.T.);
#2058=ORIENTED_EDGE('',*,*,#3222,.T.);
#2059=ORIENTED_EDGE('',*,*,#3268,.T.);
#2060=ORIENTED_EDGE('',*,*,#3269,.T.);
#2061=ORIENTED_EDGE('',*,*,#3270,.F.);
#2062=ORIENTED_EDGE('',*,*,#3271,.T.);
#2063=ORIENTED_EDGE('',*,*,#3165,.T.);
#2064=ORIENTED_EDGE('',*,*,#3227,.T.);
#2065=ORIENTED_EDGE('',*,*,#3230,.F.);
#2066=ORIENTED_EDGE('',*,*,#3224,.T.);
#2067=ORIENTED_EDGE('',*,*,#3169,.F.);
#2068=ORIENTED_EDGE('',*,*,#3272,.T.);
#2069=ORIENTED_EDGE('',*,*,#3273,.T.);
#2070=ORIENTED_EDGE('',*,*,#3274,.F.);
#2071=ORIENTED_EDGE('',*,*,#3275,.F.);
#2072=ORIENTED_EDGE('',*,*,#3276,.T.);
#2073=ORIENTED_EDGE('',*,*,#3220,.T.);
#2074=ORIENTED_EDGE('',*,*,#3203,.F.);
#2075=ORIENTED_EDGE('',*,*,#3202,.F.);
#2076=ORIENTED_EDGE('',*,*,#3231,.T.);
#2077=ORIENTED_EDGE('',*,*,#3228,.T.);
#2078=ORIENTED_EDGE('',*,*,#3160,.F.);
#2079=ORIENTED_EDGE('',*,*,#3277,.T.);
#2080=ORIENTED_EDGE('',*,*,#3190,.F.);
#2081=ORIENTED_EDGE('',*,*,#3278,.T.);
#2082=ORIENTED_EDGE('',*,*,#3279,.T.);
#2083=ORIENTED_EDGE('',*,*,#3280,.T.);
#2084=ORIENTED_EDGE('',*,*,#3281,.F.);
#2085=ORIENTED_EDGE('',*,*,#3282,.T.);
#2086=ORIENTED_EDGE('',*,*,#3283,.T.);
#2087=ORIENTED_EDGE('',*,*,#3284,.T.);
#2088=ORIENTED_EDGE('',*,*,#3285,.F.);
#2089=ORIENTED_EDGE('',*,*,#3286,.T.);
#2090=ORIENTED_EDGE('',*,*,#3282,.F.);
#2091=ORIENTED_EDGE('',*,*,#3287,.T.);
#2092=ORIENTED_EDGE('',*,*,#3288,.F.);
#2093=ORIENTED_EDGE('',*,*,#3289,.F.);
#2094=ORIENTED_EDGE('',*,*,#3279,.F.);
#2095=ORIENTED_EDGE('',*,*,#3289,.T.);
#2096=ORIENTED_EDGE('',*,*,#3290,.T.);
#2097=ORIENTED_EDGE('',*,*,#3287,.F.);
#2098=ORIENTED_EDGE('',*,*,#3281,.T.);
#2099=ORIENTED_EDGE('',*,*,#3291,.F.);
#2100=ORIENTED_EDGE('',*,*,#3280,.F.);
#2101=ORIENTED_EDGE('',*,*,#3290,.F.);
#2102=ORIENTED_EDGE('',*,*,#3288,.T.);
#2103=ORIENTED_EDGE('',*,*,#3291,.T.);
#2104=ORIENTED_EDGE('',*,*,#3161,.F.);
#2105=ORIENTED_EDGE('',*,*,#3278,.F.);
#2106=ORIENTED_EDGE('',*,*,#3196,.F.);
#2107=ORIENTED_EDGE('',*,*,#3144,.F.);
#2108=ORIENTED_EDGE('',*,*,#3292,.T.);
#2109=ORIENTED_EDGE('',*,*,#3151,.F.);
#2110=ORIENTED_EDGE('',*,*,#3293,.F.);
#2111=ORIENTED_EDGE('',*,*,#3182,.F.);
#2112=ORIENTED_EDGE('',*,*,#3293,.T.);
#2113=ORIENTED_EDGE('',*,*,#3150,.F.);
#2114=ORIENTED_EDGE('',*,*,#3104,.F.);
#2115=ORIENTED_EDGE('',*,*,#3153,.F.);
#2116=ORIENTED_EDGE('',*,*,#3106,.T.);
#2117=ORIENTED_EDGE('',*,*,#3149,.F.);
#2118=ORIENTED_EDGE('',*,*,#3294,.F.);
#2119=ORIENTED_EDGE('',*,*,#3175,.F.);
#2120=ORIENTED_EDGE('',*,*,#3295,.T.);
#2121=ORIENTED_EDGE('',*,*,#3183,.F.);
#2122=ORIENTED_EDGE('',*,*,#3294,.T.);
#2123=ORIENTED_EDGE('',*,*,#3148,.F.);
#2124=ORIENTED_EDGE('',*,*,#3250,.T.);
#2125=ORIENTED_EDGE('',*,*,#3296,.F.);
#2126=ORIENTED_EDGE('',*,*,#3297,.T.);
#2127=ORIENTED_EDGE('',*,*,#3298,.F.);
#2128=ORIENTED_EDGE('',*,*,#3251,.T.);
#2129=ORIENTED_EDGE('',*,*,#3298,.T.);
#2130=ORIENTED_EDGE('',*,*,#3299,.T.);
#2131=ORIENTED_EDGE('',*,*,#3300,.T.);
#2132=ORIENTED_EDGE('',*,*,#3301,.F.);
#2133=ORIENTED_EDGE('',*,*,#3302,.F.);
#2134=ORIENTED_EDGE('',*,*,#3303,.F.);
#2135=ORIENTED_EDGE('',*,*,#3253,.F.);
#2136=ORIENTED_EDGE('',*,*,#3304,.F.);
#2137=ORIENTED_EDGE('',*,*,#3305,.F.);
#2138=ORIENTED_EDGE('',*,*,#3306,.F.);
#2139=ORIENTED_EDGE('',*,*,#3255,.F.);
#2140=ORIENTED_EDGE('',*,*,#3254,.T.);
#2141=ORIENTED_EDGE('',*,*,#3303,.T.);
#2142=ORIENTED_EDGE('',*,*,#3307,.T.);
#2143=ORIENTED_EDGE('',*,*,#3304,.T.);
#2144=ORIENTED_EDGE('',*,*,#3257,.T.);
#2145=ORIENTED_EDGE('',*,*,#3308,.F.);
#2146=ORIENTED_EDGE('',*,*,#3309,.F.);
#2147=ORIENTED_EDGE('',*,*,#3310,.F.);
#2148=ORIENTED_EDGE('',*,*,#3256,.T.);
#2149=ORIENTED_EDGE('',*,*,#3306,.T.);
#2150=ORIENTED_EDGE('',*,*,#3311,.T.);
#2151=ORIENTED_EDGE('',*,*,#3308,.T.);
#2152=ORIENTED_EDGE('',*,*,#3259,.T.);
#2153=ORIENTED_EDGE('',*,*,#3312,.F.);
#2154=ORIENTED_EDGE('',*,*,#3313,.F.);
#2155=ORIENTED_EDGE('',*,*,#3314,.F.);
#2156=ORIENTED_EDGE('',*,*,#3315,.F.);
#2157=ORIENTED_EDGE('',*,*,#3261,.T.);
#2158=ORIENTED_EDGE('',*,*,#3316,.F.);
#2159=ORIENTED_EDGE('',*,*,#3314,.T.);
#2160=ORIENTED_EDGE('',*,*,#3317,.F.);
#2161=ORIENTED_EDGE('',*,*,#3318,.F.);
#2162=ORIENTED_EDGE('',*,*,#3260,.T.);
#2163=ORIENTED_EDGE('',*,*,#3315,.T.);
#2164=ORIENTED_EDGE('',*,*,#3316,.T.);
#2165=ORIENTED_EDGE('',*,*,#3263,.T.);
#2166=ORIENTED_EDGE('',*,*,#3319,.F.);
#2167=ORIENTED_EDGE('',*,*,#3320,.F.);
#2168=ORIENTED_EDGE('',*,*,#3321,.F.);
#2169=ORIENTED_EDGE('',*,*,#3262,.T.);
#2170=ORIENTED_EDGE('',*,*,#3318,.T.);
#2171=ORIENTED_EDGE('',*,*,#3322,.T.);
#2172=ORIENTED_EDGE('',*,*,#3319,.T.);
#2173=ORIENTED_EDGE('',*,*,#3258,.T.);
#2174=ORIENTED_EDGE('',*,*,#3310,.T.);
#2175=ORIENTED_EDGE('',*,*,#3323,.T.);
#2176=ORIENTED_EDGE('',*,*,#3312,.T.);
#2177=ORIENTED_EDGE('',*,*,#3324,.F.);
#2178=ORIENTED_EDGE('',*,*,#3325,.F.);
#2179=ORIENTED_EDGE('',*,*,#3326,.F.);
#2180=ORIENTED_EDGE('',*,*,#3265,.F.);
#2181=ORIENTED_EDGE('',*,*,#3266,.T.);
#2182=ORIENTED_EDGE('',*,*,#3326,.T.);
#2183=ORIENTED_EDGE('',*,*,#3327,.T.);
#2184=ORIENTED_EDGE('',*,*,#3328,.F.);
#2185=ORIENTED_EDGE('',*,*,#3264,.T.);
#2186=ORIENTED_EDGE('',*,*,#3321,.T.);
#2187=ORIENTED_EDGE('',*,*,#3329,.T.);
#2188=ORIENTED_EDGE('',*,*,#3324,.T.);
#2189=ORIENTED_EDGE('',*,*,#3328,.T.);
#2190=ORIENTED_EDGE('',*,*,#3330,.F.);
#2191=ORIENTED_EDGE('',*,*,#3267,.F.);
#2192=ORIENTED_EDGE('',*,*,#3331,.F.);
#2193=ORIENTED_EDGE('',*,*,#3332,.F.);
#2194=ORIENTED_EDGE('',*,*,#3333,.T.);
#2195=ORIENTED_EDGE('',*,*,#3334,.F.);
#2196=ORIENTED_EDGE('',*,*,#3335,.F.);
#2197=ORIENTED_EDGE('',*,*,#3336,.F.);
#2198=ORIENTED_EDGE('',*,*,#3337,.T.);
#2199=ORIENTED_EDGE('',*,*,#3338,.F.);
#2200=ORIENTED_EDGE('',*,*,#3339,.T.);
#2201=ORIENTED_EDGE('',*,*,#3333,.F.);
#2202=ORIENTED_EDGE('',*,*,#3340,.T.);
#2203=ORIENTED_EDGE('',*,*,#3335,.T.);
#2204=ORIENTED_EDGE('',*,*,#3340,.F.);
#2205=ORIENTED_EDGE('',*,*,#3332,.T.);
#2206=ORIENTED_EDGE('',*,*,#3341,.T.);
#2207=ORIENTED_EDGE('',*,*,#3336,.T.);
#2208=ORIENTED_EDGE('',*,*,#3297,.F.);
#2209=ORIENTED_EDGE('',*,*,#3342,.F.);
#2210=ORIENTED_EDGE('',*,*,#3343,.T.);
#2211=ORIENTED_EDGE('',*,*,#3344,.T.);
#2212=ORIENTED_EDGE('',*,*,#3345,.F.);
#2213=ORIENTED_EDGE('',*,*,#3346,.T.);
#2214=ORIENTED_EDGE('',*,*,#3347,.F.);
#2215=ORIENTED_EDGE('',*,*,#3348,.T.);
#2216=ORIENTED_EDGE('',*,*,#3349,.F.);
#2217=ORIENTED_EDGE('',*,*,#3350,.T.);
#2218=ORIENTED_EDGE('',*,*,#3351,.T.);
#2219=ORIENTED_EDGE('',*,*,#3352,.F.);
#2220=ORIENTED_EDGE('',*,*,#3353,.T.);
#2221=ORIENTED_EDGE('',*,*,#3354,.F.);
#2222=ORIENTED_EDGE('',*,*,#3355,.T.);
#2223=ORIENTED_EDGE('',*,*,#3356,.F.);
#2224=ORIENTED_EDGE('',*,*,#3357,.T.);
#2225=ORIENTED_EDGE('',*,*,#3232,.F.);
#2226=ORIENTED_EDGE('',*,*,#3330,.T.);
#2227=ORIENTED_EDGE('',*,*,#3327,.F.);
#2228=ORIENTED_EDGE('',*,*,#3325,.T.);
#2229=ORIENTED_EDGE('',*,*,#3329,.F.);
#2230=ORIENTED_EDGE('',*,*,#3320,.T.);
#2231=ORIENTED_EDGE('',*,*,#3322,.F.);
#2232=ORIENTED_EDGE('',*,*,#3317,.T.);
#2233=ORIENTED_EDGE('',*,*,#3313,.T.);
#2234=ORIENTED_EDGE('',*,*,#3323,.F.);
#2235=ORIENTED_EDGE('',*,*,#3309,.T.);
#2236=ORIENTED_EDGE('',*,*,#3311,.F.);
#2237=ORIENTED_EDGE('',*,*,#3305,.T.);
#2238=ORIENTED_EDGE('',*,*,#3307,.F.);
#2239=ORIENTED_EDGE('',*,*,#3302,.T.);
#2240=ORIENTED_EDGE('',*,*,#3358,.T.);
#2241=ORIENTED_EDGE('',*,*,#3299,.F.);
#2242=ORIENTED_EDGE('',*,*,#3359,.F.);
#2243=ORIENTED_EDGE('',*,*,#3360,.T.);
#2244=ORIENTED_EDGE('',*,*,#3361,.T.);
#2245=ORIENTED_EDGE('',*,*,#3362,.T.);
#2246=ORIENTED_EDGE('',*,*,#3337,.F.);
#2247=ORIENTED_EDGE('',*,*,#3341,.F.);
#2248=ORIENTED_EDGE('',*,*,#3331,.T.);
#2249=ORIENTED_EDGE('',*,*,#3363,.F.);
#2250=ORIENTED_EDGE('',*,*,#3252,.T.);
#2251=ORIENTED_EDGE('',*,*,#3300,.F.);
#2252=ORIENTED_EDGE('',*,*,#3358,.F.);
#2253=ORIENTED_EDGE('',*,*,#3301,.T.);
#2254=ORIENTED_EDGE('',*,*,#3339,.F.);
#2255=ORIENTED_EDGE('',*,*,#3338,.T.);
#2256=ORIENTED_EDGE('',*,*,#3363,.T.);
#2257=ORIENTED_EDGE('',*,*,#3334,.T.);
#2258=ORIENTED_EDGE('',*,*,#3083,.F.);
#2259=ORIENTED_EDGE('',*,*,#3364,.T.);
#2260=ORIENTED_EDGE('',*,*,#3079,.F.);
#2261=ORIENTED_EDGE('',*,*,#3365,.F.);
#2262=ORIENTED_EDGE('',*,*,#3366,.F.);
#2263=ORIENTED_EDGE('',*,*,#3367,.T.);
#2264=ORIENTED_EDGE('',*,*,#3368,.T.);
#2265=ORIENTED_EDGE('',*,*,#3369,.F.);
#2266=ORIENTED_EDGE('',*,*,#3370,.F.);
#2267=ORIENTED_EDGE('',*,*,#3156,.F.);
#2268=ORIENTED_EDGE('',*,*,#3086,.T.);
#2269=ORIENTED_EDGE('',*,*,#3084,.F.);
#2270=ORIENTED_EDGE('',*,*,#3365,.T.);
#2271=ORIENTED_EDGE('',*,*,#3078,.T.);
#2272=ORIENTED_EDGE('',*,*,#3088,.T.);
#2273=ORIENTED_EDGE('',*,*,#3371,.T.);
#2274=ORIENTED_EDGE('',*,*,#3371,.F.);
#2275=ORIENTED_EDGE('',*,*,#3090,.T.);
#2276=ORIENTED_EDGE('',*,*,#3372,.F.);
#2277=ORIENTED_EDGE('',*,*,#3373,.F.);
#2278=ORIENTED_EDGE('',*,*,#3374,.T.);
#2279=ORIENTED_EDGE('',*,*,#3375,.T.);
#2280=ORIENTED_EDGE('',*,*,#3368,.F.);
#2281=ORIENTED_EDGE('',*,*,#3376,.F.);
#2282=ORIENTED_EDGE('',*,*,#3377,.F.);
#2283=ORIENTED_EDGE('',*,*,#3369,.T.);
#2284=ORIENTED_EDGE('',*,*,#3375,.F.);
#2285=ORIENTED_EDGE('',*,*,#3378,.F.);
#2286=ORIENTED_EDGE('',*,*,#3379,.T.);
#2287=ORIENTED_EDGE('',*,*,#3366,.T.);
#2288=ORIENTED_EDGE('',*,*,#3377,.T.);
#2289=ORIENTED_EDGE('',*,*,#3380,.T.);
#2290=ORIENTED_EDGE('',*,*,#3379,.F.);
#2291=ORIENTED_EDGE('',*,*,#3381,.T.);
#2292=ORIENTED_EDGE('',*,*,#3376,.T.);
#2293=ORIENTED_EDGE('',*,*,#3367,.F.);
#2294=ORIENTED_EDGE('',*,*,#3382,.T.);
#2295=ORIENTED_EDGE('',*,*,#3157,.F.);
#2296=ORIENTED_EDGE('',*,*,#3370,.T.);
#2297=ORIENTED_EDGE('',*,*,#3373,.T.);
#2298=ORIENTED_EDGE('',*,*,#3155,.F.);
#2299=ORIENTED_EDGE('',*,*,#3383,.T.);
#2300=ORIENTED_EDGE('',*,*,#3192,.T.);
#2301=ORIENTED_EDGE('',*,*,#3384,.T.);
#2302=ORIENTED_EDGE('',*,*,#3158,.F.);
#2303=ORIENTED_EDGE('',*,*,#3382,.F.);
#2304=ORIENTED_EDGE('',*,*,#3372,.T.);
#2305=ORIENTED_EDGE('',*,*,#3089,.F.);
#2306=ORIENTED_EDGE('',*,*,#3080,.F.);
#2307=ORIENTED_EDGE('',*,*,#3364,.F.);
#2308=ORIENTED_EDGE('',*,*,#3082,.T.);
#2309=ORIENTED_EDGE('',*,*,#3085,.F.);
#2310=ORIENTED_EDGE('',*,*,#3147,.F.);
#2311=ORIENTED_EDGE('',*,*,#3385,.T.);
#2312=ORIENTED_EDGE('',*,*,#3386,.T.);
#2313=ORIENTED_EDGE('',*,*,#3116,.F.);
#2314=ORIENTED_EDGE('',*,*,#3387,.T.);
#2315=ORIENTED_EDGE('',*,*,#3388,.T.);
#2316=ORIENTED_EDGE('',*,*,#3381,.F.);
#2317=ORIENTED_EDGE('',*,*,#3380,.F.);
#2318=ORIENTED_EDGE('',*,*,#3378,.T.);
#2319=ORIENTED_EDGE('',*,*,#3374,.F.);
#2320=ORIENTED_EDGE('',*,*,#3180,.T.);
#2321=ORIENTED_EDGE('',*,*,#3195,.F.);
#2322=ORIENTED_EDGE('',*,*,#3117,.T.);
#2323=ORIENTED_EDGE('',*,*,#3389,.T.);
#2324=ORIENTED_EDGE('',*,*,#3164,.T.);
#2325=ORIENTED_EDGE('',*,*,#3188,.T.);
#2326=ORIENTED_EDGE('',*,*,#3193,.F.);
#2327=ORIENTED_EDGE('',*,*,#3383,.F.);
#2328=ORIENTED_EDGE('',*,*,#3119,.F.);
#2329=ORIENTED_EDGE('',*,*,#3194,.F.);
#2330=ORIENTED_EDGE('',*,*,#3186,.T.);
#2331=ORIENTED_EDGE('',*,*,#3185,.T.);
#2332=ORIENTED_EDGE('',*,*,#3390,.T.);
#2333=ORIENTED_EDGE('',*,*,#3114,.T.);
#2334=ORIENTED_EDGE('',*,*,#3391,.T.);
#2335=ORIENTED_EDGE('',*,*,#3392,.T.);
#2336=ORIENTED_EDGE('',*,*,#3393,.T.);
#2337=ORIENTED_EDGE('',*,*,#3275,.T.);
#2338=ORIENTED_EDGE('',*,*,#3274,.T.);
#2339=ORIENTED_EDGE('',*,*,#3394,.T.);
#2340=ORIENTED_EDGE('',*,*,#3395,.T.);
#2341=ORIENTED_EDGE('',*,*,#3396,.T.);
#2342=ORIENTED_EDGE('',*,*,#3397,.F.);
#2343=ORIENTED_EDGE('',*,*,#3398,.F.);
#2344=ORIENTED_EDGE('',*,*,#3391,.F.);
#2345=ORIENTED_EDGE('',*,*,#3399,.F.);
#2346=ORIENTED_EDGE('',*,*,#3400,.T.);
#2347=ORIENTED_EDGE('',*,*,#3401,.T.);
#2348=ORIENTED_EDGE('',*,*,#3167,.T.);
#2349=ORIENTED_EDGE('',*,*,#3402,.F.);
#2350=ORIENTED_EDGE('',*,*,#3403,.F.);
#2351=ORIENTED_EDGE('',*,*,#3404,.F.);
#2352=ORIENTED_EDGE('',*,*,#3405,.F.);
#2353=ORIENTED_EDGE('',*,*,#3392,.F.);
#2354=ORIENTED_EDGE('',*,*,#3398,.T.);
#2355=ORIENTED_EDGE('',*,*,#3406,.F.);
#2356=ORIENTED_EDGE('',*,*,#3407,.T.);
#2357=ORIENTED_EDGE('',*,*,#3408,.T.);
#2358=ORIENTED_EDGE('',*,*,#3406,.T.);
#2359=ORIENTED_EDGE('',*,*,#3401,.F.);
#2360=ORIENTED_EDGE('',*,*,#3409,.F.);
#2361=ORIENTED_EDGE('',*,*,#3410,.F.);
#2362=ORIENTED_EDGE('',*,*,#3407,.F.);
#2363=ORIENTED_EDGE('',*,*,#3400,.F.);
#2364=ORIENTED_EDGE('',*,*,#3397,.T.);
#2365=ORIENTED_EDGE('',*,*,#3411,.F.);
#2366=ORIENTED_EDGE('',*,*,#3409,.T.);
#2367=ORIENTED_EDGE('',*,*,#3399,.T.);
#2368=ORIENTED_EDGE('',*,*,#3276,.F.);
#2369=ORIENTED_EDGE('',*,*,#3393,.F.);
#2370=ORIENTED_EDGE('',*,*,#3405,.T.);
#2371=ORIENTED_EDGE('',*,*,#3408,.F.);
#2372=ORIENTED_EDGE('',*,*,#3410,.T.);
#2373=ORIENTED_EDGE('',*,*,#3411,.T.);
#2374=ORIENTED_EDGE('',*,*,#3396,.F.);
#2375=ORIENTED_EDGE('',*,*,#3412,.F.);
#2376=ORIENTED_EDGE('',*,*,#3268,.F.);
#2377=ORIENTED_EDGE('',*,*,#3221,.T.);
#2378=ORIENTED_EDGE('',*,*,#3412,.T.);
#2379=ORIENTED_EDGE('',*,*,#3395,.F.);
#2380=ORIENTED_EDGE('',*,*,#3413,.T.);
#2381=ORIENTED_EDGE('',*,*,#3269,.F.);
#2382=ORIENTED_EDGE('',*,*,#3402,.T.);
#2383=ORIENTED_EDGE('',*,*,#3166,.T.);
#2384=ORIENTED_EDGE('',*,*,#3271,.F.);
#2385=ORIENTED_EDGE('',*,*,#3414,.F.);
#2386=ORIENTED_EDGE('',*,*,#3168,.F.);
#2387=ORIENTED_EDGE('',*,*,#3404,.T.);
#2388=ORIENTED_EDGE('',*,*,#3415,.T.);
#2389=ORIENTED_EDGE('',*,*,#3272,.F.);
#2390=ORIENTED_EDGE('',*,*,#3394,.F.);
#2391=ORIENTED_EDGE('',*,*,#3273,.F.);
#2392=ORIENTED_EDGE('',*,*,#3415,.F.);
#2393=ORIENTED_EDGE('',*,*,#3403,.T.);
#2394=ORIENTED_EDGE('',*,*,#3414,.T.);
#2395=ORIENTED_EDGE('',*,*,#3270,.T.);
#2396=ORIENTED_EDGE('',*,*,#3413,.F.);
#2397=ORIENTED_EDGE('',*,*,#3284,.F.);
#2398=ORIENTED_EDGE('',*,*,#3416,.F.);
#2399=ORIENTED_EDGE('',*,*,#3417,.F.);
#2400=ORIENTED_EDGE('',*,*,#3418,.T.);
#2401=ORIENTED_EDGE('',*,*,#3283,.F.);
#2402=ORIENTED_EDGE('',*,*,#3419,.T.);
#2403=ORIENTED_EDGE('',*,*,#3416,.T.);
#2404=ORIENTED_EDGE('',*,*,#3418,.F.);
#2405=ORIENTED_EDGE('',*,*,#3420,.F.);
#2406=ORIENTED_EDGE('',*,*,#3285,.T.);
#2407=ORIENTED_EDGE('',*,*,#3286,.F.);
#2408=ORIENTED_EDGE('',*,*,#3420,.T.);
#2409=ORIENTED_EDGE('',*,*,#3417,.T.);
#2410=ORIENTED_EDGE('',*,*,#3419,.F.);
#2411=ORIENTED_EDGE('',*,*,#3159,.F.);
#2412=ORIENTED_EDGE('',*,*,#3384,.F.);
#2413=ORIENTED_EDGE('',*,*,#3191,.F.);
#2414=ORIENTED_EDGE('',*,*,#3277,.F.);
#2415=ORIENTED_EDGE('',*,*,#3292,.F.);
#2416=ORIENTED_EDGE('',*,*,#3181,.F.);
#2417=ORIENTED_EDGE('',*,*,#3421,.F.);
#2418=ORIENTED_EDGE('',*,*,#3385,.F.);
#2419=ORIENTED_EDGE('',*,*,#3421,.T.);
#2420=ORIENTED_EDGE('',*,*,#3389,.F.);
#2421=ORIENTED_EDGE('',*,*,#3112,.F.);
#2422=ORIENTED_EDGE('',*,*,#3386,.F.);
#2423=ORIENTED_EDGE('',*,*,#3115,.T.);
#2424=ORIENTED_EDGE('',*,*,#3390,.F.);
#2425=ORIENTED_EDGE('',*,*,#3422,.F.);
#2426=ORIENTED_EDGE('',*,*,#3387,.F.);
#2427=ORIENTED_EDGE('',*,*,#3295,.F.);
#2428=ORIENTED_EDGE('',*,*,#3388,.F.);
#2429=ORIENTED_EDGE('',*,*,#3422,.T.);
#2430=ORIENTED_EDGE('',*,*,#3184,.F.);
#2431=ORIENTED_EDGE('',*,*,#3249,.T.);
#2432=ORIENTED_EDGE('',*,*,#3423,.T.);
#2433=ORIENTED_EDGE('',*,*,#3342,.T.);
#2434=ORIENTED_EDGE('',*,*,#3296,.T.);
#2435=ORIENTED_EDGE('',*,*,#3424,.F.);
#2436=ORIENTED_EDGE('',*,*,#3247,.F.);
#2437=ORIENTED_EDGE('',*,*,#3425,.F.);
#2438=ORIENTED_EDGE('',*,*,#3344,.F.);
#2439=ORIENTED_EDGE('',*,*,#3426,.F.);
#2440=ORIENTED_EDGE('',*,*,#3245,.F.);
#2441=ORIENTED_EDGE('',*,*,#3427,.F.);
#2442=ORIENTED_EDGE('',*,*,#3346,.F.);
#2443=ORIENTED_EDGE('',*,*,#3246,.T.);
#2444=ORIENTED_EDGE('',*,*,#3426,.T.);
#2445=ORIENTED_EDGE('',*,*,#3345,.T.);
#2446=ORIENTED_EDGE('',*,*,#3425,.T.);
#2447=ORIENTED_EDGE('',*,*,#3243,.T.);
#2448=ORIENTED_EDGE('',*,*,#3428,.F.);
#2449=ORIENTED_EDGE('',*,*,#3348,.F.);
#2450=ORIENTED_EDGE('',*,*,#3429,.F.);
#2451=ORIENTED_EDGE('',*,*,#3244,.T.);
#2452=ORIENTED_EDGE('',*,*,#3429,.T.);
#2453=ORIENTED_EDGE('',*,*,#3347,.T.);
#2454=ORIENTED_EDGE('',*,*,#3427,.T.);
#2455=ORIENTED_EDGE('',*,*,#3241,.T.);
#2456=ORIENTED_EDGE('',*,*,#3430,.F.);
#2457=ORIENTED_EDGE('',*,*,#3431,.F.);
#2458=ORIENTED_EDGE('',*,*,#3350,.F.);
#2459=ORIENTED_EDGE('',*,*,#3432,.F.);
#2460=ORIENTED_EDGE('',*,*,#3239,.T.);
#2461=ORIENTED_EDGE('',*,*,#3433,.F.);
#2462=ORIENTED_EDGE('',*,*,#3351,.F.);
#2463=ORIENTED_EDGE('',*,*,#3431,.T.);
#2464=ORIENTED_EDGE('',*,*,#3434,.F.);
#2465=ORIENTED_EDGE('',*,*,#3240,.T.);
#2466=ORIENTED_EDGE('',*,*,#3434,.T.);
#2467=ORIENTED_EDGE('',*,*,#3430,.T.);
#2468=ORIENTED_EDGE('',*,*,#3237,.T.);
#2469=ORIENTED_EDGE('',*,*,#3435,.F.);
#2470=ORIENTED_EDGE('',*,*,#3353,.F.);
#2471=ORIENTED_EDGE('',*,*,#3436,.F.);
#2472=ORIENTED_EDGE('',*,*,#3238,.T.);
#2473=ORIENTED_EDGE('',*,*,#3436,.T.);
#2474=ORIENTED_EDGE('',*,*,#3352,.T.);
#2475=ORIENTED_EDGE('',*,*,#3433,.T.);
#2476=ORIENTED_EDGE('',*,*,#3242,.T.);
#2477=ORIENTED_EDGE('',*,*,#3432,.T.);
#2478=ORIENTED_EDGE('',*,*,#3349,.T.);
#2479=ORIENTED_EDGE('',*,*,#3428,.T.);
#2480=ORIENTED_EDGE('',*,*,#3437,.F.);
#2481=ORIENTED_EDGE('',*,*,#3235,.F.);
#2482=ORIENTED_EDGE('',*,*,#3438,.F.);
#2483=ORIENTED_EDGE('',*,*,#3355,.F.);
#2484=ORIENTED_EDGE('',*,*,#3234,.T.);
#2485=ORIENTED_EDGE('',*,*,#3439,.F.);
#2486=ORIENTED_EDGE('',*,*,#3356,.T.);
#2487=ORIENTED_EDGE('',*,*,#3438,.T.);
#2488=ORIENTED_EDGE('',*,*,#3236,.T.);
#2489=ORIENTED_EDGE('',*,*,#3437,.T.);
#2490=ORIENTED_EDGE('',*,*,#3354,.T.);
#2491=ORIENTED_EDGE('',*,*,#3435,.T.);
#2492=ORIENTED_EDGE('',*,*,#3439,.T.);
#2493=ORIENTED_EDGE('',*,*,#3233,.F.);
#2494=ORIENTED_EDGE('',*,*,#3357,.F.);
#2495=ORIENTED_EDGE('',*,*,#3440,.F.);
#2496=ORIENTED_EDGE('',*,*,#3441,.F.);
#2497=ORIENTED_EDGE('',*,*,#3442,.T.);
#2498=ORIENTED_EDGE('',*,*,#3362,.F.);
#2499=ORIENTED_EDGE('',*,*,#3443,.F.);
#2500=ORIENTED_EDGE('',*,*,#3444,.F.);
#2501=ORIENTED_EDGE('',*,*,#3445,.T.);
#2502=ORIENTED_EDGE('',*,*,#3360,.F.);
#2503=ORIENTED_EDGE('',*,*,#3446,.T.);
#2504=ORIENTED_EDGE('',*,*,#3443,.T.);
#2505=ORIENTED_EDGE('',*,*,#3359,.T.);
#2506=ORIENTED_EDGE('',*,*,#3442,.F.);
#2507=ORIENTED_EDGE('',*,*,#3445,.F.);
#2508=ORIENTED_EDGE('',*,*,#3447,.F.);
#2509=ORIENTED_EDGE('',*,*,#3440,.T.);
#2510=ORIENTED_EDGE('',*,*,#3361,.F.);
#2511=ORIENTED_EDGE('',*,*,#3248,.T.);
#2512=ORIENTED_EDGE('',*,*,#3424,.T.);
#2513=ORIENTED_EDGE('',*,*,#3343,.F.);
#2514=ORIENTED_EDGE('',*,*,#3423,.F.);
#2515=ORIENTED_EDGE('',*,*,#3446,.F.);
#2516=ORIENTED_EDGE('',*,*,#3441,.T.);
#2517=ORIENTED_EDGE('',*,*,#3447,.T.);
#2518=ORIENTED_EDGE('',*,*,#3444,.T.);
#2519=EDGE_CURVE('',#3448,#3449,#4040,.F.);
#2520=EDGE_CURVE('',#3449,#3450,#519,.F.);
#2521=EDGE_CURVE('',#3451,#3450,#4041,.F.);
#2522=EDGE_CURVE('',#3451,#3452,#4042,.F.);
#2523=EDGE_CURVE('',#3452,#3448,#4043,.F.);
#2524=EDGE_CURVE('',#3449,#3453,#4044,.T.);
#2525=EDGE_CURVE('',#3454,#3448,#4045,.F.);
#2526=EDGE_CURVE('',#3453,#3454,#4046,.F.);
#2527=EDGE_CURVE('',#3450,#3455,#4047,.T.);
#2528=EDGE_CURVE('',#3456,#3455,#4048,.F.);
#2529=EDGE_CURVE('',#3456,#3451,#4049,.F.);
#2530=EDGE_CURVE('',#3455,#3453,#520,.F.);
#2531=EDGE_CURVE('',#3457,#3454,#4050,.F.);
#2532=EDGE_CURVE('',#3457,#3456,#4051,.F.);
#2533=EDGE_CURVE('',#3458,#3459,#4052,.T.);
#2534=EDGE_CURVE('',#3458,#3460,#521,.F.);
#2535=EDGE_CURVE('',#3460,#3461,#4053,.T.);
#2536=EDGE_CURVE('',#3462,#3461,#522,.T.);
#2537=EDGE_CURVE('',#3463,#3462,#4054,.T.);
#2538=EDGE_CURVE('',#3459,#3463,#523,.T.);
#2539=EDGE_CURVE('',#3464,#3465,#4055,.F.);
#2540=EDGE_CURVE('',#3464,#3466,#4056,.F.);
#2541=EDGE_CURVE('',#3467,#3466,#4057,.F.);
#2542=EDGE_CURVE('',#3467,#3465,#4058,.T.);
#2543=EDGE_CURVE('',#3468,#3469,#4059,.T.);
#2544=EDGE_CURVE('',#3468,#3470,#4060,.T.);
#2545=EDGE_CURVE('',#3470,#3471,#4061,.T.);
#2546=EDGE_CURVE('',#3469,#3471,#4062,.F.);
#2547=EDGE_CURVE('',#3472,#3473,#4063,.T.);
#2548=EDGE_CURVE('',#3472,#3474,#4064,.T.);
#2549=EDGE_CURVE('',#3474,#3475,#4065,.T.);
#2550=EDGE_CURVE('',#3473,#3475,#4066,.T.);
#2551=EDGE_CURVE('',#3476,#3477,#4067,.T.);
#2552=EDGE_CURVE('',#3477,#3478,#4068,.T.);
#2553=EDGE_CURVE('',#3479,#3478,#4069,.T.);
#2554=EDGE_CURVE('',#3476,#3479,#4070,.T.);
#2555=EDGE_CURVE('',#3480,#3481,#4071,.T.);
#2556=EDGE_CURVE('',#3480,#3482,#4072,.T.);
#2557=EDGE_CURVE('',#3482,#3483,#4073,.T.);
#2558=EDGE_CURVE('',#3481,#3483,#4074,.T.);
#2559=EDGE_CURVE('',#3484,#3485,#4075,.T.);
#2560=EDGE_CURVE('',#3486,#3484,#4076,.T.);
#2561=EDGE_CURVE('',#3486,#3487,#4077,.T.);
#2562=EDGE_CURVE('',#3487,#3485,#4078,.T.);
#2563=EDGE_CURVE('',#3488,#3484,#4079,.T.);
#2564=EDGE_CURVE('',#3489,#3488,#4080,.T.);
#2565=EDGE_CURVE('',#3489,#3486,#4081,.T.);
#2566=EDGE_CURVE('',#3490,#3491,#4082,.T.);
#2567=EDGE_CURVE('',#3492,#3490,#4083,.T.);
#2568=EDGE_CURVE('',#3492,#3493,#4084,.T.);
#2569=EDGE_CURVE('',#3493,#3491,#4085,.T.);
#2570=EDGE_CURVE('',#3494,#3476,#4086,.T.);
#2571=EDGE_CURVE('',#3495,#3494,#4087,.T.);
#2572=EDGE_CURVE('',#3496,#3495,#4088,.T.);
#2573=EDGE_CURVE('',#3487,#3496,#4089,.T.);
#2574=EDGE_CURVE('',#3474,#3489,#4090,.T.);
#2575=EDGE_CURVE('',#3493,#3472,#4091,.T.);
#2576=EDGE_CURVE('',#3497,#3492,#4092,.T.);
#2577=EDGE_CURVE('',#3498,#3497,#4093,.T.);
#2578=EDGE_CURVE('',#3482,#3498,#4094,.T.);
#2579=EDGE_CURVE('',#3480,#3477,#4095,.F.);
#2580=EDGE_CURVE('',#3499,#3500,#4096,.F.);
#2581=EDGE_CURVE('',#3501,#3499,#4097,.T.);
#2582=EDGE_CURVE('',#3502,#3501,#4098,.T.);
#2583=EDGE_CURVE('',#3469,#3502,#4099,.T.);
#2584=EDGE_CURVE('',#3471,#3503,#524,.F.);
#2585=EDGE_CURVE('',#3504,#3503,#4100,.T.);
#2586=EDGE_CURVE('',#3504,#3505,#525,.F.);
#2587=EDGE_CURVE('',#3506,#3505,#4101,.T.);
#2588=EDGE_CURVE('',#3506,#3507,#526,.T.);
#2589=EDGE_CURVE('',#3508,#3507,#4102,.T.);
#2590=EDGE_CURVE('',#3508,#3509,#527,.T.);
#2591=EDGE_CURVE('',#3509,#3510,#330,.F.);
#2592=EDGE_CURVE('',#3511,#3510,#4103,.T.);
#2593=EDGE_CURVE('',#3511,#3512,#528,.T.);
#2594=EDGE_CURVE('',#3513,#3512,#4104,.T.);
#2595=EDGE_CURVE('',#3513,#3514,#4105,.F.);
#2596=EDGE_CURVE('',#3515,#3514,#4106,.T.);
#2597=EDGE_CURVE('',#3515,#3490,#4107,.T.);
#2598=EDGE_CURVE('',#3491,#3473,#4108,.T.);
#2599=EDGE_CURVE('',#3475,#3488,#4109,.T.);
#2600=EDGE_CURVE('',#3485,#3516,#4110,.T.);
#2601=EDGE_CURVE('',#3516,#3517,#4111,.T.);
#2602=EDGE_CURVE('',#3517,#3518,#4112,.T.);
#2603=EDGE_CURVE('',#3519,#3518,#4113,.F.);
#2604=EDGE_CURVE('',#3519,#3520,#4114,.T.);
#2605=EDGE_CURVE('',#3521,#3520,#529,.T.);
#2606=EDGE_CURVE('',#3521,#3522,#4115,.T.);
#2607=EDGE_CURVE('',#3523,#3522,#331,.F.);
#2608=EDGE_CURVE('',#3524,#3523,#530,.T.);
#2609=EDGE_CURVE('',#3524,#3525,#4116,.T.);
#2610=EDGE_CURVE('',#3526,#3525,#531,.T.);
#2611=EDGE_CURVE('',#3526,#3527,#4117,.T.);
#2612=EDGE_CURVE('',#3528,#3527,#532,.F.);
#2613=EDGE_CURVE('',#3528,#3529,#4118,.T.);
#2614=EDGE_CURVE('',#3500,#3529,#533,.F.);
#2615=EDGE_CURVE('',#3530,#3531,#4119,.T.);
#2616=EDGE_CURVE('',#3530,#3481,#4120,.T.);
#2617=EDGE_CURVE('',#3483,#3531,#4121,.T.);
#2618=EDGE_CURVE('',#3532,#3479,#4122,.T.);
#2619=EDGE_CURVE('',#3478,#3533,#4123,.T.);
#2620=EDGE_CURVE('',#3533,#3532,#4124,.T.);
#2621=EDGE_CURVE('',#3515,#3497,#4125,.F.);
#2622=EDGE_CURVE('',#3496,#3516,#4126,.T.);
#2623=EDGE_CURVE('',#3534,#3477,#4127,.T.);
#2624=EDGE_CURVE('',#3535,#3480,#4128,.T.);
#2625=EDGE_CURVE('',#3534,#3535,#4129,.T.);
#2626=EDGE_CURVE('',#3536,#3458,#4130,.T.);
#2627=EDGE_CURVE('',#3459,#3537,#4131,.T.);
#2628=EDGE_CURVE('',#3536,#3537,#4132,.F.);
#2629=EDGE_CURVE('',#3538,#3539,#4133,.T.);
#2630=EDGE_CURVE('',#3538,#3540,#534,.T.);
#2631=EDGE_CURVE('',#3540,#3462,#4134,.F.);
#2632=EDGE_CURVE('',#3461,#3541,#4135,.T.);
#2633=EDGE_CURVE('',#3541,#3542,#4136,.T.);
#2634=EDGE_CURVE('',#3542,#3543,#4137,.F.);
#2635=EDGE_CURVE('',#3543,#3544,#535,.T.);
#2636=EDGE_CURVE('',#3545,#3544,#4138,.T.);
#2637=EDGE_CURVE('',#3545,#3546,#536,.T.);
#2638=EDGE_CURVE('',#3546,#3547,#4139,.T.);
#2639=EDGE_CURVE('',#3547,#3548,#4140,.T.);
#2640=EDGE_CURVE('',#3549,#3548,#4141,.T.);
#2641=EDGE_CURVE('',#3549,#3550,#4142,.T.);
#2642=EDGE_CURVE('',#3550,#3551,#537,.F.);
#2643=EDGE_CURVE('',#3552,#3551,#4143,.T.);
#2644=EDGE_CURVE('',#3552,#3553,#538,.F.);
#2645=EDGE_CURVE('',#3473,#3553,#4144,.T.);
#2646=EDGE_CURVE('',#3554,#3472,#4145,.T.);
#2647=EDGE_CURVE('',#3555,#3554,#4146,.F.);
#2648=EDGE_CURVE('',#3555,#3556,#4147,.T.);
#2649=EDGE_CURVE('',#3557,#3556,#4148,.T.);
#2650=EDGE_CURVE('',#3558,#3557,#4149,.T.);
#2651=EDGE_CURVE('',#3559,#3558,#4150,.T.);
#2652=EDGE_CURVE('',#3474,#3559,#4151,.F.);
#2653=EDGE_CURVE('',#3560,#3475,#4152,.F.);
#2654=EDGE_CURVE('',#3561,#3560,#539,.F.);
#2655=EDGE_CURVE('',#3561,#3562,#4153,.T.);
#2656=EDGE_CURVE('',#3563,#3562,#540,.F.);
#2657=EDGE_CURVE('',#3564,#3563,#4154,.T.);
#2658=EDGE_CURVE('',#3564,#3565,#4155,.T.);
#2659=EDGE_CURVE('',#3565,#3566,#4156,.F.);
#2660=EDGE_CURVE('',#3566,#3567,#4157,.F.);
#2661=EDGE_CURVE('',#3567,#3568,#541,.F.);
#2662=EDGE_CURVE('',#3568,#3569,#4158,.T.);
#2663=EDGE_CURVE('',#3569,#3570,#542,.F.);
#2664=EDGE_CURVE('',#3570,#3571,#4159,.T.);
#2665=EDGE_CURVE('',#3571,#3539,#4160,.F.);
#2666=EDGE_CURVE('',#3452,#3457,#4161,.F.);
#2667=EDGE_CURVE('',#3572,#3573,#4162,.F.);
#2668=EDGE_CURVE('',#3574,#3572,#4163,.F.);
#2669=EDGE_CURVE('',#3575,#3574,#4164,.F.);
#2670=EDGE_CURVE('',#3573,#3575,#4165,.F.);
#2671=EDGE_CURVE('',#3576,#3577,#4166,.F.);
#2672=EDGE_CURVE('',#3578,#3576,#4167,.F.);
#2673=EDGE_CURVE('',#3579,#3578,#4168,.F.);
#2674=EDGE_CURVE('',#3577,#3579,#4169,.F.);
#2675=EDGE_CURVE('',#3580,#3581,#4170,.F.);
#2676=EDGE_CURVE('',#3580,#3536,#4171,.F.);
#2677=EDGE_CURVE('',#3537,#3582,#4172,.F.);
#2678=EDGE_CURVE('',#3582,#3583,#4173,.F.);
#2679=EDGE_CURVE('',#3584,#3583,#4174,.F.);
#2680=EDGE_CURVE('',#3585,#3584,#4175,.F.);
#2681=EDGE_CURVE('',#3585,#3581,#4176,.F.);
#2682=EDGE_CURVE('',#3463,#3586,#4177,.F.);
#2683=EDGE_CURVE('',#3586,#3587,#543,.T.);
#2684=EDGE_CURVE('',#3587,#3582,#4178,.T.);
#2685=EDGE_CURVE('',#3587,#3588,#4179,.T.);
#2686=EDGE_CURVE('',#3583,#3588,#4180,.T.);
#2687=EDGE_CURVE('',#3581,#3589,#4181,.T.);
#2688=EDGE_CURVE('',#3590,#3585,#4182,.T.);
#2689=EDGE_CURVE('',#3589,#3590,#4183,.T.);
#2690=EDGE_CURVE('',#3540,#3586,#4184,.T.);
#2691=EDGE_CURVE('',#3577,#3591,#4185,.F.);
#2692=EDGE_CURVE('',#3591,#3592,#4186,.F.);
#2693=EDGE_CURVE('',#3576,#3592,#4187,.F.);
#2694=EDGE_CURVE('',#3579,#3593,#4188,.F.);
#2695=EDGE_CURVE('',#3593,#3591,#4189,.F.);
#2696=EDGE_CURVE('',#3578,#3594,#4190,.F.);
#2697=EDGE_CURVE('',#3594,#3593,#4191,.F.);
#2698=EDGE_CURVE('',#3592,#3594,#4192,.F.);
#2699=EDGE_CURVE('',#3573,#3595,#4193,.F.);
#2700=EDGE_CURVE('',#3595,#3596,#4194,.F.);
#2701=EDGE_CURVE('',#3572,#3596,#4195,.F.);
#2702=EDGE_CURVE('',#3575,#3597,#4196,.F.);
#2703=EDGE_CURVE('',#3597,#3595,#4197,.F.);
#2704=EDGE_CURVE('',#3574,#3598,#4198,.F.);
#2705=EDGE_CURVE('',#3598,#3597,#4199,.F.);
#2706=EDGE_CURVE('',#3596,#3598,#4200,.F.);
#2707=EDGE_CURVE('',#3460,#3599,#4201,.T.);
#2708=EDGE_CURVE('',#3599,#3541,#4202,.T.);
#2709=EDGE_CURVE('',#3548,#3600,#4203,.T.);
#2710=EDGE_CURVE('',#3601,#3600,#4204,.T.);
#2711=EDGE_CURVE('',#3549,#3601,#4205,.T.);
#2712=EDGE_CURVE('',#3544,#3602,#332,.T.);
#2713=EDGE_CURVE('',#3602,#3603,#4206,.T.);
#2714=EDGE_CURVE('',#3603,#3604,#4207,.T.);
#2715=EDGE_CURVE('',#3604,#3605,#4208,.T.);
#2716=EDGE_CURVE('',#3605,#3606,#4209,.T.);
#2717=EDGE_CURVE('',#3606,#3607,#544,.F.);
#2718=EDGE_CURVE('',#3607,#3608,#4210,.T.);
#2719=EDGE_CURVE('',#3608,#3545,#333,.F.);
#2720=EDGE_CURVE('',#3600,#3599,#4211,.T.);
#2721=EDGE_CURVE('',#3609,#3580,#4212,.T.);
#2722=EDGE_CURVE('',#3609,#3610,#545,.F.);
#2723=EDGE_CURVE('',#3610,#3611,#4213,.T.);
#2724=EDGE_CURVE('',#3611,#3612,#546,.F.);
#2725=EDGE_CURVE('',#3612,#3601,#4214,.T.);
#2726=EDGE_CURVE('',#3613,#3614,#4215,.F.);
#2727=EDGE_CURVE('',#3614,#3615,#4216,.F.);
#2728=EDGE_CURVE('',#3615,#3616,#4217,.T.);
#2729=EDGE_CURVE('',#3616,#3613,#4218,.T.);
#2730=EDGE_CURVE('',#3617,#3618,#4219,.F.);
#2731=EDGE_CURVE('',#3618,#3619,#4220,.F.);
#2732=EDGE_CURVE('',#3619,#3620,#4221,.T.);
#2733=EDGE_CURVE('',#3620,#3617,#4222,.T.);
#2734=EDGE_CURVE('',#3621,#3622,#4223,.F.);
#2735=EDGE_CURVE('',#3622,#3623,#4224,.F.);
#2736=EDGE_CURVE('',#3623,#3624,#4225,.T.);
#2737=EDGE_CURVE('',#3624,#3621,#4226,.T.);
#2738=EDGE_CURVE('',#3625,#3626,#4227,.F.);
#2739=EDGE_CURVE('',#3626,#3627,#4228,.F.);
#2740=EDGE_CURVE('',#3627,#3628,#4229,.T.);
#2741=EDGE_CURVE('',#3628,#3625,#4230,.T.);
#2742=EDGE_CURVE('',#3629,#3630,#4231,.F.);
#2743=EDGE_CURVE('',#3630,#3631,#4232,.F.);
#2744=EDGE_CURVE('',#3631,#3632,#4233,.T.);
#2745=EDGE_CURVE('',#3632,#3629,#4234,.T.);
#2746=EDGE_CURVE('',#3633,#3634,#547,.F.);
#2747=EDGE_CURVE('',#3633,#3635,#4235,.F.);
#2748=EDGE_CURVE('',#3635,#3636,#4236,.F.);
#2749=EDGE_CURVE('',#3636,#3637,#4237,.F.);
#2750=EDGE_CURVE('',#3637,#3638,#4238,.F.);
#2751=EDGE_CURVE('',#3638,#3639,#4239,.F.);
#2752=EDGE_CURVE('',#3640,#3639,#548,.F.);
#2753=EDGE_CURVE('',#3640,#3641,#4240,.F.);
#2754=EDGE_CURVE('',#3641,#3642,#549,.T.);
#2755=EDGE_CURVE('',#3642,#3643,#4241,.F.);
#2756=EDGE_CURVE('',#3643,#3644,#4242,.F.);
#2757=EDGE_CURVE('',#3644,#3645,#4243,.F.);
#2758=EDGE_CURVE('',#3645,#3634,#4244,.F.);
#2759=EDGE_CURVE('',#3612,#3550,#4245,.F.);
#2760=EDGE_CURVE('',#3610,#3552,#4246,.F.);
#2761=EDGE_CURVE('',#3551,#3611,#4247,.T.);
#2762=EDGE_CURVE('',#3554,#3589,#4248,.T.);
#2763=EDGE_CURVE('',#3553,#3609,#4249,.T.);
#2764=EDGE_CURVE('',#3555,#3646,#4250,.T.);
#2765=EDGE_CURVE('',#3646,#3647,#4251,.T.);
#2766=EDGE_CURVE('',#3556,#3647,#4252,.T.);
#2767=EDGE_CURVE('',#3648,#3649,#4253,.T.);
#2768=EDGE_CURVE('',#3648,#3650,#550,.T.);
#2769=EDGE_CURVE('',#3650,#3651,#4254,.F.);
#2770=EDGE_CURVE('',#3651,#3646,#551,.T.);
#2771=EDGE_CURVE('',#3590,#3559,#4255,.T.);
#2772=EDGE_CURVE('',#3558,#3652,#4256,.T.);
#2773=EDGE_CURVE('',#3652,#3467,#552,.T.);
#2774=EDGE_CURVE('',#3466,#3653,#553,.T.);
#2775=EDGE_CURVE('',#3654,#3653,#4257,.T.);
#2776=EDGE_CURVE('',#3654,#3655,#4258,.T.);
#2777=EDGE_CURVE('',#3655,#3656,#4259,.T.);
#2778=EDGE_CURVE('',#3656,#3657,#4260,.F.);
#2779=EDGE_CURVE('',#3657,#3658,#4261,.T.);
#2780=EDGE_CURVE('',#3658,#3659,#4262,.F.);
#2781=EDGE_CURVE('',#3659,#3660,#4263,.T.);
#2782=EDGE_CURVE('',#3660,#3661,#4264,.T.);
#2783=EDGE_CURVE('',#3662,#3661,#4265,.T.);
#2784=EDGE_CURVE('',#3663,#3662,#4266,.T.);
#2785=EDGE_CURVE('',#3664,#3663,#334,.T.);
#2786=EDGE_CURVE('',#3664,#3665,#4267,.T.);
#2787=EDGE_CURVE('',#3665,#3666,#4268,.T.);
#2788=EDGE_CURVE('',#3666,#3667,#4269,.T.);
#2789=EDGE_CURVE('',#3668,#3667,#4270,.T.);
#2790=EDGE_CURVE('',#3534,#3668,#4271,.T.);
#2791=EDGE_CURVE('',#3669,#3535,#4272,.T.);
#2792=EDGE_CURVE('',#3669,#3670,#4273,.T.);
#2793=EDGE_CURVE('',#3670,#3671,#4274,.T.);
#2794=EDGE_CURVE('',#3671,#3672,#4275,.T.);
#2795=EDGE_CURVE('',#3672,#3673,#4276,.T.);
#2796=EDGE_CURVE('',#3673,#3674,#335,.T.);
#2797=EDGE_CURVE('',#3674,#3675,#4277,.T.);
#2798=EDGE_CURVE('',#3675,#3676,#4278,.T.);
#2799=EDGE_CURVE('',#3677,#3676,#4279,.T.);
#2800=EDGE_CURVE('',#3677,#3678,#4280,.T.);
#2801=EDGE_CURVE('',#3678,#3679,#4281,.T.);
#2802=EDGE_CURVE('',#3680,#3679,#4282,.T.);
#2803=EDGE_CURVE('',#3681,#3680,#4283,.F.);
#2804=EDGE_CURVE('',#3682,#3681,#4284,.T.);
#2805=EDGE_CURVE('',#3682,#3649,#4285,.F.);
#2806=EDGE_CURVE('',#3588,#3683,#554,.F.);
#2807=EDGE_CURVE('',#3683,#3684,#4286,.T.);
#2808=EDGE_CURVE('',#3684,#3685,#4287,.F.);
#2809=EDGE_CURVE('',#3686,#3685,#4288,.T.);
#2810=EDGE_CURVE('',#3687,#3686,#4289,.T.);
#2811=EDGE_CURVE('',#3688,#3687,#555,.F.);
#2812=EDGE_CURVE('',#3689,#3688,#4290,.T.);
#2813=EDGE_CURVE('',#3690,#3689,#556,.F.);
#2814=EDGE_CURVE('',#3690,#3584,#4291,.T.);
#2815=EDGE_CURVE('',#3689,#3561,#4292,.F.);
#2816=EDGE_CURVE('',#3562,#3688,#4293,.T.);
#2817=EDGE_CURVE('',#3564,#3686,#4294,.T.);
#2818=EDGE_CURVE('',#3687,#3563,#4295,.F.);
#2819=EDGE_CURVE('',#3560,#3690,#4296,.T.);
#2820=EDGE_CURVE('',#3683,#3538,#4297,.F.);
#2821=EDGE_CURVE('',#3539,#3684,#4298,.F.);
#2822=EDGE_CURVE('',#3570,#3691,#4299,.T.);
#2823=EDGE_CURVE('',#3691,#3692,#4300,.T.);
#2824=EDGE_CURVE('',#3692,#3571,#4301,.F.);
#2825=EDGE_CURVE('',#3693,#3694,#4302,.F.);
#2826=EDGE_CURVE('',#3694,#3695,#4303,.F.);
#2827=EDGE_CURVE('',#3695,#3696,#4304,.T.);
#2828=EDGE_CURVE('',#3696,#3693,#4305,.T.);
#2829=EDGE_CURVE('',#3697,#3698,#4306,.F.);
#2830=EDGE_CURVE('',#3698,#3699,#4307,.T.);
#2831=EDGE_CURVE('',#3699,#3700,#4308,.T.);
#2832=EDGE_CURVE('',#3700,#3697,#4309,.F.);
#2833=EDGE_CURVE('',#3701,#3702,#4310,.F.);
#2834=EDGE_CURVE('',#3702,#3703,#4311,.T.);
#2835=EDGE_CURVE('',#3703,#3704,#4312,.T.);
#2836=EDGE_CURVE('',#3704,#3701,#4313,.F.);
#2837=EDGE_CURVE('',#3705,#3706,#4314,.F.);
#2838=EDGE_CURVE('',#3706,#3707,#4315,.F.);
#2839=EDGE_CURVE('',#3707,#3708,#4316,.T.);
#2840=EDGE_CURVE('',#3708,#3705,#4317,.T.);
#2841=EDGE_CURVE('',#3685,#3565,#4318,.F.);
#2842=EDGE_CURVE('',#3568,#3709,#336,.T.);
#2843=EDGE_CURVE('',#3709,#3710,#4319,.F.);
#2844=EDGE_CURVE('',#3711,#3710,#557,.F.);
#2845=EDGE_CURVE('',#3711,#3712,#4320,.F.);
#2846=EDGE_CURVE('',#3712,#3713,#4321,.F.);
#2847=EDGE_CURVE('',#3713,#3714,#4322,.F.);
#2848=EDGE_CURVE('',#3714,#3569,#4323,.F.);
#2849=EDGE_CURVE('',#3715,#3716,#4324,.T.);
#2850=EDGE_CURVE('',#3716,#3717,#4325,.T.);
#2851=EDGE_CURVE('',#3717,#3718,#4326,.T.);
#2852=EDGE_CURVE('',#3718,#3719,#4327,.T.);
#2853=EDGE_CURVE('',#3719,#3720,#4328,.T.);
#2854=EDGE_CURVE('',#3720,#3721,#4329,.T.);
#2855=EDGE_CURVE('',#3721,#3722,#4330,.T.);
#2856=EDGE_CURVE('',#3723,#3722,#558,.T.);
#2857=EDGE_CURVE('',#3723,#3724,#4331,.T.);
#2858=EDGE_CURVE('',#3725,#3724,#559,.T.);
#2859=EDGE_CURVE('',#3725,#3726,#4332,.T.);
#2860=EDGE_CURVE('',#3726,#3715,#4333,.T.);
#2861=EDGE_CURVE('',#3557,#3727,#4334,.T.);
#2862=EDGE_CURVE('',#3727,#3652,#4335,.F.);
#2863=EDGE_CURVE('',#3728,#3729,#4336,.F.);
#2864=EDGE_CURVE('',#3729,#3730,#560,.T.);
#2865=EDGE_CURVE('',#3731,#3730,#4337,.T.);
#2866=EDGE_CURVE('',#3732,#3731,#4338,.T.);
#2867=EDGE_CURVE('',#3733,#3732,#4339,.T.);
#2868=EDGE_CURVE('',#3733,#3464,#561,.T.);
#2869=EDGE_CURVE('',#3465,#3727,#562,.T.);
#2870=EDGE_CURVE('',#3647,#3728,#563,.T.);
#2871=EDGE_CURVE('',#3650,#3729,#4340,.F.);
#2872=EDGE_CURVE('',#3728,#3651,#4341,.F.);
#2873=EDGE_CURVE('',#3672,#3734,#4342,.T.);
#2874=EDGE_CURVE('',#3734,#3513,#564,.F.);
#2875=EDGE_CURVE('',#3512,#3735,#4343,.F.);
#2876=EDGE_CURVE('',#3735,#3673,#337,.T.);
#2877=EDGE_CURVE('',#3736,#3659,#338,.T.);
#2878=EDGE_CURVE('',#3660,#3736,#339,.T.);
#2879=EDGE_CURVE('',#3498,#3531,#4344,.T.);
#2880=EDGE_CURVE('',#3497,#3670,#4345,.F.);
#2881=EDGE_CURVE('',#3669,#3530,#4346,.T.);
#2882=EDGE_CURVE('',#3737,#3738,#340,.T.);
#2883=EDGE_CURVE('',#3738,#3508,#4347,.T.);
#2884=EDGE_CURVE('',#3507,#3737,#4348,.F.);
#2885=EDGE_CURVE('',#3677,#3739,#341,.T.);
#2886=EDGE_CURVE('',#3739,#3678,#342,.T.);
#2887=EDGE_CURVE('',#3510,#3740,#343,.T.);
#2888=EDGE_CURVE('',#3740,#3511,#4349,.T.);
#2889=EDGE_CURVE('',#3514,#3741,#259,.F.);
#2890=EDGE_CURVE('',#3671,#3741,#4350,.T.);
#2891=EDGE_CURVE('',#3741,#3734,#4351,.T.);
#2892=EDGE_CURVE('',#3505,#3742,#4352,.T.);
#2893=EDGE_CURVE('',#3742,#3743,#344,.T.);
#2894=EDGE_CURVE('',#3743,#3506,#4353,.T.);
#2895=EDGE_CURVE('',#3503,#3744,#4354,.F.);
#2896=EDGE_CURVE('',#3745,#3744,#4355,.T.);
#2897=EDGE_CURVE('',#3745,#3746,#4356,.T.);
#2898=EDGE_CURVE('',#3746,#3747,#4357,.T.);
#2899=EDGE_CURVE('',#3747,#3748,#345,.T.);
#2900=EDGE_CURVE('',#3748,#3504,#4358,.F.);
#2901=EDGE_CURVE('',#3749,#3750,#4359,.F.);
#2902=EDGE_CURVE('',#3749,#3751,#346,.F.);
#2903=EDGE_CURVE('',#3751,#3739,#4360,.F.);
#2904=EDGE_CURVE('',#3752,#3739,#347,.F.);
#2905=EDGE_CURVE('',#3750,#3752,#348,.F.);
#2906=EDGE_CURVE('',#3742,#3748,#349,.T.);
#2907=EDGE_CURVE('',#3753,#3747,#4361,.F.);
#2908=EDGE_CURVE('',#3753,#3749,#350,.F.);
#2909=EDGE_CURVE('',#3754,#3750,#351,.F.);
#2910=EDGE_CURVE('',#3738,#3754,#352,.F.);
#2911=EDGE_CURVE('',#3737,#3743,#353,.T.);
#2912=EDGE_CURVE('',#3755,#3756,#4362,.T.);
#2913=EDGE_CURVE('',#3755,#3753,#4363,.T.);
#2914=EDGE_CURVE('',#3756,#3746,#4364,.T.);
#2915=EDGE_CURVE('',#3679,#3751,#354,.T.);
#2916=EDGE_CURVE('',#3757,#3745,#4365,.T.);
#2917=EDGE_CURVE('',#3757,#3756,#4366,.T.);
#2918=EDGE_CURVE('',#3681,#3755,#4367,.T.);
#2919=EDGE_CURVE('',#3758,#3757,#4368,.T.);
#2920=EDGE_CURVE('',#3758,#3682,#260,.F.);
#2921=EDGE_CURVE('',#3749,#3680,#4369,.T.);
#2922=EDGE_CURVE('',#3468,#3759,#4370,.T.);
#2923=EDGE_CURVE('',#3759,#3758,#4371,.T.);
#2924=EDGE_CURVE('',#3744,#3470,#261,.F.);
#2925=EDGE_CURVE('',#3674,#3760,#355,.T.);
#2926=EDGE_CURVE('',#3760,#3761,#356,.T.);
#2927=EDGE_CURVE('',#3761,#3675,#357,.T.);
#2928=EDGE_CURVE('',#3762,#3676,#358,.T.);
#2929=EDGE_CURVE('',#3762,#3738,#359,.T.);
#2930=EDGE_CURVE('',#3761,#3763,#360,.T.);
#2931=EDGE_CURVE('',#3763,#3762,#4372,.T.);
#2932=EDGE_CURVE('',#3760,#3735,#565,.T.);
#2933=EDGE_CURVE('',#3740,#3760,#566,.T.);
#2934=EDGE_CURVE('',#3509,#3763,#361,.T.);
#2935=EDGE_CURVE('',#3740,#3735,#567,.F.);
#2936=EDGE_CURVE('',#3495,#3667,#4373,.F.);
#2937=EDGE_CURVE('',#3494,#3532,#4374,.T.);
#2938=EDGE_CURVE('',#3668,#3533,#4375,.T.);
#2939=EDGE_CURVE('',#3764,#3765,#362,.T.);
#2940=EDGE_CURVE('',#3525,#3764,#4376,.F.);
#2941=EDGE_CURVE('',#3765,#3524,#4377,.T.);
#2942=EDGE_CURVE('',#3766,#3664,#363,.T.);
#2943=EDGE_CURVE('',#3520,#3766,#4378,.F.);
#2944=EDGE_CURVE('',#3767,#3519,#568,.F.);
#2945=EDGE_CURVE('',#3665,#3767,#4379,.T.);
#2946=EDGE_CURVE('',#3522,#3768,#364,.T.);
#2947=EDGE_CURVE('',#3768,#3521,#4380,.T.);
#2948=EDGE_CURVE('',#3666,#3769,#4381,.T.);
#2949=EDGE_CURVE('',#3518,#3769,#262,.F.);
#2950=EDGE_CURVE('',#3517,#3495,#4382,.F.);
#2951=EDGE_CURVE('',#3769,#3767,#4383,.T.);
#2952=EDGE_CURVE('',#3770,#3526,#4384,.T.);
#2953=EDGE_CURVE('',#3771,#3770,#365,.T.);
#2954=EDGE_CURVE('',#3527,#3771,#4385,.T.);
#2955=EDGE_CURVE('',#3772,#3528,#4386,.F.);
#2956=EDGE_CURVE('',#3773,#3772,#366,.T.);
#2957=EDGE_CURVE('',#3774,#3773,#4387,.T.);
#2958=EDGE_CURVE('',#3775,#3774,#4388,.T.);
#2959=EDGE_CURVE('',#3775,#3776,#4389,.T.);
#2960=EDGE_CURVE('',#3529,#3776,#4390,.F.);
#2961=EDGE_CURVE('',#3777,#3778,#4391,.T.);
#2962=EDGE_CURVE('',#3777,#3499,#4392,.T.);
#2963=EDGE_CURVE('',#3778,#3500,#4393,.T.);
#2964=EDGE_CURVE('',#3779,#3780,#4394,.T.);
#2965=EDGE_CURVE('',#3781,#3779,#367,.T.);
#2966=EDGE_CURVE('',#3736,#3781,#368,.T.);
#2967=EDGE_CURVE('',#3782,#3736,#4395,.F.);
#2968=EDGE_CURVE('',#3780,#3782,#369,.F.);
#2969=EDGE_CURVE('',#3764,#3770,#370,.T.);
#2970=EDGE_CURVE('',#3783,#3765,#371,.T.);
#2971=EDGE_CURVE('',#3779,#3783,#372,.T.);
#2972=EDGE_CURVE('',#3784,#3780,#373,.F.);
#2973=EDGE_CURVE('',#3784,#3773,#4396,.F.);
#2974=EDGE_CURVE('',#3771,#3772,#374,.T.);
#2975=EDGE_CURVE('',#3785,#3786,#4397,.T.);
#2976=EDGE_CURVE('',#3786,#3774,#4398,.T.);
#2977=EDGE_CURVE('',#3785,#3784,#4399,.T.);
#2978=EDGE_CURVE('',#3658,#3782,#375,.T.);
#2979=EDGE_CURVE('',#3787,#3786,#4400,.T.);
#2980=EDGE_CURVE('',#3787,#3775,#4401,.T.);
#2981=EDGE_CURVE('',#3655,#3788,#263,.F.);
#2982=EDGE_CURVE('',#3788,#3787,#4402,.T.);
#2983=EDGE_CURVE('',#3656,#3785,#4403,.T.);
#2984=EDGE_CURVE('',#3780,#3657,#4404,.T.);
#2985=EDGE_CURVE('',#3788,#3789,#4405,.F.);
#2986=EDGE_CURVE('',#3789,#3777,#4406,.T.);
#2987=EDGE_CURVE('',#3776,#3778,#264,.F.);
#2988=EDGE_CURVE('',#3663,#3790,#376,.T.);
#2989=EDGE_CURVE('',#3791,#3662,#377,.T.);
#2990=EDGE_CURVE('',#3790,#3791,#378,.T.);
#2991=EDGE_CURVE('',#3792,#3661,#379,.T.);
#2992=EDGE_CURVE('',#3792,#3765,#380,.T.);
#2993=EDGE_CURVE('',#3791,#3793,#381,.T.);
#2994=EDGE_CURVE('',#3793,#3792,#4407,.T.);
#2995=EDGE_CURVE('',#3790,#3766,#569,.T.);
#2996=EDGE_CURVE('',#3523,#3793,#382,.T.);
#2997=EDGE_CURVE('',#3768,#3790,#570,.T.);
#2998=EDGE_CURVE('',#3768,#3766,#571,.F.);
#2999=EDGE_CURVE('',#3631,#3626,#572,.T.);
#3000=EDGE_CURVE('',#3625,#3632,#573,.F.);
#3001=EDGE_CURVE('',#3627,#3622,#574,.T.);
#3002=EDGE_CURVE('',#3621,#3628,#575,.F.);
#3003=EDGE_CURVE('',#3619,#3614,#576,.T.);
#3004=EDGE_CURVE('',#3613,#3620,#577,.F.);
#3005=EDGE_CURVE('',#3623,#3618,#578,.T.);
#3006=EDGE_CURVE('',#3617,#3624,#579,.F.);
#3007=EDGE_CURVE('',#3632,#3641,#580,.T.);
#3008=EDGE_CURVE('',#3625,#3642,#581,.F.);
#3009=EDGE_CURVE('',#3630,#3608,#582,.F.);
#3010=EDGE_CURVE('',#3546,#3630,#583,.T.);
#3011=EDGE_CURVE('',#3631,#3607,#584,.T.);
#3012=EDGE_CURVE('',#3628,#3643,#585,.F.);
#3013=EDGE_CURVE('',#3629,#3640,#586,.T.);
#3014=EDGE_CURVE('',#3547,#3629,#587,.T.);
#3015=EDGE_CURVE('',#3626,#3606,#588,.T.);
#3016=EDGE_CURVE('',#3621,#3643,#589,.F.);
#3017=EDGE_CURVE('',#3547,#3639,#590,.F.);
#3018=EDGE_CURVE('',#3627,#3605,#591,.T.);
#3019=EDGE_CURVE('',#3644,#3624,#592,.T.);
#3020=EDGE_CURVE('',#3548,#3638,#265,.T.);
#3021=EDGE_CURVE('',#3622,#3605,#593,.T.);
#3022=EDGE_CURVE('',#3644,#3617,#594,.T.);
#3023=EDGE_CURVE('',#3600,#3637,#266,.T.);
#3024=EDGE_CURVE('',#3623,#3604,#595,.T.);
#3025=EDGE_CURVE('',#3645,#3620,#596,.T.);
#3026=EDGE_CURVE('',#3636,#3599,#267,.F.);
#3027=EDGE_CURVE('',#3618,#3604,#597,.T.);
#3028=EDGE_CURVE('',#3645,#3613,#598,.T.);
#3029=EDGE_CURVE('',#3635,#3541,#268,.F.);
#3030=EDGE_CURVE('',#3619,#3603,#599,.T.);
#3031=EDGE_CURVE('',#3634,#3616,#600,.T.);
#3032=EDGE_CURVE('',#3542,#3633,#601,.T.);
#3033=EDGE_CURVE('',#3614,#3603,#602,.T.);
#3034=EDGE_CURVE('',#3542,#3616,#603,.F.);
#3035=EDGE_CURVE('',#3615,#3602,#604,.T.);
#3036=EDGE_CURVE('',#3543,#3615,#605,.T.);
#3037=EDGE_CURVE('',#3571,#3718,#269,.F.);
#3038=EDGE_CURVE('',#3539,#3717,#270,.F.);
#3039=EDGE_CURVE('',#3684,#3716,#271,.F.);
#3040=EDGE_CURVE('',#3692,#3719,#606,.F.);
#3041=EDGE_CURVE('',#3685,#3715,#272,.F.);
#3042=EDGE_CURVE('',#3694,#3719,#607,.T.);
#3043=EDGE_CURVE('',#3692,#3694,#608,.T.);
#3044=EDGE_CURVE('',#3565,#3726,#273,.F.);
#3045=EDGE_CURVE('',#3691,#3714,#609,.T.);
#3046=EDGE_CURVE('',#3691,#3695,#610,.F.);
#3047=EDGE_CURVE('',#3693,#3720,#611,.F.);
#3048=EDGE_CURVE('',#3725,#3566,#612,.F.);
#3049=EDGE_CURVE('',#3714,#3695,#613,.T.);
#3050=EDGE_CURVE('',#3697,#3720,#614,.T.);
#3051=EDGE_CURVE('',#3693,#3697,#615,.T.);
#3052=EDGE_CURVE('',#3724,#3705,#616,.T.);
#3053=EDGE_CURVE('',#3705,#3566,#617,.F.);
#3054=EDGE_CURVE('',#3713,#3696,#618,.F.);
#3055=EDGE_CURVE('',#3696,#3698,#619,.F.);
#3056=EDGE_CURVE('',#3700,#3721,#620,.F.);
#3057=EDGE_CURVE('',#3722,#3704,#621,.T.);
#3058=EDGE_CURVE('',#3721,#3701,#622,.F.);
#3059=EDGE_CURVE('',#3723,#3706,#623,.F.);
#3060=EDGE_CURVE('',#3708,#3567,#624,.F.);
#3061=EDGE_CURVE('',#3713,#3698,#625,.T.);
#3062=EDGE_CURVE('',#3700,#3701,#626,.T.);
#3063=EDGE_CURVE('',#3704,#3706,#627,.F.);
#3064=EDGE_CURVE('',#3708,#3709,#628,.F.);
#3065=EDGE_CURVE('',#3712,#3699,#629,.F.);
#3066=EDGE_CURVE('',#3699,#3702,#630,.F.);
#3067=EDGE_CURVE('',#3703,#3707,#631,.F.);
#3068=EDGE_CURVE('',#3707,#3710,#632,.F.);
#3069=EDGE_CURVE('',#3702,#3712,#633,.F.);
#3070=EDGE_CURVE('',#3703,#3711,#634,.T.);
#3071=EDGE_CURVE('',#3653,#3733,#4408,.T.);
#3072=EDGE_CURVE('',#3501,#3732,#4409,.F.);
#3073=EDGE_CURVE('',#3789,#3654,#274,.T.);
#3074=EDGE_CURVE('',#3730,#3648,#4410,.T.);
#3075=EDGE_CURVE('',#3649,#3759,#275,.T.);
#3076=EDGE_CURVE('',#3502,#3731,#4411,.F.);
#3077=EDGE_CURVE('',#3794,#3795,#4412,.T.);
#3078=EDGE_CURVE('',#3796,#3794,#4413,.F.);
#3079=EDGE_CURVE('',#3796,#3797,#4414,.T.);
#3080=EDGE_CURVE('',#3797,#3795,#4415,.F.);
#3081=EDGE_CURVE('',#3798,#3799,#4416,.T.);
#3082=EDGE_CURVE('',#3800,#3798,#4417,.T.);
#3083=EDGE_CURVE('',#3800,#3801,#4418,.T.);
#3084=EDGE_CURVE('',#3801,#3799,#4419,.T.);
#3085=EDGE_CURVE('',#3802,#3798,#4420,.F.);
#3086=EDGE_CURVE('',#3803,#3799,#4421,.F.);
#3087=EDGE_CURVE('',#3803,#3802,#4422,.T.);
#3088=EDGE_CURVE('',#3794,#3804,#4423,.F.);
#3089=EDGE_CURVE('',#3795,#3805,#4424,.F.);
#3090=EDGE_CURVE('',#3804,#3805,#4425,.T.);
#3091=EDGE_CURVE('',#3806,#3807,#4426,.T.);
#3092=EDGE_CURVE('',#3808,#3807,#4427,.F.);
#3093=EDGE_CURVE('',#3809,#3808,#4428,.F.);
#3094=EDGE_CURVE('',#3809,#3806,#4429,.F.);
#3095=EDGE_CURVE('',#3810,#3811,#4430,.F.);
#3096=EDGE_CURVE('',#3812,#3811,#4431,.F.);
#3097=EDGE_CURVE('',#3813,#3812,#4432,.F.);
#3098=EDGE_CURVE('',#3813,#3810,#4433,.F.);
#3099=EDGE_CURVE('',#3808,#3813,#4434,.T.);
#3100=EDGE_CURVE('',#3809,#3812,#4435,.T.);
#3101=EDGE_CURVE('',#3810,#3814,#4436,.T.);
#3102=EDGE_CURVE('',#3814,#3815,#4437,.T.);
#3103=EDGE_CURVE('',#3811,#3815,#4438,.T.);
#3104=EDGE_CURVE('',#3816,#3817,#383,.T.);
#3105=EDGE_CURVE('',#3818,#3817,#384,.T.);
#3106=EDGE_CURVE('',#3819,#3818,#385,.F.);
#3107=EDGE_CURVE('',#3819,#3820,#386,.T.);
#3108=EDGE_CURVE('',#3820,#3816,#387,.F.);
#3109=EDGE_CURVE('',#3816,#3821,#388,.T.);
#3110=EDGE_CURVE('',#3820,#3822,#389,.T.);
#3111=EDGE_CURVE('',#3822,#3821,#4439,.F.);
#3112=EDGE_CURVE('',#3823,#3824,#390,.T.);
#3113=EDGE_CURVE('',#3825,#3824,#391,.F.);
#3114=EDGE_CURVE('',#3826,#3825,#392,.T.);
#3115=EDGE_CURVE('',#3827,#3826,#393,.T.);
#3116=EDGE_CURVE('',#3827,#3823,#4440,.F.);
#3117=EDGE_CURVE('',#3828,#3824,#394,.F.);
#3118=EDGE_CURVE('',#3829,#3828,#4441,.T.);
#3119=EDGE_CURVE('',#3829,#3825,#395,.T.);
#3120=EDGE_CURVE('',#3830,#3806,#4442,.T.);
#3121=EDGE_CURVE('',#3831,#3830,#4443,.T.);
#3122=EDGE_CURVE('',#3831,#3807,#4444,.T.);
#3123=EDGE_CURVE('',#3832,#3833,#4445,.T.);
#3124=EDGE_CURVE('',#3834,#3832,#4446,.T.);
#3125=EDGE_CURVE('',#3834,#3835,#4447,.T.);
#3126=EDGE_CURVE('',#3835,#3833,#276,.T.);
#3127=EDGE_CURVE('',#3836,#3837,#4448,.T.);
#3128=EDGE_CURVE('',#3836,#3830,#4449,.T.);
#3129=EDGE_CURVE('',#3837,#3815,#4450,.T.);
#3130=EDGE_CURVE('',#3838,#3836,#4451,.T.);
#3131=EDGE_CURVE('',#3831,#3838,#4452,.T.);
#3132=EDGE_CURVE('',#3839,#3840,#4453,.T.);
#3133=EDGE_CURVE('',#3835,#3840,#277,.T.);
#3134=EDGE_CURVE('',#3834,#3839,#4454,.T.);
#3135=EDGE_CURVE('',#3841,#3832,#4455,.T.);
#3136=EDGE_CURVE('',#3839,#3841,#4456,.T.);
#3137=EDGE_CURVE('',#3833,#3842,#4457,.T.);
#3138=EDGE_CURVE('',#3842,#3841,#4458,.T.);
#3139=EDGE_CURVE('',#3840,#3842,#278,.T.);
#3140=EDGE_CURVE('',#3843,#3837,#4459,.T.);
#3141=EDGE_CURVE('',#3843,#3838,#4460,.F.);
#3142=EDGE_CURVE('',#3814,#3844,#4461,.T.);
#3143=EDGE_CURVE('',#3845,#3843,#4462,.T.);
#3144=EDGE_CURVE('',#3845,#3846,#4463,.T.);
#3145=EDGE_CURVE('',#3846,#3847,#4464,.T.);
#3146=EDGE_CURVE('',#3847,#3844,#4465,.T.);
#3147=EDGE_CURVE('',#3848,#3849,#4466,.F.);
#3148=EDGE_CURVE('',#3849,#3850,#4467,.T.);
#3149=EDGE_CURVE('',#3850,#3818,#279,.T.);
#3150=EDGE_CURVE('',#3817,#3851,#280,.T.);
#3151=EDGE_CURVE('',#3851,#3848,#4468,.T.);
#3152=EDGE_CURVE('',#3852,#3853,#4469,.T.);
#3153=EDGE_CURVE('',#3853,#3816,#281,.T.);
#3154=EDGE_CURVE('',#3852,#3821,#282,.T.);
#3155=EDGE_CURVE('',#3854,#3802,#4470,.T.);
#3156=EDGE_CURVE('',#3803,#3855,#4471,.T.);
#3157=EDGE_CURVE('',#3855,#3856,#4472,.T.);
#3158=EDGE_CURVE('',#3856,#3857,#4473,.F.);
#3159=EDGE_CURVE('',#3857,#3858,#635,.F.);
#3160=EDGE_CURVE('',#3858,#3859,#4474,.T.);
#3161=EDGE_CURVE('',#3859,#3845,#636,.T.);
#3162=EDGE_CURVE('',#3860,#3844,#637,.F.);
#3163=EDGE_CURVE('',#3861,#3860,#4475,.T.);
#3164=EDGE_CURVE('',#3854,#3861,#638,.F.);
#3165=EDGE_CURVE('',#3862,#3863,#4476,.T.);
#3166=EDGE_CURVE('',#3864,#3862,#283,.F.);
#3167=EDGE_CURVE('',#3865,#3864,#4477,.F.);
#3168=EDGE_CURVE('',#3865,#3866,#639,.T.);
#3169=EDGE_CURVE('',#3866,#3867,#4478,.T.);
#3170=EDGE_CURVE('',#3867,#3868,#640,.F.);
#3171=EDGE_CURVE('',#3869,#3868,#4479,.T.);
#3172=EDGE_CURVE('',#3863,#3869,#284,.T.);
#3173=EDGE_CURVE('',#3870,#3847,#641,.T.);
#3174=EDGE_CURVE('',#3870,#3860,#4480,.T.);
#3175=EDGE_CURVE('',#3819,#3871,#396,.T.);
#3176=EDGE_CURVE('',#3871,#3872,#397,.F.);
#3177=EDGE_CURVE('',#3872,#3873,#398,.F.);
#3178=EDGE_CURVE('',#3822,#3873,#285,.T.);
#3179=EDGE_CURVE('',#3852,#3874,#4481,.F.);
#3180=EDGE_CURVE('',#3875,#3874,#4482,.F.);
#3181=EDGE_CURVE('',#3875,#3876,#4483,.T.);
#3182=EDGE_CURVE('',#3876,#3853,#4484,.F.);
#3183=EDGE_CURVE('',#3871,#3877,#4485,.F.);
#3184=EDGE_CURVE('',#3877,#3878,#4486,.T.);
#3185=EDGE_CURVE('',#3879,#3878,#399,.T.);
#3186=EDGE_CURVE('',#3880,#3879,#400,.F.);
#3187=EDGE_CURVE('',#3881,#3880,#4487,.T.);
#3188=EDGE_CURVE('',#3861,#3881,#4488,.F.);
#3189=EDGE_CURVE('',#3873,#3870,#4489,.T.);
#3190=EDGE_CURVE('',#3882,#3883,#4490,.T.);
#3191=EDGE_CURVE('',#3883,#3884,#642,.T.);
#3192=EDGE_CURVE('',#3885,#3884,#4491,.F.);
#3193=EDGE_CURVE('',#3885,#3881,#643,.F.);
#3194=EDGE_CURVE('',#3880,#3829,#286,.T.);
#3195=EDGE_CURVE('',#3828,#3874,#287,.F.);
#3196=EDGE_CURVE('',#3846,#3882,#644,.F.);
#3197=EDGE_CURVE('',#3886,#3887,#288,.T.);
#3198=EDGE_CURVE('',#3888,#3887,#401,.T.);
#3199=EDGE_CURVE('',#3888,#3889,#289,.T.);
#3200=EDGE_CURVE('',#3889,#3890,#402,.T.);
#3201=EDGE_CURVE('',#3890,#3891,#290,.T.);
#3202=EDGE_CURVE('',#3891,#3892,#403,.T.);
#3203=EDGE_CURVE('',#3892,#3893,#404,.T.);
#3204=EDGE_CURVE('',#3893,#3894,#291,.T.);
#3205=EDGE_CURVE('',#3894,#3886,#292,.F.);
#3206=EDGE_CURVE('',#3895,#3886,#4492,.T.);
#3207=EDGE_CURVE('',#3895,#3896,#4493,.T.);
#3208=EDGE_CURVE('',#3896,#3897,#4494,.T.);
#3209=EDGE_CURVE('',#3887,#3897,#293,.T.);
#3210=EDGE_CURVE('',#3898,#3868,#4495,.T.);
#3211=EDGE_CURVE('',#3899,#3898,#4496,.T.);
#3212=EDGE_CURVE('',#3869,#3899,#4497,.T.);
#3213=EDGE_CURVE('',#3900,#3894,#4498,.T.);
#3214=EDGE_CURVE('',#3895,#3900,#4499,.T.);
#3215=EDGE_CURVE('',#3901,#3896,#4500,.T.);
#3216=EDGE_CURVE('',#3900,#3901,#4501,.T.);
#3217=EDGE_CURVE('',#3897,#3902,#4502,.T.);
#3218=EDGE_CURVE('',#3902,#3901,#4503,.T.);
#3219=EDGE_CURVE('',#3888,#3902,#294,.T.);
#3220=EDGE_CURVE('',#3903,#3893,#4504,.T.);
#3221=EDGE_CURVE('',#3904,#3903,#4505,.F.);
#3222=EDGE_CURVE('',#3905,#3904,#4506,.T.);
#3223=EDGE_CURVE('',#3889,#3905,#295,.T.);
#3224=EDGE_CURVE('',#3906,#3905,#4507,.T.);
#3225=EDGE_CURVE('',#3906,#3890,#296,.T.);
#3226=EDGE_CURVE('',#3907,#3899,#297,.T.);
#3227=EDGE_CURVE('',#3863,#3907,#4508,.T.);
#3228=EDGE_CURVE('',#3908,#3867,#4509,.T.);
#3229=EDGE_CURVE('',#3908,#3898,#645,.F.);
#3230=EDGE_CURVE('',#3906,#3907,#4510,.T.);
#3231=EDGE_CURVE('',#3891,#3908,#4511,.T.);
#3232=EDGE_CURVE('',#3909,#3910,#4512,.T.);
#3233=EDGE_CURVE('',#3910,#3911,#4513,.F.);
#3234=EDGE_CURVE('',#3912,#3911,#4514,.F.);
#3235=EDGE_CURVE('',#3912,#3913,#298,.F.);
#3236=EDGE_CURVE('',#3914,#3913,#4515,.F.);
#3237=EDGE_CURVE('',#3915,#3914,#299,.F.);
#3238=EDGE_CURVE('',#3916,#3915,#4516,.F.);
#3239=EDGE_CURVE('',#3917,#3916,#405,.F.);
#3240=EDGE_CURVE('',#3918,#3917,#4517,.F.);
#3241=EDGE_CURVE('',#3919,#3918,#300,.F.);
#3242=EDGE_CURVE('',#3920,#3919,#4518,.F.);
#3243=EDGE_CURVE('',#3921,#3920,#301,.F.);
#3244=EDGE_CURVE('',#3922,#3921,#4519,.F.);
#3245=EDGE_CURVE('',#3922,#3923,#302,.F.);
#3246=EDGE_CURVE('',#3924,#3923,#4520,.F.);
#3247=EDGE_CURVE('',#3924,#3925,#303,.F.);
#3248=EDGE_CURVE('',#3926,#3925,#4521,.F.);
#3249=EDGE_CURVE('',#3927,#3926,#4522,.F.);
#3250=EDGE_CURVE('',#3928,#3927,#4523,.T.);
#3251=EDGE_CURVE('',#3929,#3928,#4524,.T.);
#3252=EDGE_CURVE('',#3930,#3929,#4525,.T.);
#3253=EDGE_CURVE('',#3930,#3931,#304,.T.);
#3254=EDGE_CURVE('',#3932,#3931,#4526,.T.);
#3255=EDGE_CURVE('',#3932,#3933,#305,.T.);
#3256=EDGE_CURVE('',#3934,#3933,#4527,.T.);
#3257=EDGE_CURVE('',#3935,#3934,#306,.T.);
#3258=EDGE_CURVE('',#3936,#3935,#4528,.T.);
#3259=EDGE_CURVE('',#3937,#3936,#307,.T.);
#3260=EDGE_CURVE('',#3938,#3937,#4529,.T.);
#3261=EDGE_CURVE('',#3939,#3938,#406,.T.);
#3262=EDGE_CURVE('',#3940,#3939,#4530,.T.);
#3263=EDGE_CURVE('',#3941,#3940,#308,.T.);
#3264=EDGE_CURVE('',#3942,#3941,#4531,.T.);
#3265=EDGE_CURVE('',#3942,#3943,#309,.T.);
#3266=EDGE_CURVE('',#3944,#3943,#4532,.T.);
#3267=EDGE_CURVE('',#3944,#3909,#4533,.T.);
#3268=EDGE_CURVE('',#3904,#3945,#4534,.F.);
#3269=EDGE_CURVE('',#3945,#3946,#4535,.F.);
#3270=EDGE_CURVE('',#3947,#3946,#4536,.F.);
#3271=EDGE_CURVE('',#3947,#3862,#4537,.F.);
#3272=EDGE_CURVE('',#3866,#3948,#4538,.F.);
#3273=EDGE_CURVE('',#3948,#3949,#4539,.F.);
#3274=EDGE_CURVE('',#3950,#3949,#407,.F.);
#3275=EDGE_CURVE('',#3951,#3950,#408,.F.);
#3276=EDGE_CURVE('',#3951,#3903,#4540,.F.);
#3277=EDGE_CURVE('',#3858,#3883,#4541,.T.);
#3278=EDGE_CURVE('',#3882,#3859,#4542,.F.);
#3279=EDGE_CURVE('',#3952,#3953,#4543,.T.);
#3280=EDGE_CURVE('',#3953,#3954,#4544,.T.);
#3281=EDGE_CURVE('',#3955,#3954,#4545,.T.);
#3282=EDGE_CURVE('',#3955,#3952,#4546,.T.);
#3283=EDGE_CURVE('',#3956,#3957,#4547,.F.);
#3284=EDGE_CURVE('',#3957,#3958,#4548,.F.);
#3285=EDGE_CURVE('',#3959,#3958,#4549,.F.);
#3286=EDGE_CURVE('',#3959,#3956,#4550,.F.);
#3287=EDGE_CURVE('',#3955,#3960,#4551,.T.);
#3288=EDGE_CURVE('',#3961,#3960,#4552,.T.);
#3289=EDGE_CURVE('',#3952,#3961,#4553,.T.);
#3290=EDGE_CURVE('',#3961,#3953,#4554,.T.);
#3291=EDGE_CURVE('',#3960,#3954,#4555,.T.);
#3292=EDGE_CURVE('',#3876,#3848,#310,.T.);
#3293=EDGE_CURVE('',#3853,#3851,#646,.T.);
#3294=EDGE_CURVE('',#3871,#3850,#409,.T.);
#3295=EDGE_CURVE('',#3849,#3877,#311,.T.);
#3296=EDGE_CURVE('',#3962,#3927,#4556,.F.);
#3297=EDGE_CURVE('',#3962,#3963,#4557,.F.);
#3298=EDGE_CURVE('',#3928,#3963,#4558,.T.);
#3299=EDGE_CURVE('',#3963,#3964,#4559,.F.);
#3300=EDGE_CURVE('',#3964,#3929,#4560,.F.);
#3301=EDGE_CURVE('',#3965,#3930,#4561,.F.);
#3302=EDGE_CURVE('',#3966,#3965,#647,.T.);
#3303=EDGE_CURVE('',#3931,#3966,#4562,.T.);
#3304=EDGE_CURVE('',#3967,#3932,#4563,.T.);
#3305=EDGE_CURVE('',#3968,#3967,#648,.T.);
#3306=EDGE_CURVE('',#3933,#3968,#4564,.F.);
#3307=EDGE_CURVE('',#3966,#3967,#4565,.F.);
#3308=EDGE_CURVE('',#3969,#3934,#4566,.F.);
#3309=EDGE_CURVE('',#3970,#3969,#649,.F.);
#3310=EDGE_CURVE('',#3935,#3970,#4567,.T.);
#3311=EDGE_CURVE('',#3968,#3969,#4568,.F.);
#3312=EDGE_CURVE('',#3971,#3936,#4569,.F.);
#3313=EDGE_CURVE('',#3972,#3971,#650,.F.);
#3314=EDGE_CURVE('',#3973,#3972,#410,.F.);
#3315=EDGE_CURVE('',#3937,#3973,#4570,.F.);
#3316=EDGE_CURVE('',#3973,#3938,#411,.F.);
#3317=EDGE_CURVE('',#3974,#3972,#412,.T.);
#3318=EDGE_CURVE('',#3939,#3974,#413,.F.);
#3319=EDGE_CURVE('',#3975,#3940,#4571,.F.);
#3320=EDGE_CURVE('',#3976,#3975,#651,.F.);
#3321=EDGE_CURVE('',#3941,#3976,#4572,.T.);
#3322=EDGE_CURVE('',#3974,#3975,#4573,.F.);
#3323=EDGE_CURVE('',#3970,#3971,#4574,.F.);
#3324=EDGE_CURVE('',#3977,#3942,#652,.T.);
#3325=EDGE_CURVE('',#3978,#3977,#4575,.T.);
#3326=EDGE_CURVE('',#3943,#3978,#312,.T.);
#3327=EDGE_CURVE('',#3978,#3979,#4576,.F.);
#3328=EDGE_CURVE('',#3944,#3979,#4577,.T.);
#3329=EDGE_CURVE('',#3976,#3977,#4578,.F.);
#3330=EDGE_CURVE('',#3909,#3979,#4579,.F.);
#3331=EDGE_CURVE('',#3980,#3981,#4580,.F.);
#3332=EDGE_CURVE('',#3982,#3980,#4581,.F.);
#3333=EDGE_CURVE('',#3982,#3983,#4582,.F.);
#3334=EDGE_CURVE('',#3981,#3983,#4583,.T.);
#3335=EDGE_CURVE('',#3984,#3985,#4584,.F.);
#3336=EDGE_CURVE('',#3986,#3984,#4585,.F.);
#3337=EDGE_CURVE('',#3986,#3987,#4586,.F.);
#3338=EDGE_CURVE('',#3985,#3987,#4587,.T.);
#3339=EDGE_CURVE('',#3985,#3983,#4588,.T.);
#3340=EDGE_CURVE('',#3982,#3984,#4589,.F.);
#3341=EDGE_CURVE('',#3980,#3986,#4590,.F.);
#3342=EDGE_CURVE('',#3988,#3962,#4591,.T.);
#3343=EDGE_CURVE('',#3988,#3989,#4592,.F.);
#3344=EDGE_CURVE('',#3989,#3990,#653,.F.);
#3345=EDGE_CURVE('',#3991,#3990,#4593,.T.);
#3346=EDGE_CURVE('',#3991,#3992,#654,.F.);
#3347=EDGE_CURVE('',#3993,#3992,#4594,.T.);
#3348=EDGE_CURVE('',#3993,#3994,#655,.T.);
#3349=EDGE_CURVE('',#3995,#3994,#4595,.T.);
#3350=EDGE_CURVE('',#3995,#3996,#656,.T.);
#3351=EDGE_CURVE('',#3996,#3997,#414,.F.);
#3352=EDGE_CURVE('',#3998,#3997,#4596,.T.);
#3353=EDGE_CURVE('',#3998,#3999,#657,.T.);
#3354=EDGE_CURVE('',#4000,#3999,#4597,.T.);
#3355=EDGE_CURVE('',#4000,#4001,#4598,.F.);
#3356=EDGE_CURVE('',#4002,#4001,#4599,.T.);
#3357=EDGE_CURVE('',#4002,#3910,#4600,.T.);
#3358=EDGE_CURVE('',#3965,#3964,#4601,.T.);
#3359=EDGE_CURVE('',#4003,#4004,#4602,.T.);
#3360=EDGE_CURVE('',#4003,#4005,#4603,.T.);
#3361=EDGE_CURVE('',#4005,#4006,#4604,.T.);
#3362=EDGE_CURVE('',#4006,#4004,#4605,.T.);
#3363=EDGE_CURVE('',#3987,#3981,#4606,.T.);
#3364=EDGE_CURVE('',#3800,#3797,#4607,.T.);
#3365=EDGE_CURVE('',#3801,#3796,#4608,.T.);
#3366=EDGE_CURVE('',#4007,#4008,#4609,.F.);
#3367=EDGE_CURVE('',#4007,#4009,#313,.F.);
#3368=EDGE_CURVE('',#4009,#4010,#4610,.F.);
#3369=EDGE_CURVE('',#4008,#4010,#4611,.F.);
#3370=EDGE_CURVE('',#3855,#4011,#4612,.F.);
#3371=EDGE_CURVE('',#3804,#4011,#4613,.T.);
#3372=EDGE_CURVE('',#4012,#3805,#4614,.T.);
#3373=EDGE_CURVE('',#4011,#4012,#4615,.T.);
#3374=EDGE_CURVE('',#4013,#4014,#4616,.F.);
#3375=EDGE_CURVE('',#4014,#4010,#4617,.F.);
#3376=EDGE_CURVE('',#4013,#4009,#314,.F.);
#3377=EDGE_CURVE('',#4008,#4015,#4618,.F.);
#3378=EDGE_CURVE('',#4015,#4014,#4619,.F.);
#3379=EDGE_CURVE('',#4016,#4007,#4620,.F.);
#3380=EDGE_CURVE('',#4015,#4016,#4621,.F.);
#3381=EDGE_CURVE('',#4016,#4013,#315,.F.);
#3382=EDGE_CURVE('',#4012,#3856,#4622,.T.);
#3383=EDGE_CURVE('',#3854,#3885,#4623,.F.);
#3384=EDGE_CURVE('',#3884,#3857,#4624,.F.);
#3385=EDGE_CURVE('',#3848,#4017,#4625,.F.);
#3386=EDGE_CURVE('',#4017,#3823,#316,.F.);
#3387=EDGE_CURVE('',#3827,#4018,#317,.T.);
#3388=EDGE_CURVE('',#4018,#3849,#4626,.F.);
#3389=EDGE_CURVE('',#3824,#3875,#318,.F.);
#3390=EDGE_CURVE('',#3878,#3826,#415,.T.);
#3391=EDGE_CURVE('',#4019,#4020,#319,.F.);
#3392=EDGE_CURVE('',#4020,#4021,#320,.T.);
#3393=EDGE_CURVE('',#4021,#3951,#321,.F.);
#3394=EDGE_CURVE('',#3949,#4022,#322,.F.);
#3395=EDGE_CURVE('',#4022,#4023,#416,.F.);
#3396=EDGE_CURVE('',#4023,#4024,#323,.F.);
#3397=EDGE_CURVE('',#4019,#4024,#417,.F.);
#3398=EDGE_CURVE('',#4020,#4025,#4627,.F.);
#3399=EDGE_CURVE('',#4026,#4019,#324,.F.);
#3400=EDGE_CURVE('',#4026,#4027,#4628,.F.);
#3401=EDGE_CURVE('',#4027,#4025,#4629,.F.);
#3402=EDGE_CURVE('',#4028,#3864,#4630,.F.);
#3403=EDGE_CURVE('',#4029,#4028,#4631,.F.);
#3404=EDGE_CURVE('',#3865,#4029,#4632,.F.);
#3405=EDGE_CURVE('',#4021,#4030,#4633,.F.);
#3406=EDGE_CURVE('',#4030,#4025,#4634,.F.);
#3407=EDGE_CURVE('',#4027,#4031,#4635,.F.);
#3408=EDGE_CURVE('',#4031,#4030,#4636,.F.);
#3409=EDGE_CURVE('',#4032,#4026,#4637,.F.);
#3410=EDGE_CURVE('',#4031,#4032,#4638,.F.);
#3411=EDGE_CURVE('',#4032,#4024,#325,.F.);
#3412=EDGE_CURVE('',#3945,#4023,#326,.F.);
#3413=EDGE_CURVE('',#4022,#3946,#327,.F.);
#3414=EDGE_CURVE('',#4028,#3947,#328,.F.);
#3415=EDGE_CURVE('',#4029,#3948,#658,.T.);
#3416=EDGE_CURVE('',#4033,#3957,#4639,.F.);
#3417=EDGE_CURVE('',#4034,#4033,#4640,.F.);
#3418=EDGE_CURVE('',#4034,#3958,#4641,.F.);
#3419=EDGE_CURVE('',#3956,#4033,#4642,.F.);
#3420=EDGE_CURVE('',#3959,#4034,#4643,.F.);
#3421=EDGE_CURVE('',#4017,#3875,#659,.F.);
#3422=EDGE_CURVE('',#4018,#3878,#418,.F.);
#3423=EDGE_CURVE('',#3926,#3988,#4644,.T.);
#3424=EDGE_CURVE('',#3925,#3989,#4645,.T.);
#3425=EDGE_CURVE('',#3990,#3924,#4646,.F.);
#3426=EDGE_CURVE('',#3923,#3991,#4647,.F.);
#3427=EDGE_CURVE('',#3992,#3922,#4648,.T.);
#3428=EDGE_CURVE('',#3994,#3920,#4649,.F.);
#3429=EDGE_CURVE('',#3921,#3993,#4650,.T.);
#3430=EDGE_CURVE('',#4035,#3918,#4651,.T.);
#3431=EDGE_CURVE('',#3996,#4035,#419,.T.);
#3432=EDGE_CURVE('',#3919,#3995,#4652,.T.);
#3433=EDGE_CURVE('',#3997,#3916,#420,.T.);
#3434=EDGE_CURVE('',#3917,#4035,#421,.T.);
#3435=EDGE_CURVE('',#3999,#3914,#4653,.F.);
#3436=EDGE_CURVE('',#3915,#3998,#4654,.T.);
#3437=EDGE_CURVE('',#3913,#4000,#660,.F.);
#3438=EDGE_CURVE('',#4001,#3912,#329,.F.);
#3439=EDGE_CURVE('',#4002,#3911,#4655,.F.);
#3440=EDGE_CURVE('',#4036,#4006,#4656,.T.);
#3441=EDGE_CURVE('',#4037,#4036,#4657,.F.);
#3442=EDGE_CURVE('',#4037,#4004,#4658,.T.);
#3443=EDGE_CURVE('',#4038,#4003,#4659,.T.);
#3444=EDGE_CURVE('',#4039,#4038,#4660,.F.);
#3445=EDGE_CURVE('',#4039,#4005,#4661,.T.);
#3446=EDGE_CURVE('',#4037,#4038,#4662,.F.);
#3447=EDGE_CURVE('',#4036,#4039,#4663,.F.);
#3448=VERTEX_POINT('',#8963);
#3449=VERTEX_POINT('',#8964);
#3450=VERTEX_POINT('',#8966);
#3451=VERTEX_POINT('',#8968);
#3452=VERTEX_POINT('',#8970);
#3453=VERTEX_POINT('',#8974);
#3454=VERTEX_POINT('',#8976);
#3455=VERTEX_POINT('',#8980);
#3456=VERTEX_POINT('',#8982);
#3457=VERTEX_POINT('',#8987);
#3458=VERTEX_POINT('',#8991);
#3459=VERTEX_POINT('',#8992);
#3460=VERTEX_POINT('',#8994);
#3461=VERTEX_POINT('',#8996);
#3462=VERTEX_POINT('',#8998);
#3463=VERTEX_POINT('',#9000);
#3464=VERTEX_POINT('',#9004);
#3465=VERTEX_POINT('',#9005);
#3466=VERTEX_POINT('',#9007);
#3467=VERTEX_POINT('',#9009);
#3468=VERTEX_POINT('',#9013);
#3469=VERTEX_POINT('',#9014);
#3470=VERTEX_POINT('',#9016);
#3471=VERTEX_POINT('',#9018);
#3472=VERTEX_POINT('',#9022);
#3473=VERTEX_POINT('',#9023);
#3474=VERTEX_POINT('',#9025);
#3475=VERTEX_POINT('',#9027);
#3476=VERTEX_POINT('',#9031);
#3477=VERTEX_POINT('',#9032);
#3478=VERTEX_POINT('',#9034);
#3479=VERTEX_POINT('',#9036);
#3480=VERTEX_POINT('',#9040);
#3481=VERTEX_POINT('',#9041);
#3482=VERTEX_POINT('',#9043);
#3483=VERTEX_POINT('',#9045);
#3484=VERTEX_POINT('',#9049);
#3485=VERTEX_POINT('',#9050);
#3486=VERTEX_POINT('',#9052);
#3487=VERTEX_POINT('',#9054);
#3488=VERTEX_POINT('',#9058);
#3489=VERTEX_POINT('',#9060);
#3490=VERTEX_POINT('',#9064);
#3491=VERTEX_POINT('',#9065);
#3492=VERTEX_POINT('',#9067);
#3493=VERTEX_POINT('',#9069);
#3494=VERTEX_POINT('',#9073);
#3495=VERTEX_POINT('',#9075);
#3496=VERTEX_POINT('',#9077);
#3497=VERTEX_POINT('',#9082);
#3498=VERTEX_POINT('',#9084);
#3499=VERTEX_POINT('',#9089);
#3500=VERTEX_POINT('',#9090);
#3501=VERTEX_POINT('',#9092);
#3502=VERTEX_POINT('',#9094);
#3503=VERTEX_POINT('',#9097);
#3504=VERTEX_POINT('',#9099);
#3505=VERTEX_POINT('',#9101);
#3506=VERTEX_POINT('',#9103);
#3507=VERTEX_POINT('',#9105);
#3508=VERTEX_POINT('',#9107);
#3509=VERTEX_POINT('',#9109);
#3510=VERTEX_POINT('',#9114);
#3511=VERTEX_POINT('',#9116);
#3512=VERTEX_POINT('',#9118);
#3513=VERTEX_POINT('',#9120);
#3514=VERTEX_POINT('',#9122);
#3515=VERTEX_POINT('',#9124);
#3516=VERTEX_POINT('',#9129);
#3517=VERTEX_POINT('',#9131);
#3518=VERTEX_POINT('',#9133);
#3519=VERTEX_POINT('',#9135);
#3520=VERTEX_POINT('',#9137);
#3521=VERTEX_POINT('',#9139);
#3522=VERTEX_POINT('',#9141);
#3523=VERTEX_POINT('',#9146);
#3524=VERTEX_POINT('',#9148);
#3525=VERTEX_POINT('',#9150);
#3526=VERTEX_POINT('',#9152);
#3527=VERTEX_POINT('',#9154);
#3528=VERTEX_POINT('',#9156);
#3529=VERTEX_POINT('',#9158);
#3530=VERTEX_POINT('',#9161);
#3531=VERTEX_POINT('',#9162);
#3532=VERTEX_POINT('',#9166);
#3533=VERTEX_POINT('',#9168);
#3534=VERTEX_POINT('',#9176);
#3535=VERTEX_POINT('',#9178);
#3536=VERTEX_POINT('',#9182);
#3537=VERTEX_POINT('',#9184);
#3538=VERTEX_POINT('',#9188);
#3539=VERTEX_POINT('',#9189);
#3540=VERTEX_POINT('',#9191);
#3541=VERTEX_POINT('',#9194);
#3542=VERTEX_POINT('',#9196);
#3543=VERTEX_POINT('',#9198);
#3544=VERTEX_POINT('',#9200);
#3545=VERTEX_POINT('',#9202);
#3546=VERTEX_POINT('',#9204);
#3547=VERTEX_POINT('',#9206);
#3548=VERTEX_POINT('',#9208);
#3549=VERTEX_POINT('',#9210);
#3550=VERTEX_POINT('',#9212);
#3551=VERTEX_POINT('',#9214);
#3552=VERTEX_POINT('',#9216);
#3553=VERTEX_POINT('',#9218);
#3554=VERTEX_POINT('',#9221);
#3555=VERTEX_POINT('',#9223);
#3556=VERTEX_POINT('',#9225);
#3557=VERTEX_POINT('',#9227);
#3558=VERTEX_POINT('',#9229);
#3559=VERTEX_POINT('',#9231);
#3560=VERTEX_POINT('',#9234);
#3561=VERTEX_POINT('',#9236);
#3562=VERTEX_POINT('',#9238);
#3563=VERTEX_POINT('',#9240);
#3564=VERTEX_POINT('',#9242);
#3565=VERTEX_POINT('',#9244);
#3566=VERTEX_POINT('',#9246);
#3567=VERTEX_POINT('',#9248);
#3568=VERTEX_POINT('',#9250);
#3569=VERTEX_POINT('',#9252);
#3570=VERTEX_POINT('',#9254);
#3571=VERTEX_POINT('',#9256);
#3572=VERTEX_POINT('',#9261);
#3573=VERTEX_POINT('',#9262);
#3574=VERTEX_POINT('',#9264);
#3575=VERTEX_POINT('',#9266);
#3576=VERTEX_POINT('',#9269);
#3577=VERTEX_POINT('',#9270);
#3578=VERTEX_POINT('',#9272);
#3579=VERTEX_POINT('',#9274);
#3580=VERTEX_POINT('',#9277);
#3581=VERTEX_POINT('',#9278);
#3582=VERTEX_POINT('',#9281);
#3583=VERTEX_POINT('',#9283);
#3584=VERTEX_POINT('',#9285);
#3585=VERTEX_POINT('',#9287);
#3586=VERTEX_POINT('',#9291);
#3587=VERTEX_POINT('',#9293);
#3588=VERTEX_POINT('',#9297);
#3589=VERTEX_POINT('',#9301);
#3590=VERTEX_POINT('',#9303);
#3591=VERTEX_POINT('',#9309);
#3592=VERTEX_POINT('',#9311);
#3593=VERTEX_POINT('',#9315);
#3594=VERTEX_POINT('',#9319);
#3595=VERTEX_POINT('',#9326);
#3596=VERTEX_POINT('',#9328);
#3597=VERTEX_POINT('',#9332);
#3598=VERTEX_POINT('',#9336);
#3599=VERTEX_POINT('',#9344);
#3600=VERTEX_POINT('',#9348);
#3601=VERTEX_POINT('',#9350);
#3602=VERTEX_POINT('',#9357);
#3603=VERTEX_POINT('',#9359);
#3604=VERTEX_POINT('',#9361);
#3605=VERTEX_POINT('',#9363);
#3606=VERTEX_POINT('',#9365);
#3607=VERTEX_POINT('',#9367);
#3608=VERTEX_POINT('',#9369);
#3609=VERTEX_POINT('',#9377);
#3610=VERTEX_POINT('',#9379);
#3611=VERTEX_POINT('',#9381);
#3612=VERTEX_POINT('',#9383);
#3613=VERTEX_POINT('',#9387);
#3614=VERTEX_POINT('',#9388);
#3615=VERTEX_POINT('',#9390);
#3616=VERTEX_POINT('',#9392);
#3617=VERTEX_POINT('',#9396);
#3618=VERTEX_POINT('',#9397);
#3619=VERTEX_POINT('',#9399);
#3620=VERTEX_POINT('',#9401);
#3621=VERTEX_POINT('',#9405);
#3622=VERTEX_POINT('',#9406);
#3623=VERTEX_POINT('',#9408);
#3624=VERTEX_POINT('',#9410);
#3625=VERTEX_POINT('',#9414);
#3626=VERTEX_POINT('',#9415);
#3627=VERTEX_POINT('',#9417);
#3628=VERTEX_POINT('',#9419);
#3629=VERTEX_POINT('',#9423);
#3630=VERTEX_POINT('',#9424);
#3631=VERTEX_POINT('',#9426);
#3632=VERTEX_POINT('',#9428);
#3633=VERTEX_POINT('',#9432);
#3634=VERTEX_POINT('',#9433);
#3635=VERTEX_POINT('',#9435);
#3636=VERTEX_POINT('',#9437);
#3637=VERTEX_POINT('',#9439);
#3638=VERTEX_POINT('',#9441);
#3639=VERTEX_POINT('',#9443);
#3640=VERTEX_POINT('',#9445);
#3641=VERTEX_POINT('',#9447);
#3642=VERTEX_POINT('',#9449);
#3643=VERTEX_POINT('',#9451);
#3644=VERTEX_POINT('',#9453);
#3645=VERTEX_POINT('',#9455);
#3646=VERTEX_POINT('',#9469);
#3647=VERTEX_POINT('',#9471);
#3648=VERTEX_POINT('',#9475);
#3649=VERTEX_POINT('',#9476);
#3650=VERTEX_POINT('',#9478);
#3651=VERTEX_POINT('',#9480);
#3652=VERTEX_POINT('',#9484);
#3653=VERTEX_POINT('',#9487);
#3654=VERTEX_POINT('',#9489);
#3655=VERTEX_POINT('',#9491);
#3656=VERTEX_POINT('',#9493);
#3657=VERTEX_POINT('',#9495);
#3658=VERTEX_POINT('',#9497);
#3659=VERTEX_POINT('',#9499);
#3660=VERTEX_POINT('',#9501);
#3661=VERTEX_POINT('',#9503);
#3662=VERTEX_POINT('',#9505);
#3663=VERTEX_POINT('',#9507);
#3664=VERTEX_POINT('',#9512);
#3665=VERTEX_POINT('',#9514);
#3666=VERTEX_POINT('',#9516);
#3667=VERTEX_POINT('',#9518);
#3668=VERTEX_POINT('',#9520);
#3669=VERTEX_POINT('',#9523);
#3670=VERTEX_POINT('',#9525);
#3671=VERTEX_POINT('',#9527);
#3672=VERTEX_POINT('',#9529);
#3673=VERTEX_POINT('',#9531);
#3674=VERTEX_POINT('',#9536);
#3675=VERTEX_POINT('',#9538);
#3676=VERTEX_POINT('',#9540);
#3677=VERTEX_POINT('',#9542);
#3678=VERTEX_POINT('',#9544);
#3679=VERTEX_POINT('',#9546);
#3680=VERTEX_POINT('',#9548);
#3681=VERTEX_POINT('',#9550);
#3682=VERTEX_POINT('',#9552);
#3683=VERTEX_POINT('',#9556);
#3684=VERTEX_POINT('',#9558);
#3685=VERTEX_POINT('',#9560);
#3686=VERTEX_POINT('',#9562);
#3687=VERTEX_POINT('',#9564);
#3688=VERTEX_POINT('',#9566);
#3689=VERTEX_POINT('',#9568);
#3690=VERTEX_POINT('',#9570);
#3691=VERTEX_POINT('',#9587);
#3692=VERTEX_POINT('',#9589);
#3693=VERTEX_POINT('',#9593);
#3694=VERTEX_POINT('',#9594);
#3695=VERTEX_POINT('',#9596);
#3696=VERTEX_POINT('',#9598);
#3697=VERTEX_POINT('',#9602);
#3698=VERTEX_POINT('',#9603);
#3699=VERTEX_POINT('',#9605);
#3700=VERTEX_POINT('',#9607);
#3701=VERTEX_POINT('',#9611);
#3702=VERTEX_POINT('',#9612);
#3703=VERTEX_POINT('',#9614);
#3704=VERTEX_POINT('',#9616);
#3705=VERTEX_POINT('',#9620);
#3706=VERTEX_POINT('',#9621);
#3707=VERTEX_POINT('',#9623);
#3708=VERTEX_POINT('',#9625);
#3709=VERTEX_POINT('',#9634);
#3710=VERTEX_POINT('',#9636);
#3711=VERTEX_POINT('',#9638);
#3712=VERTEX_POINT('',#9640);
#3713=VERTEX_POINT('',#9642);
#3714=VERTEX_POINT('',#9644);
#3715=VERTEX_POINT('',#9648);
#3716=VERTEX_POINT('',#9649);
#3717=VERTEX_POINT('',#9651);
#3718=VERTEX_POINT('',#9653);
#3719=VERTEX_POINT('',#9655);
#3720=VERTEX_POINT('',#9657);
#3721=VERTEX_POINT('',#9659);
#3722=VERTEX_POINT('',#9661);
#3723=VERTEX_POINT('',#9663);
#3724=VERTEX_POINT('',#9665);
#3725=VERTEX_POINT('',#9667);
#3726=VERTEX_POINT('',#9669);
#3727=VERTEX_POINT('',#9673);
#3728=VERTEX_POINT('',#9677);
#3729=VERTEX_POINT('',#9678);
#3730=VERTEX_POINT('',#9680);
#3731=VERTEX_POINT('',#9682);
#3732=VERTEX_POINT('',#9684);
#3733=VERTEX_POINT('',#9686);
#3734=VERTEX_POINT('',#9695);
#3735=VERTEX_POINT('',#9698);
#3736=VERTEX_POINT('',#9718);
#3737=VERTEX_POINT('',#9732);
#3738=VERTEX_POINT('',#9733);
#3739=VERTEX_POINT('',#9741);
#3740=VERTEX_POINT('',#9760);
#3741=VERTEX_POINT('',#9764);
#3742=VERTEX_POINT('',#9770);
#3743=VERTEX_POINT('',#9775);
#3744=VERTEX_POINT('',#9779);
#3745=VERTEX_POINT('',#9781);
#3746=VERTEX_POINT('',#9783);
#3747=VERTEX_POINT('',#9785);
#3748=VERTEX_POINT('',#9790);
#3749=VERTEX_POINT('',#9803);
#3750=VERTEX_POINT('',#9804);
#3751=VERTEX_POINT('',#9814);
#3752=VERTEX_POINT('',#9820);
#3753=VERTEX_POINT('',#9838);
#3754=VERTEX_POINT('',#9847);
#3755=VERTEX_POINT('',#9858);
#3756=VERTEX_POINT('',#9859);
#3757=VERTEX_POINT('',#9884);
#3758=VERTEX_POINT('',#9889);
#3759=VERTEX_POINT('',#9896);
#3760=VERTEX_POINT('',#9912);
#3761=VERTEX_POINT('',#9917);
#3762=VERTEX_POINT('',#9939);
#3763=VERTEX_POINT('',#9949);
#3764=VERTEX_POINT('',#10001);
#3765=VERTEX_POINT('',#10002);
#3766=VERTEX_POINT('',#10011);
#3767=VERTEX_POINT('',#10014);
#3768=VERTEX_POINT('',#10021);
#3769=VERTEX_POINT('',#10025);
#3770=VERTEX_POINT('',#10032);
#3771=VERTEX_POINT('',#10037);
#3772=VERTEX_POINT('',#10041);
#3773=VERTEX_POINT('',#10046);
#3774=VERTEX_POINT('',#10048);
#3775=VERTEX_POINT('',#10050);
#3776=VERTEX_POINT('',#10052);
#3777=VERTEX_POINT('',#10056);
#3778=VERTEX_POINT('',#10057);
#3779=VERTEX_POINT('',#10071);
#3780=VERTEX_POINT('',#10072);
#3781=VERTEX_POINT('',#10077);
#3782=VERTEX_POINT('',#10083);
#3783=VERTEX_POINT('',#10109);
#3784=VERTEX_POINT('',#10118);
#3785=VERTEX_POINT('',#10126);
#3786=VERTEX_POINT('',#10127);
#3787=VERTEX_POINT('',#10152);
#3788=VERTEX_POINT('',#10156);
#3789=VERTEX_POINT('',#10164);
#3790=VERTEX_POINT('',#10180);
#3791=VERTEX_POINT('',#10185);
#3792=VERTEX_POINT('',#10207);
#3793=VERTEX_POINT('',#10217);
#3794=VERTEX_POINT('',#10443);
#3795=VERTEX_POINT('',#10444);
#3796=VERTEX_POINT('',#10446);
#3797=VERTEX_POINT('',#10448);
#3798=VERTEX_POINT('',#10452);
#3799=VERTEX_POINT('',#10453);
#3800=VERTEX_POINT('',#10455);
#3801=VERTEX_POINT('',#10457);
#3802=VERTEX_POINT('',#10461);
#3803=VERTEX_POINT('',#10463);
#3804=VERTEX_POINT('',#10467);
#3805=VERTEX_POINT('',#10469);
#3806=VERTEX_POINT('',#10473);
#3807=VERTEX_POINT('',#10474);
#3808=VERTEX_POINT('',#10476);
#3809=VERTEX_POINT('',#10478);
#3810=VERTEX_POINT('',#10482);
#3811=VERTEX_POINT('',#10483);
#3812=VERTEX_POINT('',#10485);
#3813=VERTEX_POINT('',#10487);
#3814=VERTEX_POINT('',#10494);
#3815=VERTEX_POINT('',#10496);
#3816=VERTEX_POINT('',#10582);
#3817=VERTEX_POINT('',#10583);
#3818=VERTEX_POINT('',#10588);
#3819=VERTEX_POINT('',#10593);
#3820=VERTEX_POINT('',#10598);
#3821=VERTEX_POINT('',#10647);
#3822=VERTEX_POINT('',#10652);
#3823=VERTEX_POINT('',#10738);
#3824=VERTEX_POINT('',#10739);
#3825=VERTEX_POINT('',#10744);
#3826=VERTEX_POINT('',#10749);
#3827=VERTEX_POINT('',#10754);
#3828=VERTEX_POINT('',#10800);
#3829=VERTEX_POINT('',#10802);
#3830=VERTEX_POINT('',#10809);
#3831=VERTEX_POINT('',#10811);
#3832=VERTEX_POINT('',#10815);
#3833=VERTEX_POINT('',#10816);
#3834=VERTEX_POINT('',#10818);
#3835=VERTEX_POINT('',#10820);
#3836=VERTEX_POINT('',#10824);
#3837=VERTEX_POINT('',#10825);
#3838=VERTEX_POINT('',#10830);
#3839=VERTEX_POINT('',#10834);
#3840=VERTEX_POINT('',#10835);
#3841=VERTEX_POINT('',#10840);
#3842=VERTEX_POINT('',#10844);
#3843=VERTEX_POINT('',#10850);
#3844=VERTEX_POINT('',#10854);
#3845=VERTEX_POINT('',#10856);
#3846=VERTEX_POINT('',#10858);
#3847=VERTEX_POINT('',#10860);
#3848=VERTEX_POINT('',#10864);
#3849=VERTEX_POINT('',#10865);
#3850=VERTEX_POINT('',#10867);
#3851=VERTEX_POINT('',#10870);
#3852=VERTEX_POINT('',#10874);
#3853=VERTEX_POINT('',#10875);
#3854=VERTEX_POINT('',#10880);
#3855=VERTEX_POINT('',#10882);
#3856=VERTEX_POINT('',#10884);
#3857=VERTEX_POINT('',#10886);
#3858=VERTEX_POINT('',#10888);
#3859=VERTEX_POINT('',#10890);
#3860=VERTEX_POINT('',#10893);
#3861=VERTEX_POINT('',#10895);
#3862=VERTEX_POINT('',#10898);
#3863=VERTEX_POINT('',#10899);
#3864=VERTEX_POINT('',#10901);
#3865=VERTEX_POINT('',#10903);
#3866=VERTEX_POINT('',#10905);
#3867=VERTEX_POINT('',#10907);
#3868=VERTEX_POINT('',#10909);
#3869=VERTEX_POINT('',#10911);
#3870=VERTEX_POINT('',#10915);
#3871=VERTEX_POINT('',#10923);
#3872=VERTEX_POINT('',#10928);
#3873=VERTEX_POINT('',#10933);
#3874=VERTEX_POINT('',#10937);
#3875=VERTEX_POINT('',#10939);
#3876=VERTEX_POINT('',#10941);
#3877=VERTEX_POINT('',#10945);
#3878=VERTEX_POINT('',#10947);
#3879=VERTEX_POINT('',#10952);
#3880=VERTEX_POINT('',#10957);
#3881=VERTEX_POINT('',#10959);
#3882=VERTEX_POINT('',#10964);
#3883=VERTEX_POINT('',#10965);
#3884=VERTEX_POINT('',#10967);
#3885=VERTEX_POINT('',#10969);
#3886=VERTEX_POINT('',#10976);
#3887=VERTEX_POINT('',#10977);
#3888=VERTEX_POINT('',#10982);
#3889=VERTEX_POINT('',#10984);
#3890=VERTEX_POINT('',#10989);
#3891=VERTEX_POINT('',#10991);
#3892=VERTEX_POINT('',#10996);
#3893=VERTEX_POINT('',#11001);
#3894=VERTEX_POINT('',#11003);
#3895=VERTEX_POINT('',#11007);
#3896=VERTEX_POINT('',#11009);
#3897=VERTEX_POINT('',#11011);
#3898=VERTEX_POINT('',#11015);
#3899=VERTEX_POINT('',#11017);
#3900=VERTEX_POINT('',#11021);
#3901=VERTEX_POINT('',#11025);
#3902=VERTEX_POINT('',#11029);
#3903=VERTEX_POINT('',#11035);
#3904=VERTEX_POINT('',#11037);
#3905=VERTEX_POINT('',#11039);
#3906=VERTEX_POINT('',#11043);
#3907=VERTEX_POINT('',#11047);
#3908=VERTEX_POINT('',#11051);
#3909=VERTEX_POINT('',#11058);
#3910=VERTEX_POINT('',#11059);
#3911=VERTEX_POINT('',#11061);
#3912=VERTEX_POINT('',#11063);
#3913=VERTEX_POINT('',#11065);
#3914=VERTEX_POINT('',#11067);
#3915=VERTEX_POINT('',#11069);
#3916=VERTEX_POINT('',#11071);
#3917=VERTEX_POINT('',#11077);
#3918=VERTEX_POINT('',#11079);
#3919=VERTEX_POINT('',#11081);
#3920=VERTEX_POINT('',#11083);
#3921=VERTEX_POINT('',#11085);
#3922=VERTEX_POINT('',#11087);
#3923=VERTEX_POINT('',#11089);
#3924=VERTEX_POINT('',#11091);
#3925=VERTEX_POINT('',#11093);
#3926=VERTEX_POINT('',#11095);
#3927=VERTEX_POINT('',#11097);
#3928=VERTEX_POINT('',#11099);
#3929=VERTEX_POINT('',#11101);
#3930=VERTEX_POINT('',#11103);
#3931=VERTEX_POINT('',#11105);
#3932=VERTEX_POINT('',#11107);
#3933=VERTEX_POINT('',#11109);
#3934=VERTEX_POINT('',#11111);
#3935=VERTEX_POINT('',#11113);
#3936=VERTEX_POINT('',#11115);
#3937=VERTEX_POINT('',#11117);
#3938=VERTEX_POINT('',#11119);
#3939=VERTEX_POINT('',#11125);
#3940=VERTEX_POINT('',#11127);
#3941=VERTEX_POINT('',#11129);
#3942=VERTEX_POINT('',#11131);
#3943=VERTEX_POINT('',#11133);
#3944=VERTEX_POINT('',#11135);
#3945=VERTEX_POINT('',#11138);
#3946=VERTEX_POINT('',#11140);
#3947=VERTEX_POINT('',#11142);
#3948=VERTEX_POINT('',#11146);
#3949=VERTEX_POINT('',#11148);
#3950=VERTEX_POINT('',#11153);
#3951=VERTEX_POINT('',#11158);
#3952=VERTEX_POINT('',#11164);
#3953=VERTEX_POINT('',#11165);
#3954=VERTEX_POINT('',#11167);
#3955=VERTEX_POINT('',#11169);
#3956=VERTEX_POINT('',#11172);
#3957=VERTEX_POINT('',#11173);
#3958=VERTEX_POINT('',#11175);
#3959=VERTEX_POINT('',#11177);
#3960=VERTEX_POINT('',#11181);
#3961=VERTEX_POINT('',#11183);
#3962=VERTEX_POINT('',#11280);
#3963=VERTEX_POINT('',#11282);
#3964=VERTEX_POINT('',#11286);
#3965=VERTEX_POINT('',#11290);
#3966=VERTEX_POINT('',#11292);
#3967=VERTEX_POINT('',#11296);
#3968=VERTEX_POINT('',#11298);
#3969=VERTEX_POINT('',#11304);
#3970=VERTEX_POINT('',#11306);
#3971=VERTEX_POINT('',#11312);
#3972=VERTEX_POINT('',#11314);
#3973=VERTEX_POINT('',#11319);
#3974=VERTEX_POINT('',#11341);
#3975=VERTEX_POINT('',#11349);
#3976=VERTEX_POINT('',#11351);
#3977=VERTEX_POINT('',#11359);
#3978=VERTEX_POINT('',#11361);
#3979=VERTEX_POINT('',#11365);
#3980=VERTEX_POINT('',#11373);
#3981=VERTEX_POINT('',#11374);
#3982=VERTEX_POINT('',#11376);
#3983=VERTEX_POINT('',#11378);
#3984=VERTEX_POINT('',#11382);
#3985=VERTEX_POINT('',#11383);
#3986=VERTEX_POINT('',#11385);
#3987=VERTEX_POINT('',#11387);
#3988=VERTEX_POINT('',#11395);
#3989=VERTEX_POINT('',#11397);
#3990=VERTEX_POINT('',#11399);
#3991=VERTEX_POINT('',#11401);
#3992=VERTEX_POINT('',#11403);
#3993=VERTEX_POINT('',#11405);
#3994=VERTEX_POINT('',#11407);
#3995=VERTEX_POINT('',#11409);
#3996=VERTEX_POINT('',#11411);
#3997=VERTEX_POINT('',#11416);
#3998=VERTEX_POINT('',#11418);
#3999=VERTEX_POINT('',#11420);
#4000=VERTEX_POINT('',#11422);
#4001=VERTEX_POINT('',#11424);
#4002=VERTEX_POINT('',#11426);
#4003=VERTEX_POINT('',#11430);
#4004=VERTEX_POINT('',#11431);
#4005=VERTEX_POINT('',#11433);
#4006=VERTEX_POINT('',#11435);
#4007=VERTEX_POINT('',#11446);
#4008=VERTEX_POINT('',#11447);
#4009=VERTEX_POINT('',#11449);
#4010=VERTEX_POINT('',#11451);
#4011=VERTEX_POINT('',#11455);
#4012=VERTEX_POINT('',#11459);
#4013=VERTEX_POINT('',#11463);
#4014=VERTEX_POINT('',#11464);
#4015=VERTEX_POINT('',#11469);
#4016=VERTEX_POINT('',#11473);
#4017=VERTEX_POINT('',#11484);
#4018=VERTEX_POINT('',#11487);
#4019=VERTEX_POINT('',#11500);
#4020=VERTEX_POINT('',#11501);
#4021=VERTEX_POINT('',#11503);
#4022=VERTEX_POINT('',#11506);
#4023=VERTEX_POINT('',#11511);
#4024=VERTEX_POINT('',#11513);
#4025=VERTEX_POINT('',#11520);
#4026=VERTEX_POINT('',#11522);
#4027=VERTEX_POINT('',#11524);
#4028=VERTEX_POINT('',#11528);
#4029=VERTEX_POINT('',#11530);
#4030=VERTEX_POINT('',#11534);
#4031=VERTEX_POINT('',#11538);
#4032=VERTEX_POINT('',#11542);
#4033=VERTEX_POINT('',#11557);
#4034=VERTEX_POINT('',#11559);
#4035=VERTEX_POINT('',#11619);
#4036=VERTEX_POINT('',#11660);
#4037=VERTEX_POINT('',#11662);
#4038=VERTEX_POINT('',#11666);
#4039=VERTEX_POINT('',#11668);
#4040=LINE('',#8962,#4664);
#4041=LINE('',#8967,#4665);
#4042=LINE('',#8969,#4666);
#4043=LINE('',#8971,#4667);
#4044=LINE('',#8973,#4668);
#4045=LINE('',#8975,#4669);
#4046=LINE('',#8977,#4670);
#4047=LINE('',#8979,#4671);
#4048=LINE('',#8981,#4672);
#4049=LINE('',#8983,#4673);
#4050=LINE('',#8986,#4674);
#4051=LINE('',#8988,#4675);
#4052=LINE('',#8990,#4676);
#4053=LINE('',#8995,#4677);
#4054=LINE('',#8999,#4678);
#4055=LINE('',#9003,#4679);
#4056=LINE('',#9006,#4680);
#4057=LINE('',#9008,#4681);
#4058=LINE('',#9010,#4682);
#4059=LINE('',#9012,#4683);
#4060=LINE('',#9015,#4684);
#4061=LINE('',#9017,#4685);
#4062=LINE('',#9019,#4686);
#4063=LINE('',#9021,#4687);
#4064=LINE('',#9024,#4688);
#4065=LINE('',#9026,#4689);
#4066=LINE('',#9028,#4690);
#4067=LINE('',#9030,#4691);
#4068=LINE('',#9033,#4692);
#4069=LINE('',#9035,#4693);
#4070=LINE('',#9037,#4694);
#4071=LINE('',#9039,#4695);
#4072=LINE('',#9042,#4696);
#4073=LINE('',#9044,#4697);
#4074=LINE('',#9046,#4698);
#4075=LINE('',#9048,#4699);
#4076=LINE('',#9051,#4700);
#4077=LINE('',#9053,#4701);
#4078=LINE('',#9055,#4702);
#4079=LINE('',#9057,#4703);
#4080=LINE('',#9059,#4704);
#4081=LINE('',#9061,#4705);
#4082=LINE('',#9063,#4706);
#4083=LINE('',#9066,#4707);
#4084=LINE('',#9068,#4708);
#4085=LINE('',#9070,#4709);
#4086=LINE('',#9072,#4710);
#4087=LINE('',#9074,#4711);
#4088=LINE('',#9076,#4712);
#4089=LINE('',#9078,#4713);
#4090=LINE('',#9079,#4714);
#4091=LINE('',#9080,#4715);
#4092=LINE('',#9081,#4716);
#4093=LINE('',#9083,#4717);
#4094=LINE('',#9085,#4718);
#4095=LINE('',#9086,#4719);
#4096=LINE('',#9088,#4720);
#4097=LINE('',#9091,#4721);
#4098=LINE('',#9093,#4722);
#4099=LINE('',#9095,#4723);
#4100=LINE('',#9098,#4724);
#4101=LINE('',#9102,#4725);
#4102=LINE('',#9106,#4726);
#4103=LINE('',#9115,#4727);
#4104=LINE('',#9119,#4728);
#4105=LINE('',#9121,#4729);
#4106=LINE('',#9123,#4730);
#4107=LINE('',#9125,#4731);
#4108=LINE('',#9126,#4732);
#4109=LINE('',#9127,#4733);
#4110=LINE('',#9128,#4734);
#4111=LINE('',#9130,#4735);
#4112=LINE('',#9132,#4736);
#4113=LINE('',#9134,#4737);
#4114=LINE('',#9136,#4738);
#4115=LINE('',#9140,#4739);
#4116=LINE('',#9149,#4740);
#4117=LINE('',#9153,#4741);
#4118=LINE('',#9157,#4742);
#4119=LINE('',#9160,#4743);
#4120=LINE('',#9163,#4744);
#4121=LINE('',#9164,#4745);
#4122=LINE('',#9165,#4746);
#4123=LINE('',#9167,#4747);
#4124=LINE('',#9169,#4748);
#4125=LINE('',#9171,#4749);
#4126=LINE('',#9173,#4750);
#4127=LINE('',#9175,#4751);
#4128=LINE('',#9177,#4752);
#4129=LINE('',#9179,#4753);
#4130=LINE('',#9181,#4754);
#4131=LINE('',#9183,#4755);
#4132=LINE('',#9185,#4756);
#4133=LINE('',#9187,#4757);
#4134=LINE('',#9192,#4758);
#4135=LINE('',#9193,#4759);
#4136=LINE('',#9195,#4760);
#4137=LINE('',#9197,#4761);
#4138=LINE('',#9201,#4762);
#4139=LINE('',#9205,#4763);
#4140=LINE('',#9207,#4764);
#4141=LINE('',#9209,#4765);
#4142=LINE('',#9211,#4766);
#4143=LINE('',#9215,#4767);
#4144=LINE('',#9219,#4768);
#4145=LINE('',#9220,#4769);
#4146=LINE('',#9222,#4770);
#4147=LINE('',#9224,#4771);
#4148=LINE('',#9226,#4772);
#4149=LINE('',#9228,#4773);
#4150=LINE('',#9230,#4774);
#4151=LINE('',#9232,#4775);
#4152=LINE('',#9233,#4776);
#4153=LINE('',#9237,#4777);
#4154=LINE('',#9241,#4778);
#4155=LINE('',#9243,#4779);
#4156=LINE('',#9245,#4780);
#4157=LINE('',#9247,#4781);
#4158=LINE('',#9251,#4782);
#4159=LINE('',#9255,#4783);
#4160=LINE('',#9257,#4784);
#4161=LINE('',#9259,#4785);
#4162=LINE('',#9260,#4786);
#4163=LINE('',#9263,#4787);
#4164=LINE('',#9265,#4788);
#4165=LINE('',#9267,#4789);
#4166=LINE('',#9268,#4790);
#4167=LINE('',#9271,#4791);
#4168=LINE('',#9273,#4792);
#4169=LINE('',#9275,#4793);
#4170=LINE('',#9276,#4794);
#4171=LINE('',#9279,#4795);
#4172=LINE('',#9280,#4796);
#4173=LINE('',#9282,#4797);
#4174=LINE('',#9284,#4798);
#4175=LINE('',#9286,#4799);
#4176=LINE('',#9288,#4800);
#4177=LINE('',#9290,#4801);
#4178=LINE('',#9294,#4802);
#4179=LINE('',#9296,#4803);
#4180=LINE('',#9298,#4804);
#4181=LINE('',#9300,#4805);
#4182=LINE('',#9302,#4806);
#4183=LINE('',#9304,#4807);
#4184=LINE('',#9306,#4808);
#4185=LINE('',#9308,#4809);
#4186=LINE('',#9310,#4810);
#4187=LINE('',#9312,#4811);
#4188=LINE('',#9314,#4812);
#4189=LINE('',#9316,#4813);
#4190=LINE('',#9318,#4814);
#4191=LINE('',#9320,#4815);
#4192=LINE('',#9322,#4816);
#4193=LINE('',#9325,#4817);
#4194=LINE('',#9327,#4818);
#4195=LINE('',#9329,#4819);
#4196=LINE('',#9331,#4820);
#4197=LINE('',#9333,#4821);
#4198=LINE('',#9335,#4822);
#4199=LINE('',#9337,#4823);
#4200=LINE('',#9339,#4824);
#4201=LINE('',#9343,#4825);
#4202=LINE('',#9345,#4826);
#4203=LINE('',#9347,#4827);
#4204=LINE('',#9349,#4828);
#4205=LINE('',#9351,#4829);
#4206=LINE('',#9358,#4830);
#4207=LINE('',#9360,#4831);
#4208=LINE('',#9362,#4832);
#4209=LINE('',#9364,#4833);
#4210=LINE('',#9368,#4834);
#4211=LINE('',#9375,#4835);
#4212=LINE('',#9376,#4836);
#4213=LINE('',#9380,#4837);
#4214=LINE('',#9384,#4838);
#4215=LINE('',#9386,#4839);
#4216=LINE('',#9389,#4840);
#4217=LINE('',#9391,#4841);
#4218=LINE('',#9393,#4842);
#4219=LINE('',#9395,#4843);
#4220=LINE('',#9398,#4844);
#4221=LINE('',#9400,#4845);
#4222=LINE('',#9402,#4846);
#4223=LINE('',#9404,#4847);
#4224=LINE('',#9407,#4848);
#4225=LINE('',#9409,#4849);
#4226=LINE('',#9411,#4850);
#4227=LINE('',#9413,#4851);
#4228=LINE('',#9416,#4852);
#4229=LINE('',#9418,#4853);
#4230=LINE('',#9420,#4854);
#4231=LINE('',#9422,#4855);
#4232=LINE('',#9425,#4856);
#4233=LINE('',#9427,#4857);
#4234=LINE('',#9429,#4858);
#4235=LINE('',#9434,#4859);
#4236=LINE('',#9436,#4860);
#4237=LINE('',#9438,#4861);
#4238=LINE('',#9440,#4862);
#4239=LINE('',#9442,#4863);
#4240=LINE('',#9446,#4864);
#4241=LINE('',#9450,#4865);
#4242=LINE('',#9452,#4866);
#4243=LINE('',#9454,#4867);
#4244=LINE('',#9456,#4868);
#4245=LINE('',#9458,#4869);
#4246=LINE('',#9460,#4870);
#4247=LINE('',#9461,#4871);
#4248=LINE('',#9464,#4872);
#4249=LINE('',#9465,#4873);
#4250=LINE('',#9468,#4874);
#4251=LINE('',#9470,#4875);
#4252=LINE('',#9472,#4876);
#4253=LINE('',#9474,#4877);
#4254=LINE('',#9479,#4878);
#4255=LINE('',#9482,#4879);
#4256=LINE('',#9483,#4880);
#4257=LINE('',#9488,#4881);
#4258=LINE('',#9490,#4882);
#4259=LINE('',#9492,#4883);
#4260=LINE('',#9494,#4884);
#4261=LINE('',#9496,#4885);
#4262=LINE('',#9498,#4886);
#4263=LINE('',#9500,#4887);
#4264=LINE('',#9502,#4888);
#4265=LINE('',#9504,#4889);
#4266=LINE('',#9506,#4890);
#4267=LINE('',#9513,#4891);
#4268=LINE('',#9515,#4892);
#4269=LINE('',#9517,#4893);
#4270=LINE('',#9519,#4894);
#4271=LINE('',#9521,#4895);
#4272=LINE('',#9522,#4896);
#4273=LINE('',#9524,#4897);
#4274=LINE('',#9526,#4898);
#4275=LINE('',#9528,#4899);
#4276=LINE('',#9530,#4900);
#4277=LINE('',#9537,#4901);
#4278=LINE('',#9539,#4902);
#4279=LINE('',#9541,#4903);
#4280=LINE('',#9543,#4904);
#4281=LINE('',#9545,#4905);
#4282=LINE('',#9547,#4906);
#4283=LINE('',#9549,#4907);
#4284=LINE('',#9551,#4908);
#4285=LINE('',#9553,#4909);
#4286=LINE('',#9557,#4910);
#4287=LINE('',#9559,#4911);
#4288=LINE('',#9561,#4912);
#4289=LINE('',#9563,#4913);
#4290=LINE('',#9567,#4914);
#4291=LINE('',#9571,#4915);
#4292=LINE('',#9573,#4916);
#4293=LINE('',#9574,#4917);
#4294=LINE('',#9576,#4918);
#4295=LINE('',#9577,#4919);
#4296=LINE('',#9580,#4920);
#4297=LINE('',#9583,#4921);
#4298=LINE('',#9584,#4922);
#4299=LINE('',#9586,#4923);
#4300=LINE('',#9588,#4924);
#4301=LINE('',#9590,#4925);
#4302=LINE('',#9592,#4926);
#4303=LINE('',#9595,#4927);
#4304=LINE('',#9597,#4928);
#4305=LINE('',#9599,#4929);
#4306=LINE('',#9601,#4930);
#4307=LINE('',#9604,#4931);
#4308=LINE('',#9606,#4932);
#4309=LINE('',#9608,#4933);
#4310=LINE('',#9610,#4934);
#4311=LINE('',#9613,#4935);
#4312=LINE('',#9615,#4936);
#4313=LINE('',#9617,#4937);
#4314=LINE('',#9619,#4938);
#4315=LINE('',#9622,#4939);
#4316=LINE('',#9624,#4940);
#4317=LINE('',#9626,#4941);
#4318=LINE('',#9628,#4942);
#4319=LINE('',#9635,#4943);
#4320=LINE('',#9639,#4944);
#4321=LINE('',#9641,#4945);
#4322=LINE('',#9643,#4946);
#4323=LINE('',#9645,#4947);
#4324=LINE('',#9647,#4948);
#4325=LINE('',#9650,#4949);
#4326=LINE('',#9652,#4950);
#4327=LINE('',#9654,#4951);
#4328=LINE('',#9656,#4952);
#4329=LINE('',#9658,#4953);
#4330=LINE('',#9660,#4954);
#4331=LINE('',#9664,#4955);
#4332=LINE('',#9668,#4956);
#4333=LINE('',#9670,#4957);
#4334=LINE('',#9672,#4958);
#4335=LINE('',#9674,#4959);
#4336=LINE('',#9676,#4960);
#4337=LINE('',#9681,#4961);
#4338=LINE('',#9683,#4962);
#4339=LINE('',#9685,#4963);
#4340=LINE('',#9691,#4964);
#4341=LINE('',#9692,#4965);
#4342=LINE('',#9694,#4966);
#4343=LINE('',#9697,#4967);
#4344=LINE('',#9724,#4968);
#4345=LINE('',#9725,#4969);
#4346=LINE('',#9726,#4970);
#4347=LINE('',#9734,#4971);
#4348=LINE('',#9735,#4972);
#4349=LINE('',#9761,#4973);
#4350=LINE('',#9765,#4974);
#4351=LINE('',#9767,#4975);
#4352=LINE('',#9769,#4976);
#4353=LINE('',#9776,#4977);
#4354=LINE('',#9778,#4978);
#4355=LINE('',#9780,#4979);
#4356=LINE('',#9782,#4980);
#4357=LINE('',#9784,#4981);
#4358=LINE('',#9791,#4982);
#4359=LINE('',#9802,#4983);
#4360=LINE('',#9815,#4984);
#4361=LINE('',#9837,#4985);
#4362=LINE('',#9857,#4986);
#4363=LINE('',#9860,#4987);
#4364=LINE('',#9861,#4988);
#4365=LINE('',#9883,#4989);
#4366=LINE('',#9885,#4990);
#4367=LINE('',#9887,#4991);
#4368=LINE('',#9888,#4992);
#4369=LINE('',#9892,#4993);
#4370=LINE('',#9895,#4994);
#4371=LINE('',#9897,#4995);
#4372=LINE('',#9950,#4996);
#4373=LINE('',#9993,#4997);
#4374=LINE('',#9994,#4998);
#4375=LINE('',#9995,#4999);
#4376=LINE('',#10003,#5000);
#4377=LINE('',#10004,#5001);
#4378=LINE('',#10012,#5002);
#4379=LINE('',#10015,#5003);
#4380=LINE('',#10022,#5004);
#4381=LINE('',#10024,#5005);
#4382=LINE('',#10027,#5006);
#4383=LINE('',#10029,#5007);
#4384=LINE('',#10031,#5008);
#4385=LINE('',#10038,#5009);
#4386=LINE('',#10040,#5010);
#4387=LINE('',#10047,#5011);
#4388=LINE('',#10049,#5012);
#4389=LINE('',#10051,#5013);
#4390=LINE('',#10053,#5014);
#4391=LINE('',#10055,#5015);
#4392=LINE('',#10058,#5016);
#4393=LINE('',#10059,#5017);
#4394=LINE('',#10070,#5018);
#4395=LINE('',#10082,#5019);
#4396=LINE('',#10119,#5020);
#4397=LINE('',#10125,#5021);
#4398=LINE('',#10128,#5022);
#4399=LINE('',#10129,#5023);
#4400=LINE('',#10151,#5024);
#4401=LINE('',#10153,#5025);
#4402=LINE('',#10157,#5026);
#4403=LINE('',#10158,#5027);
#4404=LINE('',#10160,#5028);
#4405=LINE('',#10163,#5029);
#4406=LINE('',#10165,#5030);
#4407=LINE('',#10218,#5031);
#4408=LINE('',#10403,#5032);
#4409=LINE('',#10404,#5033);
#4410=LINE('',#10407,#5034);
#4411=LINE('',#10409,#5035);
#4412=LINE('',#10442,#5036);
#4413=LINE('',#10445,#5037);
#4414=LINE('',#10447,#5038);
#4415=LINE('',#10449,#5039);
#4416=LINE('',#10451,#5040);
#4417=LINE('',#10454,#5041);
#4418=LINE('',#10456,#5042);
#4419=LINE('',#10458,#5043);
#4420=LINE('',#10460,#5044);
#4421=LINE('',#10462,#5045);
#4422=LINE('',#10464,#5046);
#4423=LINE('',#10466,#5047);
#4424=LINE('',#10468,#5048);
#4425=LINE('',#10470,#5049);
#4426=LINE('',#10472,#5050);
#4427=LINE('',#10475,#5051);
#4428=LINE('',#10477,#5052);
#4429=LINE('',#10479,#5053);
#4430=LINE('',#10481,#5054);
#4431=LINE('',#10484,#5055);
#4432=LINE('',#10486,#5056);
#4433=LINE('',#10488,#5057);
#4434=LINE('',#10490,#5058);
#4435=LINE('',#10491,#5059);
#4436=LINE('',#10493,#5060);
#4437=LINE('',#10495,#5061);
#4438=LINE('',#10497,#5062);
#4439=LINE('',#10653,#5063);
#4440=LINE('',#10755,#5064);
#4441=LINE('',#10801,#5065);
#4442=LINE('',#10808,#5066);
#4443=LINE('',#10810,#5067);
#4444=LINE('',#10812,#5068);
#4445=LINE('',#10814,#5069);
#4446=LINE('',#10817,#5070);
#4447=LINE('',#10819,#5071);
#4448=LINE('',#10823,#5072);
#4449=LINE('',#10826,#5073);
#4450=LINE('',#10827,#5074);
#4451=LINE('',#10829,#5075);
#4452=LINE('',#10831,#5076);
#4453=LINE('',#10833,#5077);
#4454=LINE('',#10837,#5078);
#4455=LINE('',#10839,#5079);
#4456=LINE('',#10841,#5080);
#4457=LINE('',#10843,#5081);
#4458=LINE('',#10845,#5082);
#4459=LINE('',#10849,#5083);
#4460=LINE('',#10851,#5084);
#4461=LINE('',#10853,#5085);
#4462=LINE('',#10855,#5086);
#4463=LINE('',#10857,#5087);
#4464=LINE('',#10859,#5088);
#4465=LINE('',#10861,#5089);
#4466=LINE('',#10863,#5090);
#4467=LINE('',#10866,#5091);
#4468=LINE('',#10871,#5092);
#4469=LINE('',#10873,#5093);
#4470=LINE('',#10879,#5094);
#4471=LINE('',#10881,#5095);
#4472=LINE('',#10883,#5096);
#4473=LINE('',#10885,#5097);
#4474=LINE('',#10889,#5098);
#4475=LINE('',#10894,#5099);
#4476=LINE('',#10897,#5100);
#4477=LINE('',#10902,#5101);
#4478=LINE('',#10906,#5102);
#4479=LINE('',#10910,#5103);
#4480=LINE('',#10916,#5104);
#4481=LINE('',#10936,#5105);
#4482=LINE('',#10938,#5106);
#4483=LINE('',#10940,#5107);
#4484=LINE('',#10942,#5108);
#4485=LINE('',#10944,#5109);
#4486=LINE('',#10946,#5110);
#4487=LINE('',#10958,#5111);
#4488=LINE('',#10960,#5112);
#4489=LINE('',#10961,#5113);
#4490=LINE('',#10963,#5114);
#4491=LINE('',#10968,#5115);
#4492=LINE('',#11006,#5116);
#4493=LINE('',#11008,#5117);
#4494=LINE('',#11010,#5118);
#4495=LINE('',#11014,#5119);
#4496=LINE('',#11016,#5120);
#4497=LINE('',#11018,#5121);
#4498=LINE('',#11020,#5122);
#4499=LINE('',#11022,#5123);
#4500=LINE('',#11024,#5124);
#4501=LINE('',#11026,#5125);
#4502=LINE('',#11028,#5126);
#4503=LINE('',#11030,#5127);
#4504=LINE('',#11034,#5128);
#4505=LINE('',#11036,#5129);
#4506=LINE('',#11038,#5130);
#4507=LINE('',#11042,#5131);
#4508=LINE('',#11048,#5132);
#4509=LINE('',#11050,#5133);
#4510=LINE('',#11054,#5134);
#4511=LINE('',#11055,#5135);
#4512=LINE('',#11057,#5136);
#4513=LINE('',#11060,#5137);
#4514=LINE('',#11062,#5138);
#4515=LINE('',#11066,#5139);
#4516=LINE('',#11070,#5140);
#4517=LINE('',#11078,#5141);
#4518=LINE('',#11082,#5142);
#4519=LINE('',#11086,#5143);
#4520=LINE('',#11090,#5144);
#4521=LINE('',#11094,#5145);
#4522=LINE('',#11096,#5146);
#4523=LINE('',#11098,#5147);
#4524=LINE('',#11100,#5148);
#4525=LINE('',#11102,#5149);
#4526=LINE('',#11106,#5150);
#4527=LINE('',#11110,#5151);
#4528=LINE('',#11114,#5152);
#4529=LINE('',#11118,#5153);
#4530=LINE('',#11126,#5154);
#4531=LINE('',#11130,#5155);
#4532=LINE('',#11134,#5156);
#4533=LINE('',#11136,#5157);
#4534=LINE('',#11137,#5158);
#4535=LINE('',#11139,#5159);
#4536=LINE('',#11141,#5160);
#4537=LINE('',#11143,#5161);
#4538=LINE('',#11145,#5162);
#4539=LINE('',#11147,#5163);
#4540=LINE('',#11159,#5164);
#4541=LINE('',#11161,#5165);
#4542=LINE('',#11162,#5166);
#4543=LINE('',#11163,#5167);
#4544=LINE('',#11166,#5168);
#4545=LINE('',#11168,#5169);
#4546=LINE('',#11170,#5170);
#4547=LINE('',#11171,#5171);
#4548=LINE('',#11174,#5172);
#4549=LINE('',#11176,#5173);
#4550=LINE('',#11178,#5174);
#4551=LINE('',#11180,#5175);
#4552=LINE('',#11182,#5176);
#4553=LINE('',#11184,#5177);
#4554=LINE('',#11186,#5178);
#4555=LINE('',#11188,#5179);
#4556=LINE('',#11279,#5180);
#4557=LINE('',#11281,#5181);
#4558=LINE('',#11283,#5182);
#4559=LINE('',#11285,#5183);
#4560=LINE('',#11287,#5184);
#4561=LINE('',#11289,#5185);
#4562=LINE('',#11293,#5186);
#4563=LINE('',#11295,#5187);
#4564=LINE('',#11299,#5188);
#4565=LINE('',#11301,#5189);
#4566=LINE('',#11303,#5190);
#4567=LINE('',#11307,#5191);
#4568=LINE('',#11309,#5192);
#4569=LINE('',#11311,#5193);
#4570=LINE('',#11320,#5194);
#4571=LINE('',#11348,#5195);
#4572=LINE('',#11352,#5196);
#4573=LINE('',#11354,#5197);
#4574=LINE('',#11356,#5198);
#4575=LINE('',#11360,#5199);
#4576=LINE('',#11364,#5200);
#4577=LINE('',#11366,#5201);
#4578=LINE('',#11368,#5202);
#4579=LINE('',#11370,#5203);
#4580=LINE('',#11372,#5204);
#4581=LINE('',#11375,#5205);
#4582=LINE('',#11377,#5206);
#4583=LINE('',#11379,#5207);
#4584=LINE('',#11381,#5208);
#4585=LINE('',#11384,#5209);
#4586=LINE('',#11386,#5210);
#4587=LINE('',#11388,#5211);
#4588=LINE('',#11390,#5212);
#4589=LINE('',#11391,#5213);
#4590=LINE('',#11393,#5214);
#4591=LINE('',#11394,#5215);
#4592=LINE('',#11396,#5216);
#4593=LINE('',#11400,#5217);
#4594=LINE('',#11404,#5218);
#4595=LINE('',#11408,#5219);
#4596=LINE('',#11417,#5220);
#4597=LINE('',#11421,#5221);
#4598=LINE('',#11423,#5222);
#4599=LINE('',#11425,#5223);
#4600=LINE('',#11427,#5224);
#4601=LINE('',#11428,#5225);
#4602=LINE('',#11429,#5226);
#4603=LINE('',#11432,#5227);
#4604=LINE('',#11434,#5228);
#4605=LINE('',#11436,#5229);
#4606=LINE('',#11438,#5230);
#4607=LINE('',#11442,#5231);
#4608=LINE('',#11443,#5232);
#4609=LINE('',#11445,#5233);
#4610=LINE('',#11450,#5234);
#4611=LINE('',#11452,#5235);
#4612=LINE('',#11454,#5236);
#4613=LINE('',#11456,#5237);
#4614=LINE('',#11458,#5238);
#4615=LINE('',#11460,#5239);
#4616=LINE('',#11462,#5240);
#4617=LINE('',#11465,#5241);
#4618=LINE('',#11468,#5242);
#4619=LINE('',#11470,#5243);
#4620=LINE('',#11472,#5244);
#4621=LINE('',#11474,#5245);
#4622=LINE('',#11478,#5246);
#4623=LINE('',#11480,#5247);
#4624=LINE('',#11481,#5248);
#4625=LINE('',#11483,#5249);
#4626=LINE('',#11488,#5250);
#4627=LINE('',#11519,#5251);
#4628=LINE('',#11523,#5252);
#4629=LINE('',#11525,#5253);
#4630=LINE('',#11527,#5254);
#4631=LINE('',#11529,#5255);
#4632=LINE('',#11531,#5256);
#4633=LINE('',#11533,#5257);
#4634=LINE('',#11535,#5258);
#4635=LINE('',#11537,#5259);
#4636=LINE('',#11539,#5260);
#4637=LINE('',#11541,#5261);
#4638=LINE('',#11543,#5262);
#4639=LINE('',#11556,#5263);
#4640=LINE('',#11558,#5264);
#4641=LINE('',#11560,#5265);
#4642=LINE('',#11562,#5266);
#4643=LINE('',#11564,#5267);
#4644=LINE('',#11605,#5268);
#4645=LINE('',#11607,#5269);
#4646=LINE('',#11608,#5270);
#4647=LINE('',#11610,#5271);
#4648=LINE('',#11611,#5272);
#4649=LINE('',#11614,#5273);
#4650=LINE('',#11615,#5274);
#4651=LINE('',#11618,#5275);
#4652=LINE('',#11624,#5276);
#4653=LINE('',#11647,#5277);
#4654=LINE('',#11648,#5278);
#4655=LINE('',#11655,#5279);
#4656=LINE('',#11659,#5280);
#4657=LINE('',#11661,#5281);
#4658=LINE('',#11663,#5282);
#4659=LINE('',#11665,#5283);
#4660=LINE('',#11667,#5284);
#4661=LINE('',#11669,#5285);
#4662=LINE('',#11671,#5286);
#4663=LINE('',#11673,#5287);
#4664=VECTOR('',#7170,1000.);
#4665=VECTOR('',#7173,1000.);
#4666=VECTOR('',#7174,1000.);
#4667=VECTOR('',#7175,1000.);
#4668=VECTOR('',#7178,1000.);
#4669=VECTOR('',#7179,1000.);
#4670=VECTOR('',#7180,1000.);
#4671=VECTOR('',#7183,1000.);
#4672=VECTOR('',#7184,1000.);
#4673=VECTOR('',#7185,1000.);
#4674=VECTOR('',#7190,1000.);
#4675=VECTOR('',#7191,1000.);
#4676=VECTOR('',#7194,1000.);
#4677=VECTOR('',#7197,1000.);
#4678=VECTOR('',#7200,1000.);
#4679=VECTOR('',#7205,1000.);
#4680=VECTOR('',#7206,1000.);
#4681=VECTOR('',#7207,1000.);
#4682=VECTOR('',#7208,1000.);
#4683=VECTOR('',#7211,1000.);
#4684=VECTOR('',#7212,1000.);
#4685=VECTOR('',#7213,1000.);
#4686=VECTOR('',#7214,1000.);
#4687=VECTOR('',#7217,1000.);
#4688=VECTOR('',#7218,1000.);
#4689=VECTOR('',#7219,1000.);
#4690=VECTOR('',#7220,1000.);
#4691=VECTOR('',#7223,1000.);
#4692=VECTOR('',#7224,1000.);
#4693=VECTOR('',#7225,1000.);
#4694=VECTOR('',#7226,1000.);
#4695=VECTOR('',#7229,1000.);
#4696=VECTOR('',#7230,1000.);
#4697=VECTOR('',#7231,1000.);
#4698=VECTOR('',#7232,1000.);
#4699=VECTOR('',#7235,1000.);
#4700=VECTOR('',#7236,1000.);
#4701=VECTOR('',#7237,1000.);
#4702=VECTOR('',#7238,1000.);
#4703=VECTOR('',#7241,1000.);
#4704=VECTOR('',#7242,1000.);
#4705=VECTOR('',#7243,1000.);
#4706=VECTOR('',#7246,1000.);
#4707=VECTOR('',#7247,1000.);
#4708=VECTOR('',#7248,1000.);
#4709=VECTOR('',#7249,1000.);
#4710=VECTOR('',#7252,1000.);
#4711=VECTOR('',#7253,1000.);
#4712=VECTOR('',#7254,1000.);
#4713=VECTOR('',#7255,1000.);
#4714=VECTOR('',#7256,1000.);
#4715=VECTOR('',#7257,1000.);
#4716=VECTOR('',#7258,1000.);
#4717=VECTOR('',#7259,1000.);
#4718=VECTOR('',#7260,1000.);
#4719=VECTOR('',#7261,1000.);
#4720=VECTOR('',#7264,1000.);
#4721=VECTOR('',#7265,1000.);
#4722=VECTOR('',#7266,1000.);
#4723=VECTOR('',#7267,1000.);
#4724=VECTOR('',#7270,1000.);
#4725=VECTOR('',#7273,1000.);
#4726=VECTOR('',#7276,1000.);
#4727=VECTOR('',#7279,1000.);
#4728=VECTOR('',#7282,1000.);
#4729=VECTOR('',#7283,1000.);
#4730=VECTOR('',#7284,1000.);
#4731=VECTOR('',#7285,1000.);
#4732=VECTOR('',#7286,1000.);
#4733=VECTOR('',#7287,1000.);
#4734=VECTOR('',#7288,1000.);
#4735=VECTOR('',#7289,1000.);
#4736=VECTOR('',#7290,1000.);
#4737=VECTOR('',#7291,1000.);
#4738=VECTOR('',#7292,1000.);
#4739=VECTOR('',#7295,1000.);
#4740=VECTOR('',#7298,1000.);
#4741=VECTOR('',#7301,1000.);
#4742=VECTOR('',#7304,1000.);
#4743=VECTOR('',#7307,1000.);
#4744=VECTOR('',#7308,1000.);
#4745=VECTOR('',#7309,1000.);
#4746=VECTOR('',#7310,1000.);
#4747=VECTOR('',#7311,1000.);
#4748=VECTOR('',#7312,1000.);
#4749=VECTOR('',#7315,1000.);
#4750=VECTOR('',#7318,1000.);
#4751=VECTOR('',#7321,1000.);
#4752=VECTOR('',#7322,1000.);
#4753=VECTOR('',#7323,1000.);
#4754=VECTOR('',#7326,1000.);
#4755=VECTOR('',#7327,1000.);
#4756=VECTOR('',#7328,1000.);
#4757=VECTOR('',#7331,1000.);
#4758=VECTOR('',#7334,1000.);
#4759=VECTOR('',#7335,1000.);
#4760=VECTOR('',#7336,1000.);
#4761=VECTOR('',#7337,1000.);
#4762=VECTOR('',#7340,1000.);
#4763=VECTOR('',#7343,1000.);
#4764=VECTOR('',#7344,1000.);
#4765=VECTOR('',#7345,1000.);
#4766=VECTOR('',#7346,1000.);
#4767=VECTOR('',#7349,1000.);
#4768=VECTOR('',#7352,1000.);
#4769=VECTOR('',#7353,1000.);
#4770=VECTOR('',#7354,1000.);
#4771=VECTOR('',#7355,1000.);
#4772=VECTOR('',#7356,1000.);
#4773=VECTOR('',#7357,1000.);
#4774=VECTOR('',#7358,1000.);
#4775=VECTOR('',#7359,1000.);
#4776=VECTOR('',#7360,1000.);
#4777=VECTOR('',#7363,1000.);
#4778=VECTOR('',#7366,1000.);
#4779=VECTOR('',#7367,1000.);
#4780=VECTOR('',#7368,1000.);
#4781=VECTOR('',#7369,1000.);
#4782=VECTOR('',#7372,1000.);
#4783=VECTOR('',#7375,1000.);
#4784=VECTOR('',#7376,1000.);
#4785=VECTOR('',#7379,1000.);
#4786=VECTOR('',#7380,1000.);
#4787=VECTOR('',#7381,1000.);
#4788=VECTOR('',#7382,1000.);
#4789=VECTOR('',#7383,1000.);
#4790=VECTOR('',#7384,1000.);
#4791=VECTOR('',#7385,1000.);
#4792=VECTOR('',#7386,1000.);
#4793=VECTOR('',#7387,1000.);
#4794=VECTOR('',#7388,1000.);
#4795=VECTOR('',#7389,1000.);
#4796=VECTOR('',#7390,1000.);
#4797=VECTOR('',#7391,1000.);
#4798=VECTOR('',#7392,1000.);
#4799=VECTOR('',#7393,1000.);
#4800=VECTOR('',#7394,1000.);
#4801=VECTOR('',#7397,1000.);
#4802=VECTOR('',#7400,1000.);
#4803=VECTOR('',#7403,1000.);
#4804=VECTOR('',#7404,1000.);
#4805=VECTOR('',#7407,1000.);
#4806=VECTOR('',#7408,1000.);
#4807=VECTOR('',#7409,1000.);
#4808=VECTOR('',#7412,1000.);
#4809=VECTOR('',#7415,1000.);
#4810=VECTOR('',#7416,1000.);
#4811=VECTOR('',#7417,1000.);
#4812=VECTOR('',#7420,1000.);
#4813=VECTOR('',#7421,1000.);
#4814=VECTOR('',#7424,1000.);
#4815=VECTOR('',#7425,1000.);
#4816=VECTOR('',#7428,1000.);
#4817=VECTOR('',#7433,1000.);
#4818=VECTOR('',#7434,1000.);
#4819=VECTOR('',#7435,1000.);
#4820=VECTOR('',#7438,1000.);
#4821=VECTOR('',#7439,1000.);
#4822=VECTOR('',#7442,1000.);
#4823=VECTOR('',#7443,1000.);
#4824=VECTOR('',#7446,1000.);
#4825=VECTOR('',#7453,1000.);
#4826=VECTOR('',#7454,1000.);
#4827=VECTOR('',#7457,1000.);
#4828=VECTOR('',#7458,1000.);
#4829=VECTOR('',#7459,1000.);
#4830=VECTOR('',#7462,1000.);
#4831=VECTOR('',#7463,1000.);
#4832=VECTOR('',#7464,1000.);
#4833=VECTOR('',#7465,1000.);
#4834=VECTOR('',#7468,1000.);
#4835=VECTOR('',#7471,1000.);
#4836=VECTOR('',#7472,1000.);
#4837=VECTOR('',#7475,1000.);
#4838=VECTOR('',#7478,1000.);
#4839=VECTOR('',#7481,1000.);
#4840=VECTOR('',#7482,1000.);
#4841=VECTOR('',#7483,1000.);
#4842=VECTOR('',#7484,1000.);
#4843=VECTOR('',#7487,1000.);
#4844=VECTOR('',#7488,1000.);
#4845=VECTOR('',#7489,1000.);
#4846=VECTOR('',#7490,1000.);
#4847=VECTOR('',#7493,1000.);
#4848=VECTOR('',#7494,1000.);
#4849=VECTOR('',#7495,1000.);
#4850=VECTOR('',#7496,1000.);
#4851=VECTOR('',#7499,1000.);
#4852=VECTOR('',#7500,1000.);
#4853=VECTOR('',#7501,1000.);
#4854=VECTOR('',#7502,1000.);
#4855=VECTOR('',#7505,1000.);
#4856=VECTOR('',#7506,1000.);
#4857=VECTOR('',#7507,1000.);
#4858=VECTOR('',#7508,1000.);
#4859=VECTOR('',#7513,1000.);
#4860=VECTOR('',#7514,1000.);
#4861=VECTOR('',#7515,1000.);
#4862=VECTOR('',#7516,1000.);
#4863=VECTOR('',#7517,1000.);
#4864=VECTOR('',#7520,1000.);
#4865=VECTOR('',#7523,1000.);
#4866=VECTOR('',#7524,1000.);
#4867=VECTOR('',#7525,1000.);
#4868=VECTOR('',#7526,1000.);
#4869=VECTOR('',#7529,1000.);
#4870=VECTOR('',#7532,1000.);
#4871=VECTOR('',#7533,1000.);
#4872=VECTOR('',#7538,1000.);
#4873=VECTOR('',#7539,1000.);
#4874=VECTOR('',#7544,1000.);
#4875=VECTOR('',#7545,1000.);
#4876=VECTOR('',#7546,1000.);
#4877=VECTOR('',#7549,1000.);
#4878=VECTOR('',#7552,1000.);
#4879=VECTOR('',#7555,1000.);
#4880=VECTOR('',#7556,1000.);
#4881=VECTOR('',#7561,1000.);
#4882=VECTOR('',#7562,1000.);
#4883=VECTOR('',#7563,1000.);
#4884=VECTOR('',#7564,1000.);
#4885=VECTOR('',#7565,1000.);
#4886=VECTOR('',#7566,1000.);
#4887=VECTOR('',#7567,1000.);
#4888=VECTOR('',#7568,1000.);
#4889=VECTOR('',#7569,1000.);
#4890=VECTOR('',#7570,1000.);
#4891=VECTOR('',#7571,1000.);
#4892=VECTOR('',#7572,1000.);
#4893=VECTOR('',#7573,1000.);
#4894=VECTOR('',#7574,1000.);
#4895=VECTOR('',#7575,1000.);
#4896=VECTOR('',#7576,1000.);
#4897=VECTOR('',#7577,1000.);
#4898=VECTOR('',#7578,1000.);
#4899=VECTOR('',#7579,1000.);
#4900=VECTOR('',#7580,1000.);
#4901=VECTOR('',#7581,1000.);
#4902=VECTOR('',#7582,1000.);
#4903=VECTOR('',#7583,1000.);
#4904=VECTOR('',#7584,1000.);
#4905=VECTOR('',#7585,1000.);
#4906=VECTOR('',#7586,1000.);
#4907=VECTOR('',#7587,1000.);
#4908=VECTOR('',#7588,1000.);
#4909=VECTOR('',#7589,1000.);
#4910=VECTOR('',#7594,1000.);
#4911=VECTOR('',#7595,1000.);
#4912=VECTOR('',#7596,1000.);
#4913=VECTOR('',#7597,1000.);
#4914=VECTOR('',#7600,1000.);
#4915=VECTOR('',#7603,1000.);
#4916=VECTOR('',#7606,1000.);
#4917=VECTOR('',#7607,1000.);
#4918=VECTOR('',#7610,1000.);
#4919=VECTOR('',#7611,1000.);
#4920=VECTOR('',#7616,1000.);
#4921=VECTOR('',#7621,1000.);
#4922=VECTOR('',#7622,1000.);
#4923=VECTOR('',#7625,1000.);
#4924=VECTOR('',#7626,1000.);
#4925=VECTOR('',#7627,1000.);
#4926=VECTOR('',#7630,1000.);
#4927=VECTOR('',#7631,1000.);
#4928=VECTOR('',#7632,1000.);
#4929=VECTOR('',#7633,1000.);
#4930=VECTOR('',#7636,1000.);
#4931=VECTOR('',#7637,1000.);
#4932=VECTOR('',#7638,1000.);
#4933=VECTOR('',#7639,1000.);
#4934=VECTOR('',#7642,1000.);
#4935=VECTOR('',#7643,1000.);
#4936=VECTOR('',#7644,1000.);
#4937=VECTOR('',#7645,1000.);
#4938=VECTOR('',#7648,1000.);
#4939=VECTOR('',#7649,1000.);
#4940=VECTOR('',#7650,1000.);
#4941=VECTOR('',#7651,1000.);
#4942=VECTOR('',#7654,1000.);
#4943=VECTOR('',#7657,1000.);
#4944=VECTOR('',#7660,1000.);
#4945=VECTOR('',#7661,1000.);
#4946=VECTOR('',#7662,1000.);
#4947=VECTOR('',#7663,1000.);
#4948=VECTOR('',#7666,1000.);
#4949=VECTOR('',#7667,1000.);
#4950=VECTOR('',#7668,1000.);
#4951=VECTOR('',#7669,1000.);
#4952=VECTOR('',#7670,1000.);
#4953=VECTOR('',#7671,1000.);
#4954=VECTOR('',#7672,1000.);
#4955=VECTOR('',#7675,1000.);
#4956=VECTOR('',#7678,1000.);
#4957=VECTOR('',#7679,1000.);
#4958=VECTOR('',#7682,1000.);
#4959=VECTOR('',#7683,1000.);
#4960=VECTOR('',#7686,1000.);
#4961=VECTOR('',#7689,1000.);
#4962=VECTOR('',#7690,1000.);
#4963=VECTOR('',#7691,1000.);
#4964=VECTOR('',#7700,1000.);
#4965=VECTOR('',#7701,1000.);
#4966=VECTOR('',#7704,1000.);
#4967=VECTOR('',#7707,1000.);
#4968=VECTOR('',#7712,1000.);
#4969=VECTOR('',#7713,1000.);
#4970=VECTOR('',#7714,1000.);
#4971=VECTOR('',#7717,1000.);
#4972=VECTOR('',#7718,1000.);
#4973=VECTOR('',#7723,1000.);
#4974=VECTOR('',#7728,1000.);
#4975=VECTOR('',#7731,1000.);
#4976=VECTOR('',#7734,1000.);
#4977=VECTOR('',#7735,1000.);
#4978=VECTOR('',#7738,1000.);
#4979=VECTOR('',#7739,1000.);
#4980=VECTOR('',#7740,1000.);
#4981=VECTOR('',#7741,1000.);
#4982=VECTOR('',#7742,1000.);
#4983=VECTOR('',#7743,1000.);
#4984=VECTOR('',#7744,1000.);
#4985=VECTOR('',#7745,1000.);
#4986=VECTOR('',#7748,1000.);
#4987=VECTOR('',#7749,1000.);
#4988=VECTOR('',#7750,1000.);
#4989=VECTOR('',#7753,1000.);
#4990=VECTOR('',#7754,1000.);
#4991=VECTOR('',#7757,1000.);
#4992=VECTOR('',#7758,1000.);
#4993=VECTOR('',#7763,1000.);
#4994=VECTOR('',#7768,1000.);
#4995=VECTOR('',#7769,1000.);
#4996=VECTOR('',#7774,1000.);
#4997=VECTOR('',#7797,1000.);
#4998=VECTOR('',#7798,1000.);
#4999=VECTOR('',#7799,1000.);
#5000=VECTOR('',#7802,1000.);
#5001=VECTOR('',#7803,1000.);
#5002=VECTOR('',#7806,1000.);
#5003=VECTOR('',#7809,1000.);
#5004=VECTOR('',#7812,1000.);
#5005=VECTOR('',#7815,1000.);
#5006=VECTOR('',#7818,1000.);
#5007=VECTOR('',#7821,1000.);
#5008=VECTOR('',#7824,1000.);
#5009=VECTOR('',#7825,1000.);
#5010=VECTOR('',#7828,1000.);
#5011=VECTOR('',#7829,1000.);
#5012=VECTOR('',#7830,1000.);
#5013=VECTOR('',#7831,1000.);
#5014=VECTOR('',#7832,1000.);
#5015=VECTOR('',#7835,1000.);
#5016=VECTOR('',#7836,1000.);
#5017=VECTOR('',#7837,1000.);
#5018=VECTOR('',#7838,1000.);
#5019=VECTOR('',#7839,1000.);
#5020=VECTOR('',#7840,1000.);
#5021=VECTOR('',#7843,1000.);
#5022=VECTOR('',#7844,1000.);
#5023=VECTOR('',#7845,1000.);
#5024=VECTOR('',#7848,1000.);
#5025=VECTOR('',#7849,1000.);
#5026=VECTOR('',#7854,1000.);
#5027=VECTOR('',#7855,1000.);
#5028=VECTOR('',#7858,1000.);
#5029=VECTOR('',#7863,1000.);
#5030=VECTOR('',#7864,1000.);
#5031=VECTOR('',#7869,1000.);
#5032=VECTOR('',#8176,1000.);
#5033=VECTOR('',#8177,1000.);
#5034=VECTOR('',#8182,1000.);
#5035=VECTOR('',#8185,1000.);
#5036=VECTOR('',#8234,1000.);
#5037=VECTOR('',#8235,1000.);
#5038=VECTOR('',#8236,1000.);
#5039=VECTOR('',#8237,1000.);
#5040=VECTOR('',#8240,1000.);
#5041=VECTOR('',#8241,1000.);
#5042=VECTOR('',#8242,1000.);
#5043=VECTOR('',#8243,1000.);
#5044=VECTOR('',#8246,1000.);
#5045=VECTOR('',#8247,1000.);
#5046=VECTOR('',#8248,1000.);
#5047=VECTOR('',#8251,1000.);
#5048=VECTOR('',#8252,1000.);
#5049=VECTOR('',#8253,1000.);
#5050=VECTOR('',#8256,1000.);
#5051=VECTOR('',#8257,1000.);
#5052=VECTOR('',#8258,1000.);
#5053=VECTOR('',#8259,1000.);
#5054=VECTOR('',#8262,1000.);
#5055=VECTOR('',#8263,1000.);
#5056=VECTOR('',#8264,1000.);
#5057=VECTOR('',#8265,1000.);
#5058=VECTOR('',#8268,1000.);
#5059=VECTOR('',#8269,1000.);
#5060=VECTOR('',#8272,1000.);
#5061=VECTOR('',#8273,1000.);
#5062=VECTOR('',#8274,1000.);
#5063=VECTOR('',#8275,1000.);
#5064=VECTOR('',#8276,1000.);
#5065=VECTOR('',#8277,1000.);
#5066=VECTOR('',#8280,1000.);
#5067=VECTOR('',#8281,1000.);
#5068=VECTOR('',#8282,1000.);
#5069=VECTOR('',#8285,1000.);
#5070=VECTOR('',#8286,1000.);
#5071=VECTOR('',#8287,1000.);
#5072=VECTOR('',#8292,1000.);
#5073=VECTOR('',#8293,1000.);
#5074=VECTOR('',#8294,1000.);
#5075=VECTOR('',#8297,1000.);
#5076=VECTOR('',#8298,1000.);
#5077=VECTOR('',#8301,1000.);
#5078=VECTOR('',#8304,1000.);
#5079=VECTOR('',#8307,1000.);
#5080=VECTOR('',#8308,1000.);
#5081=VECTOR('',#8311,1000.);
#5082=VECTOR('',#8312,1000.);
#5083=VECTOR('',#8319,1000.);
#5084=VECTOR('',#8320,1000.);
#5085=VECTOR('',#8323,1000.);
#5086=VECTOR('',#8324,1000.);
#5087=VECTOR('',#8325,1000.);
#5088=VECTOR('',#8326,1000.);
#5089=VECTOR('',#8327,1000.);
#5090=VECTOR('',#8330,1000.);
#5091=VECTOR('',#8331,1000.);
#5092=VECTOR('',#8336,1000.);
#5093=VECTOR('',#8339,1000.);
#5094=VECTOR('',#8346,1000.);
#5095=VECTOR('',#8347,1000.);
#5096=VECTOR('',#8348,1000.);
#5097=VECTOR('',#8349,1000.);
#5098=VECTOR('',#8352,1000.);
#5099=VECTOR('',#8357,1000.);
#5100=VECTOR('',#8360,1000.);
#5101=VECTOR('',#8363,1000.);
#5102=VECTOR('',#8366,1000.);
#5103=VECTOR('',#8369,1000.);
#5104=VECTOR('',#8376,1000.);
#5105=VECTOR('',#8383,1000.);
#5106=VECTOR('',#8384,1000.);
#5107=VECTOR('',#8385,1000.);
#5108=VECTOR('',#8386,1000.);
#5109=VECTOR('',#8389,1000.);
#5110=VECTOR('',#8390,1000.);
#5111=VECTOR('',#8391,1000.);
#5112=VECTOR('',#8392,1000.);
#5113=VECTOR('',#8393,1000.);
#5114=VECTOR('',#8396,1000.);
#5115=VECTOR('',#8399,1000.);
#5116=VECTOR('',#8422,1000.);
#5117=VECTOR('',#8423,1000.);
#5118=VECTOR('',#8424,1000.);
#5119=VECTOR('',#8429,1000.);
#5120=VECTOR('',#8430,1000.);
#5121=VECTOR('',#8431,1000.);
#5122=VECTOR('',#8434,1000.);
#5123=VECTOR('',#8435,1000.);
#5124=VECTOR('',#8438,1000.);
#5125=VECTOR('',#8439,1000.);
#5126=VECTOR('',#8442,1000.);
#5127=VECTOR('',#8443,1000.);
#5128=VECTOR('',#8450,1000.);
#5129=VECTOR('',#8451,1000.);
#5130=VECTOR('',#8452,1000.);
#5131=VECTOR('',#8457,1000.);
#5132=VECTOR('',#8464,1000.);
#5133=VECTOR('',#8467,1000.);
#5134=VECTOR('',#8472,1000.);
#5135=VECTOR('',#8473,1000.);
#5136=VECTOR('',#8476,1000.);
#5137=VECTOR('',#8477,1000.);
#5138=VECTOR('',#8478,1000.);
#5139=VECTOR('',#8481,1000.);
#5140=VECTOR('',#8484,1000.);
#5141=VECTOR('',#8485,1000.);
#5142=VECTOR('',#8488,1000.);
#5143=VECTOR('',#8491,1000.);
#5144=VECTOR('',#8494,1000.);
#5145=VECTOR('',#8497,1000.);
#5146=VECTOR('',#8498,1000.);
#5147=VECTOR('',#8499,1000.);
#5148=VECTOR('',#8500,1000.);
#5149=VECTOR('',#8501,1000.);
#5150=VECTOR('',#8504,1000.);
#5151=VECTOR('',#8507,1000.);
#5152=VECTOR('',#8510,1000.);
#5153=VECTOR('',#8513,1000.);
#5154=VECTOR('',#8514,1000.);
#5155=VECTOR('',#8517,1000.);
#5156=VECTOR('',#8520,1000.);
#5157=VECTOR('',#8521,1000.);
#5158=VECTOR('',#8522,1000.);
#5159=VECTOR('',#8523,1000.);
#5160=VECTOR('',#8524,1000.);
#5161=VECTOR('',#8525,1000.);
#5162=VECTOR('',#8528,1000.);
#5163=VECTOR('',#8529,1000.);
#5164=VECTOR('',#8530,1000.);
#5165=VECTOR('',#8533,1000.);
#5166=VECTOR('',#8534,1000.);
#5167=VECTOR('',#8535,1000.);
#5168=VECTOR('',#8536,1000.);
#5169=VECTOR('',#8537,1000.);
#5170=VECTOR('',#8538,1000.);
#5171=VECTOR('',#8539,1000.);
#5172=VECTOR('',#8540,1000.);
#5173=VECTOR('',#8541,1000.);
#5174=VECTOR('',#8542,1000.);
#5175=VECTOR('',#8545,1000.);
#5176=VECTOR('',#8546,1000.);
#5177=VECTOR('',#8547,1000.);
#5178=VECTOR('',#8550,1000.);
#5179=VECTOR('',#8553,1000.);
#5180=VECTOR('',#8570,1000.);
#5181=VECTOR('',#8571,1000.);
#5182=VECTOR('',#8572,1000.);
#5183=VECTOR('',#8575,1000.);
#5184=VECTOR('',#8576,1000.);
#5185=VECTOR('',#8579,1000.);
#5186=VECTOR('',#8582,1000.);
#5187=VECTOR('',#8585,1000.);
#5188=VECTOR('',#8588,1000.);
#5189=VECTOR('',#8591,1000.);
#5190=VECTOR('',#8594,1000.);
#5191=VECTOR('',#8597,1000.);
#5192=VECTOR('',#8600,1000.);
#5193=VECTOR('',#8603,1000.);
#5194=VECTOR('',#8606,1000.);
#5195=VECTOR('',#8611,1000.);
#5196=VECTOR('',#8614,1000.);
#5197=VECTOR('',#8617,1000.);
#5198=VECTOR('',#8620,1000.);
#5199=VECTOR('',#8625,1000.);
#5200=VECTOR('',#8630,1000.);
#5201=VECTOR('',#8631,1000.);
#5202=VECTOR('',#8634,1000.);
#5203=VECTOR('',#8637,1000.);
#5204=VECTOR('',#8640,1000.);
#5205=VECTOR('',#8641,1000.);
#5206=VECTOR('',#8642,1000.);
#5207=VECTOR('',#8643,1000.);
#5208=VECTOR('',#8646,1000.);
#5209=VECTOR('',#8647,1000.);
#5210=VECTOR('',#8648,1000.);
#5211=VECTOR('',#8649,1000.);
#5212=VECTOR('',#8652,1000.);
#5213=VECTOR('',#8653,1000.);
#5214=VECTOR('',#8656,1000.);
#5215=VECTOR('',#8657,1000.);
#5216=VECTOR('',#8658,1000.);
#5217=VECTOR('',#8661,1000.);
#5218=VECTOR('',#8664,1000.);
#5219=VECTOR('',#8667,1000.);
#5220=VECTOR('',#8670,1000.);
#5221=VECTOR('',#8673,1000.);
#5222=VECTOR('',#8674,1000.);
#5223=VECTOR('',#8675,1000.);
#5224=VECTOR('',#8676,1000.);
#5225=VECTOR('',#8677,1000.);
#5226=VECTOR('',#8678,1000.);
#5227=VECTOR('',#8679,1000.);
#5228=VECTOR('',#8680,1000.);
#5229=VECTOR('',#8681,1000.);
#5230=VECTOR('',#8684,1000.);
#5231=VECTOR('',#8691,1000.);
#5232=VECTOR('',#8692,1000.);
#5233=VECTOR('',#8695,1000.);
#5234=VECTOR('',#8698,1000.);
#5235=VECTOR('',#8699,1000.);
#5236=VECTOR('',#8702,1000.);
#5237=VECTOR('',#8703,1000.);
#5238=VECTOR('',#8706,1000.);
#5239=VECTOR('',#8707,1000.);
#5240=VECTOR('',#8710,1000.);
#5241=VECTOR('',#8711,1000.);
#5242=VECTOR('',#8716,1000.);
#5243=VECTOR('',#8717,1000.);
#5244=VECTOR('',#8720,1000.);
#5245=VECTOR('',#8721,1000.);
#5246=VECTOR('',#8728,1000.);
#5247=VECTOR('',#8731,1000.);
#5248=VECTOR('',#8732,1000.);
#5249=VECTOR('',#8735,1000.);
#5250=VECTOR('',#8740,1000.);
#5251=VECTOR('',#8763,1000.);
#5252=VECTOR('',#8766,1000.);
#5253=VECTOR('',#8767,1000.);
#5254=VECTOR('',#8770,1000.);
#5255=VECTOR('',#8771,1000.);
#5256=VECTOR('',#8772,1000.);
#5257=VECTOR('',#8775,1000.);
#5258=VECTOR('',#8776,1000.);
#5259=VECTOR('',#8779,1000.);
#5260=VECTOR('',#8780,1000.);
#5261=VECTOR('',#8783,1000.);
#5262=VECTOR('',#8784,1000.);
#5263=VECTOR('',#8809,1000.);
#5264=VECTOR('',#8810,1000.);
#5265=VECTOR('',#8811,1000.);
#5266=VECTOR('',#8814,1000.);
#5267=VECTOR('',#8817,1000.);
#5268=VECTOR('',#8830,1000.);
#5269=VECTOR('',#8833,1000.);
#5270=VECTOR('',#8834,1000.);
#5271=VECTOR('',#8837,1000.);
#5272=VECTOR('',#8838,1000.);
#5273=VECTOR('',#8843,1000.);
#5274=VECTOR('',#8844,1000.);
#5275=VECTOR('',#8849,1000.);
#5276=VECTOR('',#8850,1000.);
#5277=VECTOR('',#8855,1000.);
#5278=VECTOR('',#8856,1000.);
#5279=VECTOR('',#8869,1000.);
#5280=VECTOR('',#8876,1000.);
#5281=VECTOR('',#8877,1000.);
#5282=VECTOR('',#8878,1000.);
#5283=VECTOR('',#8881,1000.);
#5284=VECTOR('',#8882,1000.);
#5285=VECTOR('',#8883,1000.);
#5286=VECTOR('',#8886,1000.);
#5287=VECTOR('',#8889,1000.);
#5288=EDGE_LOOP('',(#661,#662,#663,#664,#665));
#5289=EDGE_LOOP('',(#666,#667,#668,#669));
#5290=EDGE_LOOP('',(#670,#671,#672,#673));
#5291=EDGE_LOOP('',(#674,#675,#676,#677,#678));
#5292=EDGE_LOOP('',(#679,#680,#681,#682,#683,#684));
#5293=EDGE_LOOP('',(#685,#686,#687,#688));
#5294=EDGE_LOOP('',(#689,#690,#691,#692));
#5295=EDGE_LOOP('',(#693,#694,#695,#696));
#5296=EDGE_LOOP('',(#697,#698,#699,#700));
#5297=EDGE_LOOP('',(#701,#702,#703,#704));
#5298=EDGE_LOOP('',(#705,#706,#707,#708));
#5299=EDGE_LOOP('',(#709,#710,#711,#712));
#5300=EDGE_LOOP('',(#713,#714,#715,#716));
#5301=EDGE_LOOP('',(#717,#718,#719,#720,#721,#722,#723,#724,#725,#726,#727,
#728,#729,#730,#731,#732));
#5302=EDGE_LOOP('',(#733,#734,#735,#736,#737,#738,#739,#740,#741,#742,#743,
#744,#745,#746,#747,#748,#749,#750,#751,#752,#753,#754,#755,#756,#757,#758,
#759,#760,#761,#762,#763,#764,#765,#766,#767,#768,#769,#770,#771,#772));
#5303=EDGE_LOOP('',(#773,#774,#775,#776));
#5304=EDGE_LOOP('',(#777,#778,#779,#780));
#5305=EDGE_LOOP('',(#781,#782,#783,#784));
#5306=EDGE_LOOP('',(#785,#786,#787,#788));
#5307=EDGE_LOOP('',(#789,#790,#791,#792));
#5308=EDGE_LOOP('',(#793,#794,#795,#796));
#5309=EDGE_LOOP('',(#797,#798,#799,#800,#801,#802,#803,#804,#805,#806,#807,
#808,#809,#810,#811,#812,#813,#814,#815,#816,#817,#818,#819,#820,#821,#822,
#823,#824,#825,#826,#827,#828,#829,#830,#831,#832,#833,#834,#835,#836,#837,
#838,#839,#840));
#5310=EDGE_LOOP('',(#841,#842,#843,#844));
#5311=EDGE_LOOP('',(#845,#846,#847,#848));
#5312=EDGE_LOOP('',(#849,#850,#851,#852));
#5313=EDGE_LOOP('',(#853,#854,#855,#856,#857,#858,#859,#860));
#5314=EDGE_LOOP('',(#861,#862,#863,#864,#865,#866));
#5315=EDGE_LOOP('',(#867,#868,#869,#870));
#5316=EDGE_LOOP('',(#871,#872,#873,#874));
#5317=EDGE_LOOP('',(#875,#876,#877,#878));
#5318=EDGE_LOOP('',(#879,#880,#881,#882));
#5319=EDGE_LOOP('',(#883,#884,#885,#886));
#5320=EDGE_LOOP('',(#887,#888,#889,#890));
#5321=EDGE_LOOP('',(#891,#892,#893,#894));
#5322=EDGE_LOOP('',(#895,#896,#897,#898));
#5323=EDGE_LOOP('',(#899,#900,#901,#902));
#5324=EDGE_LOOP('',(#903,#904,#905,#906));
#5325=EDGE_LOOP('',(#907,#908,#909,#910));
#5326=EDGE_LOOP('',(#911,#912,#913,#914));
#5327=EDGE_LOOP('',(#915,#916,#917,#918));
#5328=EDGE_LOOP('',(#919,#920,#921,#922));
#5329=EDGE_LOOP('',(#923,#924,#925,#926));
#5330=EDGE_LOOP('',(#927,#928,#929,#930));
#5331=EDGE_LOOP('',(#931,#932,#933,#934,#935,#936,#937,#938,#939));
#5332=EDGE_LOOP('',(#940,#941,#942,#943,#944,#945,#946,#947,#948,#949,#950));
#5333=EDGE_LOOP('',(#951,#952,#953,#954));
#5334=EDGE_LOOP('',(#955,#956,#957,#958));
#5335=EDGE_LOOP('',(#959,#960,#961,#962));
#5336=EDGE_LOOP('',(#963,#964,#965,#966));
#5337=EDGE_LOOP('',(#967,#968,#969,#970));
#5338=EDGE_LOOP('',(#971,#972,#973,#974,#975,#976,#977,#978,#979,#980,#981,
#982,#983));
#5339=EDGE_LOOP('',(#984,#985,#986,#987));
#5340=EDGE_LOOP('',(#988,#989,#990,#991));
#5341=EDGE_LOOP('',(#992,#993,#994,#995));
#5342=EDGE_LOOP('',(#996,#997,#998,#999,#1000,#1001,#1002,#1003));
#5343=EDGE_LOOP('',(#1004,#1005,#1006,#1007));
#5344=EDGE_LOOP('',(#1008,#1009,#1010,#1011));
#5345=EDGE_LOOP('',(#1012,#1013,#1014,#1015,#1016,#1017,#1018,#1019,#1020,
#1021,#1022,#1023,#1024,#1025,#1026,#1027,#1028,#1029,#1030,#1031,#1032,
#1033,#1034,#1035,#1036,#1037,#1038,#1039,#1040,#1041,#1042,#1043,#1044,
#1045,#1046,#1047,#1048,#1049,#1050,#1051,#1052,#1053,#1054,#1055,#1056,
#1057));
#5346=EDGE_LOOP('',(#1058,#1059,#1060,#1061,#1062,#1063,#1064,#1065,#1066,
#1067,#1068));
#5347=EDGE_LOOP('',(#1069,#1070,#1071,#1072));
#5348=EDGE_LOOP('',(#1073,#1074,#1075,#1076));
#5349=EDGE_LOOP('',(#1077,#1078,#1079,#1080));
#5350=EDGE_LOOP('',(#1081,#1082,#1083,#1084,#1085,#1086,#1087,#1088));
#5351=EDGE_LOOP('',(#1089,#1090,#1091,#1092));
#5352=EDGE_LOOP('',(#1093,#1094,#1095,#1096));
#5353=EDGE_LOOP('',(#1097,#1098,#1099,#1100));
#5354=EDGE_LOOP('',(#1101,#1102,#1103,#1104));
#5355=EDGE_LOOP('',(#1105,#1106,#1107,#1108));
#5356=EDGE_LOOP('',(#1109,#1110,#1111,#1112));
#5357=EDGE_LOOP('',(#1113,#1114,#1115,#1116));
#5358=EDGE_LOOP('',(#1117,#1118,#1119,#1120));
#5359=EDGE_LOOP('',(#1121,#1122,#1123,#1124,#1125,#1126,#1127,#1128));
#5360=EDGE_LOOP('',(#1129,#1130,#1131,#1132,#1133,#1134,#1135,#1136,#1137,
#1138,#1139,#1140));
#5361=EDGE_LOOP('',(#1141,#1142,#1143,#1144));
#5362=EDGE_LOOP('',(#1145,#1146,#1147,#1148,#1149,#1150,#1151,#1152,#1153,
#1154,#1155,#1156));
#5363=EDGE_LOOP('',(#1157,#1158,#1159,#1160));
#5364=EDGE_LOOP('',(#1161,#1162,#1163,#1164,#1165,#1166));
#5365=EDGE_LOOP('',(#1167,#1168,#1169));
#5366=EDGE_LOOP('',(#1170,#1171,#1172,#1173,#1174,#1175));
#5367=EDGE_LOOP('',(#1176,#1177,#1178,#1179));
#5368=EDGE_LOOP('',(#1180,#1181,#1182));
#5369=EDGE_LOOP('',(#1183,#1184,#1185));
#5370=EDGE_LOOP('',(#1186,#1187,#1188,#1189,#1190,#1191));
#5371=EDGE_LOOP('',(#1192,#1193,#1194,#1195));
#5372=EDGE_LOOP('',(#1196,#1197,#1198,#1199));
#5373=EDGE_LOOP('',(#1200,#1201,#1202,#1203,#1204,#1205,#1206));
#5374=EDGE_LOOP('',(#1207,#1208,#1209,#1210,#1211));
#5375=EDGE_LOOP('',(#1212,#1213,#1214,#1215,#1216,#1217,#1218,#1219,#1220,
#1221));
#5376=EDGE_LOOP('',(#1222,#1223,#1224,#1225,#1226));
#5377=EDGE_LOOP('',(#1227,#1228,#1229,#1230));
#5378=EDGE_LOOP('',(#1231,#1232,#1233,#1234));
#5379=EDGE_LOOP('',(#1235,#1236,#1237,#1238,#1239,#1240));
#5380=EDGE_LOOP('',(#1241,#1242,#1243,#1244));
#5381=EDGE_LOOP('',(#1245,#1246,#1247,#1248,#1249));
#5382=EDGE_LOOP('',(#1250,#1251,#1252,#1253,#1254,#1255,#1256));
#5383=EDGE_LOOP('',(#1257,#1258,#1259,#1260));
#5384=EDGE_LOOP('',(#1261,#1262,#1263,#1264,#1265,#1266,#1267,#1268));
#5385=EDGE_LOOP('',(#1269,#1270,#1271,#1272,#1273));
#5386=EDGE_LOOP('',(#1274,#1275,#1276,#1277));
#5387=EDGE_LOOP('',(#1278,#1279,#1280,#1281,#1282,#1283));
#5388=EDGE_LOOP('',(#1284,#1285,#1286));
#5389=EDGE_LOOP('',(#1287,#1288,#1289,#1290));
#5390=EDGE_LOOP('',(#1291,#1292,#1293,#1294,#1295));
#5391=EDGE_LOOP('',(#1296,#1297,#1298,#1299));
#5392=EDGE_LOOP('',(#1300,#1301,#1302,#1303));
#5393=EDGE_LOOP('',(#1304,#1305,#1306,#1307));
#5394=EDGE_LOOP('',(#1308,#1309,#1310,#1311));
#5395=EDGE_LOOP('',(#1312,#1313,#1314,#1315,#1316,#1317));
#5396=EDGE_LOOP('',(#1318,#1319,#1320,#1321));
#5397=EDGE_LOOP('',(#1322,#1323,#1324,#1325,#1326,#1327));
#5398=EDGE_LOOP('',(#1328,#1329,#1330));
#5399=EDGE_LOOP('',(#1331,#1332,#1333,#1334,#1335,#1336));
#5400=EDGE_LOOP('',(#1337,#1338,#1339,#1340));
#5401=EDGE_LOOP('',(#1341,#1342,#1343,#1344));
#5402=EDGE_LOOP('',(#1345,#1346,#1347,#1348,#1349,#1350,#1351));
#5403=EDGE_LOOP('',(#1352,#1353,#1354,#1355));
#5404=EDGE_LOOP('',(#1356,#1357,#1358,#1359,#1360));
#5405=EDGE_LOOP('',(#1361,#1362,#1363,#1364,#1365,#1366,#1367,#1368,#1369,
#1370));
#5406=EDGE_LOOP('',(#1371,#1372,#1373,#1374,#1375));
#5407=EDGE_LOOP('',(#1376,#1377,#1378,#1379));
#5408=EDGE_LOOP('',(#1380,#1381,#1382,#1383));
#5409=EDGE_LOOP('',(#1384,#1385,#1386,#1387,#1388,#1389));
#5410=EDGE_LOOP('',(#1390,#1391,#1392,#1393));
#5411=EDGE_LOOP('',(#1394,#1395,#1396,#1397,#1398));
#5412=EDGE_LOOP('',(#1399,#1400,#1401,#1402,#1403,#1404,#1405));
#5413=EDGE_LOOP('',(#1406,#1407,#1408,#1409));
#5414=EDGE_LOOP('',(#1410,#1411,#1412,#1413,#1414,#1415,#1416,#1417));
#5415=EDGE_LOOP('',(#1418,#1419,#1420,#1421,#1422));
#5416=EDGE_LOOP('',(#1423,#1424,#1425,#1426));
#5417=EDGE_LOOP('',(#1427,#1428,#1429,#1430,#1431,#1432));
#5418=EDGE_LOOP('',(#1433,#1434,#1435));
#5419=EDGE_LOOP('',(#1436,#1437,#1438,#1439));
#5420=EDGE_LOOP('',(#1440,#1441,#1442,#1443,#1444));
#5421=EDGE_LOOP('',(#1445,#1446,#1447,#1448));
#5422=EDGE_LOOP('',(#1449,#1450,#1451,#1452));
#5423=EDGE_LOOP('',(#1453,#1454,#1455,#1456));
#5424=EDGE_LOOP('',(#1457,#1458,#1459,#1460));
#5425=EDGE_LOOP('',(#1461,#1462,#1463,#1464,#1465));
#5426=EDGE_LOOP('',(#1466,#1467,#1468,#1469,#1470));
#5427=EDGE_LOOP('',(#1471,#1472,#1473,#1474));
#5428=EDGE_LOOP('',(#1475,#1476,#1477,#1478));
#5429=EDGE_LOOP('',(#1479,#1480,#1481,#1482));
#5430=EDGE_LOOP('',(#1483,#1484,#1485,#1486));
#5431=EDGE_LOOP('',(#1487,#1488,#1489,#1490));
#5432=EDGE_LOOP('',(#1491,#1492,#1493,#1494));
#5433=EDGE_LOOP('',(#1495,#1496,#1497,#1498));
#5434=EDGE_LOOP('',(#1499,#1500,#1501,#1502));
#5435=EDGE_LOOP('',(#1503,#1504,#1505,#1506));
#5436=EDGE_LOOP('',(#1507,#1508,#1509,#1510));
#5437=EDGE_LOOP('',(#1511,#1512,#1513,#1514));
#5438=EDGE_LOOP('',(#1515,#1516,#1517,#1518));
#5439=EDGE_LOOP('',(#1519,#1520,#1521,#1522));
#5440=EDGE_LOOP('',(#1523,#1524,#1525,#1526));
#5441=EDGE_LOOP('',(#1527,#1528,#1529));
#5442=EDGE_LOOP('',(#1530,#1531,#1532,#1533));
#5443=EDGE_LOOP('',(#1534,#1535,#1536,#1537));
#5444=EDGE_LOOP('',(#1538,#1539,#1540,#1541));
#5445=EDGE_LOOP('',(#1542,#1543,#1544,#1545));
#5446=EDGE_LOOP('',(#1546,#1547,#1548));
#5447=EDGE_LOOP('',(#1549,#1550,#1551));
#5448=EDGE_LOOP('',(#1552,#1553,#1554,#1555));
#5449=EDGE_LOOP('',(#1556,#1557,#1558,#1559));
#5450=EDGE_LOOP('',(#1560,#1561,#1562,#1563));
#5451=EDGE_LOOP('',(#1564,#1565,#1566,#1567));
#5452=EDGE_LOOP('',(#1568,#1569,#1570));
#5453=EDGE_LOOP('',(#1571,#1572,#1573));
#5454=EDGE_LOOP('',(#1574,#1575,#1576,#1577));
#5455=EDGE_LOOP('',(#1578,#1579,#1580,#1581));
#5456=EDGE_LOOP('',(#1582,#1583,#1584,#1585));
#5457=EDGE_LOOP('',(#1586,#1587,#1588,#1589));
#5458=EDGE_LOOP('',(#1590,#1591,#1592));
#5459=EDGE_LOOP('',(#1593,#1594,#1595,#1596));
#5460=EDGE_LOOP('',(#1597,#1598,#1599,#1600));
#5461=EDGE_LOOP('',(#1601,#1602,#1603,#1604));
#5462=EDGE_LOOP('',(#1605,#1606,#1607,#1608));
#5463=EDGE_LOOP('',(#1609,#1610,#1611,#1612));
#5464=EDGE_LOOP('',(#1613,#1614,#1615,#1616));
#5465=EDGE_LOOP('',(#1617,#1618,#1619,#1620));
#5466=EDGE_LOOP('',(#1621,#1622,#1623,#1624));
#5467=EDGE_LOOP('',(#1625,#1626,#1627));
#5468=EDGE_LOOP('',(#1628,#1629,#1630,#1631));
#5469=EDGE_LOOP('',(#1632,#1633,#1634,#1635));
#5470=EDGE_LOOP('',(#1636,#1637,#1638,#1639));
#5471=EDGE_LOOP('',(#1640,#1641,#1642,#1643));
#5472=EDGE_LOOP('',(#1644,#1645,#1646,#1647));
#5473=EDGE_LOOP('',(#1648,#1649,#1650));
#5474=EDGE_LOOP('',(#1651,#1652,#1653));
#5475=EDGE_LOOP('',(#1654,#1655,#1656,#1657));
#5476=EDGE_LOOP('',(#1658,#1659,#1660,#1661));
#5477=EDGE_LOOP('',(#1662,#1663,#1664,#1665));
#5478=EDGE_LOOP('',(#1666,#1667,#1668,#1669));
#5479=EDGE_LOOP('',(#1670,#1671,#1672,#1673));
#5480=EDGE_LOOP('',(#1674,#1675,#1676,#1677));
#5481=EDGE_LOOP('',(#1678,#1679,#1680,#1681));
#5482=EDGE_LOOP('',(#1682,#1683,#1684));
#5483=EDGE_LOOP('',(#1685,#1686,#1687));
#5484=EDGE_LOOP('',(#1688,#1689,#1690,#1691));
#5485=EDGE_LOOP('',(#1692,#1693,#1694,#1695));
#5486=EDGE_LOOP('',(#1696,#1697,#1698,#1699));
#5487=EDGE_LOOP('',(#1700,#1701,#1702,#1703));
#5488=EDGE_LOOP('',(#1704,#1705,#1706,#1707));
#5489=EDGE_LOOP('',(#1708,#1709,#1710,#1711));
#5490=EDGE_LOOP('',(#1712,#1713,#1714));
#5491=EDGE_LOOP('',(#1715,#1716,#1717,#1718));
#5492=EDGE_LOOP('',(#1719,#1720,#1721,#1722));
#5493=EDGE_LOOP('',(#1723,#1724,#1725,#1726));
#5494=EDGE_LOOP('',(#1727,#1728,#1729,#1730));
#5495=EDGE_LOOP('',(#1731,#1732,#1733,#1734,#1735,#1736,#1737,#1738));
#5496=EDGE_LOOP('',(#1739,#1740,#1741,#1742,#1743,#1744,#1745,#1746));
#5497=EDGE_LOOP('',(#1747,#1748,#1749,#1750));
#5498=EDGE_LOOP('',(#1751,#1752,#1753,#1754));
#5499=EDGE_LOOP('',(#1755,#1756,#1757,#1758));
#5500=EDGE_LOOP('',(#1759,#1760,#1761,#1762));
#5501=EDGE_LOOP('',(#1763,#1764,#1765,#1766));
#5502=EDGE_LOOP('',(#1767,#1768,#1769,#1770));
#5503=EDGE_LOOP('',(#1771,#1772,#1773,#1774,#1775,#1776));
#5504=EDGE_LOOP('',(#1777,#1778,#1779,#1780));
#5505=EDGE_LOOP('',(#1781,#1782,#1783,#1784));
#5506=EDGE_LOOP('',(#1785,#1786,#1787,#1788));
#5507=EDGE_LOOP('',(#1789,#1790,#1791,#1792));
#5508=EDGE_LOOP('',(#1793,#1794,#1795,#1796));
#5509=EDGE_LOOP('',(#1797,#1798,#1799,#1800));
#5510=EDGE_LOOP('',(#1801,#1802,#1803,#1804));
#5511=EDGE_LOOP('',(#1805,#1806,#1807,#1808));
#5512=EDGE_LOOP('',(#1809,#1810,#1811,#1812,#1813));
#5513=EDGE_LOOP('',(#1814,#1815,#1816,#1817));
#5514=EDGE_LOOP('',(#1818,#1819,#1820,#1821,#1822));
#5515=EDGE_LOOP('',(#1823,#1824,#1825,#1826));
#5516=EDGE_LOOP('',(#1827,#1828,#1829,#1830));
#5517=EDGE_LOOP('',(#1831,#1832,#1833,#1834));
#5518=EDGE_LOOP('',(#1835,#1836,#1837,#1838,#1839,#1840,#1841,#1842));
#5519=EDGE_LOOP('',(#1843,#1844,#1845,#1846));
#5520=EDGE_LOOP('',(#1847,#1848,#1849,#1850));
#5521=EDGE_LOOP('',(#1851,#1852,#1853,#1854));
#5522=EDGE_LOOP('',(#1855,#1856,#1857,#1858));
#5523=EDGE_LOOP('',(#1859,#1860,#1861,#1862));
#5524=EDGE_LOOP('',(#1863,#1864,#1865,#1866));
#5525=EDGE_LOOP('',(#1867,#1868,#1869,#1870,#1871,#1872,#1873,#1874,#1875,
#1876,#1877,#1878));
#5526=EDGE_LOOP('',(#1879,#1880,#1881,#1882,#1883,#1884));
#5527=EDGE_LOOP('',(#1885,#1886,#1887,#1888));
#5528=EDGE_LOOP('',(#1889,#1890,#1891,#1892));
#5529=EDGE_LOOP('',(#1893,#1894,#1895,#1896,#1897,#1898,#1899,#1900,#1901,
#1902,#1903,#1904,#1905,#1906,#1907,#1908));
#5530=EDGE_LOOP('',(#1909,#1910,#1911,#1912,#1913,#1914,#1915,#1916));
#5531=EDGE_LOOP('',(#1917,#1918,#1919,#1920));
#5532=EDGE_LOOP('',(#1921,#1922,#1923,#1924,#1925,#1926));
#5533=EDGE_LOOP('',(#1927,#1928,#1929,#1930,#1931));
#5534=EDGE_LOOP('',(#1932,#1933,#1934,#1935,#1936,#1937,#1938,#1939,#1940,
#1941,#1942));
#5535=EDGE_LOOP('',(#1943,#1944,#1945,#1946,#1947,#1948,#1949,#1950,#1951,
#1952,#1953,#1954,#1955,#1956,#1957,#1958));
#5536=EDGE_LOOP('',(#1959,#1960,#1961,#1962,#1963,#1964,#1965,#1966,#1967));
#5537=EDGE_LOOP('',(#1968,#1969,#1970,#1971,#1972));
#5538=EDGE_LOOP('',(#1973,#1974,#1975,#1976));
#5539=EDGE_LOOP('',(#1977,#1978,#1979,#1980));
#5540=EDGE_LOOP('',(#1981,#1982,#1983,#1984));
#5541=EDGE_LOOP('',(#1985,#1986,#1987,#1988));
#5542=EDGE_LOOP('',(#1989,#1990,#1991,#1992));
#5543=EDGE_LOOP('',(#1993,#1994,#1995,#1996,#1997,#1998,#1999,#2000,#2001,
#2002));
#5544=EDGE_LOOP('',(#2003,#2004,#2005,#2006));
#5545=EDGE_LOOP('',(#2007,#2008,#2009,#2010));
#5546=EDGE_LOOP('',(#2011,#2012,#2013,#2014));
#5547=EDGE_LOOP('',(#2015,#2016,#2017,#2018,#2019,#2020,#2021));
#5548=EDGE_LOOP('',(#2022,#2023,#2024,#2025,#2026,#2027,#2028,#2029,#2030,
#2031,#2032,#2033,#2034,#2035,#2036,#2037,#2038,#2039,#2040,#2041,#2042,
#2043,#2044,#2045,#2046,#2047,#2048,#2049,#2050,#2051,#2052,#2053,#2054,
#2055,#2056,#2057));
#5549=EDGE_LOOP('',(#2058,#2059,#2060,#2061,#2062,#2063,#2064,#2065,#2066));
#5550=EDGE_LOOP('',(#2067,#2068,#2069,#2070,#2071,#2072,#2073,#2074,#2075,
#2076,#2077));
#5551=EDGE_LOOP('',(#2078,#2079,#2080,#2081));
#5552=EDGE_LOOP('',(#2082,#2083,#2084,#2085));
#5553=EDGE_LOOP('',(#2086,#2087,#2088,#2089));
#5554=EDGE_LOOP('',(#2090,#2091,#2092,#2093));
#5555=EDGE_LOOP('',(#2094,#2095,#2096));
#5556=EDGE_LOOP('',(#2097,#2098,#2099));
#5557=EDGE_LOOP('',(#2100,#2101,#2102,#2103));
#5558=EDGE_LOOP('',(#2104,#2105,#2106,#2107));
#5559=EDGE_LOOP('',(#2108,#2109,#2110,#2111));
#5560=EDGE_LOOP('',(#2112,#2113,#2114,#2115));
#5561=EDGE_LOOP('',(#2116,#2117,#2118,#2119));
#5562=EDGE_LOOP('',(#2120,#2121,#2122,#2123));
#5563=EDGE_LOOP('',(#2124,#2125,#2126,#2127));
#5564=EDGE_LOOP('',(#2128,#2129,#2130,#2131));
#5565=EDGE_LOOP('',(#2132,#2133,#2134,#2135));
#5566=EDGE_LOOP('',(#2136,#2137,#2138,#2139));
#5567=EDGE_LOOP('',(#2140,#2141,#2142,#2143));
#5568=EDGE_LOOP('',(#2144,#2145,#2146,#2147));
#5569=EDGE_LOOP('',(#2148,#2149,#2150,#2151));
#5570=EDGE_LOOP('',(#2152,#2153,#2154,#2155,#2156));
#5571=EDGE_LOOP('',(#2157,#2158,#2159,#2160,#2161));
#5572=EDGE_LOOP('',(#2162,#2163,#2164));
#5573=EDGE_LOOP('',(#2165,#2166,#2167,#2168));
#5574=EDGE_LOOP('',(#2169,#2170,#2171,#2172));
#5575=EDGE_LOOP('',(#2173,#2174,#2175,#2176));
#5576=EDGE_LOOP('',(#2177,#2178,#2179,#2180));
#5577=EDGE_LOOP('',(#2181,#2182,#2183,#2184));
#5578=EDGE_LOOP('',(#2185,#2186,#2187,#2188));
#5579=EDGE_LOOP('',(#2189,#2190,#2191));
#5580=EDGE_LOOP('',(#2192,#2193,#2194,#2195));
#5581=EDGE_LOOP('',(#2196,#2197,#2198,#2199));
#5582=EDGE_LOOP('',(#2200,#2201,#2202,#2203));
#5583=EDGE_LOOP('',(#2204,#2205,#2206,#2207));
#5584=EDGE_LOOP('',(#2208,#2209,#2210,#2211,#2212,#2213,#2214,#2215,#2216,
#2217,#2218,#2219,#2220,#2221,#2222,#2223,#2224,#2225,#2226,#2227,#2228,
#2229,#2230,#2231,#2232,#2233,#2234,#2235,#2236,#2237,#2238,#2239,#2240,
#2241));
#5585=EDGE_LOOP('',(#2242,#2243,#2244,#2245));
#5586=EDGE_LOOP('',(#2246,#2247,#2248,#2249));
#5587=EDGE_LOOP('',(#2250,#2251,#2252,#2253));
#5588=EDGE_LOOP('',(#2254,#2255,#2256,#2257));
#5589=EDGE_LOOP('',(#2258,#2259,#2260,#2261));
#5590=EDGE_LOOP('',(#2262,#2263,#2264,#2265));
#5591=EDGE_LOOP('',(#2266,#2267,#2268,#2269,#2270,#2271,#2272,#2273));
#5592=EDGE_LOOP('',(#2274,#2275,#2276,#2277));
#5593=EDGE_LOOP('',(#2278,#2279,#2280,#2281));
#5594=EDGE_LOOP('',(#2282,#2283,#2284,#2285));
#5595=EDGE_LOOP('',(#2286,#2287,#2288,#2289));
#5596=EDGE_LOOP('',(#2290,#2291,#2292,#2293));
#5597=EDGE_LOOP('',(#2294,#2295,#2296,#2297));
#5598=EDGE_LOOP('',(#2298,#2299,#2300,#2301,#2302,#2303,#2304,#2305,#2306,
#2307,#2308,#2309));
#5599=EDGE_LOOP('',(#2310,#2311,#2312,#2313,#2314,#2315));
#5600=EDGE_LOOP('',(#2316,#2317,#2318,#2319));
#5601=EDGE_LOOP('',(#2320,#2321,#2322,#2323));
#5602=EDGE_LOOP('',(#2324,#2325,#2326,#2327));
#5603=EDGE_LOOP('',(#2328,#2329,#2330,#2331,#2332,#2333));
#5604=EDGE_LOOP('',(#2334,#2335,#2336,#2337,#2338,#2339,#2340,#2341,#2342));
#5605=EDGE_LOOP('',(#2343,#2344,#2345,#2346,#2347));
#5606=EDGE_LOOP('',(#2348,#2349,#2350,#2351));
#5607=EDGE_LOOP('',(#2352,#2353,#2354,#2355));
#5608=EDGE_LOOP('',(#2356,#2357,#2358,#2359));
#5609=EDGE_LOOP('',(#2360,#2361,#2362,#2363));
#5610=EDGE_LOOP('',(#2364,#2365,#2366,#2367));
#5611=EDGE_LOOP('',(#2368,#2369,#2370,#2371,#2372,#2373,#2374,#2375,#2376,
#2377));
#5612=EDGE_LOOP('',(#2378,#2379,#2380,#2381));
#5613=EDGE_LOOP('',(#2382,#2383,#2384,#2385));
#5614=EDGE_LOOP('',(#2386,#2387,#2388,#2389));
#5615=EDGE_LOOP('',(#2390,#2391,#2392,#2393,#2394,#2395,#2396));
#5616=EDGE_LOOP('',(#2397,#2398,#2399,#2400));
#5617=EDGE_LOOP('',(#2401,#2402,#2403));
#5618=EDGE_LOOP('',(#2404,#2405,#2406));
#5619=EDGE_LOOP('',(#2407,#2408,#2409,#2410));
#5620=EDGE_LOOP('',(#2411,#2412,#2413,#2414));
#5621=EDGE_LOOP('',(#2415,#2416,#2417,#2418));
#5622=EDGE_LOOP('',(#2419,#2420,#2421,#2422));
#5623=EDGE_LOOP('',(#2423,#2424,#2425,#2426));
#5624=EDGE_LOOP('',(#2427,#2428,#2429,#2430));
#5625=EDGE_LOOP('',(#2431,#2432,#2433,#2434));
#5626=EDGE_LOOP('',(#2435,#2436,#2437,#2438));
#5627=EDGE_LOOP('',(#2439,#2440,#2441,#2442));
#5628=EDGE_LOOP('',(#2443,#2444,#2445,#2446));
#5629=EDGE_LOOP('',(#2447,#2448,#2449,#2450));
#5630=EDGE_LOOP('',(#2451,#2452,#2453,#2454));
#5631=EDGE_LOOP('',(#2455,#2456,#2457,#2458,#2459));
#5632=EDGE_LOOP('',(#2460,#2461,#2462,#2463,#2464));
#5633=EDGE_LOOP('',(#2465,#2466,#2467));
#5634=EDGE_LOOP('',(#2468,#2469,#2470,#2471));
#5635=EDGE_LOOP('',(#2472,#2473,#2474,#2475));
#5636=EDGE_LOOP('',(#2476,#2477,#2478,#2479));
#5637=EDGE_LOOP('',(#2480,#2481,#2482,#2483));
#5638=EDGE_LOOP('',(#2484,#2485,#2486,#2487));
#5639=EDGE_LOOP('',(#2488,#2489,#2490,#2491));
#5640=EDGE_LOOP('',(#2492,#2493,#2494));
#5641=EDGE_LOOP('',(#2495,#2496,#2497,#2498));
#5642=EDGE_LOOP('',(#2499,#2500,#2501,#2502));
#5643=EDGE_LOOP('',(#2503,#2504,#2505,#2506));
#5644=EDGE_LOOP('',(#2507,#2508,#2509,#2510));
#5645=EDGE_LOOP('',(#2511,#2512,#2513,#2514));
#5646=EDGE_LOOP('',(#2515,#2516,#2517,#2518));
#5647=FACE_BOUND('',#5288,.T.);
#5648=FACE_BOUND('',#5289,.T.);
#5649=FACE_BOUND('',#5290,.T.);
#5650=FACE_BOUND('',#5291,.T.);
#5651=FACE_BOUND('',#5292,.T.);
#5652=FACE_BOUND('',#5293,.T.);
#5653=FACE_BOUND('',#5294,.T.);
#5654=FACE_BOUND('',#5295,.T.);
#5655=FACE_BOUND('',#5296,.T.);
#5656=FACE_BOUND('',#5297,.T.);
#5657=FACE_BOUND('',#5298,.T.);
#5658=FACE_BOUND('',#5299,.T.);
#5659=FACE_BOUND('',#5300,.T.);
#5660=FACE_BOUND('',#5301,.T.);
#5661=FACE_BOUND('',#5302,.T.);
#5662=FACE_BOUND('',#5303,.T.);
#5663=FACE_BOUND('',#5304,.T.);
#5664=FACE_BOUND('',#5305,.T.);
#5665=FACE_BOUND('',#5306,.T.);
#5666=FACE_BOUND('',#5307,.T.);
#5667=FACE_BOUND('',#5308,.T.);
#5668=FACE_BOUND('',#5309,.T.);
#5669=FACE_BOUND('',#5310,.T.);
#5670=FACE_BOUND('',#5311,.T.);
#5671=FACE_BOUND('',#5312,.T.);
#5672=FACE_BOUND('',#5313,.T.);
#5673=FACE_BOUND('',#5314,.T.);
#5674=FACE_BOUND('',#5315,.T.);
#5675=FACE_BOUND('',#5316,.T.);
#5676=FACE_BOUND('',#5317,.T.);
#5677=FACE_BOUND('',#5318,.T.);
#5678=FACE_BOUND('',#5319,.T.);
#5679=FACE_BOUND('',#5320,.T.);
#5680=FACE_BOUND('',#5321,.T.);
#5681=FACE_BOUND('',#5322,.T.);
#5682=FACE_BOUND('',#5323,.T.);
#5683=FACE_BOUND('',#5324,.T.);
#5684=FACE_BOUND('',#5325,.T.);
#5685=FACE_BOUND('',#5326,.T.);
#5686=FACE_BOUND('',#5327,.T.);
#5687=FACE_BOUND('',#5328,.T.);
#5688=FACE_BOUND('',#5329,.T.);
#5689=FACE_BOUND('',#5330,.T.);
#5690=FACE_BOUND('',#5331,.T.);
#5691=FACE_BOUND('',#5332,.T.);
#5692=FACE_BOUND('',#5333,.T.);
#5693=FACE_BOUND('',#5334,.T.);
#5694=FACE_BOUND('',#5335,.T.);
#5695=FACE_BOUND('',#5336,.T.);
#5696=FACE_BOUND('',#5337,.T.);
#5697=FACE_BOUND('',#5338,.T.);
#5698=FACE_BOUND('',#5339,.T.);
#5699=FACE_BOUND('',#5340,.T.);
#5700=FACE_BOUND('',#5341,.T.);
#5701=FACE_BOUND('',#5342,.T.);
#5702=FACE_BOUND('',#5343,.T.);
#5703=FACE_BOUND('',#5344,.T.);
#5704=FACE_BOUND('',#5345,.T.);
#5705=FACE_BOUND('',#5346,.T.);
#5706=FACE_BOUND('',#5347,.T.);
#5707=FACE_BOUND('',#5348,.T.);
#5708=FACE_BOUND('',#5349,.T.);
#5709=FACE_BOUND('',#5350,.T.);
#5710=FACE_BOUND('',#5351,.T.);
#5711=FACE_BOUND('',#5352,.T.);
#5712=FACE_BOUND('',#5353,.T.);
#5713=FACE_BOUND('',#5354,.T.);
#5714=FACE_BOUND('',#5355,.T.);
#5715=FACE_BOUND('',#5356,.T.);
#5716=FACE_BOUND('',#5357,.T.);
#5717=FACE_BOUND('',#5358,.T.);
#5718=FACE_BOUND('',#5359,.T.);
#5719=FACE_BOUND('',#5360,.T.);
#5720=FACE_BOUND('',#5361,.T.);
#5721=FACE_BOUND('',#5362,.T.);
#5722=FACE_BOUND('',#5363,.T.);
#5723=FACE_BOUND('',#5364,.T.);
#5724=FACE_BOUND('',#5365,.T.);
#5725=FACE_BOUND('',#5366,.T.);
#5726=FACE_BOUND('',#5367,.T.);
#5727=FACE_BOUND('',#5368,.T.);
#5728=FACE_BOUND('',#5369,.T.);
#5729=FACE_BOUND('',#5370,.T.);
#5730=FACE_BOUND('',#5371,.T.);
#5731=FACE_BOUND('',#5372,.T.);
#5732=FACE_BOUND('',#5373,.T.);
#5733=FACE_BOUND('',#5374,.T.);
#5734=FACE_BOUND('',#5375,.T.);
#5735=FACE_BOUND('',#5376,.T.);
#5736=FACE_BOUND('',#5377,.T.);
#5737=FACE_BOUND('',#5378,.T.);
#5738=FACE_BOUND('',#5379,.T.);
#5739=FACE_BOUND('',#5380,.T.);
#5740=FACE_BOUND('',#5381,.T.);
#5741=FACE_BOUND('',#5382,.T.);
#5742=FACE_BOUND('',#5383,.T.);
#5743=FACE_BOUND('',#5384,.T.);
#5744=FACE_BOUND('',#5385,.T.);
#5745=FACE_BOUND('',#5386,.T.);
#5746=FACE_BOUND('',#5387,.T.);
#5747=FACE_BOUND('',#5388,.T.);
#5748=FACE_BOUND('',#5389,.T.);
#5749=FACE_BOUND('',#5390,.T.);
#5750=FACE_BOUND('',#5391,.T.);
#5751=FACE_BOUND('',#5392,.T.);
#5752=FACE_BOUND('',#5393,.T.);
#5753=FACE_BOUND('',#5394,.T.);
#5754=FACE_BOUND('',#5395,.T.);
#5755=FACE_BOUND('',#5396,.T.);
#5756=FACE_BOUND('',#5397,.T.);
#5757=FACE_BOUND('',#5398,.T.);
#5758=FACE_BOUND('',#5399,.T.);
#5759=FACE_BOUND('',#5400,.T.);
#5760=FACE_BOUND('',#5401,.T.);
#5761=FACE_BOUND('',#5402,.T.);
#5762=FACE_BOUND('',#5403,.T.);
#5763=FACE_BOUND('',#5404,.T.);
#5764=FACE_BOUND('',#5405,.T.);
#5765=FACE_BOUND('',#5406,.T.);
#5766=FACE_BOUND('',#5407,.T.);
#5767=FACE_BOUND('',#5408,.T.);
#5768=FACE_BOUND('',#5409,.T.);
#5769=FACE_BOUND('',#5410,.T.);
#5770=FACE_BOUND('',#5411,.T.);
#5771=FACE_BOUND('',#5412,.T.);
#5772=FACE_BOUND('',#5413,.T.);
#5773=FACE_BOUND('',#5414,.T.);
#5774=FACE_BOUND('',#5415,.T.);
#5775=FACE_BOUND('',#5416,.T.);
#5776=FACE_BOUND('',#5417,.T.);
#5777=FACE_BOUND('',#5418,.T.);
#5778=FACE_BOUND('',#5419,.T.);
#5779=FACE_BOUND('',#5420,.T.);
#5780=FACE_BOUND('',#5421,.T.);
#5781=FACE_BOUND('',#5422,.T.);
#5782=FACE_BOUND('',#5423,.T.);
#5783=FACE_BOUND('',#5424,.T.);
#5784=FACE_BOUND('',#5425,.T.);
#5785=FACE_BOUND('',#5426,.T.);
#5786=FACE_BOUND('',#5427,.T.);
#5787=FACE_BOUND('',#5428,.T.);
#5788=FACE_BOUND('',#5429,.T.);
#5789=FACE_BOUND('',#5430,.T.);
#5790=FACE_BOUND('',#5431,.T.);
#5791=FACE_BOUND('',#5432,.T.);
#5792=FACE_BOUND('',#5433,.T.);
#5793=FACE_BOUND('',#5434,.T.);
#5794=FACE_BOUND('',#5435,.T.);
#5795=FACE_BOUND('',#5436,.T.);
#5796=FACE_BOUND('',#5437,.T.);
#5797=FACE_BOUND('',#5438,.T.);
#5798=FACE_BOUND('',#5439,.T.);
#5799=FACE_BOUND('',#5440,.T.);
#5800=FACE_BOUND('',#5441,.T.);
#5801=FACE_BOUND('',#5442,.T.);
#5802=FACE_BOUND('',#5443,.T.);
#5803=FACE_BOUND('',#5444,.T.);
#5804=FACE_BOUND('',#5445,.T.);
#5805=FACE_BOUND('',#5446,.T.);
#5806=FACE_BOUND('',#5447,.T.);
#5807=FACE_BOUND('',#5448,.T.);
#5808=FACE_BOUND('',#5449,.T.);
#5809=FACE_BOUND('',#5450,.T.);
#5810=FACE_BOUND('',#5451,.T.);
#5811=FACE_BOUND('',#5452,.T.);
#5812=FACE_BOUND('',#5453,.T.);
#5813=FACE_BOUND('',#5454,.T.);
#5814=FACE_BOUND('',#5455,.T.);
#5815=FACE_BOUND('',#5456,.T.);
#5816=FACE_BOUND('',#5457,.T.);
#5817=FACE_BOUND('',#5458,.T.);
#5818=FACE_BOUND('',#5459,.T.);
#5819=FACE_BOUND('',#5460,.T.);
#5820=FACE_BOUND('',#5461,.T.);
#5821=FACE_BOUND('',#5462,.T.);
#5822=FACE_BOUND('',#5463,.T.);
#5823=FACE_BOUND('',#5464,.T.);
#5824=FACE_BOUND('',#5465,.T.);
#5825=FACE_BOUND('',#5466,.T.);
#5826=FACE_BOUND('',#5467,.T.);
#5827=FACE_BOUND('',#5468,.T.);
#5828=FACE_BOUND('',#5469,.T.);
#5829=FACE_BOUND('',#5470,.T.);
#5830=FACE_BOUND('',#5471,.T.);
#5831=FACE_BOUND('',#5472,.T.);
#5832=FACE_BOUND('',#5473,.T.);
#5833=FACE_BOUND('',#5474,.T.);
#5834=FACE_BOUND('',#5475,.T.);
#5835=FACE_BOUND('',#5476,.T.);
#5836=FACE_BOUND('',#5477,.T.);
#5837=FACE_BOUND('',#5478,.T.);
#5838=FACE_BOUND('',#5479,.T.);
#5839=FACE_BOUND('',#5480,.T.);
#5840=FACE_BOUND('',#5481,.T.);
#5841=FACE_BOUND('',#5482,.T.);
#5842=FACE_BOUND('',#5483,.T.);
#5843=FACE_BOUND('',#5484,.T.);
#5844=FACE_BOUND('',#5485,.T.);
#5845=FACE_BOUND('',#5486,.T.);
#5846=FACE_BOUND('',#5487,.T.);
#5847=FACE_BOUND('',#5488,.T.);
#5848=FACE_BOUND('',#5489,.T.);
#5849=FACE_BOUND('',#5490,.T.);
#5850=FACE_BOUND('',#5491,.T.);
#5851=FACE_BOUND('',#5492,.T.);
#5852=FACE_BOUND('',#5493,.T.);
#5853=FACE_BOUND('',#5494,.T.);
#5854=FACE_BOUND('',#5495,.T.);
#5855=FACE_BOUND('',#5496,.T.);
#5856=FACE_BOUND('',#5497,.T.);
#5857=FACE_BOUND('',#5498,.T.);
#5858=FACE_BOUND('',#5499,.T.);
#5859=FACE_BOUND('',#5500,.T.);
#5860=FACE_BOUND('',#5501,.T.);
#5861=FACE_BOUND('',#5502,.T.);
#5862=FACE_BOUND('',#5503,.T.);
#5863=FACE_BOUND('',#5504,.T.);
#5864=FACE_BOUND('',#5505,.T.);
#5865=FACE_BOUND('',#5506,.T.);
#5866=FACE_BOUND('',#5507,.T.);
#5867=FACE_BOUND('',#5508,.T.);
#5868=FACE_BOUND('',#5509,.T.);
#5869=FACE_BOUND('',#5510,.T.);
#5870=FACE_BOUND('',#5511,.T.);
#5871=FACE_BOUND('',#5512,.T.);
#5872=FACE_BOUND('',#5513,.T.);
#5873=FACE_BOUND('',#5514,.T.);
#5874=FACE_BOUND('',#5515,.T.);
#5875=FACE_BOUND('',#5516,.T.);
#5876=FACE_BOUND('',#5517,.T.);
#5877=FACE_BOUND('',#5518,.T.);
#5878=FACE_BOUND('',#5519,.T.);
#5879=FACE_BOUND('',#5520,.T.);
#5880=FACE_BOUND('',#5521,.T.);
#5881=FACE_BOUND('',#5522,.T.);
#5882=FACE_BOUND('',#5523,.T.);
#5883=FACE_BOUND('',#5524,.T.);
#5884=FACE_BOUND('',#5525,.T.);
#5885=FACE_BOUND('',#5526,.T.);
#5886=FACE_BOUND('',#5527,.T.);
#5887=FACE_BOUND('',#5528,.T.);
#5888=FACE_BOUND('',#5529,.T.);
#5889=FACE_BOUND('',#5530,.T.);
#5890=FACE_BOUND('',#5531,.T.);
#5891=FACE_BOUND('',#5532,.T.);
#5892=FACE_BOUND('',#5533,.T.);
#5893=FACE_BOUND('',#5534,.T.);
#5894=FACE_BOUND('',#5535,.T.);
#5895=FACE_BOUND('',#5536,.T.);
#5896=FACE_BOUND('',#5537,.T.);
#5897=FACE_BOUND('',#5538,.T.);
#5898=FACE_BOUND('',#5539,.T.);
#5899=FACE_BOUND('',#5540,.T.);
#5900=FACE_BOUND('',#5541,.T.);
#5901=FACE_BOUND('',#5542,.T.);
#5902=FACE_BOUND('',#5543,.T.);
#5903=FACE_BOUND('',#5544,.T.);
#5904=FACE_BOUND('',#5545,.T.);
#5905=FACE_BOUND('',#5546,.T.);
#5906=FACE_BOUND('',#5547,.T.);
#5907=FACE_BOUND('',#5548,.T.);
#5908=FACE_BOUND('',#5549,.T.);
#5909=FACE_BOUND('',#5550,.T.);
#5910=FACE_BOUND('',#5551,.T.);
#5911=FACE_BOUND('',#5552,.T.);
#5912=FACE_BOUND('',#5553,.T.);
#5913=FACE_BOUND('',#5554,.T.);
#5914=FACE_BOUND('',#5555,.T.);
#5915=FACE_BOUND('',#5556,.T.);
#5916=FACE_BOUND('',#5557,.T.);
#5917=FACE_BOUND('',#5558,.T.);
#5918=FACE_BOUND('',#5559,.T.);
#5919=FACE_BOUND('',#5560,.T.);
#5920=FACE_BOUND('',#5561,.T.);
#5921=FACE_BOUND('',#5562,.T.);
#5922=FACE_BOUND('',#5563,.T.);
#5923=FACE_BOUND('',#5564,.T.);
#5924=FACE_BOUND('',#5565,.T.);
#5925=FACE_BOUND('',#5566,.T.);
#5926=FACE_BOUND('',#5567,.T.);
#5927=FACE_BOUND('',#5568,.T.);
#5928=FACE_BOUND('',#5569,.T.);
#5929=FACE_BOUND('',#5570,.T.);
#5930=FACE_BOUND('',#5571,.T.);
#5931=FACE_BOUND('',#5572,.T.);
#5932=FACE_BOUND('',#5573,.T.);
#5933=FACE_BOUND('',#5574,.T.);
#5934=FACE_BOUND('',#5575,.T.);
#5935=FACE_BOUND('',#5576,.T.);
#5936=FACE_BOUND('',#5577,.T.);
#5937=FACE_BOUND('',#5578,.T.);
#5938=FACE_BOUND('',#5579,.T.);
#5939=FACE_BOUND('',#5580,.T.);
#5940=FACE_BOUND('',#5581,.T.);
#5941=FACE_BOUND('',#5582,.T.);
#5942=FACE_BOUND('',#5583,.T.);
#5943=FACE_BOUND('',#5584,.T.);
#5944=FACE_BOUND('',#5585,.T.);
#5945=FACE_BOUND('',#5586,.T.);
#5946=FACE_BOUND('',#5587,.T.);
#5947=FACE_BOUND('',#5588,.T.);
#5948=FACE_BOUND('',#5589,.T.);
#5949=FACE_BOUND('',#5590,.T.);
#5950=FACE_BOUND('',#5591,.T.);
#5951=FACE_BOUND('',#5592,.T.);
#5952=FACE_BOUND('',#5593,.T.);
#5953=FACE_BOUND('',#5594,.T.);
#5954=FACE_BOUND('',#5595,.T.);
#5955=FACE_BOUND('',#5596,.T.);
#5956=FACE_BOUND('',#5597,.T.);
#5957=FACE_BOUND('',#5598,.T.);
#5958=FACE_BOUND('',#5599,.T.);
#5959=FACE_BOUND('',#5600,.T.);
#5960=FACE_BOUND('',#5601,.T.);
#5961=FACE_BOUND('',#5602,.T.);
#5962=FACE_BOUND('',#5603,.T.);
#5963=FACE_BOUND('',#5604,.T.);
#5964=FACE_BOUND('',#5605,.T.);
#5965=FACE_BOUND('',#5606,.T.);
#5966=FACE_BOUND('',#5607,.T.);
#5967=FACE_BOUND('',#5608,.T.);
#5968=FACE_BOUND('',#5609,.T.);
#5969=FACE_BOUND('',#5610,.T.);
#5970=FACE_BOUND('',#5611,.T.);
#5971=FACE_BOUND('',#5612,.T.);
#5972=FACE_BOUND('',#5613,.T.);
#5973=FACE_BOUND('',#5614,.T.);
#5974=FACE_BOUND('',#5615,.T.);
#5975=FACE_BOUND('',#5616,.T.);
#5976=FACE_BOUND('',#5617,.T.);
#5977=FACE_BOUND('',#5618,.T.);
#5978=FACE_BOUND('',#5619,.T.);
#5979=FACE_BOUND('',#5620,.T.);
#5980=FACE_BOUND('',#5621,.T.);
#5981=FACE_BOUND('',#5622,.T.);
#5982=FACE_BOUND('',#5623,.T.);
#5983=FACE_BOUND('',#5624,.T.);
#5984=FACE_BOUND('',#5625,.T.);
#5985=FACE_BOUND('',#5626,.T.);
#5986=FACE_BOUND('',#5627,.T.);
#5987=FACE_BOUND('',#5628,.T.);
#5988=FACE_BOUND('',#5629,.T.);
#5989=FACE_BOUND('',#5630,.T.);
#5990=FACE_BOUND('',#5631,.T.);
#5991=FACE_BOUND('',#5632,.T.);
#5992=FACE_BOUND('',#5633,.T.);
#5993=FACE_BOUND('',#5634,.T.);
#5994=FACE_BOUND('',#5635,.T.);
#5995=FACE_BOUND('',#5636,.T.);
#5996=FACE_BOUND('',#5637,.T.);
#5997=FACE_BOUND('',#5638,.T.);
#5998=FACE_BOUND('',#5639,.T.);
#5999=FACE_BOUND('',#5640,.T.);
#6000=FACE_BOUND('',#5641,.T.);
#6001=FACE_BOUND('',#5642,.T.);
#6002=FACE_BOUND('',#5643,.T.);
#6003=FACE_BOUND('',#5644,.T.);
#6004=FACE_BOUND('',#5645,.T.);
#6005=FACE_BOUND('',#5646,.T.);
#6006=PLANE('',#6582);
#6007=PLANE('',#6584);
#6008=PLANE('',#6585);
#6009=PLANE('',#6586);
#6010=PLANE('',#6592);
#6011=PLANE('',#6593);
#6012=PLANE('',#6594);
#6013=PLANE('',#6595);
#6014=PLANE('',#6596);
#6015=PLANE('',#6597);
#6016=PLANE('',#6598);
#6017=PLANE('',#6599);
#6018=PLANE('',#6600);
#6019=PLANE('',#6601);
#6020=PLANE('',#6612);
#6021=PLANE('',#6613);
#6022=PLANE('',#6614);
#6023=PLANE('',#6615);
#6024=PLANE('',#6616);
#6025=PLANE('',#6626);
#6026=PLANE('',#6627);
#6027=PLANE('',#6629);
#6028=PLANE('',#6630);
#6029=PLANE('',#6631);
#6030=PLANE('',#6632);
#6031=PLANE('',#6633);
#6032=PLANE('',#6634);
#6033=PLANE('',#6635);
#6034=PLANE('',#6636);
#6035=PLANE('',#6637);
#6036=PLANE('',#6638);
#6037=PLANE('',#6639);
#6038=PLANE('',#6640);
#6039=PLANE('',#6641);
#6040=PLANE('',#6642);
#6041=PLANE('',#6643);
#6042=PLANE('',#6644);
#6043=PLANE('',#6645);
#6044=PLANE('',#6647);
#6045=PLANE('',#6650);
#6046=PLANE('',#6651);
#6047=PLANE('',#6652);
#6048=PLANE('',#6653);
#6049=PLANE('',#6654);
#6050=PLANE('',#6655);
#6051=PLANE('',#6659);
#6052=PLANE('',#6660);
#6053=PLANE('',#6662);
#6054=PLANE('',#6664);
#6055=PLANE('',#6665);
#6056=PLANE('',#6670);
#6057=PLANE('',#6674);
#6058=PLANE('',#6675);
#6059=PLANE('',#6677);
#6060=PLANE('',#6679);
#6061=PLANE('',#6680);
#6062=PLANE('',#6681);
#6063=PLANE('',#6682);
#6064=PLANE('',#6683);
#6065=PLANE('',#6684);
#6066=PLANE('',#6685);
#6067=PLANE('',#6686);
#6068=PLANE('',#6688);
#6069=PLANE('',#6691);
#6070=PLANE('',#6692);
#6071=PLANE('',#6697);
#6072=PLANE('',#6698);
#6073=PLANE('',#6700);
#6074=PLANE('',#6701);
#6075=PLANE('',#6702);
#6076=PLANE('',#6703);
#6077=PLANE('',#6704);
#6078=PLANE('',#6705);
#6079=PLANE('',#6707);
#6080=PLANE('',#6708);
#6081=PLANE('',#6709);
#6082=PLANE('',#6710);
#6083=PLANE('',#6711);
#6084=PLANE('',#6712);
#6085=PLANE('',#6714);
#6086=PLANE('',#6715);
#6087=PLANE('',#6716);
#6088=PLANE('',#6718);
#6089=PLANE('',#6729);
#6090=PLANE('',#6730);
#6091=PLANE('',#6731);
#6092=PLANE('',#6733);
#6093=PLANE('',#6734);
#6094=PLANE('',#6736);
#6095=PLANE('',#6737);
#6096=PLANE('',#6738);
#6097=PLANE('',#6739);
#6098=PLANE('',#6740);
#6099=PLANE('',#6741);
#6100=PLANE('',#6742);
#6101=PLANE('',#6744);
#6102=PLANE('',#6745);
#6103=PLANE('',#6746);
#6104=PLANE('',#6748);
#6105=PLANE('',#6759);
#6106=PLANE('',#6760);
#6107=PLANE('',#6761);
#6108=PLANE('',#6762);
#6109=PLANE('',#6763);
#6110=PLANE('',#6901);
#6111=PLANE('',#6903);
#6112=PLANE('',#6905);
#6113=PLANE('',#6928);
#6114=PLANE('',#6929);
#6115=PLANE('',#6930);
#6116=PLANE('',#6931);
#6117=PLANE('',#6932);
#6118=PLANE('',#6933);
#6119=PLANE('',#6934);
#6120=PLANE('',#6935);
#6121=PLANE('',#6936);
#6122=PLANE('',#6937);
#6123=PLANE('',#6939);
#6124=PLANE('',#6940);
#6125=PLANE('',#6941);
#6126=PLANE('',#6943);
#6127=PLANE('',#6944);
#6128=PLANE('',#6947);
#6129=PLANE('',#6948);
#6130=PLANE('',#6949);
#6131=PLANE('',#6955);
#6132=PLANE('',#6968);
#6133=PLANE('',#6969);
#6134=PLANE('',#6970);
#6135=PLANE('',#6982);
#6136=PLANE('',#6984);
#6137=PLANE('',#6985);
#6138=PLANE('',#6986);
#6139=PLANE('',#6987);
#6140=PLANE('',#6990);
#6141=PLANE('',#6998);
#6142=PLANE('',#6999);
#6143=PLANE('',#7012);
#6144=PLANE('',#7013);
#6145=PLANE('',#7014);
#6146=PLANE('',#7015);
#6147=PLANE('',#7016);
#6148=PLANE('',#7017);
#6149=PLANE('',#7024);
#6150=PLANE('',#7025);
#6151=PLANE('',#7030);
#6152=PLANE('',#7033);
#6153=PLANE('',#7036);
#6154=PLANE('',#7039);
#6155=PLANE('',#7040);
#6156=PLANE('',#7044);
#6157=PLANE('',#7045);
#6158=PLANE('',#7046);
#6159=PLANE('',#7047);
#6160=PLANE('',#7048);
#6161=PLANE('',#7049);
#6162=PLANE('',#7050);
#6163=PLANE('',#7056);
#6164=PLANE('',#7057);
#6165=PLANE('',#7058);
#6166=PLANE('',#7059);
#6167=PLANE('',#7060);
#6168=PLANE('',#7062);
#6169=PLANE('',#7063);
#6170=PLANE('',#7064);
#6171=PLANE('',#7066);
#6172=PLANE('',#7067);
#6173=PLANE('',#7070);
#6174=PLANE('',#7071);
#6175=PLANE('',#7072);
#6176=PLANE('',#7085);
#6177=PLANE('',#7087);
#6178=PLANE('',#7088);
#6179=PLANE('',#7089);
#6180=PLANE('',#7090);
#6181=PLANE('',#7093);
#6182=PLANE('',#7101);
#6183=PLANE('',#7102);
#6184=PLANE('',#7103);
#6185=PLANE('',#7104);
#6186=PLANE('',#7105);
#6187=PLANE('',#7110);
#6188=PLANE('',#7113);
#6189=PLANE('',#7115);
#6190=PLANE('',#7117);
#6191=PLANE('',#7119);
#6192=PLANE('',#7120);
#6193=PLANE('',#7124);
#6194=PLANE('',#7125);
#6195=PLANE('',#7126);
#6196=PLANE('',#7127);
#6197=PLANE('',#7128);
#6198=PLANE('',#7129);
#6199=PLANE('',#7130);
#6200=PLANE('',#7131);
#6201=PLANE('',#7132);
#6202=ADVANCED_FACE('',(#5647),#6006,.F.);
#6203=ADVANCED_FACE('',(#5648),#6007,.T.);
#6204=ADVANCED_FACE('',(#5649),#6008,.F.);
#6205=ADVANCED_FACE('',(#5650),#6009,.F.);
#6206=ADVANCED_FACE('',(#5651),#422,.T.);
#6207=ADVANCED_FACE('',(#5652),#6010,.T.);
#6208=ADVANCED_FACE('',(#5653),#6011,.F.);
#6209=ADVANCED_FACE('',(#5654),#6012,.T.);
#6210=ADVANCED_FACE('',(#5655),#6013,.T.);
#6211=ADVANCED_FACE('',(#5656),#6014,.T.);
#6212=ADVANCED_FACE('',(#5657),#6015,.T.);
#6213=ADVANCED_FACE('',(#5658),#6016,.T.);
#6214=ADVANCED_FACE('',(#5659),#6017,.T.);
#6215=ADVANCED_FACE('',(#5660),#6018,.F.);
#6216=ADVANCED_FACE('',(#5661,#5662,#5663),#6019,.T.);
#6217=ADVANCED_FACE('',(#5664),#6020,.T.);
#6218=ADVANCED_FACE('',(#5665),#6021,.T.);
#6219=ADVANCED_FACE('',(#5666),#6022,.F.);
#6220=ADVANCED_FACE('',(#5667),#6023,.T.);
#6221=ADVANCED_FACE('',(#5668),#6024,.T.);
#6222=ADVANCED_FACE('',(#5669,#5670,#5671,#5672),#6025,.F.);
#6223=ADVANCED_FACE('',(#5673),#6026,.T.);
#6224=ADVANCED_FACE('',(#5674),#6027,.T.);
#6225=ADVANCED_FACE('',(#5675),#6028,.T.);
#6226=ADVANCED_FACE('',(#5676),#6029,.T.);
#6227=ADVANCED_FACE('',(#5677),#6030,.F.);
#6228=ADVANCED_FACE('',(#5678),#6031,.F.);
#6229=ADVANCED_FACE('',(#5679),#6032,.F.);
#6230=ADVANCED_FACE('',(#5680),#6033,.F.);
#6231=ADVANCED_FACE('',(#5681),#6034,.T.);
#6232=ADVANCED_FACE('',(#5682),#6035,.F.);
#6233=ADVANCED_FACE('',(#5683),#6036,.F.);
#6234=ADVANCED_FACE('',(#5684),#6037,.F.);
#6235=ADVANCED_FACE('',(#5685),#6038,.F.);
#6236=ADVANCED_FACE('',(#5686),#6039,.T.);
#6237=ADVANCED_FACE('',(#5687),#6040,.F.);
#6238=ADVANCED_FACE('',(#5688),#6041,.F.);
#6239=ADVANCED_FACE('',(#5689),#6042,.F.);
#6240=ADVANCED_FACE('',(#5690),#6043,.T.);
#6241=ADVANCED_FACE('',(#5691),#6044,.F.);
#6242=ADVANCED_FACE('',(#5692),#6045,.F.);
#6243=ADVANCED_FACE('',(#5693),#6046,.F.);
#6244=ADVANCED_FACE('',(#5694),#6047,.F.);
#6245=ADVANCED_FACE('',(#5695),#6048,.F.);
#6246=ADVANCED_FACE('',(#5696),#6049,.F.);
#6247=ADVANCED_FACE('',(#5697),#6050,.F.);
#6248=ADVANCED_FACE('',(#5698),#6051,.F.);
#6249=ADVANCED_FACE('',(#5699),#6052,.F.);
#6250=ADVANCED_FACE('',(#5700),#423,.T.);
#6251=ADVANCED_FACE('',(#5701),#6053,.T.);
#6252=ADVANCED_FACE('',(#5702),#424,.T.);
#6253=ADVANCED_FACE('',(#5703),#6054,.F.);
#6254=ADVANCED_FACE('',(#5704),#6055,.T.);
#6255=ADVANCED_FACE('',(#5705),#6056,.T.);
#6256=ADVANCED_FACE('',(#5706),#6057,.T.);
#6257=ADVANCED_FACE('',(#5707),#6058,.T.);
#6258=ADVANCED_FACE('',(#5708),#425,.T.);
#6259=ADVANCED_FACE('',(#5709),#6059,.T.);
#6260=ADVANCED_FACE('',(#5710),#426,.T.);
#6261=ADVANCED_FACE('',(#5711),#6060,.T.);
#6262=ADVANCED_FACE('',(#5712),#6061,.T.);
#6263=ADVANCED_FACE('',(#5713),#6062,.T.);
#6264=ADVANCED_FACE('',(#5714),#6063,.T.);
#6265=ADVANCED_FACE('',(#5715),#6064,.T.);
#6266=ADVANCED_FACE('',(#5716),#6065,.T.);
#6267=ADVANCED_FACE('',(#5717),#6066,.T.);
#6268=ADVANCED_FACE('',(#5718),#6067,.F.);
#6269=ADVANCED_FACE('',(#5719),#6068,.T.);
#6270=ADVANCED_FACE('',(#5720),#6069,.T.);
#6271=ADVANCED_FACE('',(#5721),#6070,.T.);
#6272=ADVANCED_FACE('',(#5722),#6071,.T.);
#6273=ADVANCED_FACE('',(#5723),#6072,.F.);
#6274=ADVANCED_FACE('',(#5724),#6073,.F.);
#6275=ADVANCED_FACE('',(#5725),#6074,.F.);
#6276=ADVANCED_FACE('',(#5726),#6075,.F.);
#6277=ADVANCED_FACE('',(#5727),#6076,.F.);
#6278=ADVANCED_FACE('',(#5728),#6077,.F.);
#6279=ADVANCED_FACE('',(#5729),#6078,.F.);
#6280=ADVANCED_FACE('',(#5730),#6079,.F.);
#6281=ADVANCED_FACE('',(#5731),#6080,.F.);
#6282=ADVANCED_FACE('',(#5732),#6081,.F.);
#6283=ADVANCED_FACE('',(#5733),#244,.F.);
#6284=ADVANCED_FACE('',(#5734),#245,.F.);
#6285=ADVANCED_FACE('',(#5735),#6082,.F.);
#6286=ADVANCED_FACE('',(#5736),#246,.F.);
#6287=ADVANCED_FACE('',(#5737),#6083,.T.);
#6288=ADVANCED_FACE('',(#5738),#6084,.T.);
#6289=ADVANCED_FACE('',(#5739),#6085,.T.);
#6290=ADVANCED_FACE('',(#5740),#6086,.T.);
#6291=ADVANCED_FACE('',(#5741),#6087,.F.);
#6292=ADVANCED_FACE('',(#5742),#247,.F.);
#6293=ADVANCED_FACE('',(#5743),#248,.T.);
#6294=ADVANCED_FACE('',(#5744),#6088,.F.);
#6295=ADVANCED_FACE('',(#5745),#235,.F.);
#6296=ADVANCED_FACE('',(#5746),#236,.F.);
#6297=ADVANCED_FACE('',(#5747),#221,.F.);
#6298=ADVANCED_FACE('',(#5748),#427,.F.);
#6299=ADVANCED_FACE('',(#5749),#428,.F.);
#6300=ADVANCED_FACE('',(#5750),#429,.F.);
#6301=ADVANCED_FACE('',(#5751),#430,.T.);
#6302=ADVANCED_FACE('',(#5752),#431,.T.);
#6303=ADVANCED_FACE('',(#5753),#432,.T.);
#6304=ADVANCED_FACE('',(#5754),#6089,.F.);
#6305=ADVANCED_FACE('',(#5755),#6090,.F.);
#6306=ADVANCED_FACE('',(#5756),#6091,.F.);
#6307=ADVANCED_FACE('',(#5757),#6092,.F.);
#6308=ADVANCED_FACE('',(#5758),#6093,.F.);
#6309=ADVANCED_FACE('',(#5759),#6094,.F.);
#6310=ADVANCED_FACE('',(#5760),#6095,.F.);
#6311=ADVANCED_FACE('',(#5761),#6096,.F.);
#6312=ADVANCED_FACE('',(#5762),#6097,.F.);
#6313=ADVANCED_FACE('',(#5763),#249,.T.);
#6314=ADVANCED_FACE('',(#5764),#250,.T.);
#6315=ADVANCED_FACE('',(#5765),#6098,.F.);
#6316=ADVANCED_FACE('',(#5766),#251,.T.);
#6317=ADVANCED_FACE('',(#5767),#6099,.T.);
#6318=ADVANCED_FACE('',(#5768),#6100,.T.);
#6319=ADVANCED_FACE('',(#5769),#6101,.T.);
#6320=ADVANCED_FACE('',(#5770),#6102,.T.);
#6321=ADVANCED_FACE('',(#5771),#6103,.F.);
#6322=ADVANCED_FACE('',(#5772),#252,.T.);
#6323=ADVANCED_FACE('',(#5773),#253,.F.);
#6324=ADVANCED_FACE('',(#5774),#6104,.F.);
#6325=ADVANCED_FACE('',(#5775),#237,.F.);
#6326=ADVANCED_FACE('',(#5776),#238,.F.);
#6327=ADVANCED_FACE('',(#5777),#222,.F.);
#6328=ADVANCED_FACE('',(#5778),#433,.F.);
#6329=ADVANCED_FACE('',(#5779),#434,.F.);
#6330=ADVANCED_FACE('',(#5780),#435,.F.);
#6331=ADVANCED_FACE('',(#5781),#436,.T.);
#6332=ADVANCED_FACE('',(#5782),#437,.T.);
#6333=ADVANCED_FACE('',(#5783),#438,.T.);
#6334=ADVANCED_FACE('',(#5784),#6105,.T.);
#6335=ADVANCED_FACE('',(#5785),#6106,.T.);
#6336=ADVANCED_FACE('',(#5786),#6107,.T.);
#6337=ADVANCED_FACE('',(#5787),#6108,.T.);
#6338=ADVANCED_FACE('',(#5788),#6109,.T.);
#6339=ADVANCED_FACE('',(#5789),#439,.F.);
#6340=ADVANCED_FACE('',(#5790),#440,.T.);
#6341=ADVANCED_FACE('',(#5791),#441,.T.);
#6342=ADVANCED_FACE('',(#5792),#442,.T.);
#6343=ADVANCED_FACE('',(#5793),#211,.T.);
#6344=ADVANCED_FACE('',(#5794),#212,.F.);
#6345=ADVANCED_FACE('',(#5795),#443,.T.);
#6346=ADVANCED_FACE('',(#5796),#444,.T.);
#6347=ADVANCED_FACE('',(#5797),#445,.T.);
#6348=ADVANCED_FACE('',(#5798),#446,.F.);
#6349=ADVANCED_FACE('',(#5799),#213,.T.);
#6350=ADVANCED_FACE('',(#5800),#223,.T.);
#6351=ADVANCED_FACE('',(#5801),#214,.T.);
#6352=ADVANCED_FACE('',(#5802),#447,.T.);
#6353=ADVANCED_FACE('',(#5803),#448,.T.);
#6354=ADVANCED_FACE('',(#5804),#449,.T.);
#6355=ADVANCED_FACE('',(#5805),#224,.T.);
#6356=ADVANCED_FACE('',(#5806),#225,.T.);
#6357=ADVANCED_FACE('',(#5807),#450,.T.);
#6358=ADVANCED_FACE('',(#5808),#451,.T.);
#6359=ADVANCED_FACE('',(#5809),#452,.T.);
#6360=ADVANCED_FACE('',(#5810),#453,.T.);
#6361=ADVANCED_FACE('',(#5811),#226,.T.);
#6362=ADVANCED_FACE('',(#5812),#227,.T.);
#6363=ADVANCED_FACE('',(#5813),#454,.T.);
#6364=ADVANCED_FACE('',(#5814),#455,.T.);
#6365=ADVANCED_FACE('',(#5815),#456,.T.);
#6366=ADVANCED_FACE('',(#5816),#457,.T.);
#6367=ADVANCED_FACE('',(#5817),#228,.T.);
#6368=ADVANCED_FACE('',(#5818),#215,.T.);
#6369=ADVANCED_FACE('',(#5819),#458,.T.);
#6370=ADVANCED_FACE('',(#5820),#459,.F.);
#6371=ADVANCED_FACE('',(#5821),#216,.F.);
#6372=ADVANCED_FACE('',(#5822),#460,.T.);
#6373=ADVANCED_FACE('',(#5823),#461,.T.);
#6374=ADVANCED_FACE('',(#5824),#462,.T.);
#6375=ADVANCED_FACE('',(#5825),#463,.T.);
#6376=ADVANCED_FACE('',(#5826),#229,.T.);
#6377=ADVANCED_FACE('',(#5827),#464,.T.);
#6378=ADVANCED_FACE('',(#5828),#465,.T.);
#6379=ADVANCED_FACE('',(#5829),#466,.T.);
#6380=ADVANCED_FACE('',(#5830),#467,.T.);
#6381=ADVANCED_FACE('',(#5831),#468,.T.);
#6382=ADVANCED_FACE('',(#5832),#230,.T.);
#6383=ADVANCED_FACE('',(#5833),#231,.T.);
#6384=ADVANCED_FACE('',(#5834),#217,.T.);
#6385=ADVANCED_FACE('',(#5835),#469,.T.);
#6386=ADVANCED_FACE('',(#5836),#470,.T.);
#6387=ADVANCED_FACE('',(#5837),#471,.T.);
#6388=ADVANCED_FACE('',(#5838),#472,.T.);
#6389=ADVANCED_FACE('',(#5839),#473,.T.);
#6390=ADVANCED_FACE('',(#5840),#474,.F.);
#6391=ADVANCED_FACE('',(#5841),#232,.T.);
#6392=ADVANCED_FACE('',(#5842),#233,.T.);
#6393=ADVANCED_FACE('',(#5843),#218,.T.);
#6394=ADVANCED_FACE('',(#5844),#219,.F.);
#6395=ADVANCED_FACE('',(#5845),#475,.T.);
#6396=ADVANCED_FACE('',(#5846),#476,.T.);
#6397=ADVANCED_FACE('',(#5847),#477,.F.);
#6398=ADVANCED_FACE('',(#5848),#478,.T.);
#6399=ADVANCED_FACE('',(#5849),#234,.T.);
#6400=ADVANCED_FACE('',(#5850),#220,.T.);
#6401=ADVANCED_FACE('',(#5851),#479,.T.);
#6402=ADVANCED_FACE('',(#5852),#480,.T.);
#6403=ADVANCED_FACE('',(#5853),#481,.T.);
#6404=ADVANCED_FACE('',(#5854),#6110,.F.);
#6405=ADVANCED_FACE('',(#5855),#6111,.F.);
#6406=ADVANCED_FACE('',(#5856),#6112,.F.);
#6407=ADVANCED_FACE('',(#5857),#482,.F.);
#6408=ADVANCED_FACE('',(#5858),#483,.F.);
#6409=ADVANCED_FACE('',(#5859),#484,.T.);
#6410=ADVANCED_FACE('',(#5860),#485,.T.);
#6411=ADVANCED_FACE('',(#5861,#5862),#486,.T.);
#6412=ADVANCED_FACE('',(#5863),#6113,.T.);
#6413=ADVANCED_FACE('',(#5864),#6114,.T.);
#6414=ADVANCED_FACE('',(#5865),#6115,.T.);
#6415=ADVANCED_FACE('',(#5866),#6116,.T.);
#6416=ADVANCED_FACE('',(#5867),#6117,.F.);
#6417=ADVANCED_FACE('',(#5868),#6118,.F.);
#6418=ADVANCED_FACE('',(#5869),#6119,.T.);
#6419=ADVANCED_FACE('',(#5870),#6120,.T.);
#6420=ADVANCED_FACE('',(#5871),#254,.F.);
#6421=ADVANCED_FACE('',(#5872),#255,.F.);
#6422=ADVANCED_FACE('',(#5873),#256,.T.);
#6423=ADVANCED_FACE('',(#5874),#257,.T.);
#6424=ADVANCED_FACE('',(#5875),#6121,.T.);
#6425=ADVANCED_FACE('',(#5876),#6122,.T.);
#6426=ADVANCED_FACE('',(#5877),#6123,.T.);
#6427=ADVANCED_FACE('',(#5878),#6124,.F.);
#6428=ADVANCED_FACE('',(#5879),#6125,.F.);
#6429=ADVANCED_FACE('',(#5880),#6126,.T.);
#6430=ADVANCED_FACE('',(#5881),#6127,.F.);
#6431=ADVANCED_FACE('',(#5882),#487,.F.);
#6432=ADVANCED_FACE('',(#5883),#6128,.F.);
#6433=ADVANCED_FACE('',(#5884),#6129,.T.);
#6434=ADVANCED_FACE('',(#5885,#5886),#6130,.T.);
#6435=ADVANCED_FACE('',(#5887),#488,.T.);
#6436=ADVANCED_FACE('',(#5888,#5889),#6131,.T.);
#6437=ADVANCED_FACE('',(#5890),#489,.T.);
#6438=ADVANCED_FACE('',(#5891),#19,.T.);
#6439=ADVANCED_FACE('',(#5892),#6132,.T.);
#6440=ADVANCED_FACE('',(#5893),#6133,.T.);
#6441=ADVANCED_FACE('',(#5894),#6134,.F.);
#6442=ADVANCED_FACE('',(#5895),#20,.F.);
#6443=ADVANCED_FACE('',(#5896),#6135,.F.);
#6444=ADVANCED_FACE('',(#5897),#6136,.F.);
#6445=ADVANCED_FACE('',(#5898),#6137,.T.);
#6446=ADVANCED_FACE('',(#5899),#6138,.F.);
#6447=ADVANCED_FACE('',(#5900),#6139,.T.);
#6448=ADVANCED_FACE('',(#5901),#490,.T.);
#6449=ADVANCED_FACE('',(#5902),#6140,.F.);
#6450=ADVANCED_FACE('',(#5903),#491,.F.);
#6451=ADVANCED_FACE('',(#5904),#492,.F.);
#6452=ADVANCED_FACE('',(#5905),#493,.F.);
#6453=ADVANCED_FACE('',(#5906),#6141,.T.);
#6454=ADVANCED_FACE('',(#5907,#5908),#6142,.F.);
#6455=ADVANCED_FACE('',(#5909),#6143,.F.);
#6456=ADVANCED_FACE('',(#5910,#5911,#5912),#6144,.T.);
#6457=ADVANCED_FACE('',(#5913),#6145,.T.);
#6458=ADVANCED_FACE('',(#5914),#6146,.T.);
#6459=ADVANCED_FACE('',(#5915),#6147,.F.);
#6460=ADVANCED_FACE('',(#5916),#6148,.T.);
#6461=ADVANCED_FACE('',(#5917),#494,.T.);
#6462=ADVANCED_FACE('',(#5918),#495,.T.);
#6463=ADVANCED_FACE('',(#5919),#239,.T.);
#6464=ADVANCED_FACE('',(#5920),#258,.T.);
#6465=ADVANCED_FACE('',(#5921),#496,.T.);
#6466=ADVANCED_FACE('',(#5922),#6149,.T.);
#6467=ADVANCED_FACE('',(#5923),#6150,.T.);
#6468=ADVANCED_FACE('',(#5924),#497,.F.);
#6469=ADVANCED_FACE('',(#5925),#498,.F.);
#6470=ADVANCED_FACE('',(#5926),#6151,.T.);
#6471=ADVANCED_FACE('',(#5927),#499,.T.);
#6472=ADVANCED_FACE('',(#5928),#6152,.T.);
#6473=ADVANCED_FACE('',(#5929),#500,.T.);
#6474=ADVANCED_FACE('',(#5930),#240,.T.);
#6475=ADVANCED_FACE('',(#5931),#6153,.T.);
#6476=ADVANCED_FACE('',(#5932),#501,.T.);
#6477=ADVANCED_FACE('',(#5933),#6154,.T.);
#6478=ADVANCED_FACE('',(#5934),#6155,.T.);
#6479=ADVANCED_FACE('',(#5935),#502,.F.);
#6480=ADVANCED_FACE('',(#5936),#6156,.T.);
#6481=ADVANCED_FACE('',(#5937),#6157,.T.);
#6482=ADVANCED_FACE('',(#5938),#6158,.F.);
#6483=ADVANCED_FACE('',(#5939),#6159,.F.);
#6484=ADVANCED_FACE('',(#5940),#6160,.F.);
#6485=ADVANCED_FACE('',(#5941),#6161,.T.);
#6486=ADVANCED_FACE('',(#5942,#5943,#5944),#6162,.F.);
#6487=ADVANCED_FACE('',(#5945),#6163,.F.);
#6488=ADVANCED_FACE('',(#5946),#6164,.T.);
#6489=ADVANCED_FACE('',(#5947),#6165,.F.);
#6490=ADVANCED_FACE('',(#5948),#6166,.T.);
#6491=ADVANCED_FACE('',(#5949),#6167,.T.);
#6492=ADVANCED_FACE('',(#5950),#6168,.T.);
#6493=ADVANCED_FACE('',(#5951),#6169,.F.);
#6494=ADVANCED_FACE('',(#5952),#6170,.F.);
#6495=ADVANCED_FACE('',(#5953),#6171,.T.);
#6496=ADVANCED_FACE('',(#5954),#6172,.F.);
#6497=ADVANCED_FACE('',(#5955),#503,.F.);
#6498=ADVANCED_FACE('',(#5956),#6173,.F.);
#6499=ADVANCED_FACE('',(#5957),#6174,.T.);
#6500=ADVANCED_FACE('',(#5958,#5959),#6175,.T.);
#6501=ADVANCED_FACE('',(#5960),#504,.T.);
#6502=ADVANCED_FACE('',(#5961),#505,.T.);
#6503=ADVANCED_FACE('',(#5962),#21,.T.);
#6504=ADVANCED_FACE('',(#5963),#22,.F.);
#6505=ADVANCED_FACE('',(#5964),#6176,.F.);
#6506=ADVANCED_FACE('',(#5965),#6177,.F.);
#6507=ADVANCED_FACE('',(#5966),#6178,.T.);
#6508=ADVANCED_FACE('',(#5967),#6179,.F.);
#6509=ADVANCED_FACE('',(#5968),#6180,.T.);
#6510=ADVANCED_FACE('',(#5969),#506,.T.);
#6511=ADVANCED_FACE('',(#5970),#6181,.F.);
#6512=ADVANCED_FACE('',(#5971),#507,.F.);
#6513=ADVANCED_FACE('',(#5972),#508,.F.);
#6514=ADVANCED_FACE('',(#5973),#509,.F.);
#6515=ADVANCED_FACE('',(#5974),#6182,.T.);
#6516=ADVANCED_FACE('',(#5975),#6183,.T.);
#6517=ADVANCED_FACE('',(#5976),#6184,.T.);
#6518=ADVANCED_FACE('',(#5977),#6185,.F.);
#6519=ADVANCED_FACE('',(#5978),#6186,.T.);
#6520=ADVANCED_FACE('',(#5979),#510,.T.);
#6521=ADVANCED_FACE('',(#5980),#511,.T.);
#6522=ADVANCED_FACE('',(#5981),#241,.T.);
#6523=ADVANCED_FACE('',(#5982),#242,.T.);
#6524=ADVANCED_FACE('',(#5983),#512,.T.);
#6525=ADVANCED_FACE('',(#5984),#6187,.T.);
#6526=ADVANCED_FACE('',(#5985),#513,.F.);
#6527=ADVANCED_FACE('',(#5986),#514,.F.);
#6528=ADVANCED_FACE('',(#5987),#6188,.T.);
#6529=ADVANCED_FACE('',(#5988),#515,.T.);
#6530=ADVANCED_FACE('',(#5989),#6189,.T.);
#6531=ADVANCED_FACE('',(#5990),#516,.T.);
#6532=ADVANCED_FACE('',(#5991),#243,.T.);
#6533=ADVANCED_FACE('',(#5992),#6190,.T.);
#6534=ADVANCED_FACE('',(#5993),#517,.T.);
#6535=ADVANCED_FACE('',(#5994),#6191,.T.);
#6536=ADVANCED_FACE('',(#5995),#6192,.T.);
#6537=ADVANCED_FACE('',(#5996),#518,.F.);
#6538=ADVANCED_FACE('',(#5997),#6193,.T.);
#6539=ADVANCED_FACE('',(#5998),#6194,.T.);
#6540=ADVANCED_FACE('',(#5999),#6195,.F.);
#6541=ADVANCED_FACE('',(#6000),#6196,.F.);
#6542=ADVANCED_FACE('',(#6001),#6197,.F.);
#6543=ADVANCED_FACE('',(#6002),#6198,.T.);
#6544=ADVANCED_FACE('',(#6003),#6199,.F.);
#6545=ADVANCED_FACE('',(#6004),#6200,.T.);
#6546=ADVANCED_FACE('',(#6005),#6201,.F.);
#6547=CLOSED_SHELL('',(#6202,#6203,#6204,#6205,#6206,#6207,#6208,#6209,
#6210,#6211,#6212,#6213,#6214,#6215,#6216,#6217,#6218,#6219,#6220,#6221,
#6222,#6223,#6224,#6225,#6226,#6227,#6228,#6229,#6230,#6231,#6232,#6233,
#6234,#6235,#6236,#6237,#6238,#6239,#6240,#6241,#6242,#6243,#6244,#6245,
#6246,#6247,#6248,#6249,#6250,#6251,#6252,#6253,#6254,#6255,#6256,#6257,
#6258,#6259,#6260,#6261,#6262,#6263,#6264,#6265,#6266,#6267,#6268,#6269,
#6270,#6271,#6272,#6273,#6274,#6275,#6276,#6277,#6278,#6279,#6280,#6281,
#6282,#6283,#6284,#6285,#6286,#6287,#6288,#6289,#6290,#6291,#6292,#6293,
#6294,#6295,#6296,#6297,#6298,#6299,#6300,#6301,#6302,#6303,#6304,#6305,
#6306,#6307,#6308,#6309,#6310,#6311,#6312,#6313,#6314,#6315,#6316,#6317,
#6318,#6319,#6320,#6321,#6322,#6323,#6324,#6325,#6326,#6327,#6328,#6329,
#6330,#6331,#6332,#6333,#6334,#6335,#6336,#6337,#6338,#6339,#6340,#6341,
#6342,#6343,#6344,#6345,#6346,#6347,#6348,#6349,#6350,#6351,#6352,#6353,
#6354,#6355,#6356,#6357,#6358,#6359,#6360,#6361,#6362,#6363,#6364,#6365,
#6366,#6367,#6368,#6369,#6370,#6371,#6372,#6373,#6374,#6375,#6376,#6377,
#6378,#6379,#6380,#6381,#6382,#6383,#6384,#6385,#6386,#6387,#6388,#6389,
#6390,#6391,#6392,#6393,#6394,#6395,#6396,#6397,#6398,#6399,#6400,#6401,
#6402,#6403,#6404,#6405,#6406,#6407,#6408,#6409,#6410,#6411));
#6548=CLOSED_SHELL('',(#6412,#6413,#6414,#6415,#6416,#6417,#6418,#6419,
#6420,#6421,#6422,#6423,#6424,#6425,#6426,#6427,#6428,#6429,#6430,#6431,
#6432,#6433,#6434,#6435,#6436,#6437,#6438,#6439,#6440,#6441,#6442,#6443,
#6444,#6445,#6446,#6447,#6448,#6449,#6450,#6451,#6452,#6453,#6454,#6455,
#6456,#6457,#6458,#6459,#6460,#6461,#6462,#6463,#6464,#6465,#6466,#6467,
#6468,#6469,#6470,#6471,#6472,#6473,#6474,#6475,#6476,#6477,#6478,#6479,
#6480,#6481,#6482,#6483,#6484,#6485,#6486,#6487,#6488,#6489,#6490,#6491,
#6492,#6493,#6494,#6495,#6496,#6497,#6498,#6499,#6500,#6501,#6502,#6503,
#6504,#6505,#6506,#6507,#6508,#6509,#6510,#6511,#6512,#6513,#6514,#6515,
#6516,#6517,#6518,#6519,#6520,#6521,#6522,#6523,#6524,#6525,#6526,#6527,
#6528,#6529,#6530,#6531,#6532,#6533,#6534,#6535,#6536,#6537,#6538,#6539,
#6540,#6541,#6542,#6543,#6544,#6545,#6546));
#6549=STYLED_ITEM('',(#6552),#6573);
#6550=STYLED_ITEM('',(#6553),#6574);
#6551=STYLED_ITEM('',(#6555),#134);
#6552=PRESENTATION_STYLE_ASSIGNMENT((#6556));
#6553=PRESENTATION_STYLE_ASSIGNMENT((#6557));
#6554=PRESENTATION_STYLE_ASSIGNMENT((#6558));
#6555=PRESENTATION_STYLE_ASSIGNMENT((NULL_STYLE(.NULL.)));
#6556=SURFACE_STYLE_USAGE(.BOTH.,#6559);
#6557=SURFACE_STYLE_USAGE(.BOTH.,#6560);
#6558=SURFACE_STYLE_USAGE(.BOTH.,#6561);
#6559=SURFACE_SIDE_STYLE('',(#6562));
#6560=SURFACE_SIDE_STYLE('',(#6563));
#6561=SURFACE_SIDE_STYLE('',(#6564));
#6562=SURFACE_STYLE_FILL_AREA(#6565);
#6563=SURFACE_STYLE_FILL_AREA(#6566);
#6564=SURFACE_STYLE_FILL_AREA(#6567);
#6565=FILL_AREA_STYLE('',(#6568));
#6566=FILL_AREA_STYLE('',(#6569));
#6567=FILL_AREA_STYLE('',(#6570));
#6568=FILL_AREA_STYLE_COLOUR('',#6571);
#6569=FILL_AREA_STYLE_COLOUR('',#6571);
#6570=FILL_AREA_STYLE_COLOUR('',#6572);
#6571=COLOUR_RGB('',0.611764705882353,0.658823529411765,0.670588235294118);
#6572=COLOUR_RGB('',0.200000002980232,0.200000002980232,0.200000002980232);
#6573=MANIFOLD_SOLID_BREP('Body (1)',#6547);
#6574=MANIFOLD_SOLID_BREP('Body (1)',#6548);
#6575=SHAPE_DEFINITION_REPRESENTATION(#11736,#6578);
#6576=SHAPE_DEFINITION_REPRESENTATION(#11737,#6579);
#6577=SHAPE_DEFINITION_REPRESENTATION(#11739,#6580);
#6578=SHAPE_REPRESENTATION('Cliff_Bumper_Sensor_Assembly-2',(#6581,#6927,
#7149),#11727);
#6579=SHAPE_REPRESENTATION('inner_part',(#6581),#11728);
#6580=SHAPE_REPRESENTATION('transparent_cover',(#6581),#11729);
#6581=AXIS2_PLACEMENT_3D('',#8960,#7166,#7167);
#6582=AXIS2_PLACEMENT_3D('',#8961,#7168,#7169);
#6583=AXIS2_PLACEMENT_3D('',#8965,#7171,#7172);
#6584=AXIS2_PLACEMENT_3D('',#8972,#7176,#7177);
#6585=AXIS2_PLACEMENT_3D('',#8978,#7181,#7182);
#6586=AXIS2_PLACEMENT_3D('',#8984,#7186,#7187);
#6587=AXIS2_PLACEMENT_3D('',#8985,#7188,#7189);
#6588=AXIS2_PLACEMENT_3D('',#8989,#7192,#7193);
#6589=AXIS2_PLACEMENT_3D('',#8993,#7195,#7196);
#6590=AXIS2_PLACEMENT_3D('',#8997,#7198,#7199);
#6591=AXIS2_PLACEMENT_3D('',#9001,#7201,#7202);
#6592=AXIS2_PLACEMENT_3D('',#9002,#7203,#7204);
#6593=AXIS2_PLACEMENT_3D('',#9011,#7209,#7210);
#6594=AXIS2_PLACEMENT_3D('',#9020,#7215,#7216);
#6595=AXIS2_PLACEMENT_3D('',#9029,#7221,#7222);
#6596=AXIS2_PLACEMENT_3D('',#9038,#7227,#7228);
#6597=AXIS2_PLACEMENT_3D('',#9047,#7233,#7234);
#6598=AXIS2_PLACEMENT_3D('',#9056,#7239,#7240);
#6599=AXIS2_PLACEMENT_3D('',#9062,#7244,#7245);
#6600=AXIS2_PLACEMENT_3D('',#9071,#7250,#7251);
#6601=AXIS2_PLACEMENT_3D('',#9087,#7262,#7263);
#6602=AXIS2_PLACEMENT_3D('',#9096,#7268,#7269);
#6603=AXIS2_PLACEMENT_3D('',#9100,#7271,#7272);
#6604=AXIS2_PLACEMENT_3D('',#9104,#7274,#7275);
#6605=AXIS2_PLACEMENT_3D('',#9108,#7277,#7278);
#6606=AXIS2_PLACEMENT_3D('',#9117,#7280,#7281);
#6607=AXIS2_PLACEMENT_3D('',#9138,#7293,#7294);
#6608=AXIS2_PLACEMENT_3D('',#9147,#7296,#7297);
#6609=AXIS2_PLACEMENT_3D('',#9151,#7299,#7300);
#6610=AXIS2_PLACEMENT_3D('',#9155,#7302,#7303);
#6611=AXIS2_PLACEMENT_3D('',#9159,#7305,#7306);
#6612=AXIS2_PLACEMENT_3D('',#9170,#7313,#7314);
#6613=AXIS2_PLACEMENT_3D('',#9172,#7316,#7317);
#6614=AXIS2_PLACEMENT_3D('',#9174,#7319,#7320);
#6615=AXIS2_PLACEMENT_3D('',#9180,#7324,#7325);
#6616=AXIS2_PLACEMENT_3D('',#9186,#7329,#7330);
#6617=AXIS2_PLACEMENT_3D('',#9190,#7332,#7333);
#6618=AXIS2_PLACEMENT_3D('',#9199,#7338,#7339);
#6619=AXIS2_PLACEMENT_3D('',#9203,#7341,#7342);
#6620=AXIS2_PLACEMENT_3D('',#9213,#7347,#7348);
#6621=AXIS2_PLACEMENT_3D('',#9217,#7350,#7351);
#6622=AXIS2_PLACEMENT_3D('',#9235,#7361,#7362);
#6623=AXIS2_PLACEMENT_3D('',#9239,#7364,#7365);
#6624=AXIS2_PLACEMENT_3D('',#9249,#7370,#7371);
#6625=AXIS2_PLACEMENT_3D('',#9253,#7373,#7374);
#6626=AXIS2_PLACEMENT_3D('',#9258,#7377,#7378);
#6627=AXIS2_PLACEMENT_3D('',#9289,#7395,#7396);
#6628=AXIS2_PLACEMENT_3D('',#9292,#7398,#7399);
#6629=AXIS2_PLACEMENT_3D('',#9295,#7401,#7402);
#6630=AXIS2_PLACEMENT_3D('',#9299,#7405,#7406);
#6631=AXIS2_PLACEMENT_3D('',#9305,#7410,#7411);
#6632=AXIS2_PLACEMENT_3D('',#9307,#7413,#7414);
#6633=AXIS2_PLACEMENT_3D('',#9313,#7418,#7419);
#6634=AXIS2_PLACEMENT_3D('',#9317,#7422,#7423);
#6635=AXIS2_PLACEMENT_3D('',#9321,#7426,#7427);
#6636=AXIS2_PLACEMENT_3D('',#9323,#7429,#7430);
#6637=AXIS2_PLACEMENT_3D('',#9324,#7431,#7432);
#6638=AXIS2_PLACEMENT_3D('',#9330,#7436,#7437);
#6639=AXIS2_PLACEMENT_3D('',#9334,#7440,#7441);
#6640=AXIS2_PLACEMENT_3D('',#9338,#7444,#7445);
#6641=AXIS2_PLACEMENT_3D('',#9340,#7447,#7448);
#6642=AXIS2_PLACEMENT_3D('',#9341,#7449,#7450);
#6643=AXIS2_PLACEMENT_3D('',#9342,#7451,#7452);
#6644=AXIS2_PLACEMENT_3D('',#9346,#7455,#7456);
#6645=AXIS2_PLACEMENT_3D('',#9352,#7460,#7461);
#6646=AXIS2_PLACEMENT_3D('',#9366,#7466,#7467);
#6647=AXIS2_PLACEMENT_3D('',#9374,#7469,#7470);
#6648=AXIS2_PLACEMENT_3D('',#9378,#7473,#7474);
#6649=AXIS2_PLACEMENT_3D('',#9382,#7476,#7477);
#6650=AXIS2_PLACEMENT_3D('',#9385,#7479,#7480);
#6651=AXIS2_PLACEMENT_3D('',#9394,#7485,#7486);
#6652=AXIS2_PLACEMENT_3D('',#9403,#7491,#7492);
#6653=AXIS2_PLACEMENT_3D('',#9412,#7497,#7498);
#6654=AXIS2_PLACEMENT_3D('',#9421,#7503,#7504);
#6655=AXIS2_PLACEMENT_3D('',#9430,#7509,#7510);
#6656=AXIS2_PLACEMENT_3D('',#9431,#7511,#7512);
#6657=AXIS2_PLACEMENT_3D('',#9444,#7518,#7519);
#6658=AXIS2_PLACEMENT_3D('',#9448,#7521,#7522);
#6659=AXIS2_PLACEMENT_3D('',#9457,#7527,#7528);
#6660=AXIS2_PLACEMENT_3D('',#9459,#7530,#7531);
#6661=AXIS2_PLACEMENT_3D('',#9462,#7534,#7535);
#6662=AXIS2_PLACEMENT_3D('',#9463,#7536,#7537);
#6663=AXIS2_PLACEMENT_3D('',#9466,#7540,#7541);
#6664=AXIS2_PLACEMENT_3D('',#9467,#7542,#7543);
#6665=AXIS2_PLACEMENT_3D('',#9473,#7547,#7548);
#6666=AXIS2_PLACEMENT_3D('',#9477,#7550,#7551);
#6667=AXIS2_PLACEMENT_3D('',#9481,#7553,#7554);
#6668=AXIS2_PLACEMENT_3D('',#9485,#7557,#7558);
#6669=AXIS2_PLACEMENT_3D('',#9486,#7559,#7560);
#6670=AXIS2_PLACEMENT_3D('',#9554,#7590,#7591);
#6671=AXIS2_PLACEMENT_3D('',#9555,#7592,#7593);
#6672=AXIS2_PLACEMENT_3D('',#9565,#7598,#7599);
#6673=AXIS2_PLACEMENT_3D('',#9569,#7601,#7602);
#6674=AXIS2_PLACEMENT_3D('',#9572,#7604,#7605);
#6675=AXIS2_PLACEMENT_3D('',#9575,#7608,#7609);
#6676=AXIS2_PLACEMENT_3D('',#9578,#7612,#7613);
#6677=AXIS2_PLACEMENT_3D('',#9579,#7614,#7615);
#6678=AXIS2_PLACEMENT_3D('',#9581,#7617,#7618);
#6679=AXIS2_PLACEMENT_3D('',#9582,#7619,#7620);
#6680=AXIS2_PLACEMENT_3D('',#9585,#7623,#7624);
#6681=AXIS2_PLACEMENT_3D('',#9591,#7628,#7629);
#6682=AXIS2_PLACEMENT_3D('',#9600,#7634,#7635);
#6683=AXIS2_PLACEMENT_3D('',#9609,#7640,#7641);
#6684=AXIS2_PLACEMENT_3D('',#9618,#7646,#7647);
#6685=AXIS2_PLACEMENT_3D('',#9627,#7652,#7653);
#6686=AXIS2_PLACEMENT_3D('',#9629,#7655,#7656);
#6687=AXIS2_PLACEMENT_3D('',#9637,#7658,#7659);
#6688=AXIS2_PLACEMENT_3D('',#9646,#7664,#7665);
#6689=AXIS2_PLACEMENT_3D('',#9662,#7673,#7674);
#6690=AXIS2_PLACEMENT_3D('',#9666,#7676,#7677);
#6691=AXIS2_PLACEMENT_3D('',#9671,#7680,#7681);
#6692=AXIS2_PLACEMENT_3D('',#9675,#7684,#7685);
#6693=AXIS2_PLACEMENT_3D('',#9679,#7687,#7688);
#6694=AXIS2_PLACEMENT_3D('',#9687,#7692,#7693);
#6695=AXIS2_PLACEMENT_3D('',#9688,#7694,#7695);
#6696=AXIS2_PLACEMENT_3D('',#9689,#7696,#7697);
#6697=AXIS2_PLACEMENT_3D('',#9690,#7698,#7699);
#6698=AXIS2_PLACEMENT_3D('',#9693,#7702,#7703);
#6699=AXIS2_PLACEMENT_3D('',#9696,#7705,#7706);
#6700=AXIS2_PLACEMENT_3D('',#9704,#7708,#7709);
#6701=AXIS2_PLACEMENT_3D('',#9723,#7710,#7711);
#6702=AXIS2_PLACEMENT_3D('',#9727,#7715,#7716);
#6703=AXIS2_PLACEMENT_3D('',#9736,#7719,#7720);
#6704=AXIS2_PLACEMENT_3D('',#9755,#7721,#7722);
#6705=AXIS2_PLACEMENT_3D('',#9762,#7724,#7725);
#6706=AXIS2_PLACEMENT_3D('',#9763,#7726,#7727);
#6707=AXIS2_PLACEMENT_3D('',#9766,#7729,#7730);
#6708=AXIS2_PLACEMENT_3D('',#9768,#7732,#7733);
#6709=AXIS2_PLACEMENT_3D('',#9777,#7736,#7737);
#6710=AXIS2_PLACEMENT_3D('',#9856,#7746,#7747);
#6711=AXIS2_PLACEMENT_3D('',#9882,#7751,#7752);
#6712=AXIS2_PLACEMENT_3D('',#9886,#7755,#7756);
#6713=AXIS2_PLACEMENT_3D('',#9890,#7759,#7760);
#6714=AXIS2_PLACEMENT_3D('',#9891,#7761,#7762);
#6715=AXIS2_PLACEMENT_3D('',#9893,#7764,#7765);
#6716=AXIS2_PLACEMENT_3D('',#9894,#7766,#7767);
#6717=AXIS2_PLACEMENT_3D('',#9898,#7770,#7771);
#6718=AXIS2_PLACEMENT_3D('',#9944,#7772,#7773);
#6719=AXIS2_PLACEMENT_3D('',#9966,#7775,#7776);
#6720=AXIS2_PLACEMENT_3D('',#9979,#7777,#7778);
#6721=AXIS2_PLACEMENT_3D('',#9984,#7779,#7780);
#6722=AXIS2_PLACEMENT_3D('',#9985,#7781,#7782);
#6723=AXIS2_PLACEMENT_3D('',#9986,#7783,#7784);
#6724=AXIS2_PLACEMENT_3D('',#9987,#7785,#7786);
#6725=AXIS2_PLACEMENT_3D('',#9988,#7787,#7788);
#6726=AXIS2_PLACEMENT_3D('',#9989,#7789,#7790);
#6727=AXIS2_PLACEMENT_3D('',#9990,#7791,#7792);
#6728=AXIS2_PLACEMENT_3D('',#9991,#7793,#7794);
#6729=AXIS2_PLACEMENT_3D('',#9992,#7795,#7796);
#6730=AXIS2_PLACEMENT_3D('',#9996,#7800,#7801);
#6731=AXIS2_PLACEMENT_3D('',#10005,#7804,#7805);
#6732=AXIS2_PLACEMENT_3D('',#10013,#7807,#7808);
#6733=AXIS2_PLACEMENT_3D('',#10016,#7810,#7811);
#6734=AXIS2_PLACEMENT_3D('',#10023,#7813,#7814);
#6735=AXIS2_PLACEMENT_3D('',#10026,#7816,#7817);
#6736=AXIS2_PLACEMENT_3D('',#10028,#7819,#7820);
#6737=AXIS2_PLACEMENT_3D('',#10030,#7822,#7823);
#6738=AXIS2_PLACEMENT_3D('',#10039,#7826,#7827);
#6739=AXIS2_PLACEMENT_3D('',#10054,#7833,#7834);
#6740=AXIS2_PLACEMENT_3D('',#10124,#7841,#7842);
#6741=AXIS2_PLACEMENT_3D('',#10150,#7846,#7847);
#6742=AXIS2_PLACEMENT_3D('',#10154,#7850,#7851);
#6743=AXIS2_PLACEMENT_3D('',#10155,#7852,#7853);
#6744=AXIS2_PLACEMENT_3D('',#10159,#7856,#7857);
#6745=AXIS2_PLACEMENT_3D('',#10161,#7859,#7860);
#6746=AXIS2_PLACEMENT_3D('',#10162,#7861,#7862);
#6747=AXIS2_PLACEMENT_3D('',#10166,#7865,#7866);
#6748=AXIS2_PLACEMENT_3D('',#10212,#7867,#7868);
#6749=AXIS2_PLACEMENT_3D('',#10234,#7870,#7871);
#6750=AXIS2_PLACEMENT_3D('',#10251,#7872,#7873);
#6751=AXIS2_PLACEMENT_3D('',#10252,#7874,#7875);
#6752=AXIS2_PLACEMENT_3D('',#10253,#7876,#7877);
#6753=AXIS2_PLACEMENT_3D('',#10254,#7878,#7879);
#6754=AXIS2_PLACEMENT_3D('',#10255,#7880,#7881);
#6755=AXIS2_PLACEMENT_3D('',#10256,#7882,#7883);
#6756=AXIS2_PLACEMENT_3D('',#10257,#7884,#7885);
#6757=AXIS2_PLACEMENT_3D('',#10258,#7886,#7887);
#6758=AXIS2_PLACEMENT_3D('',#10259,#7888,#7889);
#6759=AXIS2_PLACEMENT_3D('',#10260,#7890,#7891);
#6760=AXIS2_PLACEMENT_3D('',#10261,#7892,#7893);
#6761=AXIS2_PLACEMENT_3D('',#10262,#7894,#7895);
#6762=AXIS2_PLACEMENT_3D('',#10263,#7896,#7897);
#6763=AXIS2_PLACEMENT_3D('',#10264,#7898,#7899);
#6764=AXIS2_PLACEMENT_3D('',#10265,#7900,#7901);
#6765=AXIS2_PLACEMENT_3D('',#10266,#7902,#7903);
#6766=AXIS2_PLACEMENT_3D('',#10267,#7904,#7905);
#6767=AXIS2_PLACEMENT_3D('',#10268,#7906,#7907);
#6768=AXIS2_PLACEMENT_3D('',#10269,#7908,#7909);
#6769=AXIS2_PLACEMENT_3D('',#10270,#7910,#7911);
#6770=AXIS2_PLACEMENT_3D('',#10271,#7912,#7913);
#6771=AXIS2_PLACEMENT_3D('',#10272,#7914,#7915);
#6772=AXIS2_PLACEMENT_3D('',#10273,#7916,#7917);
#6773=AXIS2_PLACEMENT_3D('',#10274,#7918,#7919);
#6774=AXIS2_PLACEMENT_3D('',#10275,#7920,#7921);
#6775=AXIS2_PLACEMENT_3D('',#10276,#7922,#7923);
#6776=AXIS2_PLACEMENT_3D('',#10277,#7924,#7925);
#6777=AXIS2_PLACEMENT_3D('',#10278,#7926,#7927);
#6778=AXIS2_PLACEMENT_3D('',#10279,#7928,#7929);
#6779=AXIS2_PLACEMENT_3D('',#10280,#7930,#7931);
#6780=AXIS2_PLACEMENT_3D('',#10281,#7932,#7933);
#6781=AXIS2_PLACEMENT_3D('',#10282,#7934,#7935);
#6782=AXIS2_PLACEMENT_3D('',#10283,#7936,#7937);
#6783=AXIS2_PLACEMENT_3D('',#10284,#7938,#7939);
#6784=AXIS2_PLACEMENT_3D('',#10285,#7940,#7941);
#6785=AXIS2_PLACEMENT_3D('',#10286,#7942,#7943);
#6786=AXIS2_PLACEMENT_3D('',#10287,#7944,#7945);
#6787=AXIS2_PLACEMENT_3D('',#10288,#7946,#7947);
#6788=AXIS2_PLACEMENT_3D('',#10289,#7948,#7949);
#6789=AXIS2_PLACEMENT_3D('',#10290,#7950,#7951);
#6790=AXIS2_PLACEMENT_3D('',#10291,#7952,#7953);
#6791=AXIS2_PLACEMENT_3D('',#10292,#7954,#7955);
#6792=AXIS2_PLACEMENT_3D('',#10293,#7956,#7957);
#6793=AXIS2_PLACEMENT_3D('',#10294,#7958,#7959);
#6794=AXIS2_PLACEMENT_3D('',#10295,#7960,#7961);
#6795=AXIS2_PLACEMENT_3D('',#10296,#7962,#7963);
#6796=AXIS2_PLACEMENT_3D('',#10297,#7964,#7965);
#6797=AXIS2_PLACEMENT_3D('',#10298,#7966,#7967);
#6798=AXIS2_PLACEMENT_3D('',#10299,#7968,#7969);
#6799=AXIS2_PLACEMENT_3D('',#10300,#7970,#7971);
#6800=AXIS2_PLACEMENT_3D('',#10301,#7972,#7973);
#6801=AXIS2_PLACEMENT_3D('',#10302,#7974,#7975);
#6802=AXIS2_PLACEMENT_3D('',#10303,#7976,#7977);
#6803=AXIS2_PLACEMENT_3D('',#10304,#7978,#7979);
#6804=AXIS2_PLACEMENT_3D('',#10305,#7980,#7981);
#6805=AXIS2_PLACEMENT_3D('',#10306,#7982,#7983);
#6806=AXIS2_PLACEMENT_3D('',#10307,#7984,#7985);
#6807=AXIS2_PLACEMENT_3D('',#10308,#7986,#7987);
#6808=AXIS2_PLACEMENT_3D('',#10309,#7988,#7989);
#6809=AXIS2_PLACEMENT_3D('',#10310,#7990,#7991);
#6810=AXIS2_PLACEMENT_3D('',#10311,#7992,#7993);
#6811=AXIS2_PLACEMENT_3D('',#10312,#7994,#7995);
#6812=AXIS2_PLACEMENT_3D('',#10313,#7996,#7997);
#6813=AXIS2_PLACEMENT_3D('',#10314,#7998,#7999);
#6814=AXIS2_PLACEMENT_3D('',#10315,#8000,#8001);
#6815=AXIS2_PLACEMENT_3D('',#10316,#8002,#8003);
#6816=AXIS2_PLACEMENT_3D('',#10317,#8004,#8005);
#6817=AXIS2_PLACEMENT_3D('',#10318,#8006,#8007);
#6818=AXIS2_PLACEMENT_3D('',#10319,#8008,#8009);
#6819=AXIS2_PLACEMENT_3D('',#10320,#8010,#8011);
#6820=AXIS2_PLACEMENT_3D('',#10321,#8012,#8013);
#6821=AXIS2_PLACEMENT_3D('',#10322,#8014,#8015);
#6822=AXIS2_PLACEMENT_3D('',#10323,#8016,#8017);
#6823=AXIS2_PLACEMENT_3D('',#10324,#8018,#8019);
#6824=AXIS2_PLACEMENT_3D('',#10325,#8020,#8021);
#6825=AXIS2_PLACEMENT_3D('',#10326,#8022,#8023);
#6826=AXIS2_PLACEMENT_3D('',#10327,#8024,#8025);
#6827=AXIS2_PLACEMENT_3D('',#10328,#8026,#8027);
#6828=AXIS2_PLACEMENT_3D('',#10329,#8028,#8029);
#6829=AXIS2_PLACEMENT_3D('',#10330,#8030,#8031);
#6830=AXIS2_PLACEMENT_3D('',#10331,#8032,#8033);
#6831=AXIS2_PLACEMENT_3D('',#10332,#8034,#8035);
#6832=AXIS2_PLACEMENT_3D('',#10333,#8036,#8037);
#6833=AXIS2_PLACEMENT_3D('',#10334,#8038,#8039);
#6834=AXIS2_PLACEMENT_3D('',#10335,#8040,#8041);
#6835=AXIS2_PLACEMENT_3D('',#10336,#8042,#8043);
#6836=AXIS2_PLACEMENT_3D('',#10337,#8044,#8045);
#6837=AXIS2_PLACEMENT_3D('',#10338,#8046,#8047);
#6838=AXIS2_PLACEMENT_3D('',#10339,#8048,#8049);
#6839=AXIS2_PLACEMENT_3D('',#10340,#8050,#8051);
#6840=AXIS2_PLACEMENT_3D('',#10341,#8052,#8053);
#6841=AXIS2_PLACEMENT_3D('',#10342,#8054,#8055);
#6842=AXIS2_PLACEMENT_3D('',#10343,#8056,#8057);
#6843=AXIS2_PLACEMENT_3D('',#10344,#8058,#8059);
#6844=AXIS2_PLACEMENT_3D('',#10345,#8060,#8061);
#6845=AXIS2_PLACEMENT_3D('',#10346,#8062,#8063);
#6846=AXIS2_PLACEMENT_3D('',#10347,#8064,#8065);
#6847=AXIS2_PLACEMENT_3D('',#10348,#8066,#8067);
#6848=AXIS2_PLACEMENT_3D('',#10349,#8068,#8069);
#6849=AXIS2_PLACEMENT_3D('',#10350,#8070,#8071);
#6850=AXIS2_PLACEMENT_3D('',#10351,#8072,#8073);
#6851=AXIS2_PLACEMENT_3D('',#10352,#8074,#8075);
#6852=AXIS2_PLACEMENT_3D('',#10353,#8076,#8077);
#6853=AXIS2_PLACEMENT_3D('',#10354,#8078,#8079);
#6854=AXIS2_PLACEMENT_3D('',#10355,#8080,#8081);
#6855=AXIS2_PLACEMENT_3D('',#10356,#8082,#8083);
#6856=AXIS2_PLACEMENT_3D('',#10357,#8084,#8085);
#6857=AXIS2_PLACEMENT_3D('',#10358,#8086,#8087);
#6858=AXIS2_PLACEMENT_3D('',#10359,#8088,#8089);
#6859=AXIS2_PLACEMENT_3D('',#10360,#8090,#8091);
#6860=AXIS2_PLACEMENT_3D('',#10361,#8092,#8093);
#6861=AXIS2_PLACEMENT_3D('',#10362,#8094,#8095);
#6862=AXIS2_PLACEMENT_3D('',#10363,#8096,#8097);
#6863=AXIS2_PLACEMENT_3D('',#10364,#8098,#8099);
#6864=AXIS2_PLACEMENT_3D('',#10365,#8100,#8101);
#6865=AXIS2_PLACEMENT_3D('',#10366,#8102,#8103);
#6866=AXIS2_PLACEMENT_3D('',#10367,#8104,#8105);
#6867=AXIS2_PLACEMENT_3D('',#10368,#8106,#8107);
#6868=AXIS2_PLACEMENT_3D('',#10369,#8108,#8109);
#6869=AXIS2_PLACEMENT_3D('',#10370,#8110,#8111);
#6870=AXIS2_PLACEMENT_3D('',#10371,#8112,#8113);
#6871=AXIS2_PLACEMENT_3D('',#10372,#8114,#8115);
#6872=AXIS2_PLACEMENT_3D('',#10373,#8116,#8117);
#6873=AXIS2_PLACEMENT_3D('',#10374,#8118,#8119);
#6874=AXIS2_PLACEMENT_3D('',#10375,#8120,#8121);
#6875=AXIS2_PLACEMENT_3D('',#10376,#8122,#8123);
#6876=AXIS2_PLACEMENT_3D('',#10377,#8124,#8125);
#6877=AXIS2_PLACEMENT_3D('',#10378,#8126,#8127);
#6878=AXIS2_PLACEMENT_3D('',#10379,#8128,#8129);
#6879=AXIS2_PLACEMENT_3D('',#10380,#8130,#8131);
#6880=AXIS2_PLACEMENT_3D('',#10381,#8132,#8133);
#6881=AXIS2_PLACEMENT_3D('',#10382,#8134,#8135);
#6882=AXIS2_PLACEMENT_3D('',#10383,#8136,#8137);
#6883=AXIS2_PLACEMENT_3D('',#10384,#8138,#8139);
#6884=AXIS2_PLACEMENT_3D('',#10385,#8140,#8141);
#6885=AXIS2_PLACEMENT_3D('',#10386,#8142,#8143);
#6886=AXIS2_PLACEMENT_3D('',#10387,#8144,#8145);
#6887=AXIS2_PLACEMENT_3D('',#10388,#8146,#8147);
#6888=AXIS2_PLACEMENT_3D('',#10389,#8148,#8149);
#6889=AXIS2_PLACEMENT_3D('',#10390,#8150,#8151);
#6890=AXIS2_PLACEMENT_3D('',#10391,#8152,#8153);
#6891=AXIS2_PLACEMENT_3D('',#10392,#8154,#8155);
#6892=AXIS2_PLACEMENT_3D('',#10393,#8156,#8157);
#6893=AXIS2_PLACEMENT_3D('',#10394,#8158,#8159);
#6894=AXIS2_PLACEMENT_3D('',#10395,#8160,#8161);
#6895=AXIS2_PLACEMENT_3D('',#10396,#8162,#8163);
#6896=AXIS2_PLACEMENT_3D('',#10397,#8164,#8165);
#6897=AXIS2_PLACEMENT_3D('',#10398,#8166,#8167);
#6898=AXIS2_PLACEMENT_3D('',#10399,#8168,#8169);
#6899=AXIS2_PLACEMENT_3D('',#10400,#8170,#8171);
#6900=AXIS2_PLACEMENT_3D('',#10401,#8172,#8173);
#6901=AXIS2_PLACEMENT_3D('',#10402,#8174,#8175);
#6902=AXIS2_PLACEMENT_3D('',#10405,#8178,#8179);
#6903=AXIS2_PLACEMENT_3D('',#10406,#8180,#8181);
#6904=AXIS2_PLACEMENT_3D('',#10408,#8183,#8184);
#6905=AXIS2_PLACEMENT_3D('',#10410,#8186,#8187);
#6906=AXIS2_PLACEMENT_3D('',#10411,#8188,#8189);
#6907=AXIS2_PLACEMENT_3D('',#10412,#8190,#8191);
#6908=AXIS2_PLACEMENT_3D('',#10413,#8192,#8193);
#6909=AXIS2_PLACEMENT_3D('',#10414,#8194,#8195);
#6910=AXIS2_PLACEMENT_3D('',#10415,#8196,#8197);
#6911=AXIS2_PLACEMENT_3D('',#10416,#8198,#8199);
#6912=AXIS2_PLACEMENT_3D('',#10418,#8200,#8201);
#6913=AXIS2_PLACEMENT_3D('',#10419,#8202,#8203);
#6914=AXIS2_PLACEMENT_3D('',#10421,#8204,#8205);
#6915=AXIS2_PLACEMENT_3D('',#10422,#8206,#8207);
#6916=AXIS2_PLACEMENT_3D('',#10424,#8208,#8209);
#6917=AXIS2_PLACEMENT_3D('',#10425,#8210,#8211);
#6918=AXIS2_PLACEMENT_3D('',#10427,#8212,#8213);
#6919=AXIS2_PLACEMENT_3D('',#10428,#8214,#8215);
#6920=AXIS2_PLACEMENT_3D('',#10430,#8216,#8217);
#6921=AXIS2_PLACEMENT_3D('',#10431,#8218,#8219);
#6922=AXIS2_PLACEMENT_3D('',#10433,#8220,#8221);
#6923=AXIS2_PLACEMENT_3D('',#10434,#8222,#8223);
#6924=AXIS2_PLACEMENT_3D('',#10436,#8224,#8225);
#6925=AXIS2_PLACEMENT_3D('',#10437,#8226,#8227);
#6926=AXIS2_PLACEMENT_3D('',#10439,#8228,#8229);
#6927=AXIS2_PLACEMENT_3D('',#10440,#8230,#8231);
#6928=AXIS2_PLACEMENT_3D('',#10441,#8232,#8233);
#6929=AXIS2_PLACEMENT_3D('',#10450,#8238,#8239);
#6930=AXIS2_PLACEMENT_3D('',#10459,#8244,#8245);
#6931=AXIS2_PLACEMENT_3D('',#10465,#8249,#8250);
#6932=AXIS2_PLACEMENT_3D('',#10471,#8254,#8255);
#6933=AXIS2_PLACEMENT_3D('',#10480,#8260,#8261);
#6934=AXIS2_PLACEMENT_3D('',#10489,#8266,#8267);
#6935=AXIS2_PLACEMENT_3D('',#10492,#8270,#8271);
#6936=AXIS2_PLACEMENT_3D('',#10807,#8278,#8279);
#6937=AXIS2_PLACEMENT_3D('',#10813,#8283,#8284);
#6938=AXIS2_PLACEMENT_3D('',#10821,#8288,#8289);
#6939=AXIS2_PLACEMENT_3D('',#10822,#8290,#8291);
#6940=AXIS2_PLACEMENT_3D('',#10828,#8295,#8296);
#6941=AXIS2_PLACEMENT_3D('',#10832,#8299,#8300);
#6942=AXIS2_PLACEMENT_3D('',#10836,#8302,#8303);
#6943=AXIS2_PLACEMENT_3D('',#10838,#8305,#8306);
#6944=AXIS2_PLACEMENT_3D('',#10842,#8309,#8310);
#6945=AXIS2_PLACEMENT_3D('',#10846,#8313,#8314);
#6946=AXIS2_PLACEMENT_3D('',#10847,#8315,#8316);
#6947=AXIS2_PLACEMENT_3D('',#10848,#8317,#8318);
#6948=AXIS2_PLACEMENT_3D('',#10852,#8321,#8322);
#6949=AXIS2_PLACEMENT_3D('',#10862,#8328,#8329);
#6950=AXIS2_PLACEMENT_3D('',#10868,#8332,#8333);
#6951=AXIS2_PLACEMENT_3D('',#10869,#8334,#8335);
#6952=AXIS2_PLACEMENT_3D('',#10872,#8337,#8338);
#6953=AXIS2_PLACEMENT_3D('',#10876,#8340,#8341);
#6954=AXIS2_PLACEMENT_3D('',#10877,#8342,#8343);
#6955=AXIS2_PLACEMENT_3D('',#10878,#8344,#8345);
#6956=AXIS2_PLACEMENT_3D('',#10887,#8350,#8351);
#6957=AXIS2_PLACEMENT_3D('',#10891,#8353,#8354);
#6958=AXIS2_PLACEMENT_3D('',#10892,#8355,#8356);
#6959=AXIS2_PLACEMENT_3D('',#10896,#8358,#8359);
#6960=AXIS2_PLACEMENT_3D('',#10900,#8361,#8362);
#6961=AXIS2_PLACEMENT_3D('',#10904,#8364,#8365);
#6962=AXIS2_PLACEMENT_3D('',#10908,#8367,#8368);
#6963=AXIS2_PLACEMENT_3D('',#10912,#8370,#8371);
#6964=AXIS2_PLACEMENT_3D('',#10913,#8372,#8373);
#6965=AXIS2_PLACEMENT_3D('',#10914,#8374,#8375);
#6966=AXIS2_PLACEMENT_3D('',#10917,#8377,#8378);
#6967=AXIS2_PLACEMENT_3D('',#10934,#8379,#8380);
#6968=AXIS2_PLACEMENT_3D('',#10935,#8381,#8382);
#6969=AXIS2_PLACEMENT_3D('',#10943,#8387,#8388);
#6970=AXIS2_PLACEMENT_3D('',#10962,#8394,#8395);
#6971=AXIS2_PLACEMENT_3D('',#10966,#8397,#8398);
#6972=AXIS2_PLACEMENT_3D('',#10970,#8400,#8401);
#6973=AXIS2_PLACEMENT_3D('',#10971,#8402,#8403);
#6974=AXIS2_PLACEMENT_3D('',#10972,#8404,#8405);
#6975=AXIS2_PLACEMENT_3D('',#10973,#8406,#8407);
#6976=AXIS2_PLACEMENT_3D('',#10974,#8408,#8409);
#6977=AXIS2_PLACEMENT_3D('',#10975,#8410,#8411);
#6978=AXIS2_PLACEMENT_3D('',#10983,#8412,#8413);
#6979=AXIS2_PLACEMENT_3D('',#10990,#8414,#8415);
#6980=AXIS2_PLACEMENT_3D('',#11002,#8416,#8417);
#6981=AXIS2_PLACEMENT_3D('',#11004,#8418,#8419);
#6982=AXIS2_PLACEMENT_3D('',#11005,#8420,#8421);
#6983=AXIS2_PLACEMENT_3D('',#11012,#8425,#8426);
#6984=AXIS2_PLACEMENT_3D('',#11013,#8427,#8428);
#6985=AXIS2_PLACEMENT_3D('',#11019,#8432,#8433);
#6986=AXIS2_PLACEMENT_3D('',#11023,#8436,#8437);
#6987=AXIS2_PLACEMENT_3D('',#11027,#8440,#8441);
#6988=AXIS2_PLACEMENT_3D('',#11031,#8444,#8445);
#6989=AXIS2_PLACEMENT_3D('',#11032,#8446,#8447);
#6990=AXIS2_PLACEMENT_3D('',#11033,#8448,#8449);
#6991=AXIS2_PLACEMENT_3D('',#11040,#8453,#8454);
#6992=AXIS2_PLACEMENT_3D('',#11041,#8455,#8456);
#6993=AXIS2_PLACEMENT_3D('',#11044,#8458,#8459);
#6994=AXIS2_PLACEMENT_3D('',#11045,#8460,#8461);
#6995=AXIS2_PLACEMENT_3D('',#11046,#8462,#8463);
#6996=AXIS2_PLACEMENT_3D('',#11049,#8465,#8466);
#6997=AXIS2_PLACEMENT_3D('',#11052,#8468,#8469);
#6998=AXIS2_PLACEMENT_3D('',#11053,#8470,#8471);
#6999=AXIS2_PLACEMENT_3D('',#11056,#8474,#8475);
#7000=AXIS2_PLACEMENT_3D('',#11064,#8479,#8480);
#7001=AXIS2_PLACEMENT_3D('',#11068,#8482,#8483);
#7002=AXIS2_PLACEMENT_3D('',#11080,#8486,#8487);
#7003=AXIS2_PLACEMENT_3D('',#11084,#8489,#8490);
#7004=AXIS2_PLACEMENT_3D('',#11088,#8492,#8493);
#7005=AXIS2_PLACEMENT_3D('',#11092,#8495,#8496);
#7006=AXIS2_PLACEMENT_3D('',#11104,#8502,#8503);
#7007=AXIS2_PLACEMENT_3D('',#11108,#8505,#8506);
#7008=AXIS2_PLACEMENT_3D('',#11112,#8508,#8509);
#7009=AXIS2_PLACEMENT_3D('',#11116,#8511,#8512);
#7010=AXIS2_PLACEMENT_3D('',#11128,#8515,#8516);
#7011=AXIS2_PLACEMENT_3D('',#11132,#8518,#8519);
#7012=AXIS2_PLACEMENT_3D('',#11144,#8526,#8527);
#7013=AXIS2_PLACEMENT_3D('',#11160,#8531,#8532);
#7014=AXIS2_PLACEMENT_3D('',#11179,#8543,#8544);
#7015=AXIS2_PLACEMENT_3D('',#11185,#8548,#8549);
#7016=AXIS2_PLACEMENT_3D('',#11187,#8551,#8552);
#7017=AXIS2_PLACEMENT_3D('',#11189,#8554,#8555);
#7018=AXIS2_PLACEMENT_3D('',#11190,#8556,#8557);
#7019=AXIS2_PLACEMENT_3D('',#11191,#8558,#8559);
#7020=AXIS2_PLACEMENT_3D('',#11192,#8560,#8561);
#7021=AXIS2_PLACEMENT_3D('',#11193,#8562,#8563);
#7022=AXIS2_PLACEMENT_3D('',#11276,#8564,#8565);
#7023=AXIS2_PLACEMENT_3D('',#11277,#8566,#8567);
#7024=AXIS2_PLACEMENT_3D('',#11278,#8568,#8569);
#7025=AXIS2_PLACEMENT_3D('',#11284,#8573,#8574);
#7026=AXIS2_PLACEMENT_3D('',#11288,#8577,#8578);
#7027=AXIS2_PLACEMENT_3D('',#11291,#8580,#8581);
#7028=AXIS2_PLACEMENT_3D('',#11294,#8583,#8584);
#7029=AXIS2_PLACEMENT_3D('',#11297,#8586,#8587);
#7030=AXIS2_PLACEMENT_3D('',#11300,#8589,#8590);
#7031=AXIS2_PLACEMENT_3D('',#11302,#8592,#8593);
#7032=AXIS2_PLACEMENT_3D('',#11305,#8595,#8596);
#7033=AXIS2_PLACEMENT_3D('',#11308,#8598,#8599);
#7034=AXIS2_PLACEMENT_3D('',#11310,#8601,#8602);
#7035=AXIS2_PLACEMENT_3D('',#11313,#8604,#8605);
#7036=AXIS2_PLACEMENT_3D('',#11346,#8607,#8608);
#7037=AXIS2_PLACEMENT_3D('',#11347,#8609,#8610);
#7038=AXIS2_PLACEMENT_3D('',#11350,#8612,#8613);
#7039=AXIS2_PLACEMENT_3D('',#11353,#8615,#8616);
#7040=AXIS2_PLACEMENT_3D('',#11355,#8618,#8619);
#7041=AXIS2_PLACEMENT_3D('',#11357,#8621,#8622);
#7042=AXIS2_PLACEMENT_3D('',#11358,#8623,#8624);
#7043=AXIS2_PLACEMENT_3D('',#11362,#8626,#8627);
#7044=AXIS2_PLACEMENT_3D('',#11363,#8628,#8629);
#7045=AXIS2_PLACEMENT_3D('',#11367,#8632,#8633);
#7046=AXIS2_PLACEMENT_3D('',#11369,#8635,#8636);
#7047=AXIS2_PLACEMENT_3D('',#11371,#8638,#8639);
#7048=AXIS2_PLACEMENT_3D('',#11380,#8644,#8645);
#7049=AXIS2_PLACEMENT_3D('',#11389,#8650,#8651);
#7050=AXIS2_PLACEMENT_3D('',#11392,#8654,#8655);
#7051=AXIS2_PLACEMENT_3D('',#11398,#8659,#8660);
#7052=AXIS2_PLACEMENT_3D('',#11402,#8662,#8663);
#7053=AXIS2_PLACEMENT_3D('',#11406,#8665,#8666);
#7054=AXIS2_PLACEMENT_3D('',#11410,#8668,#8669);
#7055=AXIS2_PLACEMENT_3D('',#11419,#8671,#8672);
#7056=AXIS2_PLACEMENT_3D('',#11437,#8682,#8683);
#7057=AXIS2_PLACEMENT_3D('',#11439,#8685,#8686);
#7058=AXIS2_PLACEMENT_3D('',#11440,#8687,#8688);
#7059=AXIS2_PLACEMENT_3D('',#11441,#8689,#8690);
#7060=AXIS2_PLACEMENT_3D('',#11444,#8693,#8694);
#7061=AXIS2_PLACEMENT_3D('',#11448,#8696,#8697);
#7062=AXIS2_PLACEMENT_3D('',#11453,#8700,#8701);
#7063=AXIS2_PLACEMENT_3D('',#11457,#8704,#8705);
#7064=AXIS2_PLACEMENT_3D('',#11461,#8708,#8709);
#7065=AXIS2_PLACEMENT_3D('',#11466,#8712,#8713);
#7066=AXIS2_PLACEMENT_3D('',#11467,#8714,#8715);
#7067=AXIS2_PLACEMENT_3D('',#11471,#8718,#8719);
#7068=AXIS2_PLACEMENT_3D('',#11475,#8722,#8723);
#7069=AXIS2_PLACEMENT_3D('',#11476,#8724,#8725);
#7070=AXIS2_PLACEMENT_3D('',#11477,#8726,#8727);
#7071=AXIS2_PLACEMENT_3D('',#11479,#8729,#8730);
#7072=AXIS2_PLACEMENT_3D('',#11482,#8733,#8734);
#7073=AXIS2_PLACEMENT_3D('',#11485,#8736,#8737);
#7074=AXIS2_PLACEMENT_3D('',#11486,#8738,#8739);
#7075=AXIS2_PLACEMENT_3D('',#11489,#8741,#8742);
#7076=AXIS2_PLACEMENT_3D('',#11490,#8743,#8744);
#7077=AXIS2_PLACEMENT_3D('',#11491,#8745,#8746);
#7078=AXIS2_PLACEMENT_3D('',#11492,#8747,#8748);
#7079=AXIS2_PLACEMENT_3D('',#11498,#8749,#8750);
#7080=AXIS2_PLACEMENT_3D('',#11499,#8751,#8752);
#7081=AXIS2_PLACEMENT_3D('',#11502,#8753,#8754);
#7082=AXIS2_PLACEMENT_3D('',#11504,#8755,#8756);
#7083=AXIS2_PLACEMENT_3D('',#11505,#8757,#8758);
#7084=AXIS2_PLACEMENT_3D('',#11512,#8759,#8760);
#7085=AXIS2_PLACEMENT_3D('',#11518,#8761,#8762);
#7086=AXIS2_PLACEMENT_3D('',#11521,#8764,#8765);
#7087=AXIS2_PLACEMENT_3D('',#11526,#8768,#8769);
#7088=AXIS2_PLACEMENT_3D('',#11532,#8773,#8774);
#7089=AXIS2_PLACEMENT_3D('',#11536,#8777,#8778);
#7090=AXIS2_PLACEMENT_3D('',#11540,#8781,#8782);
#7091=AXIS2_PLACEMENT_3D('',#11544,#8785,#8786);
#7092=AXIS2_PLACEMENT_3D('',#11545,#8787,#8788);
#7093=AXIS2_PLACEMENT_3D('',#11546,#8789,#8790);
#7094=AXIS2_PLACEMENT_3D('',#11547,#8791,#8792);
#7095=AXIS2_PLACEMENT_3D('',#11548,#8793,#8794);
#7096=AXIS2_PLACEMENT_3D('',#11549,#8795,#8796);
#7097=AXIS2_PLACEMENT_3D('',#11550,#8797,#8798);
#7098=AXIS2_PLACEMENT_3D('',#11551,#8799,#8800);
#7099=AXIS2_PLACEMENT_3D('',#11552,#8801,#8802);
#7100=AXIS2_PLACEMENT_3D('',#11553,#8803,#8804);
#7101=AXIS2_PLACEMENT_3D('',#11554,#8805,#8806);
#7102=AXIS2_PLACEMENT_3D('',#11555,#8807,#8808);
#7103=AXIS2_PLACEMENT_3D('',#11561,#8812,#8813);
#7104=AXIS2_PLACEMENT_3D('',#11563,#8815,#8816);
#7105=AXIS2_PLACEMENT_3D('',#11565,#8818,#8819);
#7106=AXIS2_PLACEMENT_3D('',#11566,#8820,#8821);
#7107=AXIS2_PLACEMENT_3D('',#11567,#8822,#8823);
#7108=AXIS2_PLACEMENT_3D('',#11568,#8824,#8825);
#7109=AXIS2_PLACEMENT_3D('',#11603,#8826,#8827);
#7110=AXIS2_PLACEMENT_3D('',#11604,#8828,#8829);
#7111=AXIS2_PLACEMENT_3D('',#11606,#8831,#8832);
#7112=AXIS2_PLACEMENT_3D('',#11609,#8835,#8836);
#7113=AXIS2_PLACEMENT_3D('',#11612,#8839,#8840);
#7114=AXIS2_PLACEMENT_3D('',#11613,#8841,#8842);
#7115=AXIS2_PLACEMENT_3D('',#11616,#8845,#8846);
#7116=AXIS2_PLACEMENT_3D('',#11617,#8847,#8848);
#7117=AXIS2_PLACEMENT_3D('',#11645,#8851,#8852);
#7118=AXIS2_PLACEMENT_3D('',#11646,#8853,#8854);
#7119=AXIS2_PLACEMENT_3D('',#11649,#8857,#8858);
#7120=AXIS2_PLACEMENT_3D('',#11650,#8859,#8860);
#7121=AXIS2_PLACEMENT_3D('',#11651,#8861,#8862);
#7122=AXIS2_PLACEMENT_3D('',#11652,#8863,#8864);
#7123=AXIS2_PLACEMENT_3D('',#11653,#8865,#8866);
#7124=AXIS2_PLACEMENT_3D('',#11654,#8867,#8868);
#7125=AXIS2_PLACEMENT_3D('',#11656,#8870,#8871);
#7126=AXIS2_PLACEMENT_3D('',#11657,#8872,#8873);
#7127=AXIS2_PLACEMENT_3D('',#11658,#8874,#8875);
#7128=AXIS2_PLACEMENT_3D('',#11664,#8879,#8880);
#7129=AXIS2_PLACEMENT_3D('',#11670,#8884,#8885);
#7130=AXIS2_PLACEMENT_3D('',#11672,#8887,#8888);
#7131=AXIS2_PLACEMENT_3D('',#11674,#8890,#8891);
#7132=AXIS2_PLACEMENT_3D('',#11675,#8892,#8893);
#7133=AXIS2_PLACEMENT_3D('',#11676,#8894,#8895);
#7134=AXIS2_PLACEMENT_3D('',#11678,#8896,#8897);
#7135=AXIS2_PLACEMENT_3D('',#11679,#8898,#8899);
#7136=AXIS2_PLACEMENT_3D('',#11681,#8900,#8901);
#7137=AXIS2_PLACEMENT_3D('',#11682,#8902,#8903);
#7138=AXIS2_PLACEMENT_3D('',#11684,#8904,#8905);
#7139=AXIS2_PLACEMENT_3D('',#11685,#8906,#8907);
#7140=AXIS2_PLACEMENT_3D('',#11687,#8908,#8909);
#7141=AXIS2_PLACEMENT_3D('',#11688,#8910,#8911);
#7142=AXIS2_PLACEMENT_3D('',#11690,#8912,#8913);
#7143=AXIS2_PLACEMENT_3D('',#11691,#8914,#8915);
#7144=AXIS2_PLACEMENT_3D('',#11693,#8916,#8917);
#7145=AXIS2_PLACEMENT_3D('',#11694,#8918,#8919);
#7146=AXIS2_PLACEMENT_3D('',#11696,#8920,#8921);
#7147=AXIS2_PLACEMENT_3D('',#11697,#8922,#8923);
#7148=AXIS2_PLACEMENT_3D('',#11699,#8924,#8925);
#7149=AXIS2_PLACEMENT_3D('',#11700,#8926,#8927);
#7150=AXIS2_PLACEMENT_3D('',#11702,#8928,#8929);
#7151=AXIS2_PLACEMENT_3D('',#11704,#8930,#8931);
#7152=AXIS2_PLACEMENT_3D('',#11705,#8932,#8933);
#7153=AXIS2_PLACEMENT_3D('',#11707,#8934,#8935);
#7154=AXIS2_PLACEMENT_3D('',#11708,#8936,#8937);
#7155=AXIS2_PLACEMENT_3D('',#11710,#8938,#8939);
#7156=AXIS2_PLACEMENT_3D('',#11711,#8940,#8941);
#7157=AXIS2_PLACEMENT_3D('',#11713,#8942,#8943);
#7158=AXIS2_PLACEMENT_3D('',#11714,#8944,#8945);
#7159=AXIS2_PLACEMENT_3D('',#11716,#8946,#8947);
#7160=AXIS2_PLACEMENT_3D('',#11717,#8948,#8949);
#7161=AXIS2_PLACEMENT_3D('',#11719,#8950,#8951);
#7162=AXIS2_PLACEMENT_3D('',#11720,#8952,#8953);
#7163=AXIS2_PLACEMENT_3D('',#11722,#8954,#8955);
#7164=AXIS2_PLACEMENT_3D('',#11723,#8956,#8957);
#7165=AXIS2_PLACEMENT_3D('',#11725,#8958,#8959);
#7166=DIRECTION('',(0.,0.,1.));
#7167=DIRECTION('',(1.,0.,0.));
#7168=DIRECTION('',(0.,1.,0.));
#7169=DIRECTION('',(0.,0.,1.));
#7170=DIRECTION('',(-1.,0.,0.));
#7171=DIRECTION('',(0.,1.,0.));
#7172=DIRECTION('',(0.,0.,1.));
#7173=DIRECTION('',(0.,0.,1.));
#7174=DIRECTION('',(1.,0.,0.));
#7175=DIRECTION('',(0.,0.,1.));
#7176=DIRECTION('',(0.,0.,1.));
#7177=DIRECTION('',(1.,0.,0.));
#7178=DIRECTION('',(-9.91270557701032E-16,-1.,0.));
#7179=DIRECTION('',(0.,-1.,0.));
#7180=DIRECTION('',(1.,0.,0.));
#7181=DIRECTION('',(1.,0.,0.));
#7182=DIRECTION('',(0.,0.,-1.));
#7183=DIRECTION('',(-9.91270557701032E-16,-1.,0.));
#7184=DIRECTION('',(0.,0.,1.));
#7185=DIRECTION('',(0.,-1.,0.));
#7186=DIRECTION('',(0.,-1.,0.));
#7187=DIRECTION('',(0.,0.,-1.));
#7188=DIRECTION('',(0.,-1.,0.));
#7189=DIRECTION('',(0.,0.,-1.));
#7190=DIRECTION('',(0.,0.,1.));
#7191=DIRECTION('',(-1.,0.,0.));
#7192=DIRECTION('',(0.,1.,0.));
#7193=DIRECTION('',(0.,0.,1.));
#7194=DIRECTION('',(0.,-1.,0.));
#7195=DIRECTION('',(0.,1.,-3.36814359860181E-15));
#7196=DIRECTION('',(0.,3.36814359860181E-15,1.));
#7197=DIRECTION('',(0.,1.,0.));
#7198=DIRECTION('',(0.,1.,0.));
#7199=DIRECTION('',(0.,0.,1.));
#7200=DIRECTION('',(0.,1.,0.));
#7201=DIRECTION('',(-1.08420217248551E-15,-1.,0.));
#7202=DIRECTION('',(1.,-1.08420217248551E-15,0.));
#7203=DIRECTION('',(0.,1.,0.));
#7204=DIRECTION('',(0.,0.,1.));
#7205=DIRECTION('',(-1.,0.,0.));
#7206=DIRECTION('',(0.,0.,-1.));
#7207=DIRECTION('',(1.,0.,0.));
#7208=DIRECTION('',(0.,0.,-1.));
#7209=DIRECTION('',(-0.857167300702113,-0.515038074910053,0.));
#7210=DIRECTION('',(0.515038074910053,-0.857167300702113,0.));
#7211=DIRECTION('',(0.,0.,1.));
#7212=DIRECTION('',(-0.447668650696838,0.745045750246292,0.494469017455302));
#7213=DIRECTION('',(0.,0.,1.));
#7214=DIRECTION('',(0.515038074910053,-0.857167300702113,0.));
#7215=DIRECTION('',(-1.01207635399237E-15,-1.,0.));
#7216=DIRECTION('',(1.,-1.01207635399237E-15,0.));
#7217=DIRECTION('',(0.,0.,1.));
#7218=DIRECTION('',(1.,-1.01207635399237E-15,0.));
#7219=DIRECTION('',(0.,0.,1.));
#7220=DIRECTION('',(1.,-1.01207635399237E-15,0.));
#7221=DIRECTION('',(0.,1.,0.));
#7222=DIRECTION('',(0.,0.,1.));
#7223=DIRECTION('',(-1.,0.,0.));
#7224=DIRECTION('',(0.,0.,1.));
#7225=DIRECTION('',(-1.,0.,0.));
#7226=DIRECTION('',(0.,0.,1.));
#7227=DIRECTION('',(0.,1.,0.));
#7228=DIRECTION('',(0.,0.,1.));
#7229=DIRECTION('',(0.,0.,1.));
#7230=DIRECTION('',(-1.,0.,0.));
#7231=DIRECTION('',(0.,0.,1.));
#7232=DIRECTION('',(-1.,0.,0.));
#7233=DIRECTION('',(1.0545360956016E-15,1.,0.));
#7234=DIRECTION('',(-1.,1.0545360956016E-15,0.));
#7235=DIRECTION('',(-1.,1.0545360956016E-15,0.));
#7236=DIRECTION('',(0.,0.,1.));
#7237=DIRECTION('',(-1.,1.0545360956016E-15,0.));
#7238=DIRECTION('',(0.,0.,1.));
#7239=DIRECTION('',(1.,-1.03388810646882E-15,0.));
#7240=DIRECTION('',(1.03388810646882E-15,1.,0.));
#7241=DIRECTION('',(1.03388810646882E-15,1.,0.));
#7242=DIRECTION('',(0.,0.,1.));
#7243=DIRECTION('',(-1.00080200537123E-15,1.,0.));
#7244=DIRECTION('',(-1.,1.00080200537123E-15,0.));
#7245=DIRECTION('',(-1.00080200537123E-15,-1.,0.));
#7246=DIRECTION('',(-1.00080200537123E-15,-1.,0.));
#7247=DIRECTION('',(0.,0.,1.));
#7248=DIRECTION('',(-1.00080200537123E-15,-1.,0.));
#7249=DIRECTION('',(0.,0.,1.));
#7250=DIRECTION('',(0.,0.,1.));
#7251=DIRECTION('',(1.,0.,0.));
#7252=DIRECTION('',(0.,-1.,0.));
#7253=DIRECTION('',(-1.,0.,0.));
#7254=DIRECTION('',(-1.,0.,0.));
#7255=DIRECTION('',(3.74156043838135E-15,1.,0.));
#7256=DIRECTION('',(1.,-1.01207635399237E-15,0.));
#7257=DIRECTION('',(1.,-1.01207635399237E-15,0.));
#7258=DIRECTION('',(-0.519449301602621,-0.854501271540628,0.));
#7259=DIRECTION('',(-1.,0.,0.));
#7260=DIRECTION('',(0.,1.,0.));
#7261=DIRECTION('',(-1.,0.,0.));
#7262=DIRECTION('',(0.,0.,1.));
#7263=DIRECTION('',(1.,0.,0.));
#7264=DIRECTION('',(-0.515038074910053,-0.857167300702113,0.));
#7265=DIRECTION('',(0.0523359562429426,0.998629534754574,0.));
#7266=DIRECTION('',(1.,2.31296463463574E-15,0.));
#7267=DIRECTION('',(0.0523359562429426,-0.998629534754574,0.));
#7268=DIRECTION('',(0.,0.,-1.));
#7269=DIRECTION('',(-1.,0.,0.));
#7270=DIRECTION('',(1.,-2.19224885678589E-15,0.));
#7271=DIRECTION('',(0.,0.,-1.));
#7272=DIRECTION('',(-1.,0.,0.));
#7273=DIRECTION('',(0.190808995376548,0.981627183447663,0.));
#7274=DIRECTION('',(0.,0.,-1.));
#7275=DIRECTION('',(-1.,0.,0.));
#7276=DIRECTION('',(0.906307787036651,0.422618261740697,0.));
#7277=DIRECTION('',(0.,0.,-1.));
#7278=DIRECTION('',(-1.,0.,0.));
#7279=DIRECTION('',(0.906307787036651,0.422618261740697,0.));
#7280=DIRECTION('',(0.,0.,-1.));
#7281=DIRECTION('',(-1.,0.,0.));
#7282=DIRECTION('',(1.,-2.25870506389289E-15,0.));
#7283=DIRECTION('',(0.,1.,0.));
#7284=DIRECTION('',(-0.849408897208383,0.527735279608288,0.));
#7285=DIRECTION('',(-0.519449301602621,-0.854501271540628,0.));
#7286=DIRECTION('',(1.,-1.01207635399237E-15,0.));
#7287=DIRECTION('',(1.,-1.01207635399237E-15,0.));
#7288=DIRECTION('',(3.74156043838135E-15,1.,0.));
#7289=DIRECTION('',(-1.,0.,0.));
#7290=DIRECTION('',(0.849408897208383,0.527735279608288,0.));
#7291=DIRECTION('',(0.,1.,0.));
#7292=DIRECTION('',(-1.,-2.25870506389289E-15,0.));
#7293=DIRECTION('',(0.,0.,1.));
#7294=DIRECTION('',(1.,0.,0.));
#7295=DIRECTION('',(-0.906307787036651,0.422618261740697,0.));
#7296=DIRECTION('',(0.,0.,1.));
#7297=DIRECTION('',(1.,0.,0.));
#7298=DIRECTION('',(-0.906307787036651,0.422618261740697,0.));
#7299=DIRECTION('',(0.,0.,1.));
#7300=DIRECTION('',(1.,0.,0.));
#7301=DIRECTION('',(-0.190808995376548,0.981627183447663,0.));
#7302=DIRECTION('',(0.,0.,1.));
#7303=DIRECTION('',(1.,0.,0.));
#7304=DIRECTION('',(-1.,-2.19224885678589E-15,0.));
#7305=DIRECTION('',(0.,0.,1.));
#7306=DIRECTION('',(1.,0.,0.));
#7307=DIRECTION('',(-1.,0.,0.));
#7308=DIRECTION('',(0.,-1.,0.));
#7309=DIRECTION('',(0.,1.,0.));
#7310=DIRECTION('',(0.,-1.,0.));
#7311=DIRECTION('',(0.,1.,0.));
#7312=DIRECTION('',(1.,0.,0.));
#7313=DIRECTION('',(-0.854501271540627,0.519449301602621,0.));
#7314=DIRECTION('',(-0.519449301602621,-0.854501271540628,0.));
#7315=DIRECTION('',(0.,0.,1.));
#7316=DIRECTION('',(1.,-3.74156043838135E-15,0.));
#7317=DIRECTION('',(3.74156043838135E-15,1.,0.));
#7318=DIRECTION('',(0.,0.,1.));
#7319=DIRECTION('',(0.,1.,0.));
#7320=DIRECTION('',(0.,0.,1.));
#7321=DIRECTION('',(0.,0.,1.));
#7322=DIRECTION('',(0.,0.,1.));
#7323=DIRECTION('',(-1.,0.,0.));
#7324=DIRECTION('',(-1.,0.,0.));
#7325=DIRECTION('',(0.,0.,1.));
#7326=DIRECTION('',(0.,-3.36814359860181E-15,-1.));
#7327=DIRECTION('',(0.,0.,1.));
#7328=DIRECTION('',(0.,1.,0.));
#7329=DIRECTION('',(0.,1.,0.));
#7330=DIRECTION('',(0.,0.,1.));
#7331=DIRECTION('',(1.,0.,0.));
#7332=DIRECTION('',(0.,1.,0.));
#7333=DIRECTION('',(0.,0.,1.));
#7334=DIRECTION('',(1.,0.,0.));
#7335=DIRECTION('',(-1.,0.,0.));
#7336=DIRECTION('',(0.,1.14784090164829E-15,1.));
#7337=DIRECTION('',(-1.,0.,0.));
#7338=DIRECTION('',(0.,-1.,1.14784090164829E-15));
#7339=DIRECTION('',(0.,-1.14784090164829E-15,-1.));
#7340=DIRECTION('',(0.,0.,-1.));
#7341=DIRECTION('',(0.,-1.,1.14784090164829E-15));
#7342=DIRECTION('',(0.,-1.14784090164829E-15,-1.));
#7343=DIRECTION('',(-1.,0.,0.));
#7344=DIRECTION('',(0.,1.14784090164829E-15,1.));
#7345=DIRECTION('',(-1.,0.,0.));
#7346=DIRECTION('',(0.,0.,1.));
#7347=DIRECTION('',(0.,-1.,0.));
#7348=DIRECTION('',(0.,0.,-1.));
#7349=DIRECTION('',(-1.,0.,0.));
#7350=DIRECTION('',(0.,-1.,0.));
#7351=DIRECTION('',(0.,0.,-1.));
#7352=DIRECTION('',(0.,0.,1.));
#7353=DIRECTION('',(0.,0.,1.));
#7354=DIRECTION('',(-1.,0.,0.));
#7355=DIRECTION('',(0.,0.,-1.));
#7356=DIRECTION('',(-1.,0.,0.));
#7357=DIRECTION('',(0.,0.,-1.));
#7358=DIRECTION('',(1.,0.,0.));
#7359=DIRECTION('',(0.,0.,1.));
#7360=DIRECTION('',(0.,0.,1.));
#7361=DIRECTION('',(0.,1.,0.));
#7362=DIRECTION('',(0.,0.,1.));
#7363=DIRECTION('',(1.,0.,0.));
#7364=DIRECTION('',(0.,1.,0.));
#7365=DIRECTION('',(0.,0.,1.));
#7366=DIRECTION('',(0.,0.,1.));
#7367=DIRECTION('',(1.,0.,0.));
#7368=DIRECTION('',(0.,0.,1.));
#7369=DIRECTION('',(1.,0.,0.));
#7370=DIRECTION('',(0.,1.,0.));
#7371=DIRECTION('',(0.,0.,1.));
#7372=DIRECTION('',(0.,0.,-1.));
#7373=DIRECTION('',(0.,1.,0.));
#7374=DIRECTION('',(0.,0.,1.));
#7375=DIRECTION('',(1.,0.,0.));
#7376=DIRECTION('',(0.,0.,1.));
#7377=DIRECTION('',(0.,0.,-1.));
#7378=DIRECTION('',(0.,-1.,0.));
#7379=DIRECTION('',(0.,1.,0.));
#7380=DIRECTION('',(0.,1.,0.));
#7381=DIRECTION('',(1.,0.,0.));
#7382=DIRECTION('',(0.,-1.,0.));
#7383=DIRECTION('',(-1.,0.,0.));
#7384=DIRECTION('',(0.,1.,0.));
#7385=DIRECTION('',(1.,0.,0.));
#7386=DIRECTION('',(0.,-1.,0.));
#7387=DIRECTION('',(-1.,0.,0.));
#7388=DIRECTION('',(0.,-1.,0.));
#7389=DIRECTION('',(1.,0.,0.));
#7390=DIRECTION('',(-1.,1.08420217248551E-15,0.));
#7391=DIRECTION('',(-9.91270557701032E-16,-1.,0.));
#7392=DIRECTION('',(-1.,0.,0.));
#7393=DIRECTION('',(0.,1.,0.));
#7394=DIRECTION('',(1.,0.,0.));
#7395=DIRECTION('',(-1.08420217248551E-15,-1.,0.));
#7396=DIRECTION('',(1.,-1.08420217248551E-15,0.));
#7397=DIRECTION('',(-1.,1.08420217248551E-15,0.));
#7398=DIRECTION('',(-1.08420217248551E-15,-1.,0.));
#7399=DIRECTION('',(1.,-1.08420217248551E-15,0.));
#7400=DIRECTION('',(0.,0.,1.));
#7401=DIRECTION('',(1.,-9.91270557701032E-16,0.));
#7402=DIRECTION('',(9.91270557701032E-16,1.,0.));
#7403=DIRECTION('',(9.91270557701032E-16,1.,0.));
#7404=DIRECTION('',(0.,0.,-1.));
#7405=DIRECTION('',(0.,1.,0.));
#7406=DIRECTION('',(0.,0.,1.));
#7407=DIRECTION('',(0.,0.,-1.));
#7408=DIRECTION('',(0.,0.,1.));
#7409=DIRECTION('',(1.,0.,0.));
#7410=DIRECTION('',(0.,0.,-1.));
#7411=DIRECTION('',(0.,-1.,0.));
#7412=DIRECTION('',(-9.91270557701032E-16,-1.,0.));
#7413=DIRECTION('',(-1.,0.,0.));
#7414=DIRECTION('',(0.,0.,1.));
#7415=DIRECTION('',(0.,0.,1.));
#7416=DIRECTION('',(0.,-1.,0.));
#7417=DIRECTION('',(0.,0.,1.));
#7418=DIRECTION('',(0.,-1.,0.));
#7419=DIRECTION('',(0.,0.,-1.));
#7420=DIRECTION('',(0.,0.,1.));
#7421=DIRECTION('',(1.,0.,0.));
#7422=DIRECTION('',(1.,0.,0.));
#7423=DIRECTION('',(0.,0.,-1.));
#7424=DIRECTION('',(0.,0.,1.));
#7425=DIRECTION('',(0.,1.,0.));
#7426=DIRECTION('',(0.,1.,0.));
#7427=DIRECTION('',(0.,0.,1.));
#7428=DIRECTION('',(-1.,0.,0.));
#7429=DIRECTION('',(0.,0.,1.));
#7430=DIRECTION('',(1.,0.,0.));
#7431=DIRECTION('',(-1.,0.,0.));
#7432=DIRECTION('',(0.,0.,1.));
#7433=DIRECTION('',(0.,0.,1.));
#7434=DIRECTION('',(0.,-1.,0.));
#7435=DIRECTION('',(0.,0.,1.));
#7436=DIRECTION('',(0.,-1.,0.));
#7437=DIRECTION('',(0.,0.,-1.));
#7438=DIRECTION('',(0.,0.,1.));
#7439=DIRECTION('',(1.,0.,0.));
#7440=DIRECTION('',(1.,0.,0.));
#7441=DIRECTION('',(0.,0.,-1.));
#7442=DIRECTION('',(0.,0.,1.));
#7443=DIRECTION('',(0.,1.,0.));
#7444=DIRECTION('',(0.,1.,0.));
#7445=DIRECTION('',(0.,0.,1.));
#7446=DIRECTION('',(-1.,0.,0.));
#7447=DIRECTION('',(0.,0.,1.));
#7448=DIRECTION('',(1.,0.,0.));
#7449=DIRECTION('',(-1.,0.,0.));
#7450=DIRECTION('',(0.,0.,1.));
#7451=DIRECTION('',(0.,0.,1.));
#7452=DIRECTION('',(1.,0.,0.));
#7453=DIRECTION('',(-1.,0.,0.));
#7454=DIRECTION('',(0.,1.,0.));
#7455=DIRECTION('',(0.,-2.72773366644008E-15,-1.));
#7456=DIRECTION('',(0.,1.,-2.72773366644008E-15));
#7457=DIRECTION('',(0.,-1.,2.72773366644008E-15));
#7458=DIRECTION('',(-1.,0.,0.));
#7459=DIRECTION('',(0.,-1.,2.72773366644008E-15));
#7460=DIRECTION('',(1.,0.,0.));
#7461=DIRECTION('',(0.,0.,-1.));
#7462=DIRECTION('',(0.,1.,0.));
#7463=DIRECTION('',(0.,0.,1.));
#7464=DIRECTION('',(0.,-0.707106781186546,0.707106781186549));
#7465=DIRECTION('',(0.,-0.581397693285012,-0.81361951933497));
#7466=DIRECTION('',(1.,0.,0.));
#7467=DIRECTION('',(0.,0.,-1.));
#7468=DIRECTION('',(0.,-1.,2.17778780369267E-15));
#7469=DIRECTION('',(0.,1.,-3.36814359860181E-15));
#7470=DIRECTION('',(0.,3.36814359860181E-15,1.));
#7471=DIRECTION('',(0.,-3.36814359860181E-15,-1.));
#7472=DIRECTION('',(0.,0.,-1.));
#7473=DIRECTION('',(0.,1.,0.));
#7474=DIRECTION('',(0.,0.,1.));
#7475=DIRECTION('',(-1.,0.,0.));
#7476=DIRECTION('',(0.,1.,0.));
#7477=DIRECTION('',(0.,0.,1.));
#7478=DIRECTION('',(0.,0.,-1.));
#7479=DIRECTION('',(0.,0.,1.));
#7480=DIRECTION('',(1.,0.,0.));
#7481=DIRECTION('',(-1.,0.,0.));
#7482=DIRECTION('',(0.,1.,0.));
#7483=DIRECTION('',(-1.,0.,0.));
#7484=DIRECTION('',(0.,1.,0.));
#7485=DIRECTION('',(0.,-1.,0.));
#7486=DIRECTION('',(0.,0.,-1.));
#7487=DIRECTION('',(-1.,0.,0.));
#7488=DIRECTION('',(0.,0.,1.));
#7489=DIRECTION('',(-1.,0.,0.));
#7490=DIRECTION('',(0.,0.,1.));
#7491=DIRECTION('',(0.,-0.707106781186549,-0.707106781186546));
#7492=DIRECTION('',(0.,0.707106781186546,-0.707106781186549));
#7493=DIRECTION('',(-1.,0.,0.));
#7494=DIRECTION('',(0.,-0.707106781186546,0.707106781186549));
#7495=DIRECTION('',(-1.,0.,0.));
#7496=DIRECTION('',(0.,-0.707106781186546,0.707106781186549));
#7497=DIRECTION('',(0.,0.81361951933497,-0.581397693285011));
#7498=DIRECTION('',(0.,0.581397693285012,0.81361951933497));
#7499=DIRECTION('',(-1.,0.,0.));
#7500=DIRECTION('',(0.,-0.581397693285012,-0.81361951933497));
#7501=DIRECTION('',(-1.,0.,0.));
#7502=DIRECTION('',(0.,-0.581397693285012,-0.81361951933497));
#7503=DIRECTION('',(0.,-2.17778780369267E-15,-1.));
#7504=DIRECTION('',(0.,1.,-2.17778780369267E-15));
#7505=DIRECTION('',(-1.,0.,0.));
#7506=DIRECTION('',(0.,-1.,2.17778780369267E-15));
#7507=DIRECTION('',(-1.,0.,0.));
#7508=DIRECTION('',(0.,-1.,2.17778780369267E-15));
#7509=DIRECTION('',(1.,0.,0.));
#7510=DIRECTION('',(0.,0.,-1.));
#7511=DIRECTION('',(1.,0.,0.));
#7512=DIRECTION('',(0.,0.,-1.));
#7513=DIRECTION('',(0.,1.14784090164829E-15,1.));
#7514=DIRECTION('',(0.,1.,0.));
#7515=DIRECTION('',(0.,-3.36814359860181E-15,-1.));
#7516=DIRECTION('',(0.,-1.,2.72773366644008E-15));
#7517=DIRECTION('',(0.,1.14784090164829E-15,1.));
#7518=DIRECTION('',(1.,0.,0.));
#7519=DIRECTION('',(0.,0.,-1.));
#7520=DIRECTION('',(0.,-1.,2.17778780369267E-15));
#7521=DIRECTION('',(1.,0.,0.));
#7522=DIRECTION('',(0.,0.,-1.));
#7523=DIRECTION('',(0.,-0.581397693285012,-0.81361951933497));
#7524=DIRECTION('',(0.,-0.707106781186546,0.707106781186549));
#7525=DIRECTION('',(0.,0.,1.));
#7526=DIRECTION('',(0.,1.,0.));
#7527=DIRECTION('',(1.,0.,0.));
#7528=DIRECTION('',(0.,0.,-1.));
#7529=DIRECTION('',(0.,-1.,0.));
#7530=DIRECTION('',(0.,0.,-1.));
#7531=DIRECTION('',(-1.,0.,0.));
#7532=DIRECTION('',(0.,-1.,0.));
#7533=DIRECTION('',(0.,-1.,0.));
#7534=DIRECTION('',(0.,-1.,0.));
#7535=DIRECTION('',(0.,0.,-1.));
#7536=DIRECTION('',(1.,0.,0.));
#7537=DIRECTION('',(0.,0.,-1.));
#7538=DIRECTION('',(0.,-1.,0.));
#7539=DIRECTION('',(0.,-1.,0.));
#7540=DIRECTION('',(0.,1.,0.));
#7541=DIRECTION('',(0.,0.,1.));
#7542=DIRECTION('',(1.,0.,0.));
#7543=DIRECTION('',(0.,0.,-1.));
#7544=DIRECTION('',(0.,1.,0.));
#7545=DIRECTION('',(0.,0.,-1.));
#7546=DIRECTION('',(0.,1.,0.));
#7547=DIRECTION('',(0.,0.,1.));
#7548=DIRECTION('',(1.,0.,0.));
#7549=DIRECTION('',(0.0523359562429426,-0.998629534754574,0.));
#7550=DIRECTION('',(0.,0.,1.));
#7551=DIRECTION('',(1.,0.,0.));
#7552=DIRECTION('',(1.,0.,0.));
#7553=DIRECTION('',(0.,0.,1.));
#7554=DIRECTION('',(1.,0.,0.));
#7555=DIRECTION('',(0.,1.,0.));
#7556=DIRECTION('',(0.,1.,0.));
#7557=DIRECTION('',(0.,0.,1.));
#7558=DIRECTION('',(1.,0.,0.));
#7559=DIRECTION('',(0.,0.,1.));
#7560=DIRECTION('',(1.,0.,0.));
#7561=DIRECTION('',(0.0523359562429426,0.998629534754574,0.));
#7562=DIRECTION('',(1.,0.,0.));
#7563=DIRECTION('',(-0.0523359562429426,-0.998629534754574,0.));
#7564=DIRECTION('',(-1.,0.,0.));
#7565=DIRECTION('',(0.849408897208383,0.527735279608288,0.));
#7566=DIRECTION('',(0.,-1.,0.));
#7567=DIRECTION('',(1.,2.25870506389289E-15,0.));
#7568=DIRECTION('',(0.,1.,0.));
#7569=DIRECTION('',(-1.,-2.25514051876985E-15,0.));
#7570=DIRECTION('',(0.,1.,0.));
#7571=DIRECTION('',(1.,2.25870506389289E-15,0.));
#7572=DIRECTION('',(0.,-1.,0.));
#7573=DIRECTION('',(-0.849408897208383,-0.527735279608288,0.));
#7574=DIRECTION('',(1.,0.,0.));
#7575=DIRECTION('',(0.,1.,0.));
#7576=DIRECTION('',(0.,-1.,0.));
#7577=DIRECTION('',(-1.,0.,0.));
#7578=DIRECTION('',(-0.849408897208383,0.527735279608288,0.));
#7579=DIRECTION('',(0.,1.,0.));
#7580=DIRECTION('',(1.,-2.25870506389289E-15,0.));
#7581=DIRECTION('',(0.,1.,0.));
#7582=DIRECTION('',(1.,-2.25514051876985E-15,0.));
#7583=DIRECTION('',(0.,1.,0.));
#7584=DIRECTION('',(1.,-2.25870506389289E-15,0.));
#7585=DIRECTION('',(0.,-1.,0.));
#7586=DIRECTION('',(-0.849408897208383,0.527735279608288,0.));
#7587=DIRECTION('',(1.,0.,0.));
#7588=DIRECTION('',(0.0523359562429426,-0.998629534754574,0.));
#7589=DIRECTION('',(-1.,0.,0.));
#7590=DIRECTION('',(0.,-1.,0.));
#7591=DIRECTION('',(0.,0.,-1.));
#7592=DIRECTION('',(0.,-1.,0.));
#7593=DIRECTION('',(0.,0.,-1.));
#7594=DIRECTION('',(1.,0.,0.));
#7595=DIRECTION('',(0.,0.,-1.));
#7596=DIRECTION('',(1.,0.,0.));
#7597=DIRECTION('',(0.,0.,-1.));
#7598=DIRECTION('',(0.,-1.,0.));
#7599=DIRECTION('',(0.,0.,-1.));
#7600=DIRECTION('',(1.,0.,0.));
#7601=DIRECTION('',(0.,-1.,0.));
#7602=DIRECTION('',(0.,0.,-1.));
#7603=DIRECTION('',(0.,0.,-1.));
#7604=DIRECTION('',(0.,0.,1.));
#7605=DIRECTION('',(1.,0.,0.));
#7606=DIRECTION('',(0.,-1.,0.));
#7607=DIRECTION('',(0.,-1.,0.));
#7608=DIRECTION('',(1.,0.,0.));
#7609=DIRECTION('',(0.,0.,-1.));
#7610=DIRECTION('',(0.,-1.,2.72773366644008E-15));
#7611=DIRECTION('',(0.,-1.,0.));
#7612=DIRECTION('',(0.,-1.,0.));
#7613=DIRECTION('',(0.,0.,-1.));
#7614=DIRECTION('',(-1.,0.,0.));
#7615=DIRECTION('',(0.,0.,1.));
#7616=DIRECTION('',(0.,-1.,0.));
#7617=DIRECTION('',(0.,-1.,0.));
#7618=DIRECTION('',(0.,0.,-1.));
#7619=DIRECTION('',(0.,0.,-1.));
#7620=DIRECTION('',(-1.,0.,0.));
#7621=DIRECTION('',(-9.91270557701032E-16,-1.,0.));
#7622=DIRECTION('',(0.,1.,0.));
#7623=DIRECTION('',(0.,0.,-1.));
#7624=DIRECTION('',(-1.,0.,0.));
#7625=DIRECTION('',(0.,1.,0.));
#7626=DIRECTION('',(1.,0.,0.));
#7627=DIRECTION('',(0.,1.,0.));
#7628=DIRECTION('',(0.,1.,0.));
#7629=DIRECTION('',(0.,0.,1.));
#7630=DIRECTION('',(0.,0.,1.));
#7631=DIRECTION('',(1.,0.,0.));
#7632=DIRECTION('',(0.,0.,1.));
#7633=DIRECTION('',(1.,0.,0.));
#7634=DIRECTION('',(0.,0.707106781186549,0.707106781186546));
#7635=DIRECTION('',(0.,-0.707106781186546,0.707106781186549));
#7636=DIRECTION('',(1.,0.,0.));
#7637=DIRECTION('',(0.,-0.707106781186546,0.707106781186549));
#7638=DIRECTION('',(1.,0.,0.));
#7639=DIRECTION('',(0.,-0.707106781186546,0.707106781186549));
#7640=DIRECTION('',(0.,-0.81361951933497,0.581397693285011));
#7641=DIRECTION('',(0.,-0.581397693285012,-0.81361951933497));
#7642=DIRECTION('',(1.,0.,0.));
#7643=DIRECTION('',(0.,-0.581397693285012,-0.81361951933497));
#7644=DIRECTION('',(1.,0.,0.));
#7645=DIRECTION('',(0.,-0.581397693285012,-0.81361951933497));
#7646=DIRECTION('',(0.,2.17778780369267E-15,1.));
#7647=DIRECTION('',(0.,-1.,2.17778780369267E-15));
#7648=DIRECTION('',(0.,-1.,2.17778780369267E-15));
#7649=DIRECTION('',(1.,0.,0.));
#7650=DIRECTION('',(0.,-1.,2.17778780369267E-15));
#7651=DIRECTION('',(1.,0.,0.));
#7652=DIRECTION('',(0.,2.72773366644008E-15,1.));
#7653=DIRECTION('',(0.,-1.,2.72773366644008E-15));
#7654=DIRECTION('',(0.,-1.,2.72773366644008E-15));
#7655=DIRECTION('',(1.,0.,0.));
#7656=DIRECTION('',(0.,0.,-1.));
#7657=DIRECTION('',(0.,-1.,2.17778780369267E-15));
#7658=DIRECTION('',(1.,0.,0.));
#7659=DIRECTION('',(0.,0.,-1.));
#7660=DIRECTION('',(0.,-0.581397693285012,-0.81361951933497));
#7661=DIRECTION('',(0.,-0.707106781186546,0.707106781186549));
#7662=DIRECTION('',(0.,0.,1.));
#7663=DIRECTION('',(0.,1.,0.));
#7664=DIRECTION('',(1.,0.,0.));
#7665=DIRECTION('',(0.,0.,-1.));
#7666=DIRECTION('',(0.,0.,-1.));
#7667=DIRECTION('',(0.,1.,0.));
#7668=DIRECTION('',(0.,0.,1.));
#7669=DIRECTION('',(0.,1.,0.));
#7670=DIRECTION('',(0.,0.,1.));
#7671=DIRECTION('',(0.,-0.707106781186546,0.707106781186549));
#7672=DIRECTION('',(0.,-0.581397693285012,-0.81361951933497));
#7673=DIRECTION('',(1.,0.,0.));
#7674=DIRECTION('',(0.,0.,-1.));
#7675=DIRECTION('',(0.,-1.,2.17778780369267E-15));
#7676=DIRECTION('',(1.,0.,0.));
#7677=DIRECTION('',(0.,0.,-1.));
#7678=DIRECTION('',(0.,0.,1.));
#7679=DIRECTION('',(0.,-1.,2.72773366644008E-15));
#7680=DIRECTION('',(1.,0.,0.));
#7681=DIRECTION('',(0.,0.,-1.));
#7682=DIRECTION('',(0.,1.,0.));
#7683=DIRECTION('',(0.,0.,-1.));
#7684=DIRECTION('',(0.,0.,-1.));
#7685=DIRECTION('',(-1.,0.,0.));
#7686=DIRECTION('',(-1.,0.,0.));
#7687=DIRECTION('',(0.,0.,-1.));
#7688=DIRECTION('',(-1.,0.,0.));
#7689=DIRECTION('',(-0.0523359562429426,0.998629534754574,0.));
#7690=DIRECTION('',(-1.,-2.31296463463574E-15,0.));
#7691=DIRECTION('',(-0.0523359562429426,-0.998629534754574,0.));
#7692=DIRECTION('',(0.,0.,-1.));
#7693=DIRECTION('',(-1.,0.,0.));
#7694=DIRECTION('',(0.,0.,-1.));
#7695=DIRECTION('',(-1.,0.,0.));
#7696=DIRECTION('',(0.,0.,-1.));
#7697=DIRECTION('',(-1.,0.,0.));
#7698=DIRECTION('',(0.,1.,0.));
#7699=DIRECTION('',(0.,0.,1.));
#7700=DIRECTION('',(0.,0.,1.));
#7701=DIRECTION('',(0.,0.,-1.));
#7702=DIRECTION('',(-2.25870506389289E-15,-1.,0.));
#7703=DIRECTION('',(1.,-2.25870506389289E-15,0.));
#7704=DIRECTION('',(0.,0.,1.));
#7705=DIRECTION('',(-2.25870506389289E-15,-1.,0.));
#7706=DIRECTION('',(1.,-2.25870506389289E-15,0.));
#7707=DIRECTION('',(0.,0.,1.));
#7708=DIRECTION('',(2.25870506389289E-15,-1.,0.));
#7709=DIRECTION('',(-1.,-2.25870506389289E-15,0.));
#7710=DIRECTION('',(0.,1.,0.));
#7711=DIRECTION('',(0.,0.,1.));
#7712=DIRECTION('',(0.,0.,1.));
#7713=DIRECTION('',(0.,0.,1.));
#7714=DIRECTION('',(0.,0.,1.));
#7715=DIRECTION('',(0.422618261740697,-0.906307787036651,0.));
#7716=DIRECTION('',(0.906307787036651,0.422618261740697,0.));
#7717=DIRECTION('',(0.,0.,1.));
#7718=DIRECTION('',(0.,0.,1.));
#7719=DIRECTION('',(-2.25870506389289E-15,-1.,0.));
#7720=DIRECTION('',(1.,-2.25870506389289E-15,0.));
#7721=DIRECTION('',(0.422618261740697,-0.906307787036651,0.));
#7722=DIRECTION('',(0.906307787036651,0.422618261740697,0.));
#7723=DIRECTION('',(0.,0.,1.));
#7724=DIRECTION('',(0.527735279608288,0.849408897208383,0.));
#7725=DIRECTION('',(-0.849408897208383,0.527735279608288,0.));
#7726=DIRECTION('',(0.527735279608288,0.849408897208383,0.));
#7727=DIRECTION('',(-0.849408897208383,0.527735279608288,0.));
#7728=DIRECTION('',(0.,0.,1.));
#7729=DIRECTION('',(1.,0.,0.));
#7730=DIRECTION('',(0.,0.,-1.));
#7731=DIRECTION('',(0.,1.,0.));
#7732=DIRECTION('',(0.981627183447663,-0.190808995376548,0.));
#7733=DIRECTION('',(0.190808995376548,0.981627183447663,0.));
#7734=DIRECTION('',(0.,0.,-1.));
#7735=DIRECTION('',(0.,0.,1.));
#7736=DIRECTION('',(-2.19224885678589E-15,-1.,0.));
#7737=DIRECTION('',(1.,-2.19224885678589E-15,0.));
#7738=DIRECTION('',(0.,0.,1.));
#7739=DIRECTION('',(1.,-2.09989456995732E-15,-1.39364972476291E-15));
#7740=DIRECTION('',(0.,0.,1.));
#7741=DIRECTION('',(-1.,2.19224885678589E-15,1.01101228234033E-15));
#7742=DIRECTION('',(0.,0.,-1.));
#7743=DIRECTION('',(0.,-1.,0.));
#7744=DIRECTION('',(0.,-1.,0.));
#7745=DIRECTION('',(0.,-1.,0.));
#7746=DIRECTION('',(1.01101228234033E-15,0.,1.));
#7747=DIRECTION('',(1.,0.,-1.01101228234033E-15));
#7748=DIRECTION('',(-0.0523359562429426,0.998629534754574,5.18626718568068E-17));
#7749=DIRECTION('',(-1.,0.,9.90956802548161E-16));
#7750=DIRECTION('',(-0.515038074910053,0.857167300702113,5.10380483903426E-16));
#7751=DIRECTION('',(-0.857167300702113,-0.515038074910053,0.));
#7752=DIRECTION('',(0.515038074910053,-0.857167300702113,0.));
#7753=DIRECTION('',(-0.447668650696838,0.745045750246292,0.494469017455302));
#7754=DIRECTION('',(0.,0.,1.));
#7755=DIRECTION('',(-0.998629534754574,-0.0523359562429426,0.));
#7756=DIRECTION('',(0.0523359562429426,-0.998629534754574,0.));
#7757=DIRECTION('',(0.,0.,1.));
#7758=DIRECTION('',(-0.0436245159526832,0.832405351829149,0.552447492395509));
#7759=DIRECTION('',(-0.998629534754574,-0.0523359562429426,0.));
#7760=DIRECTION('',(-0.0523359562429426,0.998629534754574,0.));
#7761=DIRECTION('',(0.527735279608288,0.849408897208383,0.));
#7762=DIRECTION('',(-0.849408897208383,0.527735279608288,0.));
#7763=DIRECTION('',(0.,0.,-1.));
#7764=DIRECTION('',(0.,1.,0.));
#7765=DIRECTION('',(0.,0.,1.));
#7766=DIRECTION('',(0.,-0.552973924871636,0.833198558815399));
#7767=DIRECTION('',(0.,-0.833198558815399,-0.552973924871636));
#7768=DIRECTION('',(0.0436245159526832,-0.832405351829149,-0.552447492395509));
#7769=DIRECTION('',(-1.,0.,0.));
#7770=DIRECTION('',(0.,-0.552973924871636,0.833198558815399));
#7771=DIRECTION('',(0.,0.833198558815399,0.552973924871636));
#7772=DIRECTION('',(-2.25514051876985E-15,-1.,0.));
#7773=DIRECTION('',(1.,-2.25514051876985E-15,0.));
#7774=DIRECTION('',(0.,0.,-1.));
#7775=DIRECTION('',(-0.889363920594847,1.96257812416312E-12,-0.457199974567106));
#7776=DIRECTION('',(-0.457199974567106,0.,0.889363920594847));
#7777=DIRECTION('',(0.821518763320497,0.383080490654369,0.422322458782824));
#7778=DIRECTION('',(0.457199974568855,0.,-0.889363920593948));
#7779=DIRECTION('',(0.457199974568858,6.50521303491302E-15,-0.889363920593947));
#7780=DIRECTION('',(-0.889363920593947,0.,-0.457199974568858));
#7781=DIRECTION('',(1.60340056062035E-14,-6.95364148475625E-29,1.));
#7782=DIRECTION('',(1.,0.,-1.60340056062035E-14));
#7783=DIRECTION('',(0.,0.,-1.));
#7784=DIRECTION('',(-1.,0.,0.));
#7785=DIRECTION('',(0.,0.,1.));
#7786=DIRECTION('',(1.,0.,0.));
#7787=DIRECTION('',(0.,0.,-1.));
#7788=DIRECTION('',(-1.,0.,0.));
#7789=DIRECTION('',(0.,0.,-1.));
#7790=DIRECTION('',(-1.,0.,0.));
#7791=DIRECTION('',(0.,0.,1.));
#7792=DIRECTION('',(1.,0.,0.));
#7793=DIRECTION('',(0.,1.,0.));
#7794=DIRECTION('',(0.,0.,1.));
#7795=DIRECTION('',(0.,1.,0.));
#7796=DIRECTION('',(0.,0.,1.));
#7797=DIRECTION('',(0.,0.,1.));
#7798=DIRECTION('',(0.,0.,1.));
#7799=DIRECTION('',(0.,0.,1.));
#7800=DIRECTION('',(-0.422618261740697,-0.906307787036651,0.));
#7801=DIRECTION('',(-0.906307787036651,0.422618261740697,0.));
#7802=DIRECTION('',(0.,0.,1.));
#7803=DIRECTION('',(0.,0.,1.));
#7804=DIRECTION('',(2.25870506389289E-15,-1.,0.));
#7805=DIRECTION('',(-1.,-2.25870506389289E-15,0.));
#7806=DIRECTION('',(0.,0.,1.));
#7807=DIRECTION('',(-2.25870506389289E-15,1.,0.));
#7808=DIRECTION('',(-1.,-2.25870506389289E-15,0.));
#7809=DIRECTION('',(0.,0.,1.));
#7810=DIRECTION('',(-0.422618261740697,-0.906307787036651,0.));
#7811=DIRECTION('',(-0.906307787036651,0.422618261740697,0.));
#7812=DIRECTION('',(0.,0.,1.));
#7813=DIRECTION('',(-0.527735279608288,0.849408897208383,0.));
#7814=DIRECTION('',(0.849408897208383,0.527735279608288,0.));
#7815=DIRECTION('',(0.,0.,1.));
#7816=DIRECTION('',(0.527735279608288,-0.849408897208383,0.));
#7817=DIRECTION('',(0.849408897208383,0.527735279608288,0.));
#7818=DIRECTION('',(0.,0.,1.));
#7819=DIRECTION('',(-1.,0.,0.));
#7820=DIRECTION('',(0.,0.,-1.));
#7821=DIRECTION('',(0.,1.,0.));
#7822=DIRECTION('',(-0.981627183447663,-0.190808995376548,0.));
#7823=DIRECTION('',(-0.190808995376548,0.981627183447663,0.));
#7824=DIRECTION('',(0.,0.,1.));
#7825=DIRECTION('',(0.,0.,-1.));
#7826=DIRECTION('',(2.19224885678589E-15,-1.,0.));
#7827=DIRECTION('',(-1.,-2.19224885678589E-15,0.));
#7828=DIRECTION('',(0.,0.,-1.));
#7829=DIRECTION('',(1.,2.19224885678589E-15,1.01101228234033E-15));
#7830=DIRECTION('',(0.,0.,1.));
#7831=DIRECTION('',(-1.,-2.09989456995732E-15,-1.39364972476291E-15));
#7832=DIRECTION('',(0.,0.,1.));
#7833=DIRECTION('',(0.857167300702113,-0.515038074910053,0.));
#7834=DIRECTION('',(-0.515038074910053,-0.857167300702113,0.));
#7835=DIRECTION('',(0.447668650696838,0.745045750246292,0.494469017455302));
#7836=DIRECTION('',(0.,0.,1.));
#7837=DIRECTION('',(0.,0.,1.));
#7838=DIRECTION('',(0.,-1.,0.));
#7839=DIRECTION('',(0.,-1.,0.));
#7840=DIRECTION('',(0.,-1.,0.));
#7841=DIRECTION('',(-1.01101228234033E-15,0.,1.));
#7842=DIRECTION('',(-1.,0.,-1.01101228234033E-15));
#7843=DIRECTION('',(0.0523359562429426,0.998629534754574,5.18626718568068E-17));
#7844=DIRECTION('',(0.515038074910053,0.857167300702113,5.10380483903426E-16));
#7845=DIRECTION('',(1.,0.,9.90956802548161E-16));
#7846=DIRECTION('',(0.857167300702113,-0.515038074910053,0.));
#7847=DIRECTION('',(-0.515038074910053,-0.857167300702113,0.));
#7848=DIRECTION('',(0.,0.,1.));
#7849=DIRECTION('',(0.447668650696838,0.745045750246292,0.494469017455302));
#7850=DIRECTION('',(0.998629534754574,-0.0523359562429426,0.));
#7851=DIRECTION('',(-0.0523359562429426,-0.998629534754574,0.));
#7852=DIRECTION('',(0.998629534754574,-0.0523359562429426,0.));
#7853=DIRECTION('',(0.0523359562429426,0.998629534754574,0.));
#7854=DIRECTION('',(0.0436245159526832,0.832405351829149,0.552447492395509));
#7855=DIRECTION('',(0.,0.,1.));
#7856=DIRECTION('',(-0.527735279608288,0.849408897208383,0.));
#7857=DIRECTION('',(0.849408897208383,0.527735279608288,0.));
#7858=DIRECTION('',(0.,0.,-1.));
#7859=DIRECTION('',(0.,1.,0.));
#7860=DIRECTION('',(0.,0.,1.));
#7861=DIRECTION('',(0.,-0.552973924871636,0.833198558815399));
#7862=DIRECTION('',(0.,-0.833198558815399,-0.552973924871636));
#7863=DIRECTION('',(1.,0.,0.));
#7864=DIRECTION('',(0.0436245159526832,0.832405351829149,0.552447492395509));
#7865=DIRECTION('',(0.,0.552973924871636,-0.833198558815399));
#7866=DIRECTION('',(0.,0.833198558815399,0.552973924871636));
#7867=DIRECTION('',(2.25514051876985E-15,-1.,0.));
#7868=DIRECTION('',(-1.,-2.25514051876985E-15,0.));
#7869=DIRECTION('',(0.,0.,-1.));
#7870=DIRECTION('',(-0.889363920594847,-1.96257812416312E-12,0.457199974567106));
#7871=DIRECTION('',(0.457199974567106,0.,0.889363920594847));
#7872=DIRECTION('',(0.821518763320497,-0.383080490654369,-0.422322458782824));
#7873=DIRECTION('',(-0.457199974568855,0.,-0.889363920593948));
#7874=DIRECTION('',(-0.457199974568858,6.50521303491302E-15,-0.889363920593947));
#7875=DIRECTION('',(0.889363920593947,0.,-0.457199974568858));
#7876=DIRECTION('',(1.60340056062035E-14,6.95364148475625E-29,-1.));
#7877=DIRECTION('',(-1.,0.,-1.60340056062035E-14));
#7878=DIRECTION('',(0.,0.,-1.));
#7879=DIRECTION('',(1.,0.,0.));
#7880=DIRECTION('',(0.,0.,1.));
#7881=DIRECTION('',(-1.,0.,0.));
#7882=DIRECTION('',(0.,0.,-1.));
#7883=DIRECTION('',(1.,0.,0.));
#7884=DIRECTION('',(0.,0.,-1.));
#7885=DIRECTION('',(1.,0.,0.));
#7886=DIRECTION('',(0.,0.,1.));
#7887=DIRECTION('',(-1.,0.,0.));
#7888=DIRECTION('',(0.,1.,0.));
#7889=DIRECTION('',(0.,0.,1.));
#7890=DIRECTION('',(-1.,0.,0.));
#7891=DIRECTION('',(0.,0.,1.));
#7892=DIRECTION('',(1.,0.,0.));
#7893=DIRECTION('',(0.,0.,-1.));
#7894=DIRECTION('',(0.,1.,0.));
#7895=DIRECTION('',(0.,0.,1.));
#7896=DIRECTION('',(-1.,0.,0.));
#7897=DIRECTION('',(0.,0.,1.));
#7898=DIRECTION('',(1.,0.,0.));
#7899=DIRECTION('',(0.,0.,-1.));
#7900=DIRECTION('',(1.,0.,0.));
#7901=DIRECTION('',(0.,0.,-1.));
#7902=DIRECTION('',(1.,0.,0.));
#7903=DIRECTION('',(0.,0.,-1.));
#7904=DIRECTION('',(1.,0.,0.));
#7905=DIRECTION('',(0.,0.,-1.));
#7906=DIRECTION('',(-1.,0.,0.));
#7907=DIRECTION('',(0.,0.,1.));
#7908=DIRECTION('',(-1.,0.,0.));
#7909=DIRECTION('',(0.,0.,1.));
#7910=DIRECTION('',(-1.,0.,0.));
#7911=DIRECTION('',(0.,0.,1.));
#7912=DIRECTION('',(-1.,0.,0.));
#7913=DIRECTION('',(0.,0.,1.));
#7914=DIRECTION('',(-1.,0.,0.));
#7915=DIRECTION('',(0.,0.,1.));
#7916=DIRECTION('',(-1.,0.,0.));
#7917=DIRECTION('',(0.,0.,1.));
#7918=DIRECTION('',(-1.,0.,0.));
#7919=DIRECTION('',(0.,0.,1.));
#7920=DIRECTION('',(-1.,0.,0.));
#7921=DIRECTION('',(0.,0.,1.));
#7922=DIRECTION('',(-1.,0.,0.));
#7923=DIRECTION('',(0.,0.,1.));
#7924=DIRECTION('',(1.,0.,0.));
#7925=DIRECTION('',(0.,0.,-1.));
#7926=DIRECTION('',(0.,-1.,0.));
#7927=DIRECTION('',(0.,0.,-1.));
#7928=DIRECTION('',(0.,0.581397693285008,0.813619519334972));
#7929=DIRECTION('',(0.,-0.813619519334972,0.581397693285008));
#7930=DIRECTION('',(0.,-1.,1.14784090164829E-15));
#7931=DIRECTION('',(0.,-1.14784090164829E-15,-1.));
#7932=DIRECTION('',(0.,-1.,1.14784090164829E-15));
#7933=DIRECTION('',(0.,-1.14784090164829E-15,-1.));
#7934=DIRECTION('',(1.,0.,0.));
#7935=DIRECTION('',(0.,0.,-1.));
#7936=DIRECTION('',(0.,1.,-2.17778780369267E-15));
#7937=DIRECTION('',(0.,2.17778780369267E-15,1.));
#7938=DIRECTION('',(0.,1.,0.));
#7939=DIRECTION('',(0.,0.,1.));
#7940=DIRECTION('',(0.,-0.581397693285012,-0.81361951933497));
#7941=DIRECTION('',(0.,0.81361951933497,-0.581397693285011));
#7942=DIRECTION('',(0.,0.581397693285014,0.813619519334968));
#7943=DIRECTION('',(0.,-0.813619519334968,0.581397693285014));
#7944=DIRECTION('',(0.,-1.,2.17778780369267E-15));
#7945=DIRECTION('',(0.,-2.17778780369267E-15,-1.));
#7946=DIRECTION('',(0.,-1.,0.));
#7947=DIRECTION('',(0.,0.,-1.));
#7948=DIRECTION('',(1.,0.,0.));
#7949=DIRECTION('',(0.,0.,-1.));
#7950=DIRECTION('',(1.,0.,0.));
#7951=DIRECTION('',(0.,0.,-1.));
#7952=DIRECTION('',(1.,0.,0.));
#7953=DIRECTION('',(0.,0.,-1.));
#7954=DIRECTION('',(-6.80707723798059E-15,0.581397693285014,0.813619519334968));
#7955=DIRECTION('',(0.,-0.813619519334968,0.581397693285014));
#7956=DIRECTION('',(1.,0.,0.));
#7957=DIRECTION('',(0.,0.,-1.));
#7958=DIRECTION('',(0.,0.707106781186545,-0.70710678118655));
#7959=DIRECTION('',(0.,0.70710678118655,0.707106781186545));
#7960=DIRECTION('',(1.,0.,0.));
#7961=DIRECTION('',(0.,0.,-1.));
#7962=DIRECTION('',(0.,-2.168404344971E-15,-1.));
#7963=DIRECTION('',(0.,1.,-2.168404344971E-15));
#7964=DIRECTION('',(0.,0.581397693285012,0.81361951933497));
#7965=DIRECTION('',(0.,-0.81361951933497,0.581397693285011));
#7966=DIRECTION('',(3.52851220175836E-15,0.581397693285013,0.813619519334969));
#7967=DIRECTION('',(0.,-0.813619519334969,0.581397693285013));
#7968=DIRECTION('',(0.,-0.707106781186546,0.707106781186549));
#7969=DIRECTION('',(0.,-0.707106781186549,-0.707106781186546));
#7970=DIRECTION('',(0.,0.707106781186545,-0.70710678118655));
#7971=DIRECTION('',(0.,0.70710678118655,0.707106781186545));
#7972=DIRECTION('',(0.,1.14784090164829E-15,1.));
#7973=DIRECTION('',(0.,-1.,1.14784090164829E-15));
#7974=DIRECTION('',(0.,-0.707106781186546,0.707106781186549));
#7975=DIRECTION('',(0.,-0.707106781186549,-0.707106781186546));
#7976=DIRECTION('',(1.,0.,0.));
#7977=DIRECTION('',(0.,0.,-1.));
#7978=DIRECTION('',(1.53329341668339E-15,0.707106781186546,-0.707106781186549));
#7979=DIRECTION('',(0.,0.707106781186549,0.707106781186546));
#7980=DIRECTION('',(1.,0.,0.));
#7981=DIRECTION('',(0.,0.,-1.));
#7982=DIRECTION('',(0.,0.,-1.));
#7983=DIRECTION('',(-1.,0.,0.));
#7984=DIRECTION('',(0.,-1.,2.72773366644008E-15));
#7985=DIRECTION('',(0.,-2.72773366644008E-15,-1.));
#7986=DIRECTION('',(0.,-0.70710678118655,-0.707106781186545));
#7987=DIRECTION('',(0.,-0.707106781186545,0.70710678118655));
#7988=DIRECTION('',(0.,0.707106781186546,-0.707106781186549));
#7989=DIRECTION('',(0.,0.707106781186549,0.707106781186546));
#7990=DIRECTION('',(0.,0.707106781186545,-0.70710678118655));
#7991=DIRECTION('',(0.,0.70710678118655,0.707106781186545));
#7992=DIRECTION('',(0.,0.,1.));
#7993=DIRECTION('',(1.,0.,0.));
#7994=DIRECTION('',(0.,0.,-1.));
#7995=DIRECTION('',(-1.,0.,0.));
#7996=DIRECTION('',(0.,-3.36814359860181E-15,-1.));
#7997=DIRECTION('',(0.,1.,-3.36814359860181E-15));
#7998=DIRECTION('',(0.,0.707106781186546,-0.707106781186549));
#7999=DIRECTION('',(0.,0.707106781186549,0.707106781186546));
#8000=DIRECTION('',(1.,0.,0.));
#8001=DIRECTION('',(0.,0.,-1.));
#8002=DIRECTION('',(0.,0.,-1.));
#8003=DIRECTION('',(-1.,0.,0.));
#8004=DIRECTION('',(1.,0.,0.));
#8005=DIRECTION('',(0.,0.,-1.));
#8006=DIRECTION('',(0.,-1.,0.));
#8007=DIRECTION('',(0.,0.,-1.));
#8008=DIRECTION('',(0.,1.,0.));
#8009=DIRECTION('',(0.,0.,1.));
#8010=DIRECTION('',(0.,0.707106781186548,0.707106781186547));
#8011=DIRECTION('',(0.,-0.707106781186547,0.707106781186548));
#8012=DIRECTION('',(0.,0.,-1.));
#8013=DIRECTION('',(-1.,0.,0.));
#8014=DIRECTION('',(0.,0.,-1.));
#8015=DIRECTION('',(-1.,0.,0.));
#8016=DIRECTION('',(0.,1.,0.));
#8017=DIRECTION('',(0.,0.,1.));
#8018=DIRECTION('',(0.,-1.,0.));
#8019=DIRECTION('',(0.,0.,-1.));
#8020=DIRECTION('',(0.,1.14784090164829E-15,1.));
#8021=DIRECTION('',(0.,-1.,1.14784090164829E-15));
#8022=DIRECTION('',(0.,0.,1.));
#8023=DIRECTION('',(1.,0.,0.));
#8024=DIRECTION('',(1.,0.,0.));
#8025=DIRECTION('',(0.,0.,-1.));
#8026=DIRECTION('',(0.,-1.,0.));
#8027=DIRECTION('',(0.,0.,-1.));
#8028=DIRECTION('',(1.,0.,0.));
#8029=DIRECTION('',(0.,0.,-1.));
#8030=DIRECTION('',(1.,0.,0.));
#8031=DIRECTION('',(0.,0.,-1.));
#8032=DIRECTION('',(0.,-1.,0.));
#8033=DIRECTION('',(0.,0.,-1.));
#8034=DIRECTION('',(0.,-1.,1.14784090164829E-15));
#8035=DIRECTION('',(0.,-1.14784090164829E-15,-1.));
#8036=DIRECTION('',(1.,0.,0.));
#8037=DIRECTION('',(0.,0.,-1.));
#8038=DIRECTION('',(-1.,0.,0.));
#8039=DIRECTION('',(0.,0.,1.));
#8040=DIRECTION('',(0.,-1.,1.14784090164829E-15));
#8041=DIRECTION('',(0.,-1.14784090164829E-15,-1.));
#8042=DIRECTION('',(0.,0.,1.));
#8043=DIRECTION('',(1.,0.,0.));
#8044=DIRECTION('',(0.,0.707106781186547,0.707106781186547));
#8045=DIRECTION('',(0.,-0.707106781186547,0.707106781186547));
#8046=DIRECTION('',(0.,0.707106781186547,0.707106781186547));
#8047=DIRECTION('',(0.,-0.707106781186547,0.707106781186547));
#8048=DIRECTION('',(0.,1.,0.));
#8049=DIRECTION('',(0.,0.,1.));
#8050=DIRECTION('',(0.,0.707106781186547,-0.707106781186547));
#8051=DIRECTION('',(0.,0.707106781186547,0.707106781186547));
#8052=DIRECTION('',(0.,1.,0.));
#8053=DIRECTION('',(0.,0.,1.));
#8054=DIRECTION('',(0.,1.,0.));
#8055=DIRECTION('',(0.,0.,1.));
#8056=DIRECTION('',(0.,0.,-1.));
#8057=DIRECTION('',(-1.,0.,0.));
#8058=DIRECTION('',(0.,-0.707106781186548,-0.707106781186546));
#8059=DIRECTION('',(0.,-0.707106781186547,0.707106781186548));
#8060=DIRECTION('',(0.,0.,-1.));
#8061=DIRECTION('',(-1.,0.,0.));
#8062=DIRECTION('',(0.,0.,-1.));
#8063=DIRECTION('',(-1.,0.,0.));
#8064=DIRECTION('',(1.,0.,0.));
#8065=DIRECTION('',(0.,0.,-1.));
#8066=DIRECTION('',(0.,-1.,2.72773366644008E-15));
#8067=DIRECTION('',(0.,-2.72773366644008E-15,-1.));
#8068=DIRECTION('',(0.,-0.707106781186547,0.707106781186548));
#8069=DIRECTION('',(0.,-0.707106781186548,-0.707106781186546));
#8070=DIRECTION('',(0.,-1.,0.));
#8071=DIRECTION('',(0.,0.,-1.));
#8072=DIRECTION('',(0.,1.,0.));
#8073=DIRECTION('',(0.,0.,1.));
#8074=DIRECTION('',(1.,0.,0.));
#8075=DIRECTION('',(0.,0.,-1.));
#8076=DIRECTION('',(-1.,0.,0.));
#8077=DIRECTION('',(0.,0.,1.));
#8078=DIRECTION('',(0.,0.,1.));
#8079=DIRECTION('',(1.,0.,0.));
#8080=DIRECTION('',(0.,0.,1.));
#8081=DIRECTION('',(1.,0.,0.));
#8082=DIRECTION('',(0.,0.,1.));
#8083=DIRECTION('',(1.,0.,0.));
#8084=DIRECTION('',(0.,0.,-1.));
#8085=DIRECTION('',(-1.,0.,0.));
#8086=DIRECTION('',(0.,0.,-1.));
#8087=DIRECTION('',(-1.,0.,0.));
#8088=DIRECTION('',(0.,0.,-1.));
#8089=DIRECTION('',(-1.,0.,0.));
#8090=DIRECTION('',(1.,0.,0.));
#8091=DIRECTION('',(0.,0.,-1.));
#8092=DIRECTION('',(0.,0.707106781186545,-0.70710678118655));
#8093=DIRECTION('',(0.,0.70710678118655,0.707106781186545));
#8094=DIRECTION('',(1.,0.,0.));
#8095=DIRECTION('',(0.,0.,-1.));
#8096=DIRECTION('',(1.,0.,0.));
#8097=DIRECTION('',(0.,0.,-1.));
#8098=DIRECTION('',(0.,-1.,0.));
#8099=DIRECTION('',(0.,0.,-1.));
#8100=DIRECTION('',(1.,0.,0.));
#8101=DIRECTION('',(0.,0.,-1.));
#8102=DIRECTION('',(0.,0.,-1.));
#8103=DIRECTION('',(-1.,0.,0.));
#8104=DIRECTION('',(0.,0.,1.));
#8105=DIRECTION('',(1.,0.,0.));
#8106=DIRECTION('',(1.,0.,0.));
#8107=DIRECTION('',(0.,0.,-1.));
#8108=DIRECTION('',(-1.,0.,0.));
#8109=DIRECTION('',(0.,0.,1.));
#8110=DIRECTION('',(0.,-0.707106781186546,0.707106781186549));
#8111=DIRECTION('',(0.,-0.707106781186549,-0.707106781186546));
#8112=DIRECTION('',(0.,-0.707106781186553,0.707106781186542));
#8113=DIRECTION('',(0.,-0.707106781186542,-0.707106781186553));
#8114=DIRECTION('',(0.,-0.581397693285012,-0.81361951933497));
#8115=DIRECTION('',(0.,0.81361951933497,-0.581397693285011));
#8116=DIRECTION('',(0.,-0.581397693285013,-0.813619519334969));
#8117=DIRECTION('',(0.,0.813619519334969,-0.581397693285013));
#8118=DIRECTION('',(-1.51430893534304E-15,0.581397693285013,0.813619519334969));
#8119=DIRECTION('',(0.,-0.813619519334969,0.581397693285013));
#8120=DIRECTION('',(0.,-1.,2.17778780369267E-15));
#8121=DIRECTION('',(0.,-2.17778780369267E-15,-1.));
#8122=DIRECTION('',(0.,1.,0.));
#8123=DIRECTION('',(0.,0.,1.));
#8124=DIRECTION('',(-1.,0.,0.));
#8125=DIRECTION('',(0.,0.,1.));
#8126=DIRECTION('',(1.,0.,0.));
#8127=DIRECTION('',(0.,0.,-1.));
#8128=DIRECTION('',(-1.,0.,0.));
#8129=DIRECTION('',(0.,0.,1.));
#8130=DIRECTION('',(0.,0.707106781186545,-0.70710678118655));
#8131=DIRECTION('',(0.,0.70710678118655,0.707106781186545));
#8132=DIRECTION('',(1.,8.67361737988409E-15,-6.50521303491307E-15));
#8133=DIRECTION('',(-8.67361737988409E-15,1.,0.));
#8134=DIRECTION('',(1.,0.,0.));
#8135=DIRECTION('',(0.,0.,-1.));
#8136=DIRECTION('',(1.,0.,0.));
#8137=DIRECTION('',(0.,0.,-1.));
#8138=DIRECTION('',(1.,0.,0.));
#8139=DIRECTION('',(0.,0.,-1.));
#8140=DIRECTION('',(0.,1.,0.));
#8141=DIRECTION('',(0.,0.,1.));
#8142=DIRECTION('',(0.,1.,0.));
#8143=DIRECTION('',(0.,0.,1.));
#8144=DIRECTION('',(0.,0.707106781186546,-0.707106781186549));
#8145=DIRECTION('',(0.,0.707106781186549,0.707106781186546));
#8146=DIRECTION('',(0.,-0.707106781186546,0.707106781186549));
#8147=DIRECTION('',(0.,-0.707106781186549,-0.707106781186546));
#8148=DIRECTION('',(1.,0.,0.));
#8149=DIRECTION('',(0.,0.,-1.));
#8150=DIRECTION('',(-1.,0.,0.));
#8151=DIRECTION('',(0.,0.,1.));
#8152=DIRECTION('',(-1.,0.,0.));
#8153=DIRECTION('',(0.,0.,1.));
#8154=DIRECTION('',(1.,0.,0.));
#8155=DIRECTION('',(0.,0.,-1.));
#8156=DIRECTION('',(0.,1.,-2.17778780369267E-15));
#8157=DIRECTION('',(0.,2.17778780369267E-15,1.));
#8158=DIRECTION('',(0.,1.,0.));
#8159=DIRECTION('',(0.,0.,1.));
#8160=DIRECTION('',(-1.,0.,-2.16840434497102E-15));
#8161=DIRECTION('',(-2.16840434497102E-15,0.,1.));
#8162=DIRECTION('',(0.,0.581397693285014,0.813619519334968));
#8163=DIRECTION('',(0.,-0.813619519334968,0.581397693285014));
#8164=DIRECTION('',(1.,0.,0.));
#8165=DIRECTION('',(0.,0.,-1.));
#8166=DIRECTION('',(1.76425610087918E-15,-0.581397693285013,-0.813619519334969));
#8167=DIRECTION('',(0.,0.813619519334969,-0.581397693285013));
#8168=DIRECTION('',(0.,0.581397693285012,0.81361951933497));
#8169=DIRECTION('',(0.,-0.81361951933497,0.581397693285011));
#8170=DIRECTION('',(0.,0.,-1.));
#8171=DIRECTION('',(-1.,0.,0.));
#8172=DIRECTION('',(0.,0.,1.));
#8173=DIRECTION('',(1.,0.,0.));
#8174=DIRECTION('',(0.998629534754574,-0.0523359562429426,0.));
#8175=DIRECTION('',(0.0523359562429426,0.998629534754574,0.));
#8176=DIRECTION('',(0.,0.,-1.));
#8177=DIRECTION('',(0.,0.,1.));
#8178=DIRECTION('',(0.998629534754574,-0.0523359562429426,0.));
#8179=DIRECTION('',(0.0523359562429426,0.998629534754574,0.));
#8180=DIRECTION('',(-0.998629534754574,-0.0523359562429426,0.));
#8181=DIRECTION('',(0.0523359562429426,-0.998629534754574,0.));
#8182=DIRECTION('',(0.,0.,1.));
#8183=DIRECTION('',(-0.998629534754574,-0.0523359562429426,0.));
#8184=DIRECTION('',(-0.0523359562429426,0.998629534754574,0.));
#8185=DIRECTION('',(0.,0.,1.));
#8186=DIRECTION('',(2.31296463463574E-15,-1.,0.));
#8187=DIRECTION('',(1.,2.31296463463574E-15,0.));
#8188=DIRECTION('',(1.,0.,0.));
#8189=DIRECTION('',(0.,0.,-1.));
#8190=DIRECTION('',(-1.,0.,0.));
#8191=DIRECTION('',(0.,0.,1.));
#8192=DIRECTION('',(0.,0.,-1.));
#8193=DIRECTION('',(-1.,0.,0.));
#8194=DIRECTION('',(0.,0.,1.));
#8195=DIRECTION('',(1.,0.,0.));
#8196=DIRECTION('',(-9.91270557701032E-16,-1.,0.));
#8197=DIRECTION('',(1.,-9.91270557701032E-16,0.));
#8198=DIRECTION('',(0.,0.,-1.));
#8199=DIRECTION('',(-1.,0.,0.));
#8200=DIRECTION('',(0.,0.,1.));
#8201=DIRECTION('',(1.,0.,0.));
#8202=DIRECTION('',(0.,1.,0.));
#8203=DIRECTION('',(-1.,0.,0.));
#8204=DIRECTION('',(0.,0.,1.));
#8205=DIRECTION('',(1.,0.,0.));
#8206=DIRECTION('',(-1.,0.,0.));
#8207=DIRECTION('',(0.,-1.,0.));
#8208=DIRECTION('',(0.,0.,1.));
#8209=DIRECTION('',(1.,0.,0.));
#8210=DIRECTION('',(0.,-1.,0.));
#8211=DIRECTION('',(1.,0.,0.));
#8212=DIRECTION('',(0.,0.,1.));
#8213=DIRECTION('',(1.,0.,0.));
#8214=DIRECTION('',(0.,0.,1.));
#8215=DIRECTION('',(-1.,0.,0.));
#8216=DIRECTION('',(0.,0.,1.));
#8217=DIRECTION('',(1.,0.,0.));
#8218=DIRECTION('',(1.,0.,0.));
#8219=DIRECTION('',(0.,1.,0.));
#8220=DIRECTION('',(0.,0.,1.));
#8221=DIRECTION('',(1.,0.,0.));
#8222=DIRECTION('',(-0.577350269189626,0.577350269189626,-0.577350269189626));
#8223=DIRECTION('',(-0.707106781186548,-0.707106781186547,1.66533453693773E-16));
#8224=DIRECTION('',(0.,0.,1.));
#8225=DIRECTION('',(1.,0.,0.));
#8226=DIRECTION('',(-0.718873086818576,0.585048618558824,-0.375419230954334));
#8227=DIRECTION('',(-0.631219055717027,-0.775604605259473,-3.14659178435317E-8));
#8228=DIRECTION('',(0.,0.,1.));
#8229=DIRECTION('',(1.,0.,0.));
#8230=DIRECTION('',(0.,0.,1.));
#8231=DIRECTION('',(1.,0.,0.));
#8232=DIRECTION('',(0.,-1.,0.));
#8233=DIRECTION('',(1.,0.,0.));
#8234=DIRECTION('',(1.,0.,0.));
#8235=DIRECTION('',(0.,0.,-1.));
#8236=DIRECTION('',(1.,0.,0.));
#8237=DIRECTION('',(0.,0.,-1.));
#8238=DIRECTION('',(0.,1.,0.));
#8239=DIRECTION('',(-1.,0.,0.));
#8240=DIRECTION('',(-1.,0.,0.));
#8241=DIRECTION('',(0.,0.,1.));
#8242=DIRECTION('',(-1.,0.,0.));
#8243=DIRECTION('',(0.,0.,1.));
#8244=DIRECTION('',(0.,0.,1.));
#8245=DIRECTION('',(0.,-1.,0.));
#8246=DIRECTION('',(0.,-1.,0.));
#8247=DIRECTION('',(0.,-1.,0.));
#8248=DIRECTION('',(1.,0.,0.));
#8249=DIRECTION('',(0.,0.,1.));
#8250=DIRECTION('',(0.,-1.,0.));
#8251=DIRECTION('',(0.,-1.,0.));
#8252=DIRECTION('',(0.,-1.,0.));
#8253=DIRECTION('',(1.,0.,0.));
#8254=DIRECTION('',(0.,1.,0.));
#8255=DIRECTION('',(-1.,0.,0.));
#8256=DIRECTION('',(-1.,0.,0.));
#8257=DIRECTION('',(0.,0.,-1.));
#8258=DIRECTION('',(1.,0.,0.));
#8259=DIRECTION('',(0.,0.,-1.));
#8260=DIRECTION('',(0.,-1.,0.));
#8261=DIRECTION('',(1.,0.,0.));
#8262=DIRECTION('',(-1.,0.,0.));
#8263=DIRECTION('',(0.,0.,-1.));
#8264=DIRECTION('',(-1.,0.,0.));
#8265=DIRECTION('',(0.,0.,-1.));
#8266=DIRECTION('',(0.,0.,1.));
#8267=DIRECTION('',(0.,-1.,0.));
#8268=DIRECTION('',(0.,-1.,0.));
#8269=DIRECTION('',(0.,-1.,0.));
#8270=DIRECTION('',(0.,0.,1.));
#8271=DIRECTION('',(0.,-1.,0.));
#8272=DIRECTION('',(0.,-1.,0.));
#8273=DIRECTION('',(1.,0.,0.));
#8274=DIRECTION('',(0.,-1.,0.));
#8275=DIRECTION('',(0.991671079072554,-6.90589189144973E-15,-0.12879623803154));
#8276=DIRECTION('',(-0.992643990545866,0.0526710529043906,-0.109012238850148));
#8277=DIRECTION('',(0.991671079072552,3.45294594572483E-15,0.128796238031549));
#8278=DIRECTION('',(0.,0.,1.));
#8279=DIRECTION('',(0.,-1.,0.));
#8280=DIRECTION('',(0.,-1.,0.));
#8281=DIRECTION('',(1.,0.,0.));
#8282=DIRECTION('',(0.,-1.,0.));
#8283=DIRECTION('',(0.00984000532836263,0.86233046695188,0.506250274134929));
#8284=DIRECTION('',(0.,0.506274784933951,-0.862372217861917));
#8285=DIRECTION('',(0.999936880021991,-0.0112313459682199,-0.000304695961761297));
#8286=DIRECTION('',(0.,0.506274784933951,-0.862372217861917));
#8287=DIRECTION('',(0.99995158597561,-0.00848574721878869,-0.00498174658136906));
#8288=DIRECTION('',(0.00984000532836263,0.86233046695188,0.506250274134929));
#8289=DIRECTION('',(-0.0178493967245828,0.506345593683796,-0.862145891826652));
#8290=DIRECTION('',(1.,0.,0.));
#8291=DIRECTION('',(0.,0.,1.));
#8292=DIRECTION('',(0.,-1.,0.));
#8293=DIRECTION('',(0.,0.,1.));
#8294=DIRECTION('',(0.,0.,1.));
#8295=DIRECTION('',(0.,-1.,0.));
#8296=DIRECTION('',(0.,0.,1.));
#8297=DIRECTION('',(1.,0.,0.));
#8298=DIRECTION('',(0.,0.,-1.));
#8299=DIRECTION('',(0.,-0.506274784933951,0.862372217861917));
#8300=DIRECTION('',(0.,-0.862372217861917,-0.506274784933951));
#8301=DIRECTION('',(0.99995158597561,-0.00848574721878869,-0.00498174658136906));
#8302=DIRECTION('',(0.,-0.506274784933951,0.862372217861917));
#8303=DIRECTION('',(0.,0.862372217861917,0.506274784933951));
#8304=DIRECTION('',(0.,0.862372217861917,0.506274784933951));
#8305=DIRECTION('',(1.,0.,0.));
#8306=DIRECTION('',(0.,0.,1.));
#8307=DIRECTION('',(0.,-0.999632209806689,-0.0271190913748316));
#8308=DIRECTION('',(0.,0.506274784933951,-0.862372217861917));
#8309=DIRECTION('',(0.,0.0271190913748316,-0.999632209806689));
#8310=DIRECTION('',(0.,0.999632209806689,0.0271190913748316));
#8311=DIRECTION('',(0.,0.999632209806689,0.0271190913748316));
#8312=DIRECTION('',(-0.999936880021991,0.0112313459682199,0.000304695961761297));
#8313=DIRECTION('',(0.,0.999632209806689,0.0271190913748316));
#8314=DIRECTION('',(1.,0.,0.));
#8315=DIRECTION('',(0.00984000532836263,0.86233046695188,0.506250274134929));
#8316=DIRECTION('',(-0.0178493967245828,0.506345593683796,-0.862145891826652));
#8317=DIRECTION('',(0.,0.,1.));
#8318=DIRECTION('',(0.,-1.,0.));
#8319=DIRECTION('',(1.,0.,0.));
#8320=DIRECTION('',(0.,-1.,-6.480688943452E-17));
#8321=DIRECTION('',(1.,0.,0.));
#8322=DIRECTION('',(0.,0.,1.));
#8323=DIRECTION('',(0.,0.,1.));
#8324=DIRECTION('',(0.,0.,1.));
#8325=DIRECTION('',(0.,1.,0.));
#8326=DIRECTION('',(0.,0.,1.));
#8327=DIRECTION('',(0.,-1.,0.));
#8328=DIRECTION('',(0.00984000532836263,0.86233046695188,0.506250274134929));
#8329=DIRECTION('',(0.,0.506274784933951,-0.862372217861917));
#8330=DIRECTION('',(0.,0.506274784934715,-0.862372217861468));
#8331=DIRECTION('',(0.999934901527043,-0.0114102019308462,-1.66132587568637E-18));
#8332=DIRECTION('',(0.00984000532836263,0.86233046695188,0.506250274134929));
#8333=DIRECTION('',(0.0248788515801157,-0.506329190146763,0.86198131879373));
#8334=DIRECTION('',(0.00984000532836263,0.86233046695188,0.506250274134929));
#8335=DIRECTION('',(-0.0178493967245728,0.506345593683838,-0.862145891826627));
#8336=DIRECTION('',(-0.999936880021991,0.01123134596822,0.000304695961761183));
#8337=DIRECTION('',(0.,0.999632209806689,0.0271190913748316));
#8338=DIRECTION('',(1.,0.,0.));
#8339=DIRECTION('',(0.,0.999632209806689,0.0271190913748316));
#8340=DIRECTION('',(-0.00934264183017771,-0.876002968200821,-0.482215216212622));
#8341=DIRECTION('',(-0.0181146822198571,0.482305395138638,-0.87581582773334));
#8342=DIRECTION('',(0.,-1.,0.));
#8343=DIRECTION('',(0.,0.,1.));
#8344=DIRECTION('',(0.,-1.,0.));
#8345=DIRECTION('',(0.,0.,1.));
#8346=DIRECTION('',(0.,0.,-1.));
#8347=DIRECTION('',(0.,0.,-1.));
#8348=DIRECTION('',(1.,0.,0.));
#8349=DIRECTION('',(0.,0.,1.));
#8350=DIRECTION('',(0.,1.,0.));
#8351=DIRECTION('',(0.,0.,-1.));
#8352=DIRECTION('',(1.,0.,0.));
#8353=DIRECTION('',(0.,-1.,0.));
#8354=DIRECTION('',(0.,0.,-1.));
#8355=DIRECTION('',(0.,-1.,0.));
#8356=DIRECTION('',(0.,0.,-1.));
#8357=DIRECTION('',(1.,0.,0.));
#8358=DIRECTION('',(0.,-1.,0.));
#8359=DIRECTION('',(0.,0.,-1.));
#8360=DIRECTION('',(1.,0.,0.));
#8361=DIRECTION('',(0.,1.,0.));
#8362=DIRECTION('',(0.,0.,1.));
#8363=DIRECTION('',(0.,0.,1.));
#8364=DIRECTION('',(0.,1.,0.));
#8365=DIRECTION('',(0.,0.,-1.));
#8366=DIRECTION('',(1.,0.,0.));
#8367=DIRECTION('',(0.,-1.,0.));
#8368=DIRECTION('',(0.,0.,-1.));
#8369=DIRECTION('',(0.,0.,1.));
#8370=DIRECTION('',(0.,-1.,0.));
#8371=DIRECTION('',(0.,0.,1.));
#8372=DIRECTION('',(0.,-1.,0.));
#8373=DIRECTION('',(0.,0.,1.));
#8374=DIRECTION('',(0.,1.,0.));
#8375=DIRECTION('',(0.,0.,1.));
#8376=DIRECTION('',(0.,-1.,0.));
#8377=DIRECTION('',(0.00411149292631553,-0.999991541471936,-0.000112296478113442));
#8378=DIRECTION('',(0.999991547777132,0.00411149295223952,0.));
#8379=DIRECTION('',(0.,-1.,0.));
#8380=DIRECTION('',(0.999627213411288,0.,-0.0273026410367773));
#8381=DIRECTION('',(0.,0.0271190913748316,-0.999632209806689));
#8382=DIRECTION('',(0.,0.999632209806689,0.0271190913748316));
#8383=DIRECTION('',(1.,0.,0.));
#8384=DIRECTION('',(0.,0.999632209806689,0.0271190913748316));
#8385=DIRECTION('',(0.999936880021991,0.01123134596822,0.000304695961761182));
#8386=DIRECTION('',(-0.999936880021991,0.01123134596822,0.000304695961761182));
#8387=DIRECTION('',(0.,0.,1.));
#8388=DIRECTION('',(0.,-1.,0.));
#8389=DIRECTION('',(0.999934901527043,-0.0114102019308462,0.));
#8390=DIRECTION('',(-0.999934901527043,-0.0114102019308462,0.));
#8391=DIRECTION('',(1.,0.,0.));
#8392=DIRECTION('',(0.,-1.,0.));
#8393=DIRECTION('',(1.,0.,0.));
#8394=DIRECTION('',(0.,-1.,0.));
#8395=DIRECTION('',(0.,0.,1.));
#8396=DIRECTION('',(-1.,0.,0.));
#8397=DIRECTION('',(0.,1.,0.));
#8398=DIRECTION('',(0.,0.,-1.));
#8399=DIRECTION('',(0.,0.,1.));
#8400=DIRECTION('',(0.,-1.,0.));
#8401=DIRECTION('',(0.,0.,1.));
#8402=DIRECTION('',(0.,-1.,0.));
#8403=DIRECTION('',(-0.999627213411288,0.,-0.0273026410367773));
#8404=DIRECTION('',(0.,1.,0.));
#8405=DIRECTION('',(0.,0.,1.));
#8406=DIRECTION('',(0.,-1.,0.));
#8407=DIRECTION('',(0.,0.,-1.));
#8408=DIRECTION('',(0.00411149292631553,-0.999991541471936,-0.000112296478113442));
#8409=DIRECTION('',(0.999991547777132,0.00411149295223952,0.));
#8410=DIRECTION('',(0.00984000532836263,0.86233046695188,0.506250274134929));
#8411=DIRECTION('',(0.0248788515801157,-0.506329190146763,0.86198131879373));
#8412=DIRECTION('',(0.00984000532836263,0.86233046695188,0.506250274134929));
#8413=DIRECTION('',(0.0248788515801157,-0.506329190146763,0.86198131879373));
#8414=DIRECTION('',(0.,-1.,0.));
#8415=DIRECTION('',(0.999627213411288,0.,-0.0273026410367773));
#8416=DIRECTION('',(0.00984000532836263,0.86233046695188,0.506250274134929));
#8417=DIRECTION('',(0.0248788515801157,-0.506329190146763,0.86198131879373));
#8418=DIRECTION('',(0.,-0.506274784933951,0.862372217861917));
#8419=DIRECTION('',(0.00476732651827659,-0.862362418066144,-0.506269031745949));
#8420=DIRECTION('',(0.00984000532836263,0.86233046695188,0.506250274134929));
#8421=DIRECTION('',(0.,0.506274784933951,-0.862372217861917));
#8422=DIRECTION('',(0.99995158597561,-0.00848574721879316,-0.00498174658136572));
#8423=DIRECTION('',(0.,0.506274784934715,-0.862372217861468));
#8424=DIRECTION('',(0.999936880021991,-0.01123134596822,-0.000304695961761181));
#8425=DIRECTION('',(0.00984000532836263,0.86233046695188,0.506250274134929));
#8426=DIRECTION('',(-0.0178493967245728,0.506345593683838,-0.862145891826627));
#8427=DIRECTION('',(1.,0.,0.));
#8428=DIRECTION('',(0.,0.,1.));
#8429=DIRECTION('',(0.,-1.,0.));
#8430=DIRECTION('',(0.,0.,1.));
#8431=DIRECTION('',(0.,0.999632209806689,0.0271190913748316));
#8432=DIRECTION('',(0.,-0.506274784933951,0.862372217861917));
#8433=DIRECTION('',(0.,-0.862372217861917,-0.506274784933951));
#8434=DIRECTION('',(0.99995158597561,-0.00848574721879316,-0.00498174658136572));
#8435=DIRECTION('',(0.,0.862372217861917,0.506274784933951));
#8436=DIRECTION('',(1.,0.,0.));
#8437=DIRECTION('',(0.,0.,1.));
#8438=DIRECTION('',(0.,-0.999632209806689,-0.0271190913748316));
#8439=DIRECTION('',(0.,0.506274784934715,-0.862372217861468));
#8440=DIRECTION('',(0.,0.0271190913748316,-0.999632209806689));
#8441=DIRECTION('',(0.,0.999632209806689,0.0271190913748316));
#8442=DIRECTION('',(0.,0.999632209806689,0.0271190913748316));
#8443=DIRECTION('',(-0.999936880021991,0.01123134596822,0.000304695961761182));
#8444=DIRECTION('',(0.,0.999632209806689,0.0271190913748316));
#8445=DIRECTION('',(1.,0.,0.));
#8446=DIRECTION('',(0.00984000532836263,0.86233046695188,0.506250274134929));
#8447=DIRECTION('',(-0.0178493967245728,0.506345593683838,-0.862145891826627));
#8448=DIRECTION('',(0.00984000532836263,0.86233046695188,0.506250274134929));
#8449=DIRECTION('',(0.,0.506274784933951,-0.862372217861917));
#8450=DIRECTION('',(0.999934901527043,-0.0114102019308462,0.));
#8451=DIRECTION('',(0.,0.506274784934715,-0.862372217861468));
#8452=DIRECTION('',(-0.999936880021991,0.01123134596822,0.000304695961761182));
#8453=DIRECTION('',(0.00984000532836263,0.86233046695188,0.506250274134929));
#8454=DIRECTION('',(-0.0178493967245728,0.506345593683838,-0.862145891826627));
#8455=DIRECTION('',(0.,0.999632209806689,0.0271190913748316));
#8456=DIRECTION('',(1.,0.,0.));
#8457=DIRECTION('',(0.,0.999632209806689,0.0271190913748316));
#8458=DIRECTION('',(0.,-1.,0.));
#8459=DIRECTION('',(0.,0.,1.));
#8460=DIRECTION('',(0.,0.999632209806689,0.0271190913748316));
#8461=DIRECTION('',(0.,0.0271190913748316,-0.999632209806689));
#8462=DIRECTION('',(0.,-1.,0.));
#8463=DIRECTION('',(0.,0.,1.));
#8464=DIRECTION('',(0.,0.999632209806689,0.0271190913748316));
#8465=DIRECTION('',(0.,-1.,0.));
#8466=DIRECTION('',(0.,0.,1.));
#8467=DIRECTION('',(0.,-1.,0.));
#8468=DIRECTION('',(0.,-1.,0.));
#8469=DIRECTION('',(0.,0.,-1.));
#8470=DIRECTION('',(0.,-1.,0.));
#8471=DIRECTION('',(0.,0.,1.));
#8472=DIRECTION('',(1.,0.,0.));
#8473=DIRECTION('',(1.,0.,0.));
#8474=DIRECTION('',(0.,0.0271190913748316,-0.999632209806689));
#8475=DIRECTION('',(0.,0.999632209806689,0.0271190913748316));
#8476=DIRECTION('',(-1.,8.63616334782014E-14,2.34291072916505E-15));
#8477=DIRECTION('',(-0.519309782592786,-0.854271760843548,-0.0231755976988122));
#8478=DIRECTION('',(-0.849321856564733,0.527681201509312,0.0143154998209584));
#8479=DIRECTION('',(0.,-0.0271190913748316,0.999632209806689));
#8480=DIRECTION('',(0.,0.999632209806689,0.0271190913748316));
#8481=DIRECTION('',(1.,-2.25870506389289E-15,-6.12765659365373E-17));
#8482=DIRECTION('',(0.,-0.0271190913748316,0.999632209806689));
#8483=DIRECTION('',(-8.63934081264771E-14,0.999632209806689,0.0271190913748316));
#8484=DIRECTION('',(0.906248225045642,0.422590487528154,0.0114644865711428));
#8485=DIRECTION('',(1.,-2.25514051876985E-15,-6.11798631452975E-17));
#8486=DIRECTION('',(0.,-0.0271190913748316,0.999632209806689));
#8487=DIRECTION('',(8.63934081264771E-14,-0.999632209806689,-0.0271190913748316));
#8488=DIRECTION('',(0.906248225045642,0.422590487528154,0.0114644865711428));
#8489=DIRECTION('',(0.,-0.0271190913748316,0.999632209806689));
#8490=DIRECTION('',(-8.63934081264771E-14,0.999632209806689,0.0271190913748316));
#8491=DIRECTION('',(0.190741371375112,0.981279288119502,0.0266211936927169));
#8492=DIRECTION('',(0.,-0.0271190913748316,0.999632209806689));
#8493=DIRECTION('',(-8.63934081264771E-14,0.999632209806689,0.0271190913748316));
#8494=DIRECTION('',(1.,-2.19224885678589E-15,-5.94736708964625E-17));
#8495=DIRECTION('',(0.,-0.0271190913748316,0.999632209806689));
#8496=DIRECTION('',(8.63934081264771E-14,-0.999632209806689,-0.0271190913748316));
#8497=DIRECTION('',(0.514898876515905,-0.856935635670756,-0.0232478661432875));
#8498=DIRECTION('',(0.0523167602855389,-0.998263254067502,-0.0270819528798782));
#8499=DIRECTION('',(-1.,2.31296463463574E-15,6.27485775849206E-17));
#8500=DIRECTION('',(-0.0523167602855389,-0.998263254067502,-0.0270819528798782));
#8501=DIRECTION('',(-0.514898876515905,-0.856935635670756,-0.0232478661432875));
#8502=DIRECTION('',(0.,0.0271190913748316,-0.999632209806689));
#8503=DIRECTION('',(-8.63934081264771E-14,-0.999632209806689,-0.0271190913748316));
#8504=DIRECTION('',(-1.,-2.19224885678589E-15,-5.94736708964625E-17));
#8505=DIRECTION('',(0.,0.0271190913748316,-0.999632209806689));
#8506=DIRECTION('',(8.63934081264771E-14,0.999632209806689,0.0271190913748316));
#8507=DIRECTION('',(-0.190741371375112,0.981279288119502,0.0266211936927169));
#8508=DIRECTION('',(0.,0.0271190913748316,-0.999632209806689));
#8509=DIRECTION('',(8.63934081264771E-14,0.999632209806689,0.0271190913748316));
#8510=DIRECTION('',(-0.906248225045642,0.422590487528154,0.0114644865711428));
#8511=DIRECTION('',(0.,0.0271190913748316,-0.999632209806689));
#8512=DIRECTION('',(-8.63934081264771E-14,-0.999632209806689,-0.0271190913748316));
#8513=DIRECTION('',(-1.,-2.25514051876985E-15,-6.11798631452975E-17));
#8514=DIRECTION('',(-0.906248225045642,0.422590487528154,0.0114644865711428));
#8515=DIRECTION('',(0.,0.0271190913748316,-0.999632209806689));
#8516=DIRECTION('',(8.63934081264771E-14,0.999632209806689,0.0271190913748316));
#8517=DIRECTION('',(-1.,-2.25870506389289E-15,-6.12765659365373E-17));
#8518=DIRECTION('',(0.,0.0271190913748316,-0.999632209806689));
#8519=DIRECTION('',(0.,0.999632209806689,0.0271190913748316));
#8520=DIRECTION('',(0.849321856564733,0.527681201509312,0.0143154998209584));
#8521=DIRECTION('',(0.519309782592786,-0.854271760843548,-0.0231755976988122));
#8522=DIRECTION('',(0.999936880021991,0.01123134596822,0.000304695961761182));
#8523=DIRECTION('',(0.,0.999632209806689,0.0271190913748316));
#8524=DIRECTION('',(-1.,0.,0.));
#8525=DIRECTION('',(0.,0.999632209806689,0.0271190913748316));
#8526=DIRECTION('',(0.,0.,1.));
#8527=DIRECTION('',(0.,-1.,0.));
#8528=DIRECTION('',(0.,-1.,0.));
#8529=DIRECTION('',(-1.,0.,0.));
#8530=DIRECTION('',(-0.999934901527043,-0.0114102019308462,0.));
#8531=DIRECTION('',(0.,0.,-1.));
#8532=DIRECTION('',(-1.,0.,0.));
#8533=DIRECTION('',(0.,1.,0.));
#8534=DIRECTION('',(0.,1.,0.));
#8535=DIRECTION('',(0.,-1.,0.));
#8536=DIRECTION('',(1.,0.,0.));
#8537=DIRECTION('',(0.,-1.,0.));
#8538=DIRECTION('',(-1.,0.,0.));
#8539=DIRECTION('',(0.,-1.,0.));
#8540=DIRECTION('',(1.,0.,0.));
#8541=DIRECTION('',(0.,-1.,0.));
#8542=DIRECTION('',(-1.,0.,0.));
#8543=DIRECTION('',(0.,0.155610722237027,-0.987818456562172));
#8544=DIRECTION('',(0.,-0.987818456562172,-0.155610722237027));
#8545=DIRECTION('',(0.,-0.987818456562172,-0.155610722237027));
#8546=DIRECTION('',(1.,0.,0.));
#8547=DIRECTION('',(0.,-0.987818456562172,-0.155610722237027));
#8548=DIRECTION('',(-1.,0.,0.));
#8549=DIRECTION('',(0.,0.,-1.));
#8550=DIRECTION('',(0.,0.,1.));
#8551=DIRECTION('',(-1.,0.,0.));
#8552=DIRECTION('',(0.,0.,-1.));
#8553=DIRECTION('',(0.,0.,1.));
#8554=DIRECTION('',(0.,-1.,0.));
#8555=DIRECTION('',(0.,0.,1.));
#8556=DIRECTION('',(0.,1.,0.));
#8557=DIRECTION('',(0.,0.,1.));
#8558=DIRECTION('',(-0.999936880021991,0.01123134596822,0.000304695961761182));
#8559=DIRECTION('',(-0.0112313464895771,-0.999936926438879,0.));
#8560=DIRECTION('',(1.,0.,0.));
#8561=DIRECTION('',(0.,0.999632209806689,0.0271190913748316));
#8562=DIRECTION('',(0.999936880021991,-0.0112313459682208,-0.000304695961761189));
#8563=DIRECTION('',(0.0112313464895778,0.999936926438879,0.));
#8564=DIRECTION('',(0.999934901527043,-0.0114102019308462,0.));
#8565=DIRECTION('',(0.0114102019308462,0.999934901527043,0.));
#8566=DIRECTION('',(1.,0.,0.));
#8567=DIRECTION('',(0.,-1.,0.));
#8568=DIRECTION('',(-2.31296463463574E-15,-1.,5.4190696586674E-30));
#8569=DIRECTION('',(-1.,2.31296463463574E-15,2.34291072916505E-15));
#8570=DIRECTION('',(2.34291072916505E-15,0.,-1.));
#8571=DIRECTION('',(-1.,2.31296463463574E-15,2.34291072916505E-15));
#8572=DIRECTION('',(-2.34291072916505E-15,0.,-1.));
#8573=DIRECTION('',(0.998629534754574,-0.0523359562429426,-2.33969985143759E-15));
#8574=DIRECTION('',(-0.0523359562429426,-0.998629534754574,1.22618473402703E-16));
#8575=DIRECTION('',(-0.0523359562429426,-0.998629534754574,1.22618473402703E-16));
#8576=DIRECTION('',(-2.34291072916505E-15,0.,-1.));
#8577=DIRECTION('',(-2.34291072916505E-15,0.,-1.));
#8578=DIRECTION('',(-1.,0.,2.34291072916505E-15));
#8579=DIRECTION('',(-2.34291072916505E-15,0.,-1.));
#8580=DIRECTION('',(2.34291072916505E-15,0.,1.));
#8581=DIRECTION('',(1.,0.,-2.34291072916505E-15));
#8582=DIRECTION('',(-2.34291072916505E-15,0.,-1.));
#8583=DIRECTION('',(2.34291072916505E-15,0.,1.));
#8584=DIRECTION('',(1.,0.,-2.34291072916505E-15));
#8585=DIRECTION('',(2.34291072916505E-15,0.,1.));
#8586=DIRECTION('',(2.34291072916505E-15,0.,1.));
#8587=DIRECTION('',(1.,0.,-2.34291072916505E-15));
#8588=DIRECTION('',(2.34291072916505E-15,0.,1.));
#8589=DIRECTION('',(2.19224885678589E-15,-1.,-5.13624336756347E-30));
#8590=DIRECTION('',(-1.,-2.19224885678589E-15,2.34291072916505E-15));
#8591=DIRECTION('',(-1.,-2.19224885678589E-15,2.34291072916505E-15));
#8592=DIRECTION('',(2.34291072916505E-15,0.,1.));
#8593=DIRECTION('',(1.,0.,-2.34291072916505E-15));
#8594=DIRECTION('',(-2.34291072916505E-15,0.,-1.));
#8595=DIRECTION('',(2.34291072916505E-15,0.,1.));
#8596=DIRECTION('',(1.,0.,-2.34291072916505E-15));
#8597=DIRECTION('',(-2.34291072916505E-15,0.,-1.));
#8598=DIRECTION('',(-0.981627183447663,-0.190808995376548,2.2998648601396E-15));
#8599=DIRECTION('',(-0.190808995376548,0.981627183447663,4.47048442488919E-16));
#8600=DIRECTION('',(-0.190808995376548,0.981627183447663,4.47048442488919E-16));
#8601=DIRECTION('',(-2.34291072916505E-15,0.,-1.));
#8602=DIRECTION('',(-1.,0.,2.34291072916505E-15));
#8603=DIRECTION('',(-2.34291072916505E-15,0.,-1.));
#8604=DIRECTION('',(2.34291072916505E-15,0.,1.));
#8605=DIRECTION('',(1.,0.,-2.34291072916505E-15));
#8606=DIRECTION('',(2.34291072916505E-15,0.,1.));
#8607=DIRECTION('',(2.25514051876985E-15,-1.,-5.28359291720071E-30));
#8608=DIRECTION('',(-1.,-2.25514051876985E-15,2.34291072916505E-15));
#8609=DIRECTION('',(2.34291072916505E-15,0.,1.));
#8610=DIRECTION('',(1.,0.,-2.34291072916505E-15));
#8611=DIRECTION('',(-2.34291072916505E-15,0.,-1.));
#8612=DIRECTION('',(2.34291072916505E-15,0.,1.));
#8613=DIRECTION('',(1.,0.,-2.34291072916505E-15));
#8614=DIRECTION('',(-2.34291072916505E-15,0.,-1.));
#8615=DIRECTION('',(-0.422618261740697,-0.906307787036651,9.90156859773361E-16));
#8616=DIRECTION('',(-0.906307787036651,0.422618261740697,2.123398238174E-15));
#8617=DIRECTION('',(-0.906307787036651,0.422618261740697,2.123398238174E-15));
#8618=DIRECTION('',(-0.422618261740697,-0.906307787036651,9.90156859773361E-16));
#8619=DIRECTION('',(-0.906307787036651,0.422618261740697,2.123398238174E-15));
#8620=DIRECTION('',(-0.906307787036651,0.422618261740697,2.123398238174E-15));
#8621=DIRECTION('',(0.,1.,0.));
#8622=DIRECTION('',(-2.34291072916505E-15,0.,-1.));
#8623=DIRECTION('',(2.25870506389289E-15,-1.,-5.29194432821408E-30));
#8624=DIRECTION('',(-1.,-2.25870506389289E-15,2.34291072916505E-15));
#8625=DIRECTION('',(0.,1.,0.));
#8626=DIRECTION('',(-0.527735279608288,0.849408897208383,1.23643664875318E-15));
#8627=DIRECTION('',(0.849408897208383,0.527735279608288,-1.99008921871777E-15));
#8628=DIRECTION('',(-0.527735279608288,0.849408897208383,1.23643664875318E-15));
#8629=DIRECTION('',(0.849408897208383,0.527735279608288,-1.99008921871777E-15));
#8630=DIRECTION('',(0.849408897208383,0.527735279608288,-1.99008921871777E-15));
#8631=DIRECTION('',(-2.34291072916505E-15,0.,-1.));
#8632=DIRECTION('',(2.25870506389289E-15,-1.,-5.29194432821408E-30));
#8633=DIRECTION('',(-1.,-2.25870506389289E-15,2.34291072916505E-15));
#8634=DIRECTION('',(-1.,-2.25870506389289E-15,2.34291072916505E-15));
#8635=DIRECTION('',(0.854501271540627,0.519449301602621,-2.00202019717771E-15));
#8636=DIRECTION('',(0.519449301602621,-0.854501271540628,-1.21702334198207E-15));
#8637=DIRECTION('',(0.519449301602621,-0.854501271540628,-1.21702334198207E-15));
#8638=DIRECTION('',(-1.,0.,2.34291072916505E-15));
#8639=DIRECTION('',(2.34291072916505E-15,0.,1.));
#8640=DIRECTION('',(-2.34291072916505E-15,0.,-1.));
#8641=DIRECTION('',(0.,1.,0.));
#8642=DIRECTION('',(-2.34291072916505E-15,0.,-1.));
#8643=DIRECTION('',(6.35376101473002E-17,0.999632209806689,0.0271190913748316));
#8644=DIRECTION('',(1.,0.,-2.34291072916505E-15));
#8645=DIRECTION('',(-2.34291072916505E-15,0.,-1.));
#8646=DIRECTION('',(-2.34291072916505E-15,0.,-1.));
#8647=DIRECTION('',(0.,-1.,0.));
#8648=DIRECTION('',(-2.34291072916505E-15,0.,-1.));
#8649=DIRECTION('',(-6.35376101473002E-17,-0.999632209806689,-0.0271190913748316));
#8650=DIRECTION('',(0.,1.,0.));
#8651=DIRECTION('',(-2.34291072916505E-15,0.,-1.));
#8652=DIRECTION('',(1.,0.,0.));
#8653=DIRECTION('',(1.,0.,-2.34291072916505E-15));
#8654=DIRECTION('',(-2.34291072916505E-15,0.,-1.));
#8655=DIRECTION('',(-1.,0.,2.34291072916505E-15));
#8656=DIRECTION('',(1.,0.,-2.34291072916505E-15));
#8657=DIRECTION('',(0.0523359562429426,-0.998629534754574,1.22618473402703E-16));
#8658=DIRECTION('',(0.515038074910053,-0.857167300702113,1.20668823163527E-15));
#8659=DIRECTION('',(2.34291072916505E-15,0.,-1.));
#8660=DIRECTION('',(-1.,0.,-2.34291072916505E-15));
#8661=DIRECTION('',(1.,-2.19224885678589E-15,2.34291072916505E-15));
#8662=DIRECTION('',(2.34291072916505E-15,0.,-1.));
#8663=DIRECTION('',(-1.,0.,-2.34291072916505E-15));
#8664=DIRECTION('',(0.190808995376548,0.981627183447663,4.47048442488919E-16));
#8665=DIRECTION('',(2.34291072916505E-15,0.,-1.));
#8666=DIRECTION('',(-1.,0.,-2.34291072916505E-15));
#8667=DIRECTION('',(0.906307787036651,0.422618261740697,2.123398238174E-15));
#8668=DIRECTION('',(2.34291072916505E-15,0.,-1.));
#8669=DIRECTION('',(-1.,0.,-2.34291072916505E-15));
#8670=DIRECTION('',(0.906307787036651,0.422618261740697,2.123398238174E-15));
#8671=DIRECTION('',(2.34291072916505E-15,0.,-1.));
#8672=DIRECTION('',(-1.,0.,-2.34291072916505E-15));
#8673=DIRECTION('',(1.,-2.25870506389289E-15,2.34291072916505E-15));
#8674=DIRECTION('',(0.,1.,0.));
#8675=DIRECTION('',(-0.849408897208383,0.527735279608288,-1.99008921871777E-15));
#8676=DIRECTION('',(-0.519449301602621,-0.854501271540628,-1.21702334198207E-15));
#8677=DIRECTION('',(-0.515038074910053,-0.857167300702113,1.20668823163527E-15));
#8678=DIRECTION('',(-1.,0.,-2.34291072916505E-15));
#8679=DIRECTION('',(0.,-1.,0.));
#8680=DIRECTION('',(-1.,0.,-2.34291072916505E-15));
#8681=DIRECTION('',(0.,1.,0.));
#8682=DIRECTION('',(0.,1.,0.));
#8683=DIRECTION('',(-2.34291072916505E-15,0.,-1.));
#8684=DIRECTION('',(1.,0.,0.));
#8685=DIRECTION('',(0.857167300702113,-0.515038074910053,-2.00826646550442E-15));
#8686=DIRECTION('',(-0.515038074910053,-0.857167300702113,1.20668823163527E-15));
#8687=DIRECTION('',(0.,0.0271190913748316,-0.999632209806689));
#8688=DIRECTION('',(0.,0.999632209806689,0.0271190913748316));
#8689=DIRECTION('',(0.,0.,1.));
#8690=DIRECTION('',(0.,-1.,0.));
#8691=DIRECTION('',(0.,1.,0.));
#8692=DIRECTION('',(0.,1.,0.));
#8693=DIRECTION('',(-0.00984000532836263,0.86233046695188,0.506250274134929));
#8694=DIRECTION('',(0.,0.506274784933951,-0.862372217861917));
#8695=DIRECTION('',(-0.999936880021991,-0.0112313459682199,-0.000304695961761297));
#8696=DIRECTION('',(0.00984000532836263,-0.86233046695188,-0.506250274134929));
#8697=DIRECTION('',(0.0178493967245828,0.506345593683796,-0.862145891826652));
#8698=DIRECTION('',(-0.99995158597561,-0.00848574721878869,-0.00498174658136906));
#8699=DIRECTION('',(0.,0.506274784933951,-0.862372217861917));
#8700=DIRECTION('',(-1.,0.,0.));
#8701=DIRECTION('',(0.,0.,1.));
#8702=DIRECTION('',(0.,-1.,0.));
#8703=DIRECTION('',(0.,0.,-1.));
#8704=DIRECTION('',(0.,-1.,0.));
#8705=DIRECTION('',(0.,0.,1.));
#8706=DIRECTION('',(0.,0.,1.));
#8707=DIRECTION('',(1.,0.,0.));
#8708=DIRECTION('',(0.,-0.506274784933951,0.862372217861917));
#8709=DIRECTION('',(0.,-0.862372217861917,-0.506274784933951));
#8710=DIRECTION('',(-0.99995158597561,-0.00848574721878869,-0.00498174658136906));
#8711=DIRECTION('',(0.,0.862372217861917,0.506274784933951));
#8712=DIRECTION('',(0.,0.506274784933951,-0.862372217861917));
#8713=DIRECTION('',(0.,0.862372217861917,0.506274784933951));
#8714=DIRECTION('',(-1.,0.,0.));
#8715=DIRECTION('',(0.,0.,1.));
#8716=DIRECTION('',(0.,-0.999632209806689,-0.0271190913748316));
#8717=DIRECTION('',(0.,0.506274784933951,-0.862372217861917));
#8718=DIRECTION('',(0.,0.0271190913748316,-0.999632209806689));
#8719=DIRECTION('',(0.,0.999632209806689,0.0271190913748316));
#8720=DIRECTION('',(0.,0.999632209806689,0.0271190913748316));
#8721=DIRECTION('',(0.999936880021991,0.0112313459682199,0.000304695961761297));
#8722=DIRECTION('',(0.,0.999632209806689,0.0271190913748316));
#8723=DIRECTION('',(-1.,0.,0.));
#8724=DIRECTION('',(0.00984000532836263,-0.86233046695188,-0.506250274134929));
#8725=DIRECTION('',(0.0178493967245828,0.506345593683796,-0.862145891826652));
#8726=DIRECTION('',(0.,0.,1.));
#8727=DIRECTION('',(0.,-1.,0.));
#8728=DIRECTION('',(0.,-1.,-6.480688943452E-17));
#8729=DIRECTION('',(-1.,0.,0.));
#8730=DIRECTION('',(0.,0.,1.));
#8731=DIRECTION('',(0.,-1.,0.));
#8732=DIRECTION('',(0.,1.,0.));
#8733=DIRECTION('',(-0.00984000532836263,0.86233046695188,0.506250274134929));
#8734=DIRECTION('',(0.,0.506274784933951,-0.862372217861917));
#8735=DIRECTION('',(0.999936880021991,0.01123134596822,0.000304695961761183));
#8736=DIRECTION('',(0.00984000532836263,-0.86233046695188,-0.506250274134929));
#8737=DIRECTION('',(0.0178493967245728,0.506345593683838,-0.862145891826627));
#8738=DIRECTION('',(-0.00984000532836263,0.86233046695188,0.506250274134929));
#8739=DIRECTION('',(-0.0248788515801157,-0.506329190146763,0.86198131879373));
#8740=DIRECTION('',(-0.999934901527043,-0.0114102019308462,-1.66132587568637E-18));
#8741=DIRECTION('',(0.,0.999632209806689,0.0271190913748316));
#8742=DIRECTION('',(-1.,0.,0.));
#8743=DIRECTION('',(-0.00934264183017771,0.876002968200821,0.482215216212622));
#8744=DIRECTION('',(0.0181146822198571,0.482305395138638,-0.87581582773334));
#8745=DIRECTION('',(0.,-1.,0.));
#8746=DIRECTION('',(0.,0.,1.));
#8747=DIRECTION('',(-0.00411149292631553,-0.999991541471936,-0.000112296478113442));
#8748=DIRECTION('',(-0.999991547777132,0.00411149295223952,0.));
#8749=DIRECTION('',(-0.00411149292631553,-0.999991541471936,-0.000112296478113442));
#8750=DIRECTION('',(-0.999991547777132,0.00411149295223952,0.));
#8751=DIRECTION('',(0.00984000532836263,-0.86233046695188,-0.506250274134929));
#8752=DIRECTION('',(-0.0248788515801157,-0.506329190146763,0.86198131879373));
#8753=DIRECTION('',(0.,0.506274784933951,-0.862372217861917));
#8754=DIRECTION('',(-0.00476732651827659,-0.862362418066144,-0.506269031745949));
#8755=DIRECTION('',(0.00984000532836263,-0.86233046695188,-0.506250274134929));
#8756=DIRECTION('',(-0.0248788515801157,-0.506329190146763,0.86198131879373));
#8757=DIRECTION('',(0.,1.,0.));
#8758=DIRECTION('',(-0.999627213411288,0.,-0.0273026410367773));
#8759=DIRECTION('',(0.00984000532836263,-0.86233046695188,-0.506250274134929));
#8760=DIRECTION('',(-0.0248788515801157,-0.506329190146763,0.86198131879373));
#8761=DIRECTION('',(-0.00984000532836263,0.86233046695188,0.506250274134929));
#8762=DIRECTION('',(0.,0.506274784933951,-0.862372217861917));
#8763=DIRECTION('',(-0.99995158597561,-0.00848574721879316,-0.00498174658136572));
#8764=DIRECTION('',(0.00984000532836263,-0.86233046695188,-0.506250274134929));
#8765=DIRECTION('',(0.0178493967245728,0.506345593683838,-0.862145891826627));
#8766=DIRECTION('',(-0.999936880021991,-0.01123134596822,-0.000304695961761181));
#8767=DIRECTION('',(0.,0.506274784934715,-0.862372217861468));
#8768=DIRECTION('',(-1.,0.,0.));
#8769=DIRECTION('',(0.,0.,1.));
#8770=DIRECTION('',(0.,0.999632209806689,0.0271190913748316));
#8771=DIRECTION('',(0.,0.,1.));
#8772=DIRECTION('',(0.,-1.,0.));
#8773=DIRECTION('',(0.,-0.506274784933951,0.862372217861917));
#8774=DIRECTION('',(0.,-0.862372217861917,-0.506274784933951));
#8775=DIRECTION('',(-0.99995158597561,-0.00848574721879316,-0.00498174658136572));
#8776=DIRECTION('',(0.,0.862372217861917,0.506274784933951));
#8777=DIRECTION('',(-1.,0.,0.));
#8778=DIRECTION('',(0.,0.,1.));
#8779=DIRECTION('',(0.,-0.999632209806689,-0.0271190913748316));
#8780=DIRECTION('',(0.,0.506274784934715,-0.862372217861468));
#8781=DIRECTION('',(0.,0.0271190913748316,-0.999632209806689));
#8782=DIRECTION('',(0.,0.999632209806689,0.0271190913748316));
#8783=DIRECTION('',(0.,0.999632209806689,0.0271190913748316));
#8784=DIRECTION('',(0.999936880021991,0.01123134596822,0.000304695961761182));
#8785=DIRECTION('',(0.,0.999632209806689,0.0271190913748316));
#8786=DIRECTION('',(-1.,0.,0.));
#8787=DIRECTION('',(0.00984000532836263,-0.86233046695188,-0.506250274134929));
#8788=DIRECTION('',(0.0178493967245728,0.506345593683838,-0.862145891826627));
#8789=DIRECTION('',(-0.00984000532836263,0.86233046695188,0.506250274134929));
#8790=DIRECTION('',(0.,0.506274784933951,-0.862372217861917));
#8791=DIRECTION('',(0.00984000532836263,-0.86233046695188,-0.506250274134929));
#8792=DIRECTION('',(0.0178493967245728,0.506345593683838,-0.862145891826627));
#8793=DIRECTION('',(0.,0.999632209806689,0.0271190913748316));
#8794=DIRECTION('',(-1.,0.,0.));
#8795=DIRECTION('',(0.,1.,0.));
#8796=DIRECTION('',(0.,0.,1.));
#8797=DIRECTION('',(0.,0.999632209806689,0.0271190913748316));
#8798=DIRECTION('',(0.,0.0271190913748316,-0.999632209806689));
#8799=DIRECTION('',(0.,1.,0.));
#8800=DIRECTION('',(0.,0.,1.));
#8801=DIRECTION('',(0.,-1.,0.));
#8802=DIRECTION('',(0.,0.,1.));
#8803=DIRECTION('',(0.,1.,0.));
#8804=DIRECTION('',(0.,0.,-1.));
#8805=DIRECTION('',(0.,-1.,0.));
#8806=DIRECTION('',(0.,0.,1.));
#8807=DIRECTION('',(0.,0.155610722237027,-0.987818456562172));
#8808=DIRECTION('',(0.,-0.987818456562172,-0.155610722237027));
#8809=DIRECTION('',(0.,-0.987818456562172,-0.155610722237027));
#8810=DIRECTION('',(-1.,0.,0.));
#8811=DIRECTION('',(0.,-0.987818456562172,-0.155610722237027));
#8812=DIRECTION('',(1.,0.,0.));
#8813=DIRECTION('',(0.,0.,-1.));
#8814=DIRECTION('',(0.,0.,1.));
#8815=DIRECTION('',(1.,0.,0.));
#8816=DIRECTION('',(0.,0.,-1.));
#8817=DIRECTION('',(0.,0.,1.));
#8818=DIRECTION('',(0.,-1.,0.));
#8819=DIRECTION('',(0.,0.,1.));
#8820=DIRECTION('',(0.,1.,0.));
#8821=DIRECTION('',(0.,0.,1.));
#8822=DIRECTION('',(0.999936880021991,0.01123134596822,0.000304695961761182));
#8823=DIRECTION('',(0.0112313464895771,-0.999936926438879,0.));
#8824=DIRECTION('',(0.999936880021991,0.0112313459682208,0.000304695961761189));
#8825=DIRECTION('',(-0.0112313464895778,0.999936926438879,0.));
#8826=DIRECTION('',(-0.999934901527043,-0.0114102019308462,0.));
#8827=DIRECTION('',(-0.0114102019308462,0.999934901527043,0.));
#8828=DIRECTION('',(-0.998629534754574,-0.0523359562429426,-2.33969985143759E-15));
#8829=DIRECTION('',(0.0523359562429426,-0.998629534754574,1.22618473402703E-16));
#8830=DIRECTION('',(2.34291072916505E-15,0.,-1.));
#8831=DIRECTION('',(2.34291072916505E-15,0.,-1.));
#8832=DIRECTION('',(1.,0.,2.34291072916505E-15));
#8833=DIRECTION('',(2.34291072916505E-15,0.,-1.));
#8834=DIRECTION('',(2.34291072916505E-15,0.,-1.));
#8835=DIRECTION('',(-2.34291072916505E-15,0.,1.));
#8836=DIRECTION('',(-1.,0.,-2.34291072916505E-15));
#8837=DIRECTION('',(-2.34291072916505E-15,0.,1.));
#8838=DIRECTION('',(-2.34291072916505E-15,0.,1.));
#8839=DIRECTION('',(-2.19224885678589E-15,-1.,-5.13624336756347E-30));
#8840=DIRECTION('',(1.,-2.19224885678589E-15,2.34291072916505E-15));
#8841=DIRECTION('',(-2.34291072916505E-15,0.,1.));
#8842=DIRECTION('',(-1.,0.,-2.34291072916505E-15));
#8843=DIRECTION('',(2.34291072916505E-15,0.,-1.));
#8844=DIRECTION('',(2.34291072916505E-15,0.,-1.));
#8845=DIRECTION('',(0.981627183447663,-0.190808995376548,2.2998648601396E-15));
#8846=DIRECTION('',(0.190808995376548,0.981627183447663,4.47048442488919E-16));
#8847=DIRECTION('',(2.34291072916505E-15,0.,-1.));
#8848=DIRECTION('',(1.,0.,2.34291072916505E-15));
#8849=DIRECTION('',(-2.34291072916505E-15,0.,1.));
#8850=DIRECTION('',(2.34291072916505E-15,0.,-1.));
#8851=DIRECTION('',(-2.25514051876985E-15,-1.,-5.28359291720071E-30));
#8852=DIRECTION('',(1.,-2.25514051876985E-15,2.34291072916505E-15));
#8853=DIRECTION('',(-2.34291072916505E-15,0.,1.));
#8854=DIRECTION('',(-1.,0.,-2.34291072916505E-15));
#8855=DIRECTION('',(2.34291072916505E-15,0.,-1.));
#8856=DIRECTION('',(2.34291072916505E-15,0.,-1.));
#8857=DIRECTION('',(0.422618261740697,-0.906307787036651,9.90156859773361E-16));
#8858=DIRECTION('',(0.906307787036651,0.422618261740697,2.123398238174E-15));
#8859=DIRECTION('',(0.422618261740697,-0.906307787036651,9.90156859773361E-16));
#8860=DIRECTION('',(0.906307787036651,0.422618261740697,2.123398238174E-15));
#8861=DIRECTION('',(0.,1.,0.));
#8862=DIRECTION('',(2.34291072916505E-15,0.,-1.));
#8863=DIRECTION('',(2.25870506389289E-15,1.,5.29194432821408E-30));
#8864=DIRECTION('',(1.,-2.25870506389289E-15,2.34291072916505E-15));
#8865=DIRECTION('',(-0.527735279608288,-0.849408897208383,-1.23643664875318E-15));
#8866=DIRECTION('',(-0.849408897208383,0.527735279608288,-1.99008921871777E-15));
#8867=DIRECTION('',(0.527735279608288,0.849408897208383,1.23643664875318E-15));
#8868=DIRECTION('',(-0.849408897208383,0.527735279608288,-1.99008921871777E-15));
#8869=DIRECTION('',(2.34291072916505E-15,0.,-1.));
#8870=DIRECTION('',(-2.25870506389289E-15,-1.,-5.29194432821408E-30));
#8871=DIRECTION('',(1.,-2.25870506389289E-15,2.34291072916505E-15));
#8872=DIRECTION('',(-0.854501271540627,0.519449301602621,-2.00202019717771E-15));
#8873=DIRECTION('',(-0.519449301602621,-0.854501271540628,-1.21702334198207E-15));
#8874=DIRECTION('',(1.,0.,2.34291072916505E-15));
#8875=DIRECTION('',(-2.34291072916505E-15,0.,1.));
#8876=DIRECTION('',(2.34291072916505E-15,0.,-1.));
#8877=DIRECTION('',(-6.35376101473002E-17,0.999632209806689,0.0271190913748316));
#8878=DIRECTION('',(2.34291072916505E-15,0.,-1.));
#8879=DIRECTION('',(-1.,0.,-2.34291072916505E-15));
#8880=DIRECTION('',(2.34291072916505E-15,0.,-1.));
#8881=DIRECTION('',(2.34291072916505E-15,0.,-1.));
#8882=DIRECTION('',(6.35376101473002E-17,-0.999632209806689,-0.0271190913748316));
#8883=DIRECTION('',(2.34291072916505E-15,0.,-1.));
#8884=DIRECTION('',(0.,1.,0.));
#8885=DIRECTION('',(2.34291072916505E-15,0.,-1.));
#8886=DIRECTION('',(-1.,0.,0.));
#8887=DIRECTION('',(0.,1.,0.));
#8888=DIRECTION('',(2.34291072916505E-15,0.,-1.));
#8889=DIRECTION('',(-1.,0.,0.));
#8890=DIRECTION('',(-0.857167300702113,-0.515038074910053,-2.00826646550442E-15));
#8891=DIRECTION('',(0.515038074910053,-0.857167300702113,1.20668823163527E-15));
#8892=DIRECTION('',(0.,0.0271190913748316,-0.999632209806689));
#8893=DIRECTION('',(0.,0.999632209806689,0.0271190913748316));
#8894=DIRECTION('',(0.,0.,-1.));
#8895=DIRECTION('',(-1.,0.,0.));
#8896=DIRECTION('',(0.,0.,1.));
#8897=DIRECTION('',(1.,0.,0.));
#8898=DIRECTION('',(0.,1.,0.));
#8899=DIRECTION('',(-1.,0.,0.));
#8900=DIRECTION('',(0.,0.,1.));
#8901=DIRECTION('',(1.,0.,0.));
#8902=DIRECTION('',(-1.,0.,0.));
#8903=DIRECTION('',(0.,-1.,0.));
#8904=DIRECTION('',(0.,0.,1.));
#8905=DIRECTION('',(1.,0.,0.));
#8906=DIRECTION('',(0.,-1.,0.));
#8907=DIRECTION('',(1.,0.,0.));
#8908=DIRECTION('',(0.,0.,1.));
#8909=DIRECTION('',(1.,0.,0.));
#8910=DIRECTION('',(0.,0.,1.));
#8911=DIRECTION('',(-1.,0.,0.));
#8912=DIRECTION('',(0.,0.,1.));
#8913=DIRECTION('',(1.,0.,0.));
#8914=DIRECTION('',(1.,0.,0.));
#8915=DIRECTION('',(0.,1.,0.));
#8916=DIRECTION('',(0.,0.,1.));
#8917=DIRECTION('',(1.,0.,0.));
#8918=DIRECTION('',(-0.577350269189626,0.577350269189626,-0.577350269189626));
#8919=DIRECTION('',(-0.707106781186548,-0.707106781186547,1.66533453693773E-16));
#8920=DIRECTION('',(0.,0.,1.));
#8921=DIRECTION('',(1.,0.,0.));
#8922=DIRECTION('',(-0.718873086818576,0.585048618558824,-0.375419230954334));
#8923=DIRECTION('',(-0.631219055717027,-0.775604605259473,-3.14659178435317E-8));
#8924=DIRECTION('',(0.,0.,1.));
#8925=DIRECTION('',(1.,0.,0.));
#8926=DIRECTION('',(0.,0.,-1.));
#8927=DIRECTION('',(-1.,0.,0.));
#8928=DIRECTION('',(0.,0.,-1.));
#8929=DIRECTION('',(-1.,0.,0.));
#8930=DIRECTION('',(0.,0.,1.));
#8931=DIRECTION('',(1.,0.,0.));
#8932=DIRECTION('',(0.,1.,0.));
#8933=DIRECTION('',(-1.,0.,0.));
#8934=DIRECTION('',(0.,0.,1.));
#8935=DIRECTION('',(1.,0.,0.));
#8936=DIRECTION('',(-1.,0.,0.));
#8937=DIRECTION('',(0.,-1.,0.));
#8938=DIRECTION('',(0.,0.,1.));
#8939=DIRECTION('',(1.,0.,0.));
#8940=DIRECTION('',(0.,-1.,0.));
#8941=DIRECTION('',(1.,0.,0.));
#8942=DIRECTION('',(0.,0.,1.));
#8943=DIRECTION('',(1.,0.,0.));
#8944=DIRECTION('',(0.,0.,1.));
#8945=DIRECTION('',(-1.,0.,0.));
#8946=DIRECTION('',(0.,0.,1.));
#8947=DIRECTION('',(1.,0.,0.));
#8948=DIRECTION('',(1.,0.,0.));
#8949=DIRECTION('',(0.,1.,0.));
#8950=DIRECTION('',(0.,0.,1.));
#8951=DIRECTION('',(1.,0.,0.));
#8952=DIRECTION('',(-0.577350269189626,0.577350269189626,-0.577350269189626));
#8953=DIRECTION('',(-0.707106781186547,-0.707106781186547,1.38777878078145E-16));
#8954=DIRECTION('',(0.,0.,1.));
#8955=DIRECTION('',(1.,0.,0.));
#8956=DIRECTION('',(-0.718873086818576,0.585048618558824,-0.375419230954334));
#8957=DIRECTION('',(-0.631219055939828,-0.775604605078149,-3.07567145640952E-8));
#8958=DIRECTION('',(0.,0.,1.));
#8959=DIRECTION('',(1.,0.,0.));
#8960=CARTESIAN_POINT('',(0.,0.,0.));
#8961=CARTESIAN_POINT('',(15.5,-46.5,-7.39999999999999));
#8962=CARTESIAN_POINT('',(15.5,-46.5,-7.39999999999999));
#8963=CARTESIAN_POINT('',(6.10000000000003,-46.5,-7.39999999999999));
#8964=CARTESIAN_POINT('',(15.4652243585212,-46.5,-7.39999999999999));
#8965=CARTESIAN_POINT('',(14.,-46.5,-6.03870738663714));
#8966=CARTESIAN_POINT('',(15.5,-46.5,-7.36158304216946));
#8967=CARTESIAN_POINT('',(15.5,-46.5,-7.39999999999999));
#8968=CARTESIAN_POINT('',(15.5,-46.5,-4.63870738663714));
#8969=CARTESIAN_POINT('',(16.023,-46.5,-4.63870738663714));
#8970=CARTESIAN_POINT('',(6.10000000000003,-46.5,-4.63870738663714));
#8971=CARTESIAN_POINT('',(6.10000000000003,-46.5,-7.39999999999999));
#8972=CARTESIAN_POINT('',(4.2632564145606E-14,-31.,-7.39999999999999));
#8973=CARTESIAN_POINT('',(15.4652243585212,-23.0000738663715,-7.39999999999999));
#8974=CARTESIAN_POINT('',(15.4652243585212,-51.5,-7.39999999999999));
#8975=CARTESIAN_POINT('',(6.10000000000003,-46.5,-7.39999999999999));
#8976=CARTESIAN_POINT('',(6.10000000000003,-51.5,-7.39999999999999));
#8977=CARTESIAN_POINT('',(6.10000000000003,-51.5,-7.39999999999999));
#8978=CARTESIAN_POINT('',(15.5,-51.5,-7.39999999999999));
#8979=CARTESIAN_POINT('',(15.5,-23.0000738663715,-7.36158304216946));
#8980=CARTESIAN_POINT('',(15.5,-51.5,-7.36158304216942));
#8981=CARTESIAN_POINT('',(15.5,-51.5,-7.39999999999999));
#8982=CARTESIAN_POINT('',(15.5,-51.5,-4.63870738663714));
#8983=CARTESIAN_POINT('',(15.5,-23.0000738663715,-4.63870738663714));
#8984=CARTESIAN_POINT('',(6.10000000000003,-51.5,-7.39999999999999));
#8985=CARTESIAN_POINT('',(14.,-51.5,-6.03870738663714));
#8986=CARTESIAN_POINT('',(6.10000000000003,-51.5,-7.39999999999999));
#8987=CARTESIAN_POINT('',(6.10000000000003,-51.5,-4.63870738663714));
#8988=CARTESIAN_POINT('',(16.023,-51.5,-4.63870738663714));
#8989=CARTESIAN_POINT('',(-14.,-23.0000738663715,-6.03870738663714));
#8990=CARTESIAN_POINT('',(-16.,-23.0000738663715,-6.03870738663714));
#8991=CARTESIAN_POINT('',(-16.,-45.3,-6.03870738663714));
#8992=CARTESIAN_POINT('',(-16.,-52.5,-6.03870738663714));
#8993=CARTESIAN_POINT('',(-14.,-45.3,-6.03870738663714));
#8994=CARTESIAN_POINT('',(-15.998763826847,-45.3,-6.1090150283824));
#8995=CARTESIAN_POINT('',(-15.998763826847,-23.0000738663715,-6.1090150283824));
#8996=CARTESIAN_POINT('',(-15.998763826847,-44.1870738663715,-6.1090150283824));
#8997=CARTESIAN_POINT('',(-14.,-44.1870738663715,-6.03870738663714));
#8998=CARTESIAN_POINT('',(-14.,-44.1870738663715,-8.03870738663714));
#8999=CARTESIAN_POINT('',(-14.,-23.0000738663715,-8.03870738663714));
#9000=CARTESIAN_POINT('',(-14.,-52.5,-8.03870738663714));
#9001=CARTESIAN_POINT('',(-14.,-52.5,-6.03870738663714));
#9002=CARTESIAN_POINT('',(4.2632564145606E-14,-24.4,7.105427357601E-15));
#9003=CARTESIAN_POINT('',(14.6,-24.4,-7.19999999999999));
#9004=CARTESIAN_POINT('',(2.05140659039599,-24.4,-7.19999999999999));
#9005=CARTESIAN_POINT('',(14.4,-24.4,-7.19999999999999));
#9006=CARTESIAN_POINT('',(2.05140659039599,-24.4,-5.99999999999999));
#9007=CARTESIAN_POINT('',(2.05140659039599,-24.4,-5.99999999999999));
#9008=CARTESIAN_POINT('',(4.14385260761844E-14,-24.4,-5.99999999999999));
#9009=CARTESIAN_POINT('',(14.4,-24.4,-5.99999999999999));
#9010=CARTESIAN_POINT('',(14.4,-24.4,7.105427357601E-15));
#9011=CARTESIAN_POINT('',(-3.15407452420411,-21.1135856553234,-6.19999999999999));
#9012=CARTESIAN_POINT('',(-1.92680329545727,-23.1561079806058,-13.5));
#9013=CARTESIAN_POINT('',(-1.92680329545727,-23.1561079806058,-1.94113306782857));
#9014=CARTESIAN_POINT('',(-1.92680329545727,-23.1561079806058,7.105427357601E-15));
#9015=CARTESIAN_POINT('',(-6.89433386448031,-14.8887487766318,3.54571519778162));
#9016=CARTESIAN_POINT('',(-3.00837726294694,-21.3560666178683,-0.746488733950438));
#9017=CARTESIAN_POINT('',(-3.00837726294694,-21.3560666178683,-6.19999999999999));
#9018=CARTESIAN_POINT('',(-3.00837726294694,-21.3560666178683,7.105427357601E-15));
#9019=CARTESIAN_POINT('',(-3.15407452420411,-21.1135856553234,7.105427357601E-15));
#9020=CARTESIAN_POINT('',(-13.7121944931035,-44.1870738663715,-1.19999999999999));
#9021=CARTESIAN_POINT('',(-1.69999999999996,-44.1870738663715,-6.48870738663714));
#9022=CARTESIAN_POINT('',(-1.69999999999996,-44.1870738663715,-1.19999999999999));
#9023=CARTESIAN_POINT('',(-1.69999999999996,-44.1870738663715,7.105427357601E-15));
#9024=CARTESIAN_POINT('',(-13.7121944931035,-44.1870738663715,-1.19999999999999));
#9025=CARTESIAN_POINT('',(1.70000000000004,-44.1870738663715,-1.19999999999999));
#9026=CARTESIAN_POINT('',(1.70000000000004,-44.1870738663715,-6.48870738663714));
#9027=CARTESIAN_POINT('',(1.70000000000004,-44.1870738663715,7.105427357601E-15));
#9028=CARTESIAN_POINT('',(-13.7121944931035,-44.1870738663715,7.105427357601E-15));
#9029=CARTESIAN_POINT('',(-2.60238684512568,-32.5313461718115,-1.19999999999999));
#9030=CARTESIAN_POINT('',(-2.60238684512568,-32.5313461718115,-1.19999999999999));
#9031=CARTESIAN_POINT('',(7.60238684512577,-32.5313461718115,-1.19999999999999));
#9032=CARTESIAN_POINT('',(2.60238684512577,-32.5313461718115,-1.19999999999999));
#9033=CARTESIAN_POINT('',(2.60238684512577,-32.5313461718115,-1.19999999999999));
#9034=CARTESIAN_POINT('',(2.60238684512577,-32.5313461718115,7.105427357601E-15));
#9035=CARTESIAN_POINT('',(4.2632564145606E-14,-32.5313461718115,7.105427357601E-15));
#9036=CARTESIAN_POINT('',(7.60238684512577,-32.5313461718115,7.105427357601E-15));
#9037=CARTESIAN_POINT('',(7.60238684512577,-32.5313461718115,-1.19999999999999));
#9038=CARTESIAN_POINT('',(-2.60238684512568,-32.5313461718115,-1.19999999999999));
#9039=CARTESIAN_POINT('',(-2.60238684512568,-32.5313461718115,-1.19999999999999));
#9040=CARTESIAN_POINT('',(-2.60238684512568,-32.5313461718115,-1.19999999999999));
#9041=CARTESIAN_POINT('',(-2.60238684512568,-32.5313461718115,7.105427357601E-15));
#9042=CARTESIAN_POINT('',(-2.60238684512568,-32.5313461718115,-1.19999999999999));
#9043=CARTESIAN_POINT('',(-7.60238684512568,-32.5313461718115,-1.19999999999999));
#9044=CARTESIAN_POINT('',(-7.60238684512568,-32.5313461718115,-1.19999999999999));
#9045=CARTESIAN_POINT('',(-7.60238684512568,-32.5313461718115,7.105427357601E-15));
#9046=CARTESIAN_POINT('',(4.2632564145606E-14,-32.5313461718115,7.105427357601E-15));
#9047=CARTESIAN_POINT('',(13.7121944931035,-35.6313461718115,-1.19999999999999));
#9048=CARTESIAN_POINT('',(13.7121944931035,-35.6313461718115,7.105427357601E-15));
#9049=CARTESIAN_POINT('',(13.7121944931035,-35.6313461718115,7.105427357601E-15));
#9050=CARTESIAN_POINT('',(8.77716149647433,-35.6313461718115,7.105427357601E-15));
#9051=CARTESIAN_POINT('',(13.7121944931035,-35.6313461718115,-1.19999999999999));
#9052=CARTESIAN_POINT('',(13.7121944931035,-35.6313461718115,-1.19999999999999));
#9053=CARTESIAN_POINT('',(13.7121944931035,-35.6313461718115,-1.19999999999999));
#9054=CARTESIAN_POINT('',(8.77716149647433,-35.6313461718115,-1.19999999999999));
#9055=CARTESIAN_POINT('',(8.77716149647433,-35.6313461718115,-1.19999999999999));
#9056=CARTESIAN_POINT('',(13.7121944931035,-38.9870738663715,-1.19999999999999));
#9057=CARTESIAN_POINT('',(13.7121944931035,-38.9870738663715,7.105427357601E-15));
#9058=CARTESIAN_POINT('',(13.7121944931035,-44.1870738663715,7.105427357601E-15));
#9059=CARTESIAN_POINT('',(13.7121944931035,-44.1870738663715,-1.19999999999999));
#9060=CARTESIAN_POINT('',(13.7121944931035,-44.1870738663715,-1.19999999999999));
#9061=CARTESIAN_POINT('',(13.7121944931035,-44.1870738663715,-1.19999999999999));
#9062=CARTESIAN_POINT('',(-13.7121944931034,-38.9870738663715,-1.19999999999999));
#9063=CARTESIAN_POINT('',(-13.7121944931034,-38.9870738663715,7.105427357601E-15));
#9064=CARTESIAN_POINT('',(-13.7121944931034,-38.9870738663715,7.105427357601E-15));
#9065=CARTESIAN_POINT('',(-13.7121944931035,-44.1870738663715,7.105427357601E-15));
#9066=CARTESIAN_POINT('',(-13.7121944931034,-38.9870738663715,-1.19999999999999));
#9067=CARTESIAN_POINT('',(-13.7121944931034,-38.9870738663715,-1.19999999999999));
#9068=CARTESIAN_POINT('',(-13.7121944931034,-38.9870738663715,-1.19999999999999));
#9069=CARTESIAN_POINT('',(-13.7121944931035,-44.1870738663715,-1.19999999999999));
#9070=CARTESIAN_POINT('',(-13.7121944931035,-44.1870738663715,-1.19999999999999));
#9071=CARTESIAN_POINT('',(4.2632564145606E-14,-31.,-1.19999999999999));
#9072=CARTESIAN_POINT('',(7.60238684512577,-30.5313461718115,-1.19999999999999));
#9073=CARTESIAN_POINT('',(7.60238684512577,-30.5313461718115,-1.19999999999999));
#9074=CARTESIAN_POINT('',(8.77716149647435,-30.5313461718115,-1.19999999999999));
#9075=CARTESIAN_POINT('',(8.57197763004143,-30.5313461718115,-1.19999999999999));
#9076=CARTESIAN_POINT('',(8.77716149647435,-30.5313461718115,-1.19999999999999));
#9077=CARTESIAN_POINT('',(8.77716149647435,-30.5313461718115,-1.19999999999999));
#9078=CARTESIAN_POINT('',(8.77716149647433,-35.6313461718115,-1.19999999999999));
#9079=CARTESIAN_POINT('',(-13.7121944931035,-44.1870738663715,-1.19999999999999));
#9080=CARTESIAN_POINT('',(-13.7121944931035,-44.1870738663715,-1.19999999999999));
#9081=CARTESIAN_POINT('',(-8.57197763004135,-30.5313461718115,-1.19999999999999));
#9082=CARTESIAN_POINT('',(-8.57197763004135,-30.5313461718115,-1.19999999999999));
#9083=CARTESIAN_POINT('',(-7.60238684512568,-30.5313461718115,-1.19999999999999));
#9084=CARTESIAN_POINT('',(-7.60238684512568,-30.5313461718115,-1.19999999999999));
#9085=CARTESIAN_POINT('',(-7.60238684512568,-32.5313461718115,-1.19999999999999));
#9086=CARTESIAN_POINT('',(-2.60238684512568,-32.5313461718115,-1.19999999999999));
#9087=CARTESIAN_POINT('',(4.2632564145606E-14,-31.,7.105427357601E-15));
#9088=CARTESIAN_POINT('',(3.15407452420419,-21.1135856553234,7.105427357601E-15));
#9089=CARTESIAN_POINT('',(1.92680329545736,-23.1561079806059,7.105427357601E-15));
#9090=CARTESIAN_POINT('',(3.00837726294702,-21.3560666178683,7.105427357601E-15));
#9091=CARTESIAN_POINT('',(1.50000000000004,-31.3,7.105427357601E-15));
#9092=CARTESIAN_POINT('',(1.50000000000004,-31.3,7.105427357601E-15));
#9093=CARTESIAN_POINT('',(4.2632564145606E-14,-31.3,7.105427357601E-15));
#9094=CARTESIAN_POINT('',(-1.49999999999996,-31.3,7.105427357601E-15));
#9095=CARTESIAN_POINT('',(-1.92680329545728,-23.1561079806059,7.105427357601E-15));
#9096=CARTESIAN_POINT('',(-3.436960913298,-21.6135856553234,7.105427357601E-15));
#9097=CARTESIAN_POINT('',(-3.43696091329799,-21.1135856553234,7.105427357601E-15));
#9098=CARTESIAN_POINT('',(-6.31926896936419,-21.1135856553234,7.105427357601E-15));
#9099=CARTESIAN_POINT('',(-5.90710077645544,-21.1135856553234,7.105427357601E-15));
#9100=CARTESIAN_POINT('',(-5.90710077645544,-21.6135856553234,7.105427357601E-15));
#9101=CARTESIAN_POINT('',(-6.39791436817927,-21.5181811576351,7.105427357601E-15));
#9102=CARTESIAN_POINT('',(-6.8963186819763,-24.0822490717565,7.105427357601E-15));
#9103=CARTESIAN_POINT('',(-6.79423554088265,-23.5570768382803,7.105427357601E-15));
#9104=CARTESIAN_POINT('',(-7.82494408350269,-23.3567273931349,7.105427357601E-15));
#9105=CARTESIAN_POINT('',(-7.38119490867496,-24.3083505695234,7.105427357601E-15));
#9106=CARTESIAN_POINT('',(-11.0173639939236,-26.0039240603213,7.105427357601E-15));
#9107=CARTESIAN_POINT('',(-7.48240848806787,-24.3555472367036,7.105427357601E-15));
#9108=CARTESIAN_POINT('',(-7.9261576629089,-23.4039240603213,7.105427357601E-15));
#9109=CARTESIAN_POINT('',(-7.69074031346386,-24.4271926817401,7.105427357601E-15));
#9110=CARTESIAN_POINT('',(-8.43606438803919,-24.8002442861049,7.105427357601E-15));
#9111=CARTESIAN_POINT('',(-8.18417948241421,-24.6827884256374,7.105427357601E-15));
#9112=CARTESIAN_POINT('',(-7.93645485939978,-24.5569844684455,7.105427357601E-15));
#9113=CARTESIAN_POINT('',(-7.69074031346439,-24.4271926817391,7.105427357601E-15));
#9114=CARTESIAN_POINT('',(-8.43606438803919,-24.8002442861049,7.105427357601E-15));
#9115=CARTESIAN_POINT('',(-11.0173639939236,-26.0039240603213,7.105427357601E-15));
#9116=CARTESIAN_POINT('',(-10.9369945542845,-25.9664471751359,7.105427357601E-15));
#9117=CARTESIAN_POINT('',(-11.1060418589808,-25.6039240603213,7.105427357601E-15));
#9118=CARTESIAN_POINT('',(-11.1060418589808,-26.0039240603213,7.105427357601E-15));
#9119=CARTESIAN_POINT('',(-14.8574480839354,-26.0039240603213,7.105427357601E-15));
#9120=CARTESIAN_POINT('',(-12.8574480839354,-26.0039240603213,7.105427357601E-15));
#9121=CARTESIAN_POINT('',(-12.8574480839354,-31.,7.105427357601E-15));
#9122=CARTESIAN_POINT('',(-12.8574480839354,-27.8687958316024,7.105427357601E-15));
#9123=CARTESIAN_POINT('',(-8.57197763004135,-30.5313461718115,7.105427357601E-15));
#9124=CARTESIAN_POINT('',(-8.57197763004135,-30.5313461718115,7.105427357601E-15));
#9125=CARTESIAN_POINT('',(-8.57197763004135,-30.5313461718115,7.105427357601E-15));
#9126=CARTESIAN_POINT('',(-13.7121944931035,-44.1870738663715,7.105427357601E-15));
#9127=CARTESIAN_POINT('',(-13.7121944931035,-44.1870738663715,7.105427357601E-15));
#9128=CARTESIAN_POINT('',(8.77716149647433,-35.6313461718115,7.105427357601E-15));
#9129=CARTESIAN_POINT('',(8.77716149647435,-30.5313461718115,7.105427357601E-15));
#9130=CARTESIAN_POINT('',(8.77716149647435,-30.5313461718115,7.105427357601E-15));
#9131=CARTESIAN_POINT('',(8.57197763004144,-30.5313461718115,7.105427357601E-15));
#9132=CARTESIAN_POINT('',(8.57197763004144,-30.5313461718115,7.105427357601E-15));
#9133=CARTESIAN_POINT('',(12.8574480839355,-27.8687958316024,7.105427357601E-15));
#9134=CARTESIAN_POINT('',(12.8574480839355,-31.,7.105427357601E-15));
#9135=CARTESIAN_POINT('',(12.8574480839355,-26.0039240603213,7.105427357601E-15));
#9136=CARTESIAN_POINT('',(14.8574480839355,-26.0039240603213,7.105427357601E-15));
#9137=CARTESIAN_POINT('',(11.1060418589809,-26.0039240603213,7.105427357601E-15));
#9138=CARTESIAN_POINT('',(11.1060418589809,-25.6039240603213,7.105427357601E-15));
#9139=CARTESIAN_POINT('',(10.9369945542846,-25.9664471751359,7.105427357601E-15));
#9140=CARTESIAN_POINT('',(11.0173639939237,-26.0039240603213,7.105427357601E-15));
#9141=CARTESIAN_POINT('',(8.43606438803928,-24.8002442861049,7.105427357601E-15));
#9142=CARTESIAN_POINT('',(8.43606438803928,-24.8002442861049,7.105427357601E-15));
#9143=CARTESIAN_POINT('',(8.18417948241429,-24.6827884256374,7.105427357601E-15));
#9144=CARTESIAN_POINT('',(7.93645485939987,-24.5569844684455,7.105427357601E-15));
#9145=CARTESIAN_POINT('',(7.69074031346448,-24.4271926817391,7.105427357601E-15));
#9146=CARTESIAN_POINT('',(7.69074031346395,-24.4271926817401,7.105427357601E-15));
#9147=CARTESIAN_POINT('',(7.92615766290899,-23.4039240603213,7.105427357601E-15));
#9148=CARTESIAN_POINT('',(7.48240848806796,-24.3555472367036,7.105427357601E-15));
#9149=CARTESIAN_POINT('',(11.0173639939237,-26.0039240603213,7.105427357601E-15));
#9150=CARTESIAN_POINT('',(7.38119490867505,-24.3083505695234,7.105427357601E-15));
#9151=CARTESIAN_POINT('',(7.82494408350278,-23.3567273931349,7.105427357601E-15));
#9152=CARTESIAN_POINT('',(6.79423554088273,-23.5570768382803,7.105427357601E-15));
#9153=CARTESIAN_POINT('',(6.89631868197639,-24.0822490717565,7.105427357601E-15));
#9154=CARTESIAN_POINT('',(6.39791436817936,-21.5181811576351,7.105427357601E-15));
#9155=CARTESIAN_POINT('',(5.90710077645552,-21.6135856553234,7.105427357601E-15));
#9156=CARTESIAN_POINT('',(5.90710077645552,-21.1135856553234,7.105427357601E-15));
#9157=CARTESIAN_POINT('',(6.31926896936427,-21.1135856553234,7.105427357601E-15));
#9158=CARTESIAN_POINT('',(3.43696091329808,-21.1135856553234,7.105427357601E-15));
#9159=CARTESIAN_POINT('',(3.43696091329808,-21.6135856553234,7.105427357601E-15));
#9160=CARTESIAN_POINT('',(-7.60238684512568,-30.5313461718115,7.105427357601E-15));
#9161=CARTESIAN_POINT('',(-2.60238684512568,-30.5313461718115,7.105427357601E-15));
#9162=CARTESIAN_POINT('',(-7.60238684512568,-30.5313461718115,7.105427357601E-15));
#9163=CARTESIAN_POINT('',(-2.60238684512568,-30.5313461718115,7.105427357601E-15));
#9164=CARTESIAN_POINT('',(-7.60238684512568,-32.5313461718115,7.105427357601E-15));
#9165=CARTESIAN_POINT('',(7.60238684512577,-30.5313461718115,7.105427357601E-15));
#9166=CARTESIAN_POINT('',(7.60238684512577,-30.5313461718115,7.105427357601E-15));
#9167=CARTESIAN_POINT('',(2.60238684512577,-32.5313461718115,7.105427357601E-15));
#9168=CARTESIAN_POINT('',(2.60238684512577,-30.5313461718115,7.105427357601E-15));
#9169=CARTESIAN_POINT('',(7.60238684512577,-30.5313461718115,7.105427357601E-15));
#9170=CARTESIAN_POINT('',(-8.57197763004135,-30.5313461718115,-1.19999999999999));
#9171=CARTESIAN_POINT('',(-8.57197763004135,-30.5313461718115,-6.19999999999999));
#9172=CARTESIAN_POINT('',(8.77716149647433,-35.6313461718115,-1.19999999999999));
#9173=CARTESIAN_POINT('',(8.77716149647435,-30.5313461718115,-1.19999999999999));
#9174=CARTESIAN_POINT('',(2.60238684512577,-32.5313461718115,7.105427357601E-15));
#9175=CARTESIAN_POINT('',(2.60238684512577,-32.5313461718115,-1.19999999999999));
#9176=CARTESIAN_POINT('',(2.60238684512577,-32.5313461718115,-5.99999999999999));
#9177=CARTESIAN_POINT('',(-2.60238684512568,-32.5313461718115,-1.19999999999999));
#9178=CARTESIAN_POINT('',(-2.60238684512568,-32.5313461718115,-5.99999999999999));
#9179=CARTESIAN_POINT('',(4.14385260761844E-14,-32.5313461718115,-5.99999999999999));
#9180=CARTESIAN_POINT('',(-16.,-45.5,-8.4));
#9181=CARTESIAN_POINT('',(-16.,-45.3,-8.4));
#9182=CARTESIAN_POINT('',(-16.,-45.3,-4.63870738663714));
#9183=CARTESIAN_POINT('',(-16.,-52.5,-8.4));
#9184=CARTESIAN_POINT('',(-16.,-52.5,-4.63870738663714));
#9185=CARTESIAN_POINT('',(-16.,-23.0000738663715,-4.63870738663714));
#9186=CARTESIAN_POINT('',(1.4210854715202E-14,-44.1870738663715,-8.4));
#9187=CARTESIAN_POINT('',(15.846079206807,-44.1870738663715,-6.1090150283824));
#9188=CARTESIAN_POINT('',(15.9987638268471,-44.1870738663715,-6.1090150283824));
#9189=CARTESIAN_POINT('',(17.646079206807,-44.1870738663715,-6.1090150283824));
#9190=CARTESIAN_POINT('',(14.,-44.1870738663715,-6.03870738663714));
#9191=CARTESIAN_POINT('',(14.,-44.1870738663715,-8.03870738663714));
#9192=CARTESIAN_POINT('',(16.023,-44.1870738663715,-8.03870738663714));
#9193=CARTESIAN_POINT('',(-15.8460792068069,-44.1870738663715,-6.1090150283824));
#9194=CARTESIAN_POINT('',(-17.6460792068069,-44.1870738663715,-6.1090150283824));
#9195=CARTESIAN_POINT('',(-17.6460792068069,-44.1870738663715,-3.49999999999999));
#9196=CARTESIAN_POINT('',(-17.6460792068069,-44.1870738663715,-5.41867412147962));
#9197=CARTESIAN_POINT('',(-15.8460792068069,-44.1870738663715,-5.41867412147962));
#9198=CARTESIAN_POINT('',(-16.0460792068069,-44.1870738663715,-5.41867412147962));
#9199=CARTESIAN_POINT('',(-16.0460792068069,-44.1870738663715,-5.01867412147962));
#9200=CARTESIAN_POINT('',(-15.8460792068069,-44.1870738663715,-4.67226395996584));
#9201=CARTESIAN_POINT('',(-15.8460792068069,-44.1870738663715,7.105427357601E-15));
#9202=CARTESIAN_POINT('',(-15.8460792068069,-44.1870738663715,-4.04641016151376));
#9203=CARTESIAN_POINT('',(-16.0460792068069,-44.1870738663715,-3.69999999999999));
#9204=CARTESIAN_POINT('',(-16.0460792068069,-44.1870738663715,-3.29999999999999));
#9205=CARTESIAN_POINT('',(-17.8460792068069,-44.1870738663715,-3.29999999999999));
#9206=CARTESIAN_POINT('',(-17.6460792068069,-44.1870738663715,-3.29999999999999));
#9207=CARTESIAN_POINT('',(-17.6460792068069,-44.1870738663715,-3.49999999999999));
#9208=CARTESIAN_POINT('',(-17.6460792068069,-44.1870738663715,-1.98870738663714));
#9209=CARTESIAN_POINT('',(-15.8460792068069,-44.1870738663715,-1.98870738663714));
#9210=CARTESIAN_POINT('',(-16.4460792068069,-44.1870738663715,-1.98870738663714));
#9211=CARTESIAN_POINT('',(-16.4460792068069,-44.1870738663715,-6.48870738663714));
#9212=CARTESIAN_POINT('',(-16.4460792068069,-44.1870738663715,-1.13870738663713));
#9213=CARTESIAN_POINT('',(-13.9460792068069,-44.1870738663715,-1.13870738663713));
#9214=CARTESIAN_POINT('',(-13.9460792068069,-44.1870738663715,1.36129261336287));
#9215=CARTESIAN_POINT('',(13.4539207931931,-44.1870738663715,1.36129261336287));
#9216=CARTESIAN_POINT('',(-2.19999999999996,-44.1870738663715,1.36129261336287));
#9217=CARTESIAN_POINT('',(-2.19999999999996,-44.1870738663715,0.861292613362866));
#9218=CARTESIAN_POINT('',(-1.69999999999996,-44.1870738663715,0.861292613362866));
#9219=CARTESIAN_POINT('',(-1.69999999999996,-44.1870738663715,-6.48870738663714));
#9220=CARTESIAN_POINT('',(-1.69999999999996,-44.1870738663715,-6.48870738663714));
#9221=CARTESIAN_POINT('',(-1.69999999999996,-44.1870738663715,-5.99999999999999));
#9222=CARTESIAN_POINT('',(13.4539207931931,-44.1870738663715,-5.99999999999999));
#9223=CARTESIAN_POINT('',(-14.6,-44.1870738663715,-5.99999999999999));
#9224=CARTESIAN_POINT('',(-14.6,-44.1870738663715,-8.4));
#9225=CARTESIAN_POINT('',(-14.6,-44.1870738663715,-7.19999999999999));
#9226=CARTESIAN_POINT('',(1.4210854715202E-14,-44.1870738663715,-7.19999999999999));
#9227=CARTESIAN_POINT('',(14.6,-44.1870738663715,-7.19999999999999));
#9228=CARTESIAN_POINT('',(14.6,-44.1870738663715,-8.4));
#9229=CARTESIAN_POINT('',(14.6,-44.1870738663715,-5.99999999999999));
#9230=CARTESIAN_POINT('',(-13.453920793193,-44.1870738663715,-5.99999999999999));
#9231=CARTESIAN_POINT('',(1.70000000000004,-44.1870738663715,-5.99999999999999));
#9232=CARTESIAN_POINT('',(1.70000000000004,-44.1870738663715,-6.48870738663714));
#9233=CARTESIAN_POINT('',(1.70000000000004,-44.1870738663715,-6.48870738663714));
#9234=CARTESIAN_POINT('',(1.70000000000004,-44.1870738663715,0.861292613362866));
#9235=CARTESIAN_POINT('',(2.20000000000004,-44.1870738663715,0.861292613362866));
#9236=CARTESIAN_POINT('',(2.20000000000004,-44.1870738663715,1.36129261336287));
#9237=CARTESIAN_POINT('',(-13.453920793193,-44.1870738663715,1.36129261336287));
#9238=CARTESIAN_POINT('',(13.946079206807,-44.1870738663715,1.36129261336287));
#9239=CARTESIAN_POINT('',(13.946079206807,-44.1870738663715,-1.13870738663713));
#9240=CARTESIAN_POINT('',(16.446079206807,-44.1870738663715,-1.13870738663713));
#9241=CARTESIAN_POINT('',(16.446079206807,-44.1870738663715,-6.48870738663714));
#9242=CARTESIAN_POINT('',(16.446079206807,-44.1870738663715,-1.98870738663714));
#9243=CARTESIAN_POINT('',(15.846079206807,-44.1870738663715,-1.98870738663714));
#9244=CARTESIAN_POINT('',(17.646079206807,-44.1870738663715,-1.98870738663714));
#9245=CARTESIAN_POINT('',(17.646079206807,-44.1870738663715,-6.48870738663714));
#9246=CARTESIAN_POINT('',(17.646079206807,-44.1870738663715,-3.29999999999999));
#9247=CARTESIAN_POINT('',(15.846079206807,-44.1870738663715,-3.29999999999999));
#9248=CARTESIAN_POINT('',(16.046079206807,-44.1870738663715,-3.29999999999999));
#9249=CARTESIAN_POINT('',(16.046079206807,-44.1870738663715,-3.69999999999999));
#9250=CARTESIAN_POINT('',(15.846079206807,-44.1870738663715,-4.04641016151376));
#9251=CARTESIAN_POINT('',(15.846079206807,-44.1870738663715,-6.48870738663714));
#9252=CARTESIAN_POINT('',(15.846079206807,-44.1870738663715,-5.01867412147962));
#9253=CARTESIAN_POINT('',(16.046079206807,-44.1870738663715,-5.01867412147962));
#9254=CARTESIAN_POINT('',(16.046079206807,-44.1870738663715,-5.21867412147962));
#9255=CARTESIAN_POINT('',(15.846079206807,-44.1870738663715,-5.21867412147962));
#9256=CARTESIAN_POINT('',(17.646079206807,-44.1870738663715,-5.21867412147962));
#9257=CARTESIAN_POINT('',(17.646079206807,-44.1870738663715,-6.48870738663714));
#9258=CARTESIAN_POINT('',(16.023,-23.0000738663715,-4.63870738663714));
#9259=CARTESIAN_POINT('',(6.10000000000003,-23.0000738663715,-4.63870738663714));
#9260=CARTESIAN_POINT('',(-4.39999999999997,-23.0000738663715,-4.63870738663714));
#9261=CARTESIAN_POINT('',(-4.39999999999997,-46.5,-4.63870738663714));
#9262=CARTESIAN_POINT('',(-4.39999999999997,-51.5,-4.63870738663714));
#9263=CARTESIAN_POINT('',(16.023,-46.5,-4.63870738663714));
#9264=CARTESIAN_POINT('',(5.00000000000003,-46.5,-4.63870738663714));
#9265=CARTESIAN_POINT('',(5.00000000000003,-23.0000738663715,-4.63870738663714));
#9266=CARTESIAN_POINT('',(5.00000000000003,-51.5,-4.63870738663714));
#9267=CARTESIAN_POINT('',(16.023,-51.5,-4.63870738663714));
#9268=CARTESIAN_POINT('',(-14.9,-23.0000738663715,-4.63870738663714));
#9269=CARTESIAN_POINT('',(-14.9,-46.5,-4.63870738663714));
#9270=CARTESIAN_POINT('',(-14.9,-51.5,-4.63870738663714));
#9271=CARTESIAN_POINT('',(16.023,-46.5,-4.63870738663714));
#9272=CARTESIAN_POINT('',(-5.49999999999997,-46.5,-4.63870738663714));
#9273=CARTESIAN_POINT('',(-5.49999999999997,-23.0000738663715,-4.63870738663714));
#9274=CARTESIAN_POINT('',(-5.49999999999997,-51.5,-4.63870738663714));
#9275=CARTESIAN_POINT('',(16.023,-51.5,-4.63870738663714));
#9276=CARTESIAN_POINT('',(-1.69999999999996,-23.0000738663715,-4.63870738663714));
#9277=CARTESIAN_POINT('',(-1.69999999999996,-45.3,-4.63870738663714));
#9278=CARTESIAN_POINT('',(-1.69999999999996,-44.4,-4.63870738663714));
#9279=CARTESIAN_POINT('',(16.023,-45.3,-4.63870738663714));
#9280=CARTESIAN_POINT('',(16.023,-52.5,-4.63870738663714));
#9281=CARTESIAN_POINT('',(16.,-52.5,-4.63870738663714));
#9282=CARTESIAN_POINT('',(16.,-23.0000738663715,-4.63870738663714));
#9283=CARTESIAN_POINT('',(16.,-45.3,-4.63870738663714));
#9284=CARTESIAN_POINT('',(16.023,-45.3,-4.63870738663714));
#9285=CARTESIAN_POINT('',(1.70000000000004,-45.3,-4.63870738663714));
#9286=CARTESIAN_POINT('',(1.70000000000004,-23.0000738663715,-4.63870738663714));
#9287=CARTESIAN_POINT('',(1.70000000000004,-44.4,-4.63870738663714));
#9288=CARTESIAN_POINT('',(16.023,-44.4,-4.63870738663714));
#9289=CARTESIAN_POINT('',(6.3948846218409E-14,-52.5,-8.4));
#9290=CARTESIAN_POINT('',(16.023,-52.5,-8.03870738663714));
#9291=CARTESIAN_POINT('',(14.,-52.5,-8.03870738663714));
#9292=CARTESIAN_POINT('',(14.,-52.5,-6.03870738663714));
#9293=CARTESIAN_POINT('',(16.,-52.5,-6.03870738663714));
#9294=CARTESIAN_POINT('',(16.,-52.5,-8.4));
#9295=CARTESIAN_POINT('',(16.,-52.5,-8.4));
#9296=CARTESIAN_POINT('',(16.,-23.0000738663715,-6.03870738663714));
#9297=CARTESIAN_POINT('',(16.,-45.3,-6.03870738663714));
#9298=CARTESIAN_POINT('',(16.,-45.3,-8.4));
#9299=CARTESIAN_POINT('',(1.4210854715202E-14,-44.4,-8.4));
#9300=CARTESIAN_POINT('',(-1.69999999999996,-44.4,-8.4));
#9301=CARTESIAN_POINT('',(-1.69999999999996,-44.4,-5.99999999999999));
#9302=CARTESIAN_POINT('',(1.70000000000004,-44.4,-8.4));
#9303=CARTESIAN_POINT('',(1.70000000000004,-44.4,-5.99999999999999));
#9304=CARTESIAN_POINT('',(1.4210854715202E-14,-44.4,-5.99999999999999));
#9305=CARTESIAN_POINT('',(16.023,-23.0000738663715,-8.03870738663714));
#9306=CARTESIAN_POINT('',(14.,-23.0000738663715,-8.03870738663714));
#9307=CARTESIAN_POINT('',(-14.9,-46.5,-7.39999999999999));
#9308=CARTESIAN_POINT('',(-14.9,-51.5,-7.39999999999999));
#9309=CARTESIAN_POINT('',(-14.9,-51.5,-7.39999999999999));
#9310=CARTESIAN_POINT('',(-14.9,-46.5,-7.39999999999999));
#9311=CARTESIAN_POINT('',(-14.9,-46.5,-7.39999999999999));
#9312=CARTESIAN_POINT('',(-14.9,-46.5,-7.39999999999999));
#9313=CARTESIAN_POINT('',(-14.9,-51.5,-7.39999999999999));
#9314=CARTESIAN_POINT('',(-5.49999999999997,-51.5,-7.39999999999999));
#9315=CARTESIAN_POINT('',(-5.49999999999997,-51.5,-7.39999999999999));
#9316=CARTESIAN_POINT('',(-14.9,-51.5,-7.39999999999999));
#9317=CARTESIAN_POINT('',(-5.49999999999997,-51.5,-7.39999999999999));
#9318=CARTESIAN_POINT('',(-5.49999999999997,-46.5,-7.39999999999999));
#9319=CARTESIAN_POINT('',(-5.49999999999997,-46.5,-7.39999999999999));
#9320=CARTESIAN_POINT('',(-5.49999999999997,-51.5,-7.39999999999999));
#9321=CARTESIAN_POINT('',(-5.49999999999997,-46.5,-7.39999999999999));
#9322=CARTESIAN_POINT('',(-5.49999999999997,-46.5,-7.39999999999999));
#9323=CARTESIAN_POINT('',(4.2632564145606E-14,-31.,-7.39999999999999));
#9324=CARTESIAN_POINT('',(-4.39999999999997,-46.5,-7.39999999999999));
#9325=CARTESIAN_POINT('',(-4.39999999999997,-51.5,-7.39999999999999));
#9326=CARTESIAN_POINT('',(-4.39999999999997,-51.5,-7.39999999999999));
#9327=CARTESIAN_POINT('',(-4.39999999999997,-46.5,-7.39999999999999));
#9328=CARTESIAN_POINT('',(-4.39999999999997,-46.5,-7.39999999999999));
#9329=CARTESIAN_POINT('',(-4.39999999999997,-46.5,-7.39999999999999));
#9330=CARTESIAN_POINT('',(-4.39999999999997,-51.5,-7.39999999999999));
#9331=CARTESIAN_POINT('',(5.00000000000003,-51.5,-7.39999999999999));
#9332=CARTESIAN_POINT('',(5.00000000000003,-51.5,-7.39999999999999));
#9333=CARTESIAN_POINT('',(-4.39999999999997,-51.5,-7.39999999999999));
#9334=CARTESIAN_POINT('',(5.00000000000003,-51.5,-7.39999999999999));
#9335=CARTESIAN_POINT('',(5.00000000000003,-46.5,-7.39999999999999));
#9336=CARTESIAN_POINT('',(5.00000000000003,-46.5,-7.39999999999999));
#9337=CARTESIAN_POINT('',(5.00000000000003,-51.5,-7.39999999999999));
#9338=CARTESIAN_POINT('',(5.00000000000003,-46.5,-7.39999999999999));
#9339=CARTESIAN_POINT('',(5.00000000000003,-46.5,-7.39999999999999));
#9340=CARTESIAN_POINT('',(4.2632564145606E-14,-31.,-7.39999999999999));
#9341=CARTESIAN_POINT('',(6.10000000000003,-46.5,-7.39999999999999));
#9342=CARTESIAN_POINT('',(-15.8460792068069,-45.3,-6.1090150283824));
#9343=CARTESIAN_POINT('',(-15.8460792068069,-45.3,-6.1090150283824));
#9344=CARTESIAN_POINT('',(-17.6460792068069,-45.3,-6.1090150283824));
#9345=CARTESIAN_POINT('',(-17.6460792068069,-45.3,-6.1090150283824));
#9346=CARTESIAN_POINT('',(-15.8460792068069,-44.1870738663715,-1.98870738663714));
#9347=CARTESIAN_POINT('',(-17.6460792068069,-44.1870738663715,-1.98870738663714));
#9348=CARTESIAN_POINT('',(-17.6460792068069,-45.3,-1.98870738663713));
#9349=CARTESIAN_POINT('',(-15.8460792068069,-45.3,-1.98870738663713));
#9350=CARTESIAN_POINT('',(-16.4460792068069,-45.3,-1.98870738663713));
#9351=CARTESIAN_POINT('',(-16.4460792068069,-44.1870738663715,-1.98870738663714));
#9352=CARTESIAN_POINT('',(-15.8460792068069,-31.,7.105427357601E-15));
#9353=CARTESIAN_POINT('',(-15.8460792068069,-44.1870738663715,-4.67226395996584));
#9354=CARTESIAN_POINT('',(-15.8460792068069,-44.1870738663715,-4.81092635696287));
#9355=CARTESIAN_POINT('',(-15.8460792068069,-44.0835925175162,-4.92215305733326));
#9356=CARTESIAN_POINT('',(-15.8460792068069,-43.9870738663715,-5.01867412147962));
#9357=CARTESIAN_POINT('',(-15.8460792068069,-43.9870738663715,-5.01867412147962));
#9358=CARTESIAN_POINT('',(-15.8460792068069,-39.2,-5.01867412147962));
#9359=CARTESIAN_POINT('',(-15.8460792068069,-39.2,-5.01867412147962));
#9360=CARTESIAN_POINT('',(-15.8460792068069,-39.2,-4.45151683395423));
#9361=CARTESIAN_POINT('',(-15.8460792068069,-39.2,-4.45151683395423));
#9362=CARTESIAN_POINT('',(-15.8460792068069,-40.619658992833,-3.03185784112123));
#9363=CARTESIAN_POINT('',(-15.8460792068069,-40.619658992833,-3.03185784112123));
#9364=CARTESIAN_POINT('',(-15.8460792068069,-40.9774509789267,-3.532559077314));
#9365=CARTESIAN_POINT('',(-15.8460792068069,-40.9774509789267,-3.532559077314));
#9366=CARTESIAN_POINT('',(-15.8460792068069,-41.3028987866607,-3.29999999999999));
#9367=CARTESIAN_POINT('',(-15.8460792068069,-41.3028987866607,-3.69999999999999));
#9368=CARTESIAN_POINT('',(-15.8460792068069,-44.1870738663715,-3.69999999999999));
#9369=CARTESIAN_POINT('',(-15.8460792068069,-43.9870738663715,-3.69999999999999));
#9370=CARTESIAN_POINT('',(-15.8460792068069,-44.1870738663715,-4.04641016151376));
#9371=CARTESIAN_POINT('',(-15.8460792068069,-44.1870738663715,-3.90774776451673));
#9372=CARTESIAN_POINT('',(-15.8460792068069,-44.0835925175162,-3.79652106414636));
#9373=CARTESIAN_POINT('',(-15.8460792068069,-43.9870738663715,-3.69999999999999));
#9374=CARTESIAN_POINT('',(-15.8460792068069,-45.3,-1.98870738663713));
#9375=CARTESIAN_POINT('',(-17.6460792068069,-45.3,-1.98870738663713));
#9376=CARTESIAN_POINT('',(-1.69999999999996,-45.3,1.36129261336287));
#9377=CARTESIAN_POINT('',(-1.69999999999996,-45.3,0.861292613362866));
#9378=CARTESIAN_POINT('',(-2.19999999999996,-45.3,0.861292613362866));
#9379=CARTESIAN_POINT('',(-2.19999999999996,-45.3,1.36129261336287));
#9380=CARTESIAN_POINT('',(13.4539207931931,-45.3,1.36129261336287));
#9381=CARTESIAN_POINT('',(-13.9460792068069,-45.3,1.36129261336287));
#9382=CARTESIAN_POINT('',(-13.9460792068069,-45.3,-1.13870738663713));
#9383=CARTESIAN_POINT('',(-16.4460792068069,-45.3,-1.13870738663713));
#9384=CARTESIAN_POINT('',(-16.4460792068069,-45.3,1.36129261336287));
#9385=CARTESIAN_POINT('',(-15.8460792068069,-44.1870738663715,-5.21867412147962));
#9386=CARTESIAN_POINT('',(-15.8460792068069,-39.2,-5.21867412147962));
#9387=CARTESIAN_POINT('',(-17.6460792068069,-39.2,-5.21867412147962));
#9388=CARTESIAN_POINT('',(-16.0460792068069,-39.2,-5.21867412147962));
#9389=CARTESIAN_POINT('',(-16.0460792068069,-44.1870738663715,-5.21867412147962));
#9390=CARTESIAN_POINT('',(-16.0460792068069,-43.9870738663715,-5.21867412147962));
#9391=CARTESIAN_POINT('',(-17.8460792068069,-43.9870738663715,-5.21867412147962));
#9392=CARTESIAN_POINT('',(-17.6460792068069,-43.9870738663715,-5.21867412147962));
#9393=CARTESIAN_POINT('',(-17.6460792068069,-44.1870738663715,-5.21867412147962));
#9394=CARTESIAN_POINT('',(-15.8460792068069,-39.,-5.21867412147962));
#9395=CARTESIAN_POINT('',(-15.8460792068069,-39.,-4.45151683395423));
#9396=CARTESIAN_POINT('',(-17.6460792068069,-39.,-4.45151683395423));
#9397=CARTESIAN_POINT('',(-16.0460792068069,-39.,-4.45151683395423));
#9398=CARTESIAN_POINT('',(-16.0460792068069,-39.,-5.01867412147962));
#9399=CARTESIAN_POINT('',(-16.0460792068069,-39.,-5.01867412147962));
#9400=CARTESIAN_POINT('',(-15.8460792068069,-39.,-5.01867412147962));
#9401=CARTESIAN_POINT('',(-17.6460792068069,-39.,-5.01867412147962));
#9402=CARTESIAN_POINT('',(-17.6460792068069,-39.,-5.21867412147962));
#9403=CARTESIAN_POINT('',(-15.8460792068069,-39.,-4.36867412147962));
#9404=CARTESIAN_POINT('',(-15.8460792068069,-40.4782376365957,-2.89043648488392));
#9405=CARTESIAN_POINT('',(-17.6460792068069,-40.4782376365957,-2.89043648488392));
#9406=CARTESIAN_POINT('',(-16.0460792068069,-40.4782376365957,-2.89043648488392));
#9407=CARTESIAN_POINT('',(-16.0460792068069,-39.0585786437627,-4.31009547771693));
#9408=CARTESIAN_POINT('',(-16.0460792068069,-39.0585786437627,-4.31009547771693));
#9409=CARTESIAN_POINT('',(-15.8460792068069,-39.0585786437627,-4.31009547771693));
#9410=CARTESIAN_POINT('',(-17.6460792068069,-39.0585786437627,-4.31009547771693));
#9411=CARTESIAN_POINT('',(-17.6460792068069,-39.,-4.36867412147962));
#9412=CARTESIAN_POINT('',(-15.8460792068069,-40.6451467782762,-2.72352734320344));
#9413=CARTESIAN_POINT('',(-15.8460792068069,-41.1401748827937,-3.41627953865699));
#9414=CARTESIAN_POINT('',(-17.6460792068069,-41.1401748827937,-3.41627953865699));
#9415=CARTESIAN_POINT('',(-16.0460792068069,-41.1401748827937,-3.41627953865699));
#9416=CARTESIAN_POINT('',(-16.0460792068069,-40.7823828967,-2.91557830246423));
#9417=CARTESIAN_POINT('',(-16.0460792068069,-40.7823828967,-2.91557830246422));
#9418=CARTESIAN_POINT('',(-15.8460792068069,-40.7823828967,-2.91557830246422));
#9419=CARTESIAN_POINT('',(-17.6460792068069,-40.7823828967,-2.91557830246422));
#9420=CARTESIAN_POINT('',(-17.6460792068069,-40.6451467782762,-2.72352734320344));
#9421=CARTESIAN_POINT('',(-15.8460792068069,-41.2,-3.49999999999999));
#9422=CARTESIAN_POINT('',(-15.8460792068069,-43.9870738663715,-3.49999999999999));
#9423=CARTESIAN_POINT('',(-17.6460792068069,-43.9870738663715,-3.49999999999999));
#9424=CARTESIAN_POINT('',(-16.0460792068069,-43.9870738663715,-3.49999999999999));
#9425=CARTESIAN_POINT('',(-16.0460792068069,-41.3028987866607,-3.49999999999999));
#9426=CARTESIAN_POINT('',(-16.0460792068069,-41.3028987866607,-3.49999999999999));
#9427=CARTESIAN_POINT('',(-17.8460792068069,-41.3028987866607,-3.49999999999999));
#9428=CARTESIAN_POINT('',(-17.6460792068069,-41.3028987866607,-3.49999999999999));
#9429=CARTESIAN_POINT('',(-17.6460792068069,-41.2,-3.49999999999999));
#9430=CARTESIAN_POINT('',(-17.8460792068069,-31.,7.105427357601E-15));
#9431=CARTESIAN_POINT('',(-17.8460792068069,-43.9870738663715,-5.41867412147962));
#9432=CARTESIAN_POINT('',(-17.8460792068069,-44.3870738663715,-5.41867412147962));
#9433=CARTESIAN_POINT('',(-17.8460792068069,-43.9870738663715,-5.01867412147962));
#9434=CARTESIAN_POINT('',(-17.8460792068069,-44.3870738663715,2.24716582948091E-14));
#9435=CARTESIAN_POINT('',(-17.8460792068069,-44.3870738663715,-5.9090150283824));
#9436=CARTESIAN_POINT('',(-17.8460792068069,-31.,-5.9090150283824));
#9437=CARTESIAN_POINT('',(-17.8460792068069,-45.1,-5.9090150283824));
#9438=CARTESIAN_POINT('',(-17.8460792068069,-45.1,5.45962520978866E-14));
#9439=CARTESIAN_POINT('',(-17.8460792068069,-45.1,-2.18870738663713));
#9440=CARTESIAN_POINT('',(-17.8460792068069,-31.,-2.18870738663717));
#9441=CARTESIAN_POINT('',(-17.8460792068069,-44.3870738663715,-2.18870738663714));
#9442=CARTESIAN_POINT('',(-17.8460792068069,-44.3870738663715,2.24716582948091E-14));
#9443=CARTESIAN_POINT('',(-17.8460792068069,-44.3870738663715,-3.29999999999999));
#9444=CARTESIAN_POINT('',(-17.8460792068069,-43.9870738663715,-3.29999999999999));
#9445=CARTESIAN_POINT('',(-17.8460792068069,-43.9870738663715,-3.69999999999999));
#9446=CARTESIAN_POINT('',(-17.8460792068069,-31.,-3.70000000000002));
#9447=CARTESIAN_POINT('',(-17.8460792068069,-41.3028987866607,-3.69999999999999));
#9448=CARTESIAN_POINT('',(-17.8460792068069,-41.3028987866607,-3.29999999999999));
#9449=CARTESIAN_POINT('',(-17.8460792068069,-40.9774509789267,-3.532559077314));
#9450=CARTESIAN_POINT('',(-17.8460792068069,-35.9338108718747,3.52561140907376));
#9451=CARTESIAN_POINT('',(-17.8460792068069,-40.619658992833,-3.03185784112123));
#9452=CARTESIAN_POINT('',(-17.8460792068069,-37.3257584169771,-6.32575841697711));
#9453=CARTESIAN_POINT('',(-17.8460792068069,-39.2,-4.45151683395423));
#9454=CARTESIAN_POINT('',(-17.8460792068069,-39.2,7.105427357601E-15));
#9455=CARTESIAN_POINT('',(-17.8460792068069,-39.2,-5.01867412147962));
#9456=CARTESIAN_POINT('',(-17.8460792068069,-31.,-5.01867412147962));
#9457=CARTESIAN_POINT('',(-16.4460792068069,-31.,7.105427357601E-15));
#9458=CARTESIAN_POINT('',(-16.4460792068069,-31.,-1.13870738663713));
#9459=CARTESIAN_POINT('',(13.4539207931931,-44.1870738663715,1.36129261336287));
#9460=CARTESIAN_POINT('',(-2.19999999999996,-44.1870738663715,1.36129261336287));
#9461=CARTESIAN_POINT('',(-13.9460792068069,-44.1870738663715,1.36129261336287));
#9462=CARTESIAN_POINT('',(-13.9460792068069,-44.1870738663715,-1.13870738663713));
#9463=CARTESIAN_POINT('',(-1.69999999999996,-43.,14.95));
#9464=CARTESIAN_POINT('',(-1.69999999999996,-43.,-5.99999999999999));
#9465=CARTESIAN_POINT('',(-1.69999999999996,-45.3,0.861292613362866));
#9466=CARTESIAN_POINT('',(-2.19999999999996,-43.,0.861292613362866));
#9467=CARTESIAN_POINT('',(-14.6,-46.2,-5.99999999999999));
#9468=CARTESIAN_POINT('',(-14.6,-46.2,-5.99999999999999));
#9469=CARTESIAN_POINT('',(-14.6,-24.6,-5.99999999999999));
#9470=CARTESIAN_POINT('',(-14.6,-24.6,-7.19999999999999));
#9471=CARTESIAN_POINT('',(-14.6,-24.6,-7.19999999999999));
#9472=CARTESIAN_POINT('',(-14.6,-46.2,-7.19999999999999));
#9473=CARTESIAN_POINT('',(4.14385260761844E-14,-46.2,-5.99999999999999));
#9474=CARTESIAN_POINT('',(-0.717154370182163,-46.2375844679444,-5.99999999999999));
#9475=CARTESIAN_POINT('',(-1.85168068344499,-24.5895328087514,-5.99999999999999));
#9476=CARTESIAN_POINT('',(-1.64103926027912,-28.6088105962772,-5.99999999999999));
#9477=CARTESIAN_POINT('',(-2.05140659039591,-24.6,-5.99999999999999));
#9478=CARTESIAN_POINT('',(-2.05140659039591,-24.4,-5.99999999999999));
#9479=CARTESIAN_POINT('',(4.14385260761844E-14,-24.4,-5.99999999999999));
#9480=CARTESIAN_POINT('',(-14.4,-24.4,-5.99999999999999));
#9481=CARTESIAN_POINT('',(-14.4,-24.6,-5.99999999999999));
#9482=CARTESIAN_POINT('',(1.70000000000004,-46.8,-5.99999999999999));
#9483=CARTESIAN_POINT('',(14.6,-46.2,-5.99999999999999));
#9484=CARTESIAN_POINT('',(14.6,-24.6,-5.99999999999999));
#9485=CARTESIAN_POINT('',(14.4,-24.6,-5.99999999999999));
#9486=CARTESIAN_POINT('',(2.05140659039599,-24.6,-5.99999999999999));
#9487=CARTESIAN_POINT('',(1.85168068344508,-24.5895328087514,-5.99999999999999));
#9488=CARTESIAN_POINT('',(0.717154370182248,-46.2375844679444,-5.99999999999999));
#9489=CARTESIAN_POINT('',(1.6410392602792,-28.6088105962772,-5.99999999999999));
#9490=CARTESIAN_POINT('',(4.14385260761844E-14,-28.6088105962772,-5.99999999999999));
#9491=CARTESIAN_POINT('',(2.14172543327816,-28.6088105962772,-5.99999999999999));
#9492=CARTESIAN_POINT('',(1.99931476737733,-31.3261679781215,-5.99999999999999));
#9493=CARTESIAN_POINT('',(2.09337739245481,-29.5313461718115,-5.99999999999999));
#9494=CARTESIAN_POINT('',(2.60238684512577,-29.5313461718115,-5.99999999999999));
#9495=CARTESIAN_POINT('',(8.28662414201351,-29.5313461718115,-5.99999999999999));
#9496=CARTESIAN_POINT('',(8.04424235043315,-29.6819372746031,-5.99999999999999));
#9497=CARTESIAN_POINT('',(13.1704116124304,-26.4970632078369,-6.00000000338532));
#9498=CARTESIAN_POINT('',(13.1704116123799,-26.8441495658795,-5.99999999999999));
#9499=CARTESIAN_POINT('',(13.1704116123798,-26.0039240603213,-6.));
#9500=CARTESIAN_POINT('',(-4.17845291953315E-15,-26.0039240603213,-5.99999999999999));
#9501=CARTESIAN_POINT('',(13.1980879669485,-26.0039240603213,-6.00000000084611));
#9502=CARTESIAN_POINT('',(13.1980879669351,-26.4491266972934,-5.99999999999999));
#9503=CARTESIAN_POINT('',(13.1980879669351,-24.4539240603213,-5.99999999999999));
#9504=CARTESIAN_POINT('',(16.0173639939237,-24.4539240603213,-5.99999999999999));
#9505=CARTESIAN_POINT('',(13.6981468919881,-24.4539240603213,-5.99999999999999));
#9506=CARTESIAN_POINT('',(13.6981468919881,-32.2846677392634,-5.99999999999999));
#9507=CARTESIAN_POINT('',(13.6981468919881,-25.6039240603213,-5.99999999999999));
#9508=CARTESIAN_POINT('',(14.0981895509408,-26.0039240603213,-5.99999999999999));
#9509=CARTESIAN_POINT('',(13.8868916483278,-26.0039240603213,-5.99999999999999));
#9510=CARTESIAN_POINT('',(13.6981468919881,-25.8152225882606,-5.99999999999999));
#9511=CARTESIAN_POINT('',(13.6981468919881,-25.6039240603213,-5.99999999999999));
#9512=CARTESIAN_POINT('',(14.0981895509408,-26.0039240603213,-5.99999999999999));
#9513=CARTESIAN_POINT('',(-4.17845291953315E-15,-26.0039240603213,-5.99999999999999));
#9514=CARTESIAN_POINT('',(14.3574480839355,-26.0039240603213,-5.99999999999999));
#9515=CARTESIAN_POINT('',(14.3574480839355,-46.2,-5.99999999999999));
#9516=CARTESIAN_POINT('',(14.3574480839355,-26.9368501903287,-5.99999999999999));
#9517=CARTESIAN_POINT('',(-4.63634386592474,-38.7376379362829,-5.99999999999999));
#9518=CARTESIAN_POINT('',(8.57197763004144,-30.5313461718115,-5.99999999999999));
#9519=CARTESIAN_POINT('',(2.60238684512577,-30.5313461718115,-5.99999999999999));
#9520=CARTESIAN_POINT('',(2.60238684512577,-30.5313461718115,-5.99999999999999));
#9521=CARTESIAN_POINT('',(2.60238684512577,-46.2,-5.99999999999999));
#9522=CARTESIAN_POINT('',(-2.60238684512568,-46.2,-5.99999999999999));
#9523=CARTESIAN_POINT('',(-2.60238684512568,-30.5313461718115,-6.00000000169265));
#9524=CARTESIAN_POINT('',(-2.60238684512568,-30.5313461718115,-5.99999999999999));
#9525=CARTESIAN_POINT('',(-8.57197763004135,-30.5313461718115,-5.99999999999999));
#9526=CARTESIAN_POINT('',(4.63634386592483,-38.7376379362829,-5.99999999999999));
#9527=CARTESIAN_POINT('',(-14.3574480839354,-26.9368501903287,-5.99999999999999));
#9528=CARTESIAN_POINT('',(-14.3574480839354,-46.2,-5.99999999999999));
#9529=CARTESIAN_POINT('',(-14.3574480839354,-26.0039240603213,-5.99999999999999));
#9530=CARTESIAN_POINT('',(8.7055505071902E-14,-26.0039240603213,-5.99999999999999));
#9531=CARTESIAN_POINT('',(-14.0981895509407,-26.0039240603213,-5.99999999999999));
#9532=CARTESIAN_POINT('',(-14.0981895509407,-26.0039240603213,-5.99999999999999));
#9533=CARTESIAN_POINT('',(-13.8868916483277,-26.0039240603213,-5.99999999999999));
#9534=CARTESIAN_POINT('',(-13.698146891988,-25.8152225882606,-5.99999999999999));
#9535=CARTESIAN_POINT('',(-13.6981468919881,-25.6039240603213,-5.99999999999999));
#9536=CARTESIAN_POINT('',(-13.6981468919881,-25.6039240603213,-5.99999999999999));
#9537=CARTESIAN_POINT('',(-13.6981468919881,-32.2846677392634,-5.99999999999999));
#9538=CARTESIAN_POINT('',(-13.6981468919881,-24.4539240603213,-5.99999999999999));
#9539=CARTESIAN_POINT('',(-16.0173639939236,-24.4539240603213,-5.99999999999999));
#9540=CARTESIAN_POINT('',(-13.1980879669351,-24.4539240603213,-5.99999999999999));
#9541=CARTESIAN_POINT('',(-13.1980879669351,-26.4491266972934,-5.99999999999999));
#9542=CARTESIAN_POINT('',(-13.1980879669484,-26.0039240603213,-6.00000000084611));
#9543=CARTESIAN_POINT('',(8.7055505071902E-14,-26.0039240603213,-5.99999999999999));
#9544=CARTESIAN_POINT('',(-13.1704116123798,-26.0039240603213,-6.));
#9545=CARTESIAN_POINT('',(-13.1704116123798,-26.8441495658795,-5.99999999999999));
#9546=CARTESIAN_POINT('',(-13.1704116124303,-26.4970632078369,-6.00000000338532));
#9547=CARTESIAN_POINT('',(-8.04424235043306,-29.6819372746031,-5.99999999999999));
#9548=CARTESIAN_POINT('',(-8.28662414201342,-29.5313461718115,-5.99999999999999));
#9549=CARTESIAN_POINT('',(-2.60238684512568,-29.5313461718115,-5.99999999999999));
#9550=CARTESIAN_POINT('',(-2.09337739245472,-29.5313461718115,-5.99999999999999));
#9551=CARTESIAN_POINT('',(-1.99931476737724,-31.3261679781215,-5.99999999999999));
#9552=CARTESIAN_POINT('',(-2.14172543327808,-28.6088105962772,-5.99999999999999));
#9553=CARTESIAN_POINT('',(4.14385260761844E-14,-28.6088105962772,-5.99999999999999));
#9554=CARTESIAN_POINT('',(-13.453920793193,-45.3,1.36129261336287));
#9555=CARTESIAN_POINT('',(14.,-45.3,-6.03870738663714));
#9556=CARTESIAN_POINT('',(15.9987638268471,-45.3,-6.1090150283824));
#9557=CARTESIAN_POINT('',(15.846079206807,-45.3,-6.1090150283824));
#9558=CARTESIAN_POINT('',(17.646079206807,-45.3,-6.1090150283824));
#9559=CARTESIAN_POINT('',(17.646079206807,-45.3,1.36129261336287));
#9560=CARTESIAN_POINT('',(17.646079206807,-45.3,-1.98870738663713));
#9561=CARTESIAN_POINT('',(15.846079206807,-45.3,-1.98870738663713));
#9562=CARTESIAN_POINT('',(16.446079206807,-45.3,-1.98870738663713));
#9563=CARTESIAN_POINT('',(16.446079206807,-45.3,1.36129261336287));
#9564=CARTESIAN_POINT('',(16.446079206807,-45.3,-1.13870738663713));
#9565=CARTESIAN_POINT('',(13.946079206807,-45.3,-1.13870738663713));
#9566=CARTESIAN_POINT('',(13.946079206807,-45.3,1.36129261336287));
#9567=CARTESIAN_POINT('',(-13.453920793193,-45.3,1.36129261336287));
#9568=CARTESIAN_POINT('',(2.20000000000004,-45.3,1.36129261336287));
#9569=CARTESIAN_POINT('',(2.20000000000004,-45.3,0.861292613362866));
#9570=CARTESIAN_POINT('',(1.70000000000004,-45.3,0.861292613362866));
#9571=CARTESIAN_POINT('',(1.70000000000004,-45.3,1.36129261336287));
#9572=CARTESIAN_POINT('',(-13.453920793193,-44.1870738663715,1.36129261336287));
#9573=CARTESIAN_POINT('',(2.20000000000004,-44.1870738663715,1.36129261336287));
#9574=CARTESIAN_POINT('',(13.946079206807,-44.1870738663715,1.36129261336287));
#9575=CARTESIAN_POINT('',(16.446079206807,-31.,7.105427357601E-15));
#9576=CARTESIAN_POINT('',(16.446079206807,-31.,-1.98870738663717));
#9577=CARTESIAN_POINT('',(16.446079206807,-31.,-1.13870738663713));
#9578=CARTESIAN_POINT('',(13.946079206807,-31.,-1.13870738663713));
#9579=CARTESIAN_POINT('',(1.70000000000004,-46.8,14.95));
#9580=CARTESIAN_POINT('',(1.70000000000004,-46.8,0.861292613362866));
#9581=CARTESIAN_POINT('',(2.20000000000004,-44.1870738663715,0.861292613362866));
#9582=CARTESIAN_POINT('',(15.846079206807,-45.3,-6.1090150283824));
#9583=CARTESIAN_POINT('',(15.9987638268471,-23.0000738663715,-6.1090150283824));
#9584=CARTESIAN_POINT('',(17.646079206807,-45.3,-6.1090150283824));
#9585=CARTESIAN_POINT('',(15.846079206807,-44.1870738663715,-5.21867412147962));
#9586=CARTESIAN_POINT('',(16.046079206807,-39.,-5.21867412147962));
#9587=CARTESIAN_POINT('',(16.046079206807,-39.2,-5.21867412147962));
#9588=CARTESIAN_POINT('',(15.846079206807,-39.2,-5.21867412147962));
#9589=CARTESIAN_POINT('',(17.646079206807,-39.2,-5.21867412147962));
#9590=CARTESIAN_POINT('',(17.646079206807,-44.1870738663715,-5.21867412147962));
#9591=CARTESIAN_POINT('',(15.846079206807,-39.,-5.21867412147962));
#9592=CARTESIAN_POINT('',(17.646079206807,-39.,-5.21867412147962));
#9593=CARTESIAN_POINT('',(17.646079206807,-39.,-4.45151683395423));
#9594=CARTESIAN_POINT('',(17.646079206807,-39.,-5.01867412147962));
#9595=CARTESIAN_POINT('',(15.846079206807,-39.,-5.01867412147962));
#9596=CARTESIAN_POINT('',(16.046079206807,-39.,-5.01867412147962));
#9597=CARTESIAN_POINT('',(16.046079206807,-39.,-4.36867412147962));
#9598=CARTESIAN_POINT('',(16.046079206807,-39.,-4.45151683395423));
#9599=CARTESIAN_POINT('',(15.846079206807,-39.,-4.45151683395423));
#9600=CARTESIAN_POINT('',(15.846079206807,-39.,-4.36867412147962));
#9601=CARTESIAN_POINT('',(15.846079206807,-39.0585786437627,-4.31009547771693));
#9602=CARTESIAN_POINT('',(17.646079206807,-39.0585786437627,-4.31009547771693));
#9603=CARTESIAN_POINT('',(16.046079206807,-39.0585786437627,-4.31009547771693));
#9604=CARTESIAN_POINT('',(16.046079206807,-40.6451467782762,-2.72352734320344));
#9605=CARTESIAN_POINT('',(16.046079206807,-40.4782376365957,-2.89043648488392));
#9606=CARTESIAN_POINT('',(15.846079206807,-40.4782376365957,-2.89043648488392));
#9607=CARTESIAN_POINT('',(17.646079206807,-40.4782376365957,-2.89043648488392));
#9608=CARTESIAN_POINT('',(17.646079206807,-39.,-4.36867412147962));
#9609=CARTESIAN_POINT('',(15.846079206807,-40.6451467782762,-2.72352734320344));
#9610=CARTESIAN_POINT('',(15.846079206807,-40.7823828967,-2.91557830246422));
#9611=CARTESIAN_POINT('',(17.646079206807,-40.7823828967,-2.91557830246423));
#9612=CARTESIAN_POINT('',(16.046079206807,-40.7823828967,-2.91557830246423));
#9613=CARTESIAN_POINT('',(16.046079206807,-41.2,-3.49999999999999));
#9614=CARTESIAN_POINT('',(16.046079206807,-41.1401748827937,-3.41627953865699));
#9615=CARTESIAN_POINT('',(17.846079206807,-41.1401748827937,-3.41627953865699));
#9616=CARTESIAN_POINT('',(17.646079206807,-41.1401748827937,-3.41627953865699));
#9617=CARTESIAN_POINT('',(17.646079206807,-40.6451467782762,-2.72352734320344));
#9618=CARTESIAN_POINT('',(15.846079206807,-41.2,-3.49999999999999));
#9619=CARTESIAN_POINT('',(17.646079206807,-41.2,-3.49999999999999));
#9620=CARTESIAN_POINT('',(17.646079206807,-43.9870738663715,-3.49999999999999));
#9621=CARTESIAN_POINT('',(17.646079206807,-41.3028987866607,-3.49999999999999));
#9622=CARTESIAN_POINT('',(15.846079206807,-41.3028987866607,-3.49999999999999));
#9623=CARTESIAN_POINT('',(16.046079206807,-41.3028987866607,-3.49999999999999));
#9624=CARTESIAN_POINT('',(16.046079206807,-44.1870738663715,-3.49999999999999));
#9625=CARTESIAN_POINT('',(16.046079206807,-43.9870738663715,-3.49999999999999));
#9626=CARTESIAN_POINT('',(17.846079206807,-43.9870738663715,-3.49999999999999));
#9627=CARTESIAN_POINT('',(15.846079206807,-44.1870738663715,-1.98870738663714));
#9628=CARTESIAN_POINT('',(17.646079206807,-44.1870738663715,-1.98870738663714));
#9629=CARTESIAN_POINT('',(15.846079206807,-31.,7.105427357601E-15));
#9630=CARTESIAN_POINT('',(15.846079206807,-44.1870738663715,-4.04641016151376));
#9631=CARTESIAN_POINT('',(15.846079206807,-44.1870738663715,-3.90774776451673));
#9632=CARTESIAN_POINT('',(15.846079206807,-44.0835925175163,-3.79652106414623));
#9633=CARTESIAN_POINT('',(15.846079206807,-43.9870738663715,-3.69999999999999));
#9634=CARTESIAN_POINT('',(15.846079206807,-43.9870738663715,-3.69999999999999));
#9635=CARTESIAN_POINT('',(15.846079206807,-41.2,-3.69999999999999));
#9636=CARTESIAN_POINT('',(15.846079206807,-41.3028987866607,-3.69999999999999));
#9637=CARTESIAN_POINT('',(15.846079206807,-41.3028987866607,-3.29999999999999));
#9638=CARTESIAN_POINT('',(15.846079206807,-40.9774509789267,-3.532559077314));
#9639=CARTESIAN_POINT('',(15.846079206807,-40.4824228744092,-2.83980688186045));
#9640=CARTESIAN_POINT('',(15.846079206807,-40.619658992833,-3.03185784112123));
#9641=CARTESIAN_POINT('',(15.846079206807,-39.1414213562373,-4.51009547771693));
#9642=CARTESIAN_POINT('',(15.846079206807,-39.2,-4.45151683395423));
#9643=CARTESIAN_POINT('',(15.846079206807,-39.2,-5.21867412147962));
#9644=CARTESIAN_POINT('',(15.846079206807,-39.2,-5.01867412147962));
#9645=CARTESIAN_POINT('',(15.846079206807,-44.1870738663715,-5.01867412147962));
#9646=CARTESIAN_POINT('',(17.846079206807,-31.,7.105427357601E-15));
#9647=CARTESIAN_POINT('',(17.846079206807,-45.1,7.105427357601E-15));
#9648=CARTESIAN_POINT('',(17.846079206807,-45.1,-2.18870738663713));
#9649=CARTESIAN_POINT('',(17.846079206807,-45.1,-5.9090150283824));
#9650=CARTESIAN_POINT('',(17.846079206807,-31.,-5.9090150283824));
#9651=CARTESIAN_POINT('',(17.846079206807,-44.3870738663715,-5.9090150283824));
#9652=CARTESIAN_POINT('',(17.846079206807,-44.3870738663715,7.105427357601E-15));
#9653=CARTESIAN_POINT('',(17.846079206807,-44.3870738663715,-5.01867412147962));
#9654=CARTESIAN_POINT('',(17.846079206807,-31.,-5.01867412147962));
#9655=CARTESIAN_POINT('',(17.846079206807,-39.2,-5.01867412147962));
#9656=CARTESIAN_POINT('',(17.846079206807,-39.2,7.105427357601E-15));
#9657=CARTESIAN_POINT('',(17.846079206807,-39.2,-4.45151683395423));
#9658=CARTESIAN_POINT('',(17.846079206807,-37.3257584169771,-6.32575841697711));
#9659=CARTESIAN_POINT('',(17.846079206807,-40.619658992833,-3.03185784112123));
#9660=CARTESIAN_POINT('',(17.846079206807,-35.9338108718747,3.52561140907376));
#9661=CARTESIAN_POINT('',(17.846079206807,-40.9774509789267,-3.532559077314));
#9662=CARTESIAN_POINT('',(17.846079206807,-41.3028987866607,-3.29999999999999));
#9663=CARTESIAN_POINT('',(17.846079206807,-41.3028987866607,-3.69999999999999));
#9664=CARTESIAN_POINT('',(17.846079206807,-31.,-3.70000000000002));
#9665=CARTESIAN_POINT('',(17.846079206807,-43.9870738663715,-3.69999999999999));
#9666=CARTESIAN_POINT('',(17.846079206807,-43.9870738663715,-3.29999999999999));
#9667=CARTESIAN_POINT('',(17.846079206807,-44.3870738663715,-3.29999999999999));
#9668=CARTESIAN_POINT('',(17.846079206807,-44.3870738663715,7.105427357601E-15));
#9669=CARTESIAN_POINT('',(17.846079206807,-44.3870738663715,-2.18870738663714));
#9670=CARTESIAN_POINT('',(17.846079206807,-31.,-2.18870738663717));
#9671=CARTESIAN_POINT('',(14.6,-46.2,-5.99999999999999));
#9672=CARTESIAN_POINT('',(14.6,-46.2,-7.19999999999999));
#9673=CARTESIAN_POINT('',(14.6,-24.6,-7.19999999999999));
#9674=CARTESIAN_POINT('',(14.6,-24.6,-5.99999999999999));
#9675=CARTESIAN_POINT('',(14.6,-46.2,-7.19999999999999));
#9676=CARTESIAN_POINT('',(14.6,-24.4,-7.19999999999999));
#9677=CARTESIAN_POINT('',(-14.4,-24.4,-7.19999999999999));
#9678=CARTESIAN_POINT('',(-2.05140659039591,-24.4,-7.19999999999999));
#9679=CARTESIAN_POINT('',(-2.05140659039591,-24.6,-7.19999999999999));
#9680=CARTESIAN_POINT('',(-1.851680683445,-24.5895328087514,-7.19999999999999));
#9681=CARTESIAN_POINT('',(-0.677164206370563,-47.0006422497982,-7.19999999999999));
#9682=CARTESIAN_POINT('',(-1.49999999999996,-31.3,-7.19999999999999));
#9683=CARTESIAN_POINT('',(14.6,-31.3,-7.19999999999999));
#9684=CARTESIAN_POINT('',(1.50000000000004,-31.3,-7.19999999999999));
#9685=CARTESIAN_POINT('',(0.75714453399385,-45.4745266860905,-7.19999999999999));
#9686=CARTESIAN_POINT('',(1.85168068344508,-24.5895328087514,-7.19999999999999));
#9687=CARTESIAN_POINT('',(2.05140659039599,-24.6,-7.19999999999999));
#9688=CARTESIAN_POINT('',(14.4,-24.6,-7.19999999999999));
#9689=CARTESIAN_POINT('',(-14.4,-24.6,-7.19999999999999));
#9690=CARTESIAN_POINT('',(4.2632564145606E-14,-24.4,7.105427357601E-15));
#9691=CARTESIAN_POINT('',(-2.05140659039591,-24.4,-7.19999999999999));
#9692=CARTESIAN_POINT('',(-14.4,-24.4,-5.99999999999999));
#9693=CARTESIAN_POINT('',(-14.8574480839354,-26.0039240603213,-6.19999999999999));
#9694=CARTESIAN_POINT('',(-14.3574480839354,-26.0039240603213,-6.19999999999999));
#9695=CARTESIAN_POINT('',(-14.3574480839354,-26.0039240603213,-1.49999999999999));
#9696=CARTESIAN_POINT('',(-12.8574480839354,-26.0039240603213,-1.49999999999999));
#9697=CARTESIAN_POINT('',(-11.1060418589808,-26.0039240603213,-1.24213168558592));
#9698=CARTESIAN_POINT('',(-11.1060418589808,-26.0039240603213,-0.836987478699076));
#9699=CARTESIAN_POINT('',(-11.1060418589808,-26.0039240603213,-0.836987478699076));
#9700=CARTESIAN_POINT('',(-12.0492693717175,-26.0039240603213,-1.32187739254585));
#9701=CARTESIAN_POINT('',(-13.6904888251495,-26.0039240603213,-2.79760210815214));
#9702=CARTESIAN_POINT('',(-14.0830762755129,-26.0039240603213,-4.9426493940025));
#9703=CARTESIAN_POINT('',(-14.0981895509408,-26.0039240603213,-5.99999999999999));
#9704=CARTESIAN_POINT('',(14.8574480839355,-26.0039240603213,-6.19999999999999));
#9705=CARTESIAN_POINT('',(12.8743809848234,-26.0039240603213,-4.03048259038489));
#9706=CARTESIAN_POINT('',(12.9613654966828,-26.0039240603213,-4.30281782465917));
#9707=CARTESIAN_POINT('',(13.0278794041189,-26.0039240603213,-4.58680449046502));
#9708=CARTESIAN_POINT('',(13.1353427149086,-26.0039240603213,-5.24239405670617));
#9709=CARTESIAN_POINT('',(13.1896390582814,-26.0039240603213,-5.93835831453786));
#9710=CARTESIAN_POINT('',(13.1630169391759,-26.0039240603213,-6.64913344063515));
#9711=CARTESIAN_POINT('',(13.150801882153,-26.0039240603213,-6.97525919573751));
#9712=CARTESIAN_POINT('',(13.1264649484129,-26.0039240603213,-7.62502291587556));
#9713=CARTESIAN_POINT('',(13.1021280146728,-26.0039240603213,-8.27478663601361));
#9714=CARTESIAN_POINT('',(13.0777910809327,-26.0039240603213,-8.92455035615166));
#9715=CARTESIAN_POINT('',(13.0746901588774,-26.0039240603213,-9.00734084537284));
#9716=CARTESIAN_POINT('',(13.0715892368222,-26.0039240603213,-9.09013133459401));
#9717=CARTESIAN_POINT('',(13.0684883147669,-26.0039240603213,-9.17292182381518));
#9718=CARTESIAN_POINT('',(12.8743809848234,-26.0039240603213,-4.0304825903849));
#9719=CARTESIAN_POINT('',(13.1980879669485,-26.0039240603213,-6.00000000084611));
#9720=CARTESIAN_POINT('',(13.1874857594732,-26.0039240603213,-5.32877224069028));
#9721=CARTESIAN_POINT('',(13.1004479324044,-26.0039240603213,-4.66138509984796));
#9722=CARTESIAN_POINT('',(12.8743809848234,-26.0039240603213,-4.03048259038498));
#9723=CARTESIAN_POINT('',(-7.60238684512568,-30.5313461718115,-6.19999999999999));
#9724=CARTESIAN_POINT('',(-7.60238684512568,-30.5313461718115,-1.19999999999999));
#9725=CARTESIAN_POINT('',(-8.57197763004135,-30.5313461718115,-6.19999999999999));
#9726=CARTESIAN_POINT('',(-2.60238684512568,-30.5313461718115,-1.19999999999999));
#9727=CARTESIAN_POINT('',(-11.0173639939236,-26.0039240603213,-6.19999999999999));
#9728=CARTESIAN_POINT('',(-7.38119483104633,-24.3083505333246,-0.704424601395849));
#9729=CARTESIAN_POINT('',(-7.41506924656465,-24.3241464326963,-0.709081115261599));
#9730=CARTESIAN_POINT('',(-7.44883678663124,-24.3398924952264,-0.713822710153294));
#9731=CARTESIAN_POINT('',(-7.4824974512461,-24.3555887209149,-0.718649386070934));
#9732=CARTESIAN_POINT('',(-7.38128634080695,-24.3081540645374,-0.704424668070152));
#9733=CARTESIAN_POINT('',(-7.4825964256493,-24.355376459527,-0.718649016684269));
#9734=CARTESIAN_POINT('',(-7.48240848808117,-24.3555472367098,-0.360086684916058));
#9735=CARTESIAN_POINT('',(-7.38119490867496,-24.3083505695234,-0.644387913791447));
#9736=CARTESIAN_POINT('',(-14.8574480839354,-26.0039240603213,-6.19999999999999));
#9737=CARTESIAN_POINT('',(-13.1980879669484,-26.0039240603213,-6.00000000084611));
#9738=CARTESIAN_POINT('',(-13.1874857594731,-26.0039240603213,-5.32877224069028));
#9739=CARTESIAN_POINT('',(-13.1004479324043,-26.0039240603213,-4.66138509984797));
#9740=CARTESIAN_POINT('',(-12.8743809848233,-26.0039240603213,-4.03048259038498));
#9741=CARTESIAN_POINT('',(-12.8743809848233,-26.0039240603213,-4.0304825903849));
#9742=CARTESIAN_POINT('',(-12.8743809848233,-26.0039240603213,-4.03048259038489));
#9743=CARTESIAN_POINT('',(-12.9613654966827,-26.0039240603213,-4.30281782465917));
#9744=CARTESIAN_POINT('',(-13.0278794041189,-26.0039240603213,-4.58680449046502));
#9745=CARTESIAN_POINT('',(-13.1353427149085,-26.0039240603213,-5.24239405670617));
#9746=CARTESIAN_POINT('',(-13.1896390582813,-26.0039240603213,-5.93835831453786));
#9747=CARTESIAN_POINT('',(-13.1630169391758,-26.0039240603213,-6.64913344063515));
#9748=CARTESIAN_POINT('',(-13.150801882153,-26.0039240603213,-6.97525919573751));
#9749=CARTESIAN_POINT('',(-13.1264649484128,-26.0039240603213,-7.62502291587556));
#9750=CARTESIAN_POINT('',(-13.1021280146727,-26.0039240603213,-8.27478663601361));
#9751=CARTESIAN_POINT('',(-13.0777910809326,-26.0039240603213,-8.92455035615166));
#9752=CARTESIAN_POINT('',(-13.0746901588773,-26.0039240603213,-9.00734084537284));
#9753=CARTESIAN_POINT('',(-13.0715892368221,-26.0039240603213,-9.09013133459401));
#9754=CARTESIAN_POINT('',(-13.0684883147668,-26.0039240603213,-9.17292182381518));
#9755=CARTESIAN_POINT('',(-11.0173639939236,-26.0039240603213,-6.19999999999999));
#9756=CARTESIAN_POINT('',(-8.43606438804035,-24.8002442861054,6.3856797453965E-12));
#9757=CARTESIAN_POINT('',(-9.2943989715613,-25.2004922756605,-0.17649606167762));
#9758=CARTESIAN_POINT('',(-10.1429529767938,-25.5961795066585,-0.428790360928959));
#9759=CARTESIAN_POINT('',(-10.9369945542845,-25.9664471751359,-0.836987478699077));
#9760=CARTESIAN_POINT('',(-10.9369945542845,-25.9664471751359,-0.836987478699078));
#9761=CARTESIAN_POINT('',(-10.9369945542845,-25.9664471751359,5.37070388162419E-15));
#9762=CARTESIAN_POINT('',(-8.57197763004135,-30.5313461718115,-6.19999999999999));
#9763=CARTESIAN_POINT('',(-12.8574480839354,-27.8687958316024,-1.49999999999999));
#9764=CARTESIAN_POINT('',(-14.3574480839354,-26.9368501903287,-1.49999999999999));
#9765=CARTESIAN_POINT('',(-14.3574480839354,-26.9368501903287,-6.19999999999999));
#9766=CARTESIAN_POINT('',(-14.3574480839354,-26.6262016432375,-6.19999999999999));
#9767=CARTESIAN_POINT('',(-14.3574480839354,-26.6262016432375,-1.49999999999999));
#9768=CARTESIAN_POINT('',(-6.8963186819763,-24.0822490717565,-6.19999999999999));
#9769=CARTESIAN_POINT('',(-6.39791436817927,-21.5181811576351,-6.19999999999999));
#9770=CARTESIAN_POINT('',(-6.39795154365203,-21.5181799135488,-0.596064765897085));
#9771=CARTESIAN_POINT('',(-6.39791401170715,-21.518179323745,-0.596537895613131));
#9772=CARTESIAN_POINT('',(-6.53002125553762,-22.1978121755318,-0.6092210312173));
#9773=CARTESIAN_POINT('',(-6.66212849936808,-22.8774450273186,-0.62190416682147));
#9774=CARTESIAN_POINT('',(-6.79423574319855,-23.5570778791053,-0.634587302425639));
#9775=CARTESIAN_POINT('',(-6.79428392884116,-23.5570808277172,-0.633985298805054));
#9776=CARTESIAN_POINT('',(-6.79423554088265,-23.5570768382803,7.105427357601E-15));
#9777=CARTESIAN_POINT('',(-6.31926896936419,-21.1135856553234,-6.19999999999999));
#9778=CARTESIAN_POINT('',(-3.43696091329799,-21.1135856553234,-6.19999999999999));
#9779=CARTESIAN_POINT('',(-3.43696091329799,-21.1135856553234,-0.585559927549492));
#9780=CARTESIAN_POINT('',(-3.84999999999996,-21.1135856553234,-0.585559927549492));
#9781=CARTESIAN_POINT('',(-3.73739122281178,-21.1135856553234,-0.585559927549491));
#9782=CARTESIAN_POINT('',(-3.73739122281177,-21.1135856553234,20.5));
#9783=CARTESIAN_POINT('',(-3.73739122281177,-21.1135856553234,-0.49999999999999));
#9784=CARTESIAN_POINT('',(-6.31926896936418,-21.1135856553234,-0.499999999999986));
#9785=CARTESIAN_POINT('',(-3.80920568285017,-21.1135856553234,-0.499999999999989));
#9786=CARTESIAN_POINT('',(-3.80920568285017,-21.1135856553234,-0.499999999999994));
#9787=CARTESIAN_POINT('',(-4.58414139203803,-21.1135856553234,-0.499999999999994));
#9788=CARTESIAN_POINT('',(-5.28343977972053,-21.1135856553234,-0.519717864641057));
#9789=CARTESIAN_POINT('',(-5.90710084589768,-21.1135856553234,-0.559153593923184));
#9790=CARTESIAN_POINT('',(-5.90710707800167,-21.1135856553234,-0.559056157396437));
#9791=CARTESIAN_POINT('',(-5.90710077645544,-21.1135856553234,-6.19999999999999));
#9792=CARTESIAN_POINT('',(-8.28662414201342,-24.7017544328453,-0.854086840362793));
#9793=CARTESIAN_POINT('',(-8.28662414201342,-29.5601508939127,-0.854086840362793));
#9794=CARTESIAN_POINT('',(-9.20300243994668,-24.7017544328453,-1.0326291526798));
#9795=CARTESIAN_POINT('',(-9.20300243994668,-29.5601508939127,-1.0326291526798));
#9796=CARTESIAN_POINT('',(-11.0258563569248,-24.7017544328453,-1.51816277075613));
#9797=CARTESIAN_POINT('',(-11.0258563569248,-29.5601508939127,-1.51816277075613));
#9798=CARTESIAN_POINT('',(-12.5118769553894,-24.7017544328453,-3.01881456767081));
#9799=CARTESIAN_POINT('',(-12.5118769553894,-29.5601508939127,-3.01881456767081));
#9800=CARTESIAN_POINT('',(-12.8743809848233,-24.7017544328453,-4.0304825903849));
#9801=CARTESIAN_POINT('',(-12.8743809848233,-29.5601508939127,-4.0304825903849));
#9802=CARTESIAN_POINT('',(-8.28662414202167,-15.5,-0.854086840364399));
#9803=CARTESIAN_POINT('',(-8.28662414201342,-29.5313461718115,-0.854086840362793));
#9804=CARTESIAN_POINT('',(-8.28662414202167,-24.7305591549504,-0.854086840364399));
#9805=CARTESIAN_POINT('',(-12.8743809848233,-26.6809861765581,-4.0304825903849));
#9806=CARTESIAN_POINT('',(-12.6925948145055,-26.7939293959391,-3.52315786969317));
#9807=CARTESIAN_POINT('',(-12.2629461900604,-27.0608688378263,-2.82335356078475));
#9808=CARTESIAN_POINT('',(-11.6028597849113,-27.4709786032548,-2.19731874086255));
#9809=CARTESIAN_POINT('',(-10.9104878919128,-27.9011472484684,-1.73623091393729));
#9810=CARTESIAN_POINT('',(-10.4050768112161,-28.2151576842729,-1.48941149618262));
#9811=CARTESIAN_POINT('',(-9.5484408998037,-28.7473830868057,-1.14664073377732));
#9812=CARTESIAN_POINT('',(-8.82187518638723,-29.198796253284,-0.958372329606835));
#9813=CARTESIAN_POINT('',(-8.28662414201342,-29.5313461718115,-0.854086840362793));
#9814=CARTESIAN_POINT('',(-12.8743809848233,-26.6809861765581,-4.03048259038489));
#9815=CARTESIAN_POINT('',(-12.8743809848233,-15.5,-4.0304825903849));
#9816=CARTESIAN_POINT('',(-12.8743809848233,-26.0039240603213,-4.0304825903849));
#9817=CARTESIAN_POINT('',(-12.5228306399123,-26.0039240603213,-3.04938386197635));
#9818=CARTESIAN_POINT('',(-11.8242174027916,-26.0039240603213,-2.29883244841722));
#9819=CARTESIAN_POINT('',(-11.0173639939262,-26.0039240603213,-1.81639913857439));
#9820=CARTESIAN_POINT('',(-11.0173639939236,-26.0039240603213,-1.81639913857287));
#9821=CARTESIAN_POINT('',(-11.0173639939236,-26.0039240603213,-1.81639913857287));
#9822=CARTESIAN_POINT('',(-10.3504337239598,-25.6929293679818,-1.41762858863486));
#9823=CARTESIAN_POINT('',(-9.44018710665639,-25.2684743995235,-1.07884096164123));
#9824=CARTESIAN_POINT('',(-8.28662414201342,-24.7305591549465,-0.854086840362793));
#9825=CARTESIAN_POINT('',(-3.80920568285017,-21.1135856553234,-0.499999999999993));
#9826=CARTESIAN_POINT('',(-3.80920568285017,-29.5313461718115,-0.499999999999993));
#9827=CARTESIAN_POINT('',(-5.31101256353086,-21.1135856553234,-0.499999999999993));
#9828=CARTESIAN_POINT('',(-5.31101256353086,-29.5313461718115,-0.499999999999993));
#9829=CARTESIAN_POINT('',(-6.8076060865031,-21.1135856553234,-0.5659227664363));
#9830=CARTESIAN_POINT('',(-6.8076060865031,-29.5313461718115,-0.5659227664363));
#9831=CARTESIAN_POINT('',(-8.28662414202167,-21.1135856553234,-0.854086840364399));
#9832=CARTESIAN_POINT('',(-8.28662414202167,-29.5313461718115,-0.854086840364399));
#9833=CARTESIAN_POINT('',(-6.39791734034936,-21.5181964493965,-0.595585486080664));
#9834=CARTESIAN_POINT('',(-6.35357107042508,-21.2900167133954,-0.591783608323678));
#9835=CARTESIAN_POINT('',(-6.1391038063828,-21.1135914386373,-0.573796984101033));
#9836=CARTESIAN_POINT('',(-5.90711324066608,-21.1135856554787,-0.558958716428288));
#9837=CARTESIAN_POINT('',(-3.80920568285017,-15.5,-0.499999999999989));
#9838=CARTESIAN_POINT('',(-3.80920568285017,-29.5313461718115,-0.499999999999989));
#9839=CARTESIAN_POINT('',(-8.28662414202167,-29.5313461718115,-0.854086840364399));
#9840=CARTESIAN_POINT('',(-7.07504394054902,-29.5313461718115,-0.618028946788128));
#9841=CARTESIAN_POINT('',(-5.58257112082519,-29.5313461718115,-0.499999999999993));
#9842=CARTESIAN_POINT('',(-3.80920568285017,-29.5313461718115,-0.499999999999993));
#9843=CARTESIAN_POINT('',(-8.28662414202167,-24.7305591549504,-0.854086840364399));
#9844=CARTESIAN_POINT('',(-8.08947406743833,-24.6383104051075,-0.815675160091));
#9845=CARTESIAN_POINT('',(-7.89201170591329,-24.5460616552646,-0.781212339694047));
#9846=CARTESIAN_POINT('',(-7.6942663369026,-24.4538129054217,-0.750328141248958));
#9847=CARTESIAN_POINT('',(-7.69411356729497,-24.454021722549,-0.750383190209754));
#9848=CARTESIAN_POINT('',(-7.6942663369026,-24.4538129054217,-0.750328141248958));
#9849=CARTESIAN_POINT('',(-7.62377820903364,-24.4209300029942,-0.739319188978576));
#9850=CARTESIAN_POINT('',(-7.55325412136763,-24.3880471005667,-0.728764947362895));
#9851=CARTESIAN_POINT('',(-7.4826954000525,-24.3551641981391,-0.718648647297605));
#9852=CARTESIAN_POINT('',(-7.38119768924866,-24.3083518661212,-0.704399977131276));
#9853=CARTESIAN_POINT('',(-7.08109644871511,-24.1684134269804,-0.663161894993879));
#9854=CARTESIAN_POINT('',(-6.85791327767394,-23.8846297954649,-0.640075447018768));
#9855=CARTESIAN_POINT('',(-6.79424019257508,-23.5571007676802,-0.633373619846913));
#9856=CARTESIAN_POINT('',(-2.09337739245472,-15.5,-0.499999999999991));
#9857=CARTESIAN_POINT('',(-1.94374328609623,-32.386535008384,-0.499999999999991));
#9858=CARTESIAN_POINT('',(-2.09337739245472,-29.5313461718115,-0.499999999999991));
#9859=CARTESIAN_POINT('',(-2.41959365311109,-23.3067691124676,-0.49999999999999));
#9860=CARTESIAN_POINT('',(-2.60238684512568,-29.5313461718115,-0.49999999999999));
#9861=CARTESIAN_POINT('',(2.18574495735843,-30.9713396711487,-0.499999999999995));
#9862=CARTESIAN_POINT('',(-12.8743809848233,-26.0039240603213,-4.03048259038489));
#9863=CARTESIAN_POINT('',(-12.8743809848233,-26.6850485493652,-4.03048259038489));
#9864=CARTESIAN_POINT('',(-13.0758819915942,-26.0039240603213,-4.66135149695678));
#9865=CARTESIAN_POINT('',(-13.0758819915942,-26.6850485493652,-4.66135149695678));
#9866=CARTESIAN_POINT('',(-13.161362799789,-26.0039240603213,-5.33450028380163));
#9867=CARTESIAN_POINT('',(-13.161362799789,-26.6850485493652,-5.33450028380163));
#9868=CARTESIAN_POINT('',(-13.1705845440019,-26.0039240603213,-6.01212301080589));
#9869=CARTESIAN_POINT('',(-13.1705845440019,-26.6850485493652,-6.01212301080589));
#9870=CARTESIAN_POINT('',(-13.1704116124303,-26.4970632078369,-6.00000000338532));
#9871=CARTESIAN_POINT('',(-13.1647262056341,-26.5005955345586,-5.61902824687515));
#9872=CARTESIAN_POINT('',(-13.1353427149085,-26.5188514119633,-5.24239405670617));
#9873=CARTESIAN_POINT('',(-13.013752892272,-26.5943948154495,-4.50062443788573));
#9874=CARTESIAN_POINT('',(-12.9192796263946,-26.6530907810171,-4.13095824803371));
#9875=CARTESIAN_POINT('',(-12.5306790327296,-26.8945272006587,-3.09812707176162));
#9876=CARTESIAN_POINT('',(-12.1146548662976,-27.1530018063726,-2.49195047264491));
#9877=CARTESIAN_POINT('',(-11.1016586740679,-27.7823733970229,-1.55964219427251));
#9878=CARTESIAN_POINT('',(-10.5149669041541,-28.146883288851,-1.22215784382285));
#9879=CARTESIAN_POINT('',(-9.30965469856249,-28.8957402597677,-0.712595820353212));
#9880=CARTESIAN_POINT('',(-8.67920331093213,-29.2874378749258,-0.534563307194425));
#9881=CARTESIAN_POINT('',(-8.04424235043306,-29.6819372746031,-0.401643388208456));
#9882=CARTESIAN_POINT('',(-2.35538694580833,-23.4136270180609,20.5));
#9883=CARTESIAN_POINT('',(-7.36074968466403,-15.0833045100615,3.41659321793341));
#9884=CARTESIAN_POINT('',(-2.41959365311109,-23.3067691124676,-2.04112325207666));
#9885=CARTESIAN_POINT('',(-2.41959365311109,-23.3067691124676,20.5));
#9886=CARTESIAN_POINT('',(-1.99931476737724,-31.3261679781215,20.5));
#9887=CARTESIAN_POINT('',(-2.09337739245472,-29.5313461718115,7.105427357601E-15));
#9888=CARTESIAN_POINT('',(-2.6708299460406,-18.5128950661615,1.14045611898595));
#9889=CARTESIAN_POINT('',(-2.13592940619729,-28.7194053812515,-5.63336028823691));
#9890=CARTESIAN_POINT('',(-2.14172543327808,-28.6088105962772,-5.79999999999999));
#9891=CARTESIAN_POINT('',(-8.04424235043306,-29.6819372746031,-0.401643388208456));
#9892=CARTESIAN_POINT('',(-8.28662414201342,-29.5313461718115,7.105427357601E-15));
#9893=CARTESIAN_POINT('',(-2.60238684512568,-29.5313461718115,7.105427357601E-15));
#9894=CARTESIAN_POINT('',(-3.84999999999996,-20.7243465410624,-0.327231251330359));
#9895=CARTESIAN_POINT('',(-2.05766400782503,-20.6591368408631,-0.283953135355036));
#9896=CARTESIAN_POINT('',(-1.63524323319833,-28.7194053812515,-5.63336028823691));
#9897=CARTESIAN_POINT('',(-3.84999999999996,-28.7194053812515,-5.63336028823691));
#9898=CARTESIAN_POINT('',(-3.436960913298,-21.6135856553234,-0.917397950443955));
#9899=CARTESIAN_POINT('',(-8.4976367767887,-25.6039240603213,-0.386297235793632));
#9900=CARTESIAN_POINT('',(-8.4976367767887,-24.4539240603213,-0.386297235793632));
#9901=CARTESIAN_POINT('',(-11.8981278906104,-25.6039240603213,-1.0784574288431));
#9902=CARTESIAN_POINT('',(-11.8981278906104,-24.4539240603213,-1.0784574288431));
#9903=CARTESIAN_POINT('',(-13.6499326203981,-25.6039240603213,-2.76922409679284));
#9904=CARTESIAN_POINT('',(-13.6499326203981,-24.4539240603213,-2.76922409679284));
#9905=CARTESIAN_POINT('',(-13.6981468921842,-25.6039240603213,-6.00000001314073));
#9906=CARTESIAN_POINT('',(-13.6981468921842,-24.4539240603213,-6.00000001314073));
#9907=CARTESIAN_POINT('',(-13.6981468919881,-25.6039240603213,-5.99999999999999));
#9908=CARTESIAN_POINT('',(-13.6834668988439,-25.6039240603213,-5.01631266956228));
#9909=CARTESIAN_POINT('',(-13.3309841030675,-25.6039240603213,-3.01696066286707));
#9910=CARTESIAN_POINT('',(-11.8008577408925,-25.6039240603213,-1.64393476644236));
#9911=CARTESIAN_POINT('',(-10.9231618691533,-25.6039240603213,-1.19273304693666));
#9912=CARTESIAN_POINT('',(-10.9231618691533,-25.6039240603213,-1.19273304693666));
#9913=CARTESIAN_POINT('',(-10.9231618691533,-25.6039240603213,-1.19273304693666));
#9914=CARTESIAN_POINT('',(-10.1740384766203,-25.2334662569198,-0.807627256061937));
#9915=CARTESIAN_POINT('',(-9.37258667453252,-24.8448119995154,-0.568371137346519));
#9916=CARTESIAN_POINT('',(-8.55830460201534,-24.4539240603213,-0.398788493536001));
#9917=CARTESIAN_POINT('',(-8.55830460201534,-24.4539240603213,-0.398788493536));
#9918=CARTESIAN_POINT('',(-3.80920568285017,-24.4539240603213,7.105427357601E-15));
#9919=CARTESIAN_POINT('',(-10.3521506602756,-24.4539240603213,7.54951656745106E-15));
#9920=CARTESIAN_POINT('',(-13.6991701410792,-24.4539240603213,-1.54937618937559));
#9921=CARTESIAN_POINT('',(-13.6991701410792,-24.4539240603213,-6.13804900906161));
#9922=CARTESIAN_POINT('',(-7.41188389337097,-26.0039240603213,-0.710410269430876));
#9923=CARTESIAN_POINT('',(-7.41188389337097,-24.345271638966,-0.710410269430876));
#9924=CARTESIAN_POINT('',(-9.38889066987692,-26.0039240603213,-0.980013411985028));
#9925=CARTESIAN_POINT('',(-9.38889066987692,-24.345271638966,-0.980013411985028));
#9926=CARTESIAN_POINT('',(-12.236645000525,-26.0039240603213,-2.06141548504333));
#9927=CARTESIAN_POINT('',(-12.236645000525,-24.345271638966,-2.06141548504333));
#9928=CARTESIAN_POINT('',(-13.1717225335441,-26.0039240603213,-4.33079942627784));
#9929=CARTESIAN_POINT('',(-13.1717225335441,-24.345271638966,-4.33079942627784));
#9930=CARTESIAN_POINT('',(-13.1980879669484,-26.0039240603213,-6.00000000084611));
#9931=CARTESIAN_POINT('',(-13.1980879669484,-24.345271638966,-6.00000000084611));
#9932=CARTESIAN_POINT('',(-7.92615766291263,-24.4539240603213,-0.788649343908093));
#9933=CARTESIAN_POINT('',(-8.60107328728948,-24.4539240603213,-0.902544729514706));
#9934=CARTESIAN_POINT('',(-9.91357772911193,-24.4539240603213,-1.21079761659817));
#9935=CARTESIAN_POINT('',(-11.7964240946964,-24.4539240603213,-2.15809562534769));
#9936=CARTESIAN_POINT('',(-13.0134745352062,-24.4539240603213,-3.92275438941825));
#9937=CARTESIAN_POINT('',(-13.1871530292723,-24.4539240603213,-5.30770703309731));
#9938=CARTESIAN_POINT('',(-13.1980879669351,-24.4539240603213,-6.00000000000025));
#9939=CARTESIAN_POINT('',(-7.92615766291283,-24.4539240603213,-0.788649343908127));
#9940=CARTESIAN_POINT('',(-7.9261576629089,-24.4539240603213,-0.788649343903487));
#9941=CARTESIAN_POINT('',(-7.77273885169759,-24.4539240603213,-0.762759152550569));
#9942=CARTESIAN_POINT('',(-7.62230623725894,-24.4207826285148,-0.739831232122337));
#9943=CARTESIAN_POINT('',(-7.48240848805457,-24.3555472366974,-0.720173369832124));
#9944=CARTESIAN_POINT('',(-16.0173639939236,-24.4539240603213,-14.5));
#9945=CARTESIAN_POINT('',(-8.55830460201534,-24.4539240603213,-0.398788493536));
#9946=CARTESIAN_POINT('',(-8.33643335763148,-24.4539240603213,-0.35258151750414));
#9947=CARTESIAN_POINT('',(-8.11816512667588,-24.4539240603213,-0.284231676937184));
#9948=CARTESIAN_POINT('',(-7.92615766290955,-24.4539240603213,-0.163219869602796));
#9949=CARTESIAN_POINT('',(-7.92615766290955,-24.4539240603213,-0.16321986960279));
#9950=CARTESIAN_POINT('',(-7.9261576629089,-24.4539240603213,-0.751168695149231));
#9951=CARTESIAN_POINT('',(-13.6986765376685,-25.6039240603213,-6.04197381420434));
#9952=CARTESIAN_POINT('',(-13.6986765376685,-26.0039240603213,-6.04197381420434));
#9953=CARTESIAN_POINT('',(-14.0986552270509,-26.0039240603213,-6.03784488698757));
#9954=CARTESIAN_POINT('',(-13.6882149066112,-25.6039240603139,-5.02853151807697));
#9955=CARTESIAN_POINT('',(-13.6882149151574,-26.0039240606638,-5.02853151807162));
#9956=CARTESIAN_POINT('',(-14.0877378036146,-26.0039240603213,-4.98024800747806));
#9957=CARTESIAN_POINT('',(-13.3228513839431,-25.6039240603277,-3.0078154167575));
#9958=CARTESIAN_POINT('',(-13.322851377638,-26.0039240601838,-3.00781542073381));
#9959=CARTESIAN_POINT('',(-13.7061612093524,-26.0039240603213,-2.81126158614824));
#9960=CARTESIAN_POINT('',(-11.8122599571439,-25.6039240603158,-1.64979636354503));
#9961=CARTESIAN_POINT('',(-11.8122599612079,-26.0039240602537,-1.64979635559778));
#9962=CARTESIAN_POINT('',(-12.0489350923506,-26.0039240603213,-1.32170553545432));
#9963=CARTESIAN_POINT('',(-10.9231618691532,-25.6039240603213,-1.19273304693662));
#9964=CARTESIAN_POINT('',(-10.9231618691532,-26.0039240603213,-1.19273304693663));
#9965=CARTESIAN_POINT('',(-11.1060418589807,-26.0039240603213,-0.836987478699037));
#9966=CARTESIAN_POINT('',(-11.1060418589801,-25.6039240603213,-0.836987478698719));
#9967=CARTESIAN_POINT('',(-7.67797441329727,-24.4467411253122,0.135780195875501));
#9968=CARTESIAN_POINT('',(-7.63085132374628,-24.4247672677787,-0.235568950695091));
#9969=CARTESIAN_POINT('',(-7.78595028662533,-24.0842180104976,-0.25953016355192));
#9970=CARTESIAN_POINT('',(-8.79399317045075,-24.9671492184175,-0.0366333507487628));
#9971=CARTESIAN_POINT('',(-8.71405389778761,-24.9298729233854,-0.392603026235063));
#9972=CARTESIAN_POINT('',(-8.87597351601022,-24.6046261036029,-0.427927670107441));
#9973=CARTESIAN_POINT('',(-9.91728498688192,-25.4909487947622,-0.31278004895001));
#9974=CARTESIAN_POINT('',(-9.79888521682061,-25.4357380756474,-0.638551677241768));
#9975=CARTESIAN_POINT('',(-9.96163007075061,-25.1284256801507,-0.698433352967485));
#9976=CARTESIAN_POINT('',(-10.9369945542845,-25.9664471751359,-0.836987478699074));
#9977=CARTESIAN_POINT('',(-10.8111029689814,-25.9077429648118,-1.13512634047778));
#9978=CARTESIAN_POINT('',(-10.9231618691533,-25.6039240603213,-1.19273304693666));
#9979=CARTESIAN_POINT('',(-11.1060418589808,-25.6039240603213,-0.836987478699078));
#9980=CARTESIAN_POINT('',(-7.69074031346386,-24.4271926817401,7.105427357601E-15));
#9981=CARTESIAN_POINT('',(-7.76655399290892,-24.444634685817,-0.0568441985221859));
#9982=CARTESIAN_POINT('',(-7.8445929091443,-24.4539240603213,-0.111814064462092));
#9983=CARTESIAN_POINT('',(-7.92615766290911,-24.4539240603213,-0.163219869602512));
#9984=CARTESIAN_POINT('',(-11.1060418589808,-25.6039240603213,-0.836987478699079));
#9985=CARTESIAN_POINT('',(-11.1060418589808,-25.6039240603213,-0.836987478699076));
#9986=CARTESIAN_POINT('',(-11.1060418589808,-25.6039240603213,-6.19999999999999));
#9987=CARTESIAN_POINT('',(-7.9261576629089,-23.4039240603213,-14.5));
#9988=CARTESIAN_POINT('',(-7.82494408350269,-23.3567273931349,-6.19999999999999));
#9989=CARTESIAN_POINT('',(-5.90710077645544,-21.6135856553234,-6.19999999999999));
#9990=CARTESIAN_POINT('',(-3.436960913298,-21.6135856553234,-6.19999999999999));
#9991=CARTESIAN_POINT('',(-12.8574480839354,-26.6262016432375,-1.49999999999999));
#9992=CARTESIAN_POINT('',(7.60238684512577,-30.5313461718115,-6.19999999999999));
#9993=CARTESIAN_POINT('',(8.57197763004144,-30.5313461718115,-6.19999999999999));
#9994=CARTESIAN_POINT('',(7.60238684512577,-30.5313461718115,-1.19999999999999));
#9995=CARTESIAN_POINT('',(2.60238684512577,-30.5313461718115,-1.19999999999999));
#9996=CARTESIAN_POINT('',(11.0173639939237,-26.0039240603213,-6.19999999999999));
#9997=CARTESIAN_POINT('',(7.38119483104642,-24.3083505333246,-0.704424601395849));
#9998=CARTESIAN_POINT('',(7.41506924656474,-24.3241464326963,-0.709081115261599));
#9999=CARTESIAN_POINT('',(7.44883678663133,-24.3398924952264,-0.713822710153294));
#10000=CARTESIAN_POINT('',(7.48249745124618,-24.3555887209149,-0.718649386070934));
#10001=CARTESIAN_POINT('',(7.38128634080703,-24.3081540645374,-0.704424668070152));
#10002=CARTESIAN_POINT('',(7.48259642564939,-24.355376459527,-0.718649016684269));
#10003=CARTESIAN_POINT('',(7.38119490867505,-24.3083505695234,-0.644387913791447));
#10004=CARTESIAN_POINT('',(7.48240848808126,-24.3555472367098,-0.360086684916058));
#10005=CARTESIAN_POINT('',(14.8574480839355,-26.0039240603213,-6.19999999999999));
#10006=CARTESIAN_POINT('',(11.1060418589809,-26.0039240603213,-0.836987478699076));
#10007=CARTESIAN_POINT('',(12.0492693717175,-26.0039240603213,-1.32187739254585));
#10008=CARTESIAN_POINT('',(13.6904888251496,-26.0039240603213,-2.79760210815215));
#10009=CARTESIAN_POINT('',(14.083076275513,-26.0039240603213,-4.9426493940025));
#10010=CARTESIAN_POINT('',(14.0981895509409,-26.0039240603213,-5.99999999999999));
#10011=CARTESIAN_POINT('',(11.1060418589809,-26.0039240603213,-0.836987478699076));
#10012=CARTESIAN_POINT('',(11.1060418589809,-26.0039240603213,-1.24213168558592));
#10013=CARTESIAN_POINT('',(12.8574480839355,-26.0039240603213,-1.49999999999999));
#10014=CARTESIAN_POINT('',(14.3574480839355,-26.0039240603213,-1.49999999999999));
#10015=CARTESIAN_POINT('',(14.3574480839355,-26.0039240603213,-6.19999999999999));
#10016=CARTESIAN_POINT('',(11.0173639939237,-26.0039240603213,-6.19999999999999));
#10017=CARTESIAN_POINT('',(8.43606438804043,-24.8002442861054,6.38573395550512E-12));
#10018=CARTESIAN_POINT('',(9.29439897156139,-25.2004922756605,-0.17649606167762));
#10019=CARTESIAN_POINT('',(10.1429529767939,-25.5961795066585,-0.428790360928959));
#10020=CARTESIAN_POINT('',(10.9369945542846,-25.9664471751359,-0.836987478699077));
#10021=CARTESIAN_POINT('',(10.9369945542846,-25.9664471751359,-0.836987478699078));
#10022=CARTESIAN_POINT('',(10.9369945542846,-25.9664471751359,5.37070388162419E-15));
#10023=CARTESIAN_POINT('',(8.57197763004144,-30.5313461718115,-6.19999999999999));
#10024=CARTESIAN_POINT('',(14.3574480839355,-26.9368501903287,-6.19999999999999));
#10025=CARTESIAN_POINT('',(14.3574480839355,-26.9368501903287,-1.49999999999999));
#10026=CARTESIAN_POINT('',(12.8574480839355,-27.8687958316024,-1.49999999999999));
#10027=CARTESIAN_POINT('',(8.57197763004144,-30.5313461718115,-6.19999999999999));
#10028=CARTESIAN_POINT('',(14.3574480839355,-26.6262016432375,-6.19999999999999));
#10029=CARTESIAN_POINT('',(14.3574480839355,-26.6262016432375,-1.49999999999999));
#10030=CARTESIAN_POINT('',(6.89631868197639,-24.0822490717565,-6.19999999999999));
#10031=CARTESIAN_POINT('',(6.79423554088273,-23.5570768382803,7.105427357601E-15));
#10032=CARTESIAN_POINT('',(6.79428392884124,-23.5570808277172,-0.633985298805054));
#10033=CARTESIAN_POINT('',(6.39791401170724,-21.518179323745,-0.596537895613131));
#10034=CARTESIAN_POINT('',(6.5300212555377,-22.1978121755318,-0.6092210312173));
#10035=CARTESIAN_POINT('',(6.66212849936817,-22.8774450273186,-0.62190416682147));
#10036=CARTESIAN_POINT('',(6.79423574319863,-23.5570778791053,-0.634587302425639));
#10037=CARTESIAN_POINT('',(6.39795154365212,-21.5181799135488,-0.596064765897085));
#10038=CARTESIAN_POINT('',(6.39791436817936,-21.5181811576351,-6.19999999999999));
#10039=CARTESIAN_POINT('',(6.31926896936427,-21.1135856553234,-6.19999999999999));
#10040=CARTESIAN_POINT('',(5.90710077645552,-21.1135856553234,-6.19999999999999));
#10041=CARTESIAN_POINT('',(5.90710707800175,-21.1135856553234,-0.559056157396437));
#10042=CARTESIAN_POINT('',(3.80920568285026,-21.1135856553234,-0.499999999999994));
#10043=CARTESIAN_POINT('',(4.58414139203811,-21.1135856553234,-0.499999999999994));
#10044=CARTESIAN_POINT('',(5.28343977972062,-21.1135856553234,-0.519717864641057));
#10045=CARTESIAN_POINT('',(5.90710084589776,-21.1135856553234,-0.559153593923184));
#10046=CARTESIAN_POINT('',(3.80920568285026,-21.1135856553234,-0.499999999999989));
#10047=CARTESIAN_POINT('',(6.31926896936427,-21.1135856553234,-0.499999999999986));
#10048=CARTESIAN_POINT('',(3.73739122281186,-21.1135856553234,-0.49999999999999));
#10049=CARTESIAN_POINT('',(3.73739122281186,-21.1135856553234,20.5));
#10050=CARTESIAN_POINT('',(3.73739122281186,-21.1135856553234,-0.585559927549491));
#10051=CARTESIAN_POINT('',(3.85000000000004,-21.1135856553234,-0.585559927549492));
#10052=CARTESIAN_POINT('',(3.43696091329808,-21.1135856553234,-0.585559927549492));
#10053=CARTESIAN_POINT('',(3.43696091329808,-21.1135856553234,-6.19999999999999));
#10054=CARTESIAN_POINT('',(3.15407452420419,-21.1135856553234,-6.19999999999999));
#10055=CARTESIAN_POINT('',(6.8943338644804,-14.8887487766318,3.54571519778162));
#10056=CARTESIAN_POINT('',(1.92680329545736,-23.1561079806058,-1.94113306782857));
#10057=CARTESIAN_POINT('',(3.00837726294702,-21.3560666178683,-0.746488733950438));
#10058=CARTESIAN_POINT('',(1.92680329545736,-23.1561079806059,-13.5));
#10059=CARTESIAN_POINT('',(3.00837726294702,-21.3560666178683,-6.19999999999999));
#10060=CARTESIAN_POINT('',(8.28662414201351,-24.7017544328453,-0.854086840362793));
#10061=CARTESIAN_POINT('',(8.28662414201351,-29.5601508939127,-0.854086840362793));
#10062=CARTESIAN_POINT('',(9.20300243994677,-24.7017544328453,-1.0326291526798));
#10063=CARTESIAN_POINT('',(9.20300243994677,-29.5601508939127,-1.0326291526798));
#10064=CARTESIAN_POINT('',(11.0258563569249,-24.7017544328453,-1.51816277075613));
#10065=CARTESIAN_POINT('',(11.0258563569249,-29.5601508939127,-1.51816277075613));
#10066=CARTESIAN_POINT('',(12.5118769553895,-24.7017544328453,-3.01881456767081));
#10067=CARTESIAN_POINT('',(12.5118769553895,-29.5601508939127,-3.01881456767081));
#10068=CARTESIAN_POINT('',(12.8743809848234,-24.7017544328453,-4.0304825903849));
#10069=CARTESIAN_POINT('',(12.8743809848234,-29.5601508939127,-4.0304825903849));
#10070=CARTESIAN_POINT('',(8.28662414202175,-15.5,-0.854086840364399));
#10071=CARTESIAN_POINT('',(8.28662414202175,-24.7305591549504,-0.854086840364399));
#10072=CARTESIAN_POINT('',(8.28662414201351,-29.5313461718115,-0.854086840362793));
#10073=CARTESIAN_POINT('',(11.0173639939237,-26.0039240603213,-1.81639913857287));
#10074=CARTESIAN_POINT('',(10.3504337239599,-25.6929293679818,-1.41762858863486));
#10075=CARTESIAN_POINT('',(9.44018710665647,-25.2684743995235,-1.07884096164123));
#10076=CARTESIAN_POINT('',(8.28662414201351,-24.7305591549465,-0.854086840362793));
#10077=CARTESIAN_POINT('',(11.0173639939237,-26.0039240603213,-1.81639913857287));
#10078=CARTESIAN_POINT('',(12.8743809848234,-26.0039240603213,-4.0304825903849));
#10079=CARTESIAN_POINT('',(12.5228306399124,-26.0039240603213,-3.04938386197635));
#10080=CARTESIAN_POINT('',(11.8242174027917,-26.0039240603213,-2.29883244841722));
#10081=CARTESIAN_POINT('',(11.0173639939263,-26.0039240603213,-1.81639913857439));
#10082=CARTESIAN_POINT('',(12.8743809848234,-15.5,-4.0304825903849));
#10083=CARTESIAN_POINT('',(12.8743809848234,-26.6809861765581,-4.03048259038489));
#10084=CARTESIAN_POINT('',(12.8743809848234,-26.6809861765581,-4.0304825903849));
#10085=CARTESIAN_POINT('',(12.6925948145056,-26.7939293959391,-3.52315786969317));
#10086=CARTESIAN_POINT('',(12.2629461900605,-27.0608688378263,-2.82335356078475));
#10087=CARTESIAN_POINT('',(11.6028597849114,-27.4709786032548,-2.19731874086255));
#10088=CARTESIAN_POINT('',(10.9104878919129,-27.9011472484684,-1.73623091393729));
#10089=CARTESIAN_POINT('',(10.4050768112161,-28.2151576842729,-1.48941149618262));
#10090=CARTESIAN_POINT('',(9.54844089980378,-28.7473830868057,-1.14664073377732));
#10091=CARTESIAN_POINT('',(8.82187518638732,-29.198796253284,-0.958372329606835));
#10092=CARTESIAN_POINT('',(8.28662414201351,-29.5313461718115,-0.854086840362793));
#10093=CARTESIAN_POINT('',(3.80920568285026,-21.1135856553234,-0.499999999999993));
#10094=CARTESIAN_POINT('',(3.80920568285026,-29.5313461718115,-0.499999999999993));
#10095=CARTESIAN_POINT('',(5.31101256353094,-21.1135856553234,-0.499999999999993));
#10096=CARTESIAN_POINT('',(5.31101256353094,-29.5313461718115,-0.499999999999993));
#10097=CARTESIAN_POINT('',(6.80760608650319,-21.1135856553234,-0.5659227664363));
#10098=CARTESIAN_POINT('',(6.80760608650319,-29.5313461718115,-0.5659227664363));
#10099=CARTESIAN_POINT('',(8.28662414202175,-21.1135856553234,-0.854086840364399));
#10100=CARTESIAN_POINT('',(8.28662414202175,-29.5313461718115,-0.854086840364399));
#10101=CARTESIAN_POINT('',(7.38119768924875,-24.3083518661212,-0.704399977131276));
#10102=CARTESIAN_POINT('',(7.0810964487152,-24.1684134269804,-0.663161894993879));
#10103=CARTESIAN_POINT('',(6.85791327767403,-23.8846297954649,-0.640075447018768));
#10104=CARTESIAN_POINT('',(6.79424019257517,-23.5571007676802,-0.633373619846913));
#10105=CARTESIAN_POINT('',(7.69426633690269,-24.4538129054217,-0.750328141248958));
#10106=CARTESIAN_POINT('',(7.62377820903373,-24.4209300029942,-0.739319188978576));
#10107=CARTESIAN_POINT('',(7.55325412136772,-24.3880471005667,-0.728764947362895));
#10108=CARTESIAN_POINT('',(7.48269540005259,-24.3551641981391,-0.718648647297605));
#10109=CARTESIAN_POINT('',(7.69411356729506,-24.454021722549,-0.750383190209754));
#10110=CARTESIAN_POINT('',(8.28662414202175,-24.7305591549504,-0.854086840364399));
#10111=CARTESIAN_POINT('',(8.08947406743842,-24.6383104051075,-0.815675160091));
#10112=CARTESIAN_POINT('',(7.89201170591337,-24.5460616552646,-0.781212339694047));
#10113=CARTESIAN_POINT('',(7.69426633690269,-24.4538129054217,-0.750328141248958));
#10114=CARTESIAN_POINT('',(8.28662414202175,-29.5313461718115,-0.854086840364399));
#10115=CARTESIAN_POINT('',(7.07504394054911,-29.5313461718115,-0.618028946788128));
#10116=CARTESIAN_POINT('',(5.58257112082528,-29.5313461718115,-0.499999999999993));
#10117=CARTESIAN_POINT('',(3.80920568285026,-29.5313461718115,-0.499999999999993));
#10118=CARTESIAN_POINT('',(3.80920568285026,-29.5313461718115,-0.499999999999989));
#10119=CARTESIAN_POINT('',(3.80920568285026,-15.5,-0.499999999999989));
#10120=CARTESIAN_POINT('',(6.39791734034945,-21.5181964493965,-0.595585486080664));
#10121=CARTESIAN_POINT('',(6.35357107042516,-21.2900167133954,-0.591783608323678));
#10122=CARTESIAN_POINT('',(6.13910380638289,-21.1135914386373,-0.573796984101033));
#10123=CARTESIAN_POINT('',(5.90711324066616,-21.1135856554787,-0.558958716428288));
#10124=CARTESIAN_POINT('',(2.09337739245481,-15.5,-0.499999999999991));
#10125=CARTESIAN_POINT('',(1.94374328609632,-32.386535008384,-0.499999999999991));
#10126=CARTESIAN_POINT('',(2.09337739245481,-29.5313461718115,-0.499999999999991));
#10127=CARTESIAN_POINT('',(2.41959365311118,-23.3067691124676,-0.49999999999999));
#10128=CARTESIAN_POINT('',(-2.18574495735834,-30.9713396711487,-0.499999999999995));
#10129=CARTESIAN_POINT('',(2.60238684512577,-29.5313461718115,-0.49999999999999));
#10130=CARTESIAN_POINT('',(12.8743809848234,-26.0039240603213,-4.03048259038489));
#10131=CARTESIAN_POINT('',(12.8743809848234,-26.6850485493652,-4.03048259038489));
#10132=CARTESIAN_POINT('',(13.0758819915943,-26.0039240603213,-4.66135149695678));
#10133=CARTESIAN_POINT('',(13.0758819915943,-26.6850485493652,-4.66135149695678));
#10134=CARTESIAN_POINT('',(13.161362799789,-26.0039240603213,-5.33450028380163));
#10135=CARTESIAN_POINT('',(13.161362799789,-26.6850485493652,-5.33450028380163));
#10136=CARTESIAN_POINT('',(13.170584544002,-26.0039240603213,-6.01212301080589));
#10137=CARTESIAN_POINT('',(13.170584544002,-26.6850485493652,-6.01212301080589));
#10138=CARTESIAN_POINT('',(13.1704116124304,-26.4970632078369,-6.00000000338532));
#10139=CARTESIAN_POINT('',(13.1647262056342,-26.5005955345586,-5.61902824687515));
#10140=CARTESIAN_POINT('',(13.1353427149086,-26.5188514119633,-5.24239405670617));
#10141=CARTESIAN_POINT('',(13.0137528922721,-26.5943948154495,-4.50062443788573));
#10142=CARTESIAN_POINT('',(12.9192796263947,-26.6530907810171,-4.13095824803371));
#10143=CARTESIAN_POINT('',(12.5306790327297,-26.8945272006587,-3.09812707176162));
#10144=CARTESIAN_POINT('',(12.1146548662977,-27.1530018063726,-2.49195047264491));
#10145=CARTESIAN_POINT('',(11.1016586740679,-27.7823733970229,-1.55964219427251));
#10146=CARTESIAN_POINT('',(10.5149669041542,-28.146883288851,-1.22215784382285));
#10147=CARTESIAN_POINT('',(9.30965469856257,-28.8957402597677,-0.712595820353212));
#10148=CARTESIAN_POINT('',(8.67920331093221,-29.2874378749258,-0.534563307194425));
#10149=CARTESIAN_POINT('',(8.04424235043315,-29.6819372746031,-0.401643388208456));
#10150=CARTESIAN_POINT('',(2.35538694580841,-23.4136270180609,20.5));
#10151=CARTESIAN_POINT('',(2.41959365311118,-23.3067691124676,20.5));
#10152=CARTESIAN_POINT('',(2.41959365311118,-23.3067691124676,-2.04112325207666));
#10153=CARTESIAN_POINT('',(7.36074968466411,-15.0833045100615,3.41659321793341));
#10154=CARTESIAN_POINT('',(1.99931476737733,-31.3261679781215,20.5));
#10155=CARTESIAN_POINT('',(2.14172543327816,-28.6088105962772,-5.79999999999999));
#10156=CARTESIAN_POINT('',(2.13592940619737,-28.7194053812515,-5.63336028823691));
#10157=CARTESIAN_POINT('',(2.67082994604068,-18.5128950661615,1.14045611898595));
#10158=CARTESIAN_POINT('',(2.09337739245481,-29.5313461718115,7.105427357601E-15));
#10159=CARTESIAN_POINT('',(8.04424235043315,-29.6819372746031,-0.401643388208456));
#10160=CARTESIAN_POINT('',(8.28662414201351,-29.5313461718115,7.105427357601E-15));
#10161=CARTESIAN_POINT('',(2.60238684512577,-29.5313461718115,7.105427357601E-15));
#10162=CARTESIAN_POINT('',(3.85000000000004,-20.7243465410624,-0.327231251330359));
#10163=CARTESIAN_POINT('',(3.85000000000004,-28.7194053812515,-5.63336028823692));
#10164=CARTESIAN_POINT('',(1.63524323319841,-28.7194053812515,-5.63336028823691));
#10165=CARTESIAN_POINT('',(2.05766400782512,-20.6591368408631,-0.283953135355036));
#10166=CARTESIAN_POINT('',(3.43696091329808,-21.6135856553234,-0.917397950443955));
#10167=CARTESIAN_POINT('',(8.49763677678879,-25.6039240603213,-0.386297235793632));
#10168=CARTESIAN_POINT('',(8.49763677678879,-24.4539240603213,-0.386297235793632));
#10169=CARTESIAN_POINT('',(11.8981278906105,-25.6039240603213,-1.0784574288431));
#10170=CARTESIAN_POINT('',(11.8981278906105,-24.4539240603213,-1.0784574288431));
#10171=CARTESIAN_POINT('',(13.6499326203981,-25.6039240603213,-2.76922409679284));
#10172=CARTESIAN_POINT('',(13.6499326203981,-24.4539240603213,-2.76922409679284));
#10173=CARTESIAN_POINT('',(13.6981468921842,-25.6039240603213,-6.00000001314073));
#10174=CARTESIAN_POINT('',(13.6981468921842,-24.4539240603213,-6.00000001314073));
#10175=CARTESIAN_POINT('',(13.6981468919881,-25.6039240603213,-5.99999999999999));
#10176=CARTESIAN_POINT('',(13.683466898844,-25.6039240603213,-5.01631266956228));
#10177=CARTESIAN_POINT('',(13.3309841030676,-25.6039240603213,-3.01696066286706));
#10178=CARTESIAN_POINT('',(11.8008577408926,-25.6039240603213,-1.64393476644236));
#10179=CARTESIAN_POINT('',(10.9231618691534,-25.6039240603213,-1.19273304693666));
#10180=CARTESIAN_POINT('',(10.9231618691534,-25.6039240603213,-1.19273304693666));
#10181=CARTESIAN_POINT('',(3.80920568285026,-24.4539240603213,7.105427357601E-15));
#10182=CARTESIAN_POINT('',(10.3521506602757,-24.4539240603213,7.54951656745106E-15));
#10183=CARTESIAN_POINT('',(13.6991701410793,-24.4539240603213,-1.54937618937559));
#10184=CARTESIAN_POINT('',(13.6991701410793,-24.4539240603213,-6.13804900906161));
#10185=CARTESIAN_POINT('',(8.55830460201542,-24.4539240603213,-0.398788493536));
#10186=CARTESIAN_POINT('',(10.9231618691534,-25.6039240603213,-1.19273304693666));
#10187=CARTESIAN_POINT('',(10.1740384766204,-25.2334662569198,-0.807627256061937));
#10188=CARTESIAN_POINT('',(9.37258667453261,-24.8448119995154,-0.568371137346519));
#10189=CARTESIAN_POINT('',(8.55830460201542,-24.4539240603213,-0.398788493536001));
#10190=CARTESIAN_POINT('',(7.41188389337105,-26.0039240603213,-0.710410269430876));
#10191=CARTESIAN_POINT('',(7.41188389337105,-24.345271638966,-0.710410269430876));
#10192=CARTESIAN_POINT('',(9.38889066987701,-26.0039240603213,-0.980013411985028));
#10193=CARTESIAN_POINT('',(9.38889066987701,-24.345271638966,-0.980013411985028));
#10194=CARTESIAN_POINT('',(12.2366450005251,-26.0039240603213,-2.06141548504333));
#10195=CARTESIAN_POINT('',(12.2366450005251,-24.345271638966,-2.06141548504333));
#10196=CARTESIAN_POINT('',(13.1717225335442,-26.0039240603213,-4.33079942627784));
#10197=CARTESIAN_POINT('',(13.1717225335442,-24.345271638966,-4.33079942627784));
#10198=CARTESIAN_POINT('',(13.1980879669485,-26.0039240603213,-6.00000000084611));
#10199=CARTESIAN_POINT('',(13.1980879669485,-24.345271638966,-6.00000000084611));
#10200=CARTESIAN_POINT('',(7.92615766291271,-24.4539240603213,-0.788649343908093));
#10201=CARTESIAN_POINT('',(8.60107328728956,-24.4539240603213,-0.902544729514705));
#10202=CARTESIAN_POINT('',(9.91357772911202,-24.4539240603213,-1.21079761659817));
#10203=CARTESIAN_POINT('',(11.7964240946965,-24.4539240603213,-2.15809562534769));
#10204=CARTESIAN_POINT('',(13.0134745352062,-24.4539240603213,-3.92275438941824));
#10205=CARTESIAN_POINT('',(13.1871530292724,-24.4539240603213,-5.30770703309731));
#10206=CARTESIAN_POINT('',(13.1980879669351,-24.4539240603213,-6.00000000000025));
#10207=CARTESIAN_POINT('',(7.92615766291292,-24.4539240603213,-0.788649343908127));
#10208=CARTESIAN_POINT('',(7.92615766290899,-24.4539240603213,-0.788649343903487));
#10209=CARTESIAN_POINT('',(7.77273885169767,-24.4539240603213,-0.762759152550569));
#10210=CARTESIAN_POINT('',(7.62230623725902,-24.4207826285148,-0.739831232122337));
#10211=CARTESIAN_POINT('',(7.48240848805465,-24.3555472366974,-0.720173369832124));
#10212=CARTESIAN_POINT('',(16.0173639939237,-24.4539240603213,-14.5));
#10213=CARTESIAN_POINT('',(8.55830460201542,-24.4539240603213,-0.398788493536));
#10214=CARTESIAN_POINT('',(8.33643335763157,-24.4539240603213,-0.352581517504142));
#10215=CARTESIAN_POINT('',(8.11816512667596,-24.4539240603213,-0.284231676937184));
#10216=CARTESIAN_POINT('',(7.92615766290963,-24.4539240603213,-0.163219869602796));
#10217=CARTESIAN_POINT('',(7.92615766290964,-24.4539240603213,-0.16321986960279));
#10218=CARTESIAN_POINT('',(7.92615766290899,-24.4539240603213,-0.751168695149231));
#10219=CARTESIAN_POINT('',(14.098655227051,-26.0039240603213,-6.03784488698757));
#10220=CARTESIAN_POINT('',(13.6986765376686,-26.0039240603213,-6.04197381420434));
#10221=CARTESIAN_POINT('',(13.6986765376686,-25.6039240603213,-6.04197381420434));
#10222=CARTESIAN_POINT('',(14.0877378036137,-26.0039240603213,-4.98024800747806));
#10223=CARTESIAN_POINT('',(13.6882149152911,-26.0039240609025,-5.02853151812935));
#10224=CARTESIAN_POINT('',(13.6882149066113,-25.6039240603139,-5.02853151807696));
#10225=CARTESIAN_POINT('',(13.7061612093469,-26.0039240603213,-2.81126158614721));
#10226=CARTESIAN_POINT('',(13.3228513775531,-26.0039240600268,-3.00781542070308));
#10227=CARTESIAN_POINT('',(13.322851383938,-25.6039240603277,-3.00781541675485));
#10228=CARTESIAN_POINT('',(12.0489350923626,-26.0039240603213,-1.32170553545639));
#10229=CARTESIAN_POINT('',(11.8122599612444,-26.0039240603291,-1.64979635560152));
#10230=CARTESIAN_POINT('',(11.8122599571543,-25.6039240603158,-1.64979636355035));
#10231=CARTESIAN_POINT('',(11.1060418589808,-26.0039240603213,-0.836987478699037));
#10232=CARTESIAN_POINT('',(10.9231618691533,-26.0039240603213,-1.19273304693663));
#10233=CARTESIAN_POINT('',(10.9231618691533,-25.6039240603213,-1.19273304693662));
#10234=CARTESIAN_POINT('',(11.1060418589802,-25.6039240603213,-0.836987478698719));
#10235=CARTESIAN_POINT('',(7.78595028662542,-24.0842180104976,-0.25953016355192));
#10236=CARTESIAN_POINT('',(7.63085132374637,-24.4247672677787,-0.235568950695092));
#10237=CARTESIAN_POINT('',(7.67797441329736,-24.4467411253122,0.1357801958755));
#10238=CARTESIAN_POINT('',(8.87597351600916,-24.6046261036051,-0.427927670107264));
#10239=CARTESIAN_POINT('',(8.71405389778589,-24.9298729233849,-0.392603026234484));
#10240=CARTESIAN_POINT('',(8.7939931704464,-24.9671492184154,-0.0366333507473477));
#10241=CARTESIAN_POINT('',(9.9616300707475,-25.1284256801442,-0.698433352965833));
#10242=CARTESIAN_POINT('',(9.79888521683482,-25.4357380756414,-0.638551677237531));
#10243=CARTESIAN_POINT('',(9.91728498687093,-25.490948794757,-0.312780048946784));
#10244=CARTESIAN_POINT('',(10.9231618691534,-25.6039240603213,-1.19273304693666));
#10245=CARTESIAN_POINT('',(10.8111029689815,-25.9077429648118,-1.13512634047778));
#10246=CARTESIAN_POINT('',(10.9369945542846,-25.9664471751359,-0.836987478699078));
#10247=CARTESIAN_POINT('',(7.69074031346395,-24.4271926817401,7.105427357601E-15));
#10248=CARTESIAN_POINT('',(7.76655399290901,-24.444634685817,-0.0568441985221837));
#10249=CARTESIAN_POINT('',(7.84459290914439,-24.4539240603213,-0.111814064462093));
#10250=CARTESIAN_POINT('',(7.9261576629092,-24.4539240603213,-0.163219869602512));
#10251=CARTESIAN_POINT('',(11.1060418589809,-25.6039240603213,-0.836987478699078));
#10252=CARTESIAN_POINT('',(11.1060418589809,-25.6039240603213,-0.836987478699079));
#10253=CARTESIAN_POINT('',(11.1060418589809,-25.6039240603213,-0.836987478699076));
#10254=CARTESIAN_POINT('',(11.1060418589809,-25.6039240603213,-6.19999999999999));
#10255=CARTESIAN_POINT('',(7.92615766290899,-23.4039240603213,-14.5));
#10256=CARTESIAN_POINT('',(7.82494408350278,-23.3567273931349,-6.19999999999999));
#10257=CARTESIAN_POINT('',(5.90710077645552,-21.6135856553234,-6.19999999999999));
#10258=CARTESIAN_POINT('',(3.43696091329808,-21.6135856553234,-6.19999999999999));
#10259=CARTESIAN_POINT('',(12.8574480839355,-26.6262016432375,-1.49999999999999));
#10260=CARTESIAN_POINT('',(-2.60238684512568,-30.5313461718115,-1.19999999999999));
#10261=CARTESIAN_POINT('',(2.60238684512577,-32.5313461718115,-1.19999999999999));
#10262=CARTESIAN_POINT('',(8.77716149647435,-30.5313461718115,-1.19999999999999));
#10263=CARTESIAN_POINT('',(7.60238684512577,-30.5313461718115,-1.19999999999999));
#10264=CARTESIAN_POINT('',(-7.60238684512568,-32.5313461718115,-1.19999999999999));
#10265=CARTESIAN_POINT('',(-15.8460792068069,-41.3028987866607,-3.29999999999999));
#10266=CARTESIAN_POINT('',(-16.0460792068069,-41.3028987866607,-3.29999999999999));
#10267=CARTESIAN_POINT('',(-17.6460792068069,-41.3028987866607,-3.29999999999999));
#10268=CARTESIAN_POINT('',(-15.8460792068069,-40.619658992833,-3.03185784112123));
#10269=CARTESIAN_POINT('',(-16.0460792068069,-40.619658992833,-3.03185784112123));
#10270=CARTESIAN_POINT('',(-17.6460792068069,-40.619658992833,-3.03185784112123));
#10271=CARTESIAN_POINT('',(-15.8460792068069,-39.2,-5.01867412147962));
#10272=CARTESIAN_POINT('',(-16.0460792068069,-39.2,-5.01867412147962));
#10273=CARTESIAN_POINT('',(-17.6460792068069,-39.2,-5.01867412147962));
#10274=CARTESIAN_POINT('',(-15.8460792068069,-39.2,-4.45151683395423));
#10275=CARTESIAN_POINT('',(-16.0460792068069,-39.2,-4.45151683395423));
#10276=CARTESIAN_POINT('',(-17.6460792068069,-39.2,-4.45151683395423));
#10277=CARTESIAN_POINT('',(-17.6460792068069,-41.3028987866607,-3.29999999999999));
#10278=CARTESIAN_POINT('',(-17.6460792068069,-41.3028987866607,-3.69999999999999));
#10279=CARTESIAN_POINT('',(-17.6460792068069,-40.9774509789267,-3.532559077314));
#10280=CARTESIAN_POINT('',(-16.0460792068069,-43.9870738663715,-3.69999999999999));
#10281=CARTESIAN_POINT('',(-16.0460792068069,-43.9870738663715,-3.69999999999999));
#10282=CARTESIAN_POINT('',(-16.0460792068069,-43.9870738663715,-3.29999999999999));
#10283=CARTESIAN_POINT('',(-16.0460792068069,-31.,-3.70000000000002));
#10284=CARTESIAN_POINT('',(-16.0460792068069,-41.3028987866607,-3.69999999999999));
#10285=CARTESIAN_POINT('',(-17.6460792068069,-40.4824228744092,-2.83980688186044));
#10286=CARTESIAN_POINT('',(-17.6460792068069,-40.619658992833,-3.03185784112123));
#10287=CARTESIAN_POINT('',(-17.6460792068069,-41.2,-3.69999999999999));
#10288=CARTESIAN_POINT('',(-17.6460792068069,-43.9870738663715,-3.69999999999999));
#10289=CARTESIAN_POINT('',(-15.8460792068069,-43.9870738663715,-3.29999999999999));
#10290=CARTESIAN_POINT('',(-17.6460792068069,-43.9870738663715,-3.29999999999999));
#10291=CARTESIAN_POINT('',(-16.0460792068069,-41.3028987866607,-3.29999999999999));
#10292=CARTESIAN_POINT('',(-16.0460792068069,-40.9774509789267,-3.532559077314));
#10293=CARTESIAN_POINT('',(-17.6460792068069,-40.619658992833,-3.03185784112123));
#10294=CARTESIAN_POINT('',(-17.6460792068069,-40.619658992833,-3.03185784112123));
#10295=CARTESIAN_POINT('',(-17.6460792068069,-43.9870738663715,-3.29999999999999));
#10296=CARTESIAN_POINT('',(-17.6460792068069,-44.3870738663715,-3.29999999999999));
#10297=CARTESIAN_POINT('',(-16.0460792068069,-35.9338108718747,3.52561140907376));
#10298=CARTESIAN_POINT('',(-16.0460792068069,-40.619658992833,-3.03185784112123));
#10299=CARTESIAN_POINT('',(-17.6460792068069,-39.1414213562373,-4.51009547771693));
#10300=CARTESIAN_POINT('',(-17.6460792068069,-39.2,-4.45151683395423));
#10301=CARTESIAN_POINT('',(-17.6460792068069,-44.3870738663715,-3.49999999999999));
#10302=CARTESIAN_POINT('',(-17.6460792068069,-44.3870738663715,-2.18870738663714));
#10303=CARTESIAN_POINT('',(-16.0460792068069,-40.619658992833,-3.03185784112123));
#10304=CARTESIAN_POINT('',(-16.0460792068069,-40.619658992833,-3.03185784112123));
#10305=CARTESIAN_POINT('',(-17.6460792068069,-39.2,-4.45151683395423));
#10306=CARTESIAN_POINT('',(-17.6460792068069,-39.2,-4.45151683395423));
#10307=CARTESIAN_POINT('',(-17.6460792068069,-44.1870738663715,-2.18870738663714));
#10308=CARTESIAN_POINT('',(-17.6460792068069,-45.1,-2.18870738663713));
#10309=CARTESIAN_POINT('',(-16.0460792068069,-37.3257584169771,-6.32575841697711));
#10310=CARTESIAN_POINT('',(-16.0460792068069,-39.2,-4.45151683395423));
#10311=CARTESIAN_POINT('',(-17.6460792068069,-39.2,-5.21867412147962));
#10312=CARTESIAN_POINT('',(-17.6460792068069,-39.2,-5.01867412147962));
#10313=CARTESIAN_POINT('',(-17.6460792068069,-45.1,-1.98870738663714));
#10314=CARTESIAN_POINT('',(-17.6460792068069,-45.1,-5.9090150283824));
#10315=CARTESIAN_POINT('',(-16.0460792068069,-39.2,-4.45151683395423));
#10316=CARTESIAN_POINT('',(-16.0460792068069,-39.2,-4.45151683395423));
#10317=CARTESIAN_POINT('',(-17.6460792068069,-39.2,-5.01867412147962));
#10318=CARTESIAN_POINT('',(-17.6460792068069,-39.2,-5.01867412147962));
#10319=CARTESIAN_POINT('',(-17.6460792068069,-45.3,-5.9090150283824));
#10320=CARTESIAN_POINT('',(-17.6460792068069,-44.3870738663715,-5.9090150283824));
#10321=CARTESIAN_POINT('',(-16.0460792068069,-39.2,7.105427357601E-15));
#10322=CARTESIAN_POINT('',(-16.0460792068069,-39.2,-5.01867412147962));
#10323=CARTESIAN_POINT('',(-17.6460792068069,-44.1870738663715,-5.01867412147962));
#10324=CARTESIAN_POINT('',(-17.6460792068069,-43.9870738663715,-5.01867412147962));
#10325=CARTESIAN_POINT('',(-17.6460792068069,-44.3870738663715,-3.49999999999999));
#10326=CARTESIAN_POINT('',(-17.6460792068069,-44.3870738663715,-5.41867412147962));
#10327=CARTESIAN_POINT('',(-16.0460792068069,-39.2,-5.01867412147962));
#10328=CARTESIAN_POINT('',(-16.0460792068069,-39.2,-5.01867412147962));
#10329=CARTESIAN_POINT('',(-17.6460792068069,-43.9870738663715,-5.41867412147962));
#10330=CARTESIAN_POINT('',(-17.6460792068069,-43.9870738663715,-5.41867412147962));
#10331=CARTESIAN_POINT('',(-16.0460792068069,-31.,-5.01867412147962));
#10332=CARTESIAN_POINT('',(-16.0460792068069,-43.9870738663715,-5.01867412147962));
#10333=CARTESIAN_POINT('',(-15.8460792068069,-43.9870738663715,-5.41867412147962));
#10334=CARTESIAN_POINT('',(-16.0460792068069,-43.9870738663715,-5.41867412147962));
#10335=CARTESIAN_POINT('',(-16.0460792068069,-43.9870738663715,-5.01867412147962));
#10336=CARTESIAN_POINT('',(17.646079206807,-44.3870738663715,7.105427357601E-15));
#10337=CARTESIAN_POINT('',(17.646079206807,-44.3870738663715,-5.01867412147962));
#10338=CARTESIAN_POINT('',(17.646079206807,-44.3870738663715,-5.9090150283824));
#10339=CARTESIAN_POINT('',(17.646079206807,-31.,-5.9090150283824));
#10340=CARTESIAN_POINT('',(17.646079206807,-45.1,-5.9090150283824));
#10341=CARTESIAN_POINT('',(17.646079206807,-31.,-5.01867412147962));
#10342=CARTESIAN_POINT('',(17.646079206807,-39.2,-5.01867412147962));
#10343=CARTESIAN_POINT('',(17.646079206807,-45.1,7.105427357601E-15));
#10344=CARTESIAN_POINT('',(17.646079206807,-45.1,-2.18870738663713));
#10345=CARTESIAN_POINT('',(17.646079206807,-39.2,-5.01867412147962));
#10346=CARTESIAN_POINT('',(17.646079206807,-39.2,-5.01867412147962));
#10347=CARTESIAN_POINT('',(17.646079206807,-39.2,-5.01867412147962));
#10348=CARTESIAN_POINT('',(17.646079206807,-31.,-2.18870738663717));
#10349=CARTESIAN_POINT('',(17.646079206807,-44.3870738663715,-2.18870738663714));
#10350=CARTESIAN_POINT('',(16.046079206807,-44.1870738663715,-5.01867412147962));
#10351=CARTESIAN_POINT('',(16.046079206807,-39.2,-5.01867412147962));
#10352=CARTESIAN_POINT('',(15.846079206807,-39.2,-5.01867412147962));
#10353=CARTESIAN_POINT('',(16.046079206807,-39.2,-5.01867412147962));
#10354=CARTESIAN_POINT('',(17.646079206807,-39.2,7.105427357601E-15));
#10355=CARTESIAN_POINT('',(17.646079206807,-39.2,-4.45151683395423));
#10356=CARTESIAN_POINT('',(17.646079206807,-44.3870738663715,7.105427357601E-15));
#10357=CARTESIAN_POINT('',(17.646079206807,-44.3870738663715,-3.29999999999999));
#10358=CARTESIAN_POINT('',(16.046079206807,-39.2,-5.01867412147962));
#10359=CARTESIAN_POINT('',(16.046079206807,-39.2,-5.01867412147962));
#10360=CARTESIAN_POINT('',(17.646079206807,-39.2,-4.45151683395423));
#10361=CARTESIAN_POINT('',(17.646079206807,-39.2,-4.45151683395423));
#10362=CARTESIAN_POINT('',(17.646079206807,-39.2,-4.45151683395423));
#10363=CARTESIAN_POINT('',(17.646079206807,-43.9870738663715,-3.29999999999999));
#10364=CARTESIAN_POINT('',(17.646079206807,-43.9870738663715,-3.69999999999999));
#10365=CARTESIAN_POINT('',(17.646079206807,-43.9870738663715,-3.29999999999999));
#10366=CARTESIAN_POINT('',(16.046079206807,-39.2,-5.21867412147962));
#10367=CARTESIAN_POINT('',(16.046079206807,-39.2,-4.45151683395423));
#10368=CARTESIAN_POINT('',(15.846079206807,-39.2,-4.45151683395423));
#10369=CARTESIAN_POINT('',(16.046079206807,-39.2,-4.45151683395423));
#10370=CARTESIAN_POINT('',(17.646079206807,-37.3257584169771,-6.32575841697711));
#10371=CARTESIAN_POINT('',(17.646079206807,-40.619658992833,-3.03185784112123));
#10372=CARTESIAN_POINT('',(17.646079206807,-35.9338108718747,3.52561140907376));
#10373=CARTESIAN_POINT('',(17.646079206807,-40.9774509789267,-3.532559077314));
#10374=CARTESIAN_POINT('',(17.646079206807,-40.619658992833,-3.03185784112123));
#10375=CARTESIAN_POINT('',(17.646079206807,-31.,-3.70000000000002));
#10376=CARTESIAN_POINT('',(17.646079206807,-41.3028987866607,-3.69999999999999));
#10377=CARTESIAN_POINT('',(15.846079206807,-43.9870738663715,-3.29999999999999));
#10378=CARTESIAN_POINT('',(16.046079206807,-43.9870738663715,-3.29999999999999));
#10379=CARTESIAN_POINT('',(16.046079206807,-39.2,-4.45151683395423));
#10380=CARTESIAN_POINT('',(16.046079206807,-39.2,-4.45151683395423));
#10381=CARTESIAN_POINT('',(17.646079206807,-40.619658992833,-3.03185784112123));
#10382=CARTESIAN_POINT('',(17.646079206807,-40.619658992833,-3.03185784112123));
#10383=CARTESIAN_POINT('',(17.646079206807,-41.3028987866607,-3.29999999999999));
#10384=CARTESIAN_POINT('',(17.646079206807,-41.3028987866607,-3.29999999999999));
#10385=CARTESIAN_POINT('',(16.046079206807,-43.9870738663715,-3.69999999999999));
#10386=CARTESIAN_POINT('',(16.046079206807,-43.9870738663715,-3.69999999999999));
#10387=CARTESIAN_POINT('',(16.046079206807,-39.1414213562373,-4.51009547771693));
#10388=CARTESIAN_POINT('',(16.046079206807,-40.619658992833,-3.03185784112123));
#10389=CARTESIAN_POINT('',(15.846079206807,-40.619658992833,-3.03185784112123));
#10390=CARTESIAN_POINT('',(16.046079206807,-40.619658992833,-3.03185784112123));
#10391=CARTESIAN_POINT('',(15.846079206807,-41.3028987866607,-3.29999999999999));
#10392=CARTESIAN_POINT('',(16.046079206807,-41.3028987866607,-3.29999999999999));
#10393=CARTESIAN_POINT('',(16.046079206807,-41.2,-3.69999999999999));
#10394=CARTESIAN_POINT('',(16.046079206807,-41.3028987866607,-3.69999999999999));
#10395=CARTESIAN_POINT('',(16.046079206807,-40.619658992833,-3.03185784112123));
#10396=CARTESIAN_POINT('',(16.046079206807,-40.619658992833,-3.03185784112123));
#10397=CARTESIAN_POINT('',(16.046079206807,-41.3028987866607,-3.29999999999999));
#10398=CARTESIAN_POINT('',(16.046079206807,-40.9774509789267,-3.532559077314));
#10399=CARTESIAN_POINT('',(16.046079206807,-40.4824228744092,-2.83980688186044));
#10400=CARTESIAN_POINT('',(14.4,-24.6,7.105427357601E-15));
#10401=CARTESIAN_POINT('',(-14.4,-24.6,-5.99999999999999));
#10402=CARTESIAN_POINT('',(1.50000000000004,-31.3,-13.5));
#10403=CARTESIAN_POINT('',(1.85168068344508,-24.5895328087514,-7.19999999999999));
#10404=CARTESIAN_POINT('',(1.50000000000004,-31.3,-13.5));
#10405=CARTESIAN_POINT('',(1.6410392602792,-28.6088105962772,-5.79999999999999));
#10406=CARTESIAN_POINT('',(-1.92680329545728,-23.1561079806059,-13.5));
#10407=CARTESIAN_POINT('',(-1.85168068344499,-24.5895328087514,-5.99999999999999));
#10408=CARTESIAN_POINT('',(-1.64103926027912,-28.6088105962772,-5.79999999999999));
#10409=CARTESIAN_POINT('',(-1.49999999999996,-31.3,-13.5));
#10410=CARTESIAN_POINT('',(4.2632564145606E-14,-31.3,-13.5));
#10411=CARTESIAN_POINT('',(4.14385260761844E-14,-28.6088105962772,-5.79999999999999));
#10412=CARTESIAN_POINT('',(-3.84999999999996,-28.6088105962772,-5.79999999999999));
#10413=CARTESIAN_POINT('',(-2.05140659039591,-24.6,-13.5));
#10414=CARTESIAN_POINT('',(2.05140659039599,-24.6,-13.5));
#10415=CARTESIAN_POINT('',(14.,-23.0000738663715,-6.03870738663714));
#10416=CARTESIAN_POINT('',(0.,0.,347.082183837891));
#10417=CARTESIAN_POINT('',(0.,0.,0.));
#10418=CARTESIAN_POINT('',(-86.5373075418988,-86.5373075418988,347.082183837891));
#10419=CARTESIAN_POINT('',(0.,-2260.08959960938,0.));
#10420=CARTESIAN_POINT('',(0.,0.,0.));
#10421=CARTESIAN_POINT('',(-554.332894322069,-554.332894322069,2223.30780792236));
#10422=CARTESIAN_POINT('',(2223.30786132813,0.,0.));
#10423=CARTESIAN_POINT('',(0.,0.,0.));
#10424=CARTESIAN_POINT('',(-554.332907637621,-554.332907637621,2223.30786132813));
#10425=CARTESIAN_POINT('',(0.,2186.52587890625,0.));
#10426=CARTESIAN_POINT('',(0.,0.,0.));
#10427=CARTESIAN_POINT('',(-554.332860082079,-554.332860082079,2223.30767059326));
#10428=CARTESIAN_POINT('',(0.,0.,-347.082183837891));
#10429=CARTESIAN_POINT('',(0.,0.,0.));
#10430=CARTESIAN_POINT('',(-86.5373075418988,-86.5373075418988,347.082183837891));
#10431=CARTESIAN_POINT('',(-2223.30786132813,0.,0.));
#10432=CARTESIAN_POINT('',(0.,0.,0.));
#10433=CARTESIAN_POINT('',(-554.332907637621,-554.332907637621,2223.30786132813));
#10434=CARTESIAN_POINT('',(1260.7587890625,-1260.7587890625,1260.7587890625));
#10435=CARTESIAN_POINT('',(0.,0.,0.));
#10436=CARTESIAN_POINT('',(-544.457129538967,-544.457129538967,2183.69827874526));
#10437=CARTESIAN_POINT('',(1656.7209663929,-1348.30797048634,865.194319433617));
#10438=CARTESIAN_POINT('',(0.,0.,0.));
#10439=CARTESIAN_POINT('',(-574.60341268729,-574.60341268729,2304.60841666063));
#10440=CARTESIAN_POINT('',(0.,0.,0.));
#10441=CARTESIAN_POINT('',(-31.2310167529734,-9.54051675297335,-4.55799999999999));
#10442=CARTESIAN_POINT('',(-31.2310167529734,-9.54051675297335,-4.55799999999999));
#10443=CARTESIAN_POINT('',(-32.7185167529734,-9.54051675297335,-4.55799999999999));
#10444=CARTESIAN_POINT('',(-29.7435167529734,-9.54051675297335,-4.55799999999999));
#10445=CARTESIAN_POINT('',(-32.7185167529734,-9.54051675297335,-4.55799999999999));
#10446=CARTESIAN_POINT('',(-32.7185167529734,-9.54051675297335,-5.05799999999999));
#10447=CARTESIAN_POINT('',(-29.4435167529734,-9.54051675297335,-5.05799999999999));
#10448=CARTESIAN_POINT('',(-29.7435167529734,-9.54051675297335,-5.05799999999999));
#10449=CARTESIAN_POINT('',(-29.7435167529734,-9.54051675297335,-4.55799999999999));
#10450=CARTESIAN_POINT('',(-31.2310167529734,-10.6905167529734,-4.55799999999999));
#10451=CARTESIAN_POINT('',(-31.2310167529734,-10.6905167529734,-4.55799999999999));
#10452=CARTESIAN_POINT('',(-29.7435167529734,-10.6905167529734,-4.55799999999999));
#10453=CARTESIAN_POINT('',(-32.7185167529734,-10.6905167529734,-4.55799999999999));
#10454=CARTESIAN_POINT('',(-29.7435167529734,-10.6905167529734,-4.55799999999999));
#10455=CARTESIAN_POINT('',(-29.7435167529734,-10.6905167529734,-5.05799999999999));
#10456=CARTESIAN_POINT('',(-29.4435167529734,-10.6905167529734,-5.05799999999999));
#10457=CARTESIAN_POINT('',(-32.7185167529734,-10.6905167529734,-5.05799999999999));
#10458=CARTESIAN_POINT('',(-32.7185167529734,-10.6905167529734,-4.55799999999999));
#10459=CARTESIAN_POINT('',(-29.4435167529734,1.05748324702664,-4.55799999999999));
#10460=CARTESIAN_POINT('',(-29.7435167529734,4.27698324702664,-4.55799999999999));
#10461=CARTESIAN_POINT('',(-29.7435167529734,-13.6905167529734,-4.55799999999999));
#10462=CARTESIAN_POINT('',(-32.7185167529734,1.05748324702664,-4.55799999999999));
#10463=CARTESIAN_POINT('',(-32.7185167529734,-13.6905167529734,-4.55799999999999));
#10464=CARTESIAN_POINT('',(-29.4435167529734,-13.6905167529734,-4.55799999999999));
#10465=CARTESIAN_POINT('',(-29.4435167529734,1.05748324702664,-4.55799999999999));
#10466=CARTESIAN_POINT('',(-32.7185167529734,1.05748324702664,-4.55799999999999));
#10467=CARTESIAN_POINT('',(-32.7185167529734,-0.390516752973358,-4.55799999999999));
#10468=CARTESIAN_POINT('',(-29.7435167529734,4.27698324702664,-4.55799999999999));
#10469=CARTESIAN_POINT('',(-29.7435167529734,-0.390516752973358,-4.55799999999999));
#10470=CARTESIAN_POINT('',(-29.4435167529734,-0.390516752973358,-4.55799999999999));
#10471=CARTESIAN_POINT('',(3.78798324702661,-9.54051675297335,-4.55799999999999));
#10472=CARTESIAN_POINT('',(3.78798324702661,-9.54051675297335,-4.55799999999999));
#10473=CARTESIAN_POINT('',(5.27548324702661,-9.54051675297335,-4.55799999999999));
#10474=CARTESIAN_POINT('',(2.30048324702661,-9.54051675297335,-4.55799999999999));
#10475=CARTESIAN_POINT('',(2.30048324702661,-9.54051675297335,-4.55799999999999));
#10476=CARTESIAN_POINT('',(2.30048324702661,-9.54051675297335,-5.05799999999999));
#10477=CARTESIAN_POINT('',(3.78798324702661,-9.54051675297335,-5.05799999999999));
#10478=CARTESIAN_POINT('',(5.27548324702661,-9.54051675297335,-5.05799999999999));
#10479=CARTESIAN_POINT('',(5.27548324702661,-9.54051675297335,-4.55799999999999));
#10480=CARTESIAN_POINT('',(3.78798324702661,-10.6905167529734,-4.55799999999999));
#10481=CARTESIAN_POINT('',(3.78798324702661,-10.6905167529734,-4.55799999999999));
#10482=CARTESIAN_POINT('',(2.30048324702661,-10.6905167529734,-4.55799999999999));
#10483=CARTESIAN_POINT('',(5.27548324702661,-10.6905167529734,-4.55799999999999));
#10484=CARTESIAN_POINT('',(5.27548324702661,-10.6905167529734,-6.40299999999999));
#10485=CARTESIAN_POINT('',(5.27548324702661,-10.6905167529734,-5.05799999999999));
#10486=CARTESIAN_POINT('',(3.78798324702661,-10.6905167529734,-5.05799999999999));
#10487=CARTESIAN_POINT('',(2.30048324702661,-10.6905167529734,-5.05799999999999));
#10488=CARTESIAN_POINT('',(2.30048324702661,-10.6905167529734,-10.86688390631));
#10489=CARTESIAN_POINT('',(2.00048324702661,1.05748324702664,-5.05799999999999));
#10490=CARTESIAN_POINT('',(2.30048324702661,7.49648324702664,-5.05799999999999));
#10491=CARTESIAN_POINT('',(5.27548324702661,1.05748324702664,-5.05799999999999));
#10492=CARTESIAN_POINT('',(2.00048324702661,1.05748324702664,-4.55799999999999));
#10493=CARTESIAN_POINT('',(2.30048324702661,4.27698324702664,-4.55799999999999));
#10494=CARTESIAN_POINT('',(2.30048324702661,-13.6905167529734,-4.55799999999999));
#10495=CARTESIAN_POINT('',(2.00048324702661,-13.6905167529734,-4.55799999999999));
#10496=CARTESIAN_POINT('',(5.27548324702661,-13.6905167529734,-4.55799999999999));
#10497=CARTESIAN_POINT('',(5.27548324702661,1.05748324702664,-4.55799999999999));
#10498=CARTESIAN_POINT('',(0.60838639196143,9.81663883099896,-1.96993961842447));
#10499=CARTESIAN_POINT('',(0.610538299900022,9.81675297458188,-1.97017587365405));
#10500=CARTESIAN_POINT('',(0.612690207838614,9.8168671181648,-1.97041212888363));
#10501=CARTESIAN_POINT('',(0.614842115777206,9.81698126174772,-1.97064838411321));
#10502=CARTESIAN_POINT('',(0.699185322424234,9.82145507571948,-1.97990831726021));
#10503=CARTESIAN_POINT('',(0.783283197052058,9.8108261404971,-1.9980247584535));
#10504=CARTESIAN_POINT('',(0.937515426823193,9.76108458108677,-2.04905933987093));
#10505=CARTESIAN_POINT('',(1.00756251252231,9.72199353785682,-2.08195247925648));
#10506=CARTESIAN_POINT('',(1.12221157972818,9.62168153531417,-2.15718261924236));
#10507=CARTESIAN_POINT('',(1.16676167959507,9.56050596714025,-2.19948558808106));
#10508=CARTESIAN_POINT('',(1.22312147552737,9.42599116636029,-2.28664045419135));
#10509=CARTESIAN_POINT('',(1.23490681737083,9.35272802031214,-2.33144412323839));
#10510=CARTESIAN_POINT('',(1.22934282972452,9.27932806676016,-2.37388439304773));
#10511=CARTESIAN_POINT('',(1.22920791203731,9.27754823678864,-2.37491350084073));
#10512=CARTESIAN_POINT('',(1.22907299435011,9.27576840681712,-2.37594260863373));
#10513=CARTESIAN_POINT('',(1.22893807666291,9.2739885768456,-2.37697171642673));
#10514=CARTESIAN_POINT('',(0.608386999659284,9.81550743093796,-1.9706057359678));
#10515=CARTESIAN_POINT('',(0.61053439885879,9.81562133569171,-1.9708414967469));
#10516=CARTESIAN_POINT('',(0.612681798058296,9.81573524044545,-1.971077257526));
#10517=CARTESIAN_POINT('',(0.614829197257802,9.81584914519919,-1.9713130183051));
#10518=CARTESIAN_POINT('',(0.698995685604923,9.820313598353,-1.98055357165512));
#10519=CARTESIAN_POINT('',(0.782917355951895,9.80970694547623,-1.99863207695209));
#10520=CARTESIAN_POINT('',(0.936826433423103,9.76006962957762,-2.04955977417505));
#10521=CARTESIAN_POINT('',(1.00672675395008,9.72106050229488,-2.08238401763956));
#10522=CARTESIAN_POINT('',(1.12113560320637,9.62095869808378,-2.15745657907491));
#10523=CARTESIAN_POINT('',(1.16559235899787,9.559911317191,-2.19967093658722));
#10524=CARTESIAN_POINT('',(1.22183406423209,9.42567837619341,-2.28664323954865));
#10525=CARTESIAN_POINT('',(1.23359471048028,9.35256874322787,-2.33135305781617));
#10526=CARTESIAN_POINT('',(1.22804237742471,9.27932258940183,-2.37370442863158));
#10527=CARTESIAN_POINT('',(1.22790774234245,9.27754648882452,-2.37473138076799));
#10528=CARTESIAN_POINT('',(1.2277731072602,9.27577038824722,-2.37575833290439));
#10529=CARTESIAN_POINT('',(1.22763847217794,9.27399428766991,-2.3767852850408));
#10530=CARTESIAN_POINT('',(0.608437802398096,9.72092387871192,-2.02629228365307));
#10531=CARTESIAN_POINT('',(0.61020827695924,9.72101781766175,-2.02648670902451));
#10532=CARTESIAN_POINT('',(0.611978751520385,9.72111175661158,-2.02668113439594));
#10533=CARTESIAN_POINT('',(0.613749226081529,9.72120569556141,-2.02687555976738));
#10534=CARTESIAN_POINT('',(0.683142297734768,9.72488759668537,-2.03449598766128));
#10535=CARTESIAN_POINT('',(0.752333522702643,9.71614371850034,-2.0494031020821));
#10536=CARTESIAN_POINT('',(0.879227494296872,9.67522102263294,-2.09139542168039));
#10537=CARTESIAN_POINT('',(0.93685844008792,9.6430599604499,-2.1184600570535));
#10538=CARTESIAN_POINT('',(1.03118538572588,9.56053045940056,-2.1803592595884));
#10539=CARTESIAN_POINT('',(1.06783869998121,9.51019936606952,-2.21516582713642));
#10540=CARTESIAN_POINT('',(1.11420817867584,9.39952953096709,-2.28687609174336));
#10541=CARTESIAN_POINT('',(1.12390430574522,9.33925338914811,-2.32374010867835));
#10542=CARTESIAN_POINT('',(1.11932628109722,9.27886468947311,-2.3586596409031));
#10543=CARTESIAN_POINT('',(1.11921527141554,9.2774003613309,-2.35950638299267));
#10544=CARTESIAN_POINT('',(1.11910426173386,9.2759360331887,-2.36035312508224));
#10545=CARTESIAN_POINT('',(1.11899325205219,9.27447170504649,-2.36119986717181));
#10546=CARTESIAN_POINT('',(0.60844499486628,9.70753308116719,-2.03417618384997));
#10547=CARTESIAN_POINT('',(0.61016210579915,9.70762419343065,-2.03436475710376));
#10548=CARTESIAN_POINT('',(0.611879216732019,9.70771530569411,-2.03455333035754));
#10549=CARTESIAN_POINT('',(0.613596327664888,9.70780641795757,-2.03474190361133));
#10550=CARTESIAN_POINT('',(0.680897832366624,9.71137752819291,-2.04213295999751));
#10551=CARTESIAN_POINT('',(0.748003574106466,9.70289737491756,-2.05659108035796));
#10552=CARTESIAN_POINT('',(0.871072844630222,9.66320846346374,-2.0973183614803));
#10553=CARTESIAN_POINT('',(0.926966736681773,9.63201692559191,-2.12356757235228));
#10554=CARTESIAN_POINT('',(1.01845055897179,9.55197524772636,-2.18360173833623));
#10555=CARTESIAN_POINT('',(1.05399909017231,9.5031613276648,-2.2173595377493));
#10556=CARTESIAN_POINT('',(1.09897089470694,9.39582747194929,-2.28690905811567));
#10557=CARTESIAN_POINT('',(1.10837473461116,9.33736824943278,-2.32266229484896));
#10558=CARTESIAN_POINT('',(1.10393464902681,9.27879986165583,-2.35652965422112));
#10559=CARTESIAN_POINT('',(1.10382698414398,9.27737967312839,-2.35735088282345));
#10560=CARTESIAN_POINT('',(1.10371931926115,9.27595948460095,-2.35817211142579));
#10561=CARTESIAN_POINT('',(1.10361165437831,9.27453929607351,-2.35899334002812));
#10562=CARTESIAN_POINT('',(0.60844545355038,9.70667911202094,-2.03467896253047));
#10563=CARTESIAN_POINT('',(0.610159161333293,9.70677004401858,-2.03486716257811));
#10564=CARTESIAN_POINT('',(0.611872869116206,9.70686097601624,-2.03505536262575));
#10565=CARTESIAN_POINT('',(0.613586576899119,9.70695190801389,-2.03524356267339));
#10566=CARTESIAN_POINT('',(0.68075469644303,9.71051595279997,-2.04261999138784));
#10567=CARTESIAN_POINT('',(0.747727441001351,9.70205261801025,-2.05704947812336));
#10568=CARTESIAN_POINT('',(0.870552799487985,9.66244238848846,-2.09769608415346));
#10569=CARTESIAN_POINT('',(0.926335914694918,9.63131267993229,-2.12389329309181));
#10570=CARTESIAN_POINT('',(1.0176384229437,9.55142965760859,-2.1838085204042));
#10571=CARTESIAN_POINT('',(1.05311649899478,9.50271249199032,-2.21749943689817));
#10572=CARTESIAN_POINT('',(1.09799916988333,9.39559138114378,-2.28691116047475));
#10573=CARTESIAN_POINT('',(1.10738436980587,9.3372480287254,-2.32259355960353));
#10574=CARTESIAN_POINT('',(1.10295308098692,9.27879572740202,-2.35639381892809));
#10575=CARTESIAN_POINT('',(1.1028456294114,9.27737835378303,-2.35721342046297));
#10576=CARTESIAN_POINT('',(1.10273817783587,9.27596098016403,-2.35803302199785));
#10577=CARTESIAN_POINT('',(1.10263072626035,9.27454360654504,-2.35885262353272));
#10578=CARTESIAN_POINT('',(1.10393464902681,9.27879986165583,-2.35652965422112));
#10579=CARTESIAN_POINT('',(1.12169499136419,9.51307341276365,-2.22106021673247));
#10580=CARTESIAN_POINT('',(0.882802346471833,9.72209085889893,-2.06430612915604));
#10581=CARTESIAN_POINT('',(0.613596327664888,9.70780641795757,-2.03474190361133));
#10582=CARTESIAN_POINT('',(1.10378428645382,9.27865114789293,-2.35650720960997));
#10583=CARTESIAN_POINT('',(0.613292805992196,9.70779034032935,-2.0347086179335));
#10584=CARTESIAN_POINT('',(0.738157950112111,9.71441574767739,-2.04842113257364));
#10585=CARTESIAN_POINT('',(0.696536213686704,9.71220736920319,-2.04385044833446));
#10586=CARTESIAN_POINT('',(0.654914518673841,9.70999881789679,-2.03927947050341));
#10587=CARTESIAN_POINT('',(0.613292812533971,9.70779031302803,-2.03470857155647));
#10588=CARTESIAN_POINT('',(0.738157950112111,9.71441574767739,-2.04842113257364));
#10589=CARTESIAN_POINT('',(0.738157950111631,9.71441574767758,-2.04842113257346));
#10590=CARTESIAN_POINT('',(1.00979265056451,9.72882822242887,-2.07825065317486));
#10591=CARTESIAN_POINT('',(1.24605517454949,9.52018109153846,-2.23440404411897));
#10592=CARTESIAN_POINT('',(1.22852894469924,9.28578704001727,-2.36996615630557));
#10593=CARTESIAN_POINT('',(1.22852894469902,9.2857870400173,-2.36996615630553));
#10594=CARTESIAN_POINT('',(1.22852894469902,9.2857870400173,-2.36996615630552));
#10595=CARTESIAN_POINT('',(1.22836652091252,9.28361480048227,-2.37122247393659));
#10596=CARTESIAN_POINT('',(1.22820301073473,9.28144255594782,-2.37247864151125));
#10597=CARTESIAN_POINT('',(1.2280384141763,9.27927030638868,-2.3737346589872));
#10598=CARTESIAN_POINT('',(1.2280384141763,9.27927030638868,-2.37373465898719));
#10599=CARTESIAN_POINT('',(1.10378353661997,9.27879952966271,-2.3565085630614));
#10600=CARTESIAN_POINT('',(1.14520182922425,9.27895645781625,-2.36225059437559));
#10601=CARTESIAN_POINT('',(1.18662012174786,9.27911338310654,-2.36799262634993));
#10602=CARTESIAN_POINT('',(1.22803841418697,9.27927030638872,-2.37373465898867));
#10603=CARTESIAN_POINT('',(1.22979819872251,9.28997387561369,-2.3740982388359));
#10604=CARTESIAN_POINT('',(1.22981704287429,9.2863577090384,-2.37406041485146));
#10605=CARTESIAN_POINT('',(1.22983588702608,9.28274154246312,-2.37402259086702));
#10606=CARTESIAN_POINT('',(1.22985473117786,9.27912537588783,-2.37398476688259));
#10607=CARTESIAN_POINT('',(1.23295045754693,8.68505978191157,-2.36777102442503));
#10608=CARTESIAN_POINT('',(1.23595048929808,8.09099382802694,-2.36154401542928));
#10609=CARTESIAN_POINT('',(1.23885471616178,7.49692753649663,-2.35530456055034));
#10610=CARTESIAN_POINT('',(1.23887286697936,7.49321474497212,-2.35526556524709));
#10611=CARTESIAN_POINT('',(1.23889101779693,7.48950195344761,-2.35522656994383));
#10612=CARTESIAN_POINT('',(1.2389091686145,7.48578916192311,-2.35518757464058));
#10613=CARTESIAN_POINT('',(1.22828512191294,9.28996818272642,-2.37388839428735));
#10614=CARTESIAN_POINT('',(1.22830396241409,9.28635201686499,-2.37385059661646));
#10615=CARTESIAN_POINT('',(1.22832280291523,9.28273585100357,-2.37381279894556));
#10616=CARTESIAN_POINT('',(1.22834164341637,9.27911968514214,-2.37377500127466));
#10617=CARTESIAN_POINT('',(1.23143677005652,8.68505420843947,-2.36756558161878));
#10618=CARTESIAN_POINT('',(1.23443622061747,8.09098837189815,-2.3613428979948));
#10619=CARTESIAN_POINT('',(1.23733988485107,7.49692219777655,-2.35510777089875));
#10620=CARTESIAN_POINT('',(1.23735803215232,7.49320940698583,-2.35506880264324));
#10621=CARTESIAN_POINT('',(1.23737617945358,7.4894966161951,-2.35502983438773));
#10622=CARTESIAN_POINT('',(1.23739432675483,7.48578382540437,-2.35499086613223));
#10623=CARTESIAN_POINT('',(1.10387987188513,9.28950011325346,-2.35663496513921));
#10624=CARTESIAN_POINT('',(1.10389841223046,9.2858840060858,-2.35659933096917));
#10625=CARTESIAN_POINT('',(1.1039169525758,9.28226789891814,-2.35656369679913));
#10626=CARTESIAN_POINT('',(1.10393549292113,9.27865179175047,-2.35652806262909));
#10627=CARTESIAN_POINT('',(1.10698130981956,8.68459595728781,-2.35067406394002));
#10628=CARTESIAN_POINT('',(1.10993297489396,8.09053976871921,-2.34480701259661));
#10629=CARTESIAN_POINT('',(1.11279037965258,7.49648324794849,-2.33892771602323));
#10630=CARTESIAN_POINT('',(1.11280823784168,7.49277051748922,-2.33889097163493));
#10631=CARTESIAN_POINT('',(1.11282609603077,7.48905778702994,-2.33885422724664));
#10632=CARTESIAN_POINT('',(1.11284395421987,7.48534505657066,-2.33881748285835));
#10633=CARTESIAN_POINT('',(1.10325784563499,9.28949777290609,-2.35654869799347));
#10634=CARTESIAN_POINT('',(1.10327638447955,9.2858816660319,-2.35651307464093));
#10635=CARTESIAN_POINT('',(1.1032949233241,9.28226555915771,-2.3564774512884));
#10636=CARTESIAN_POINT('',(1.10331346216865,9.27864945228352,-2.35644182793586));
#10637=CARTESIAN_POINT('',(1.10635903251838,8.68459366603205,-2.35058960635163));
#10638=CARTESIAN_POINT('',(1.10931045866535,8.09053752570332,-2.34472433316962));
#10639=CARTESIAN_POINT('',(1.11216763212659,7.49648105319935,-2.33884681574885));
#10640=CARTESIAN_POINT('',(1.11218548887012,7.49276832304173,-2.33881008247989));
#10641=CARTESIAN_POINT('',(1.11220334561366,7.48905559288411,-2.33877334921093));
#10642=CARTESIAN_POINT('',(1.1122212023572,7.48534286272649,-2.33873661594198));
#10643=CARTESIAN_POINT('',(1.10393549292113,9.27865179175047,-2.35652806262909));
#10644=CARTESIAN_POINT('',(1.10698130981956,8.68459595728795,-2.35067406394002));
#10645=CARTESIAN_POINT('',(1.10993297489396,8.09053976871907,-2.3448070125966));
#10646=CARTESIAN_POINT('',(1.11279037965258,7.49648324794849,-2.33892771602323));
#10647=CARTESIAN_POINT('',(1.11279042551184,7.49648324762535,-2.33892777106467));
#10648=CARTESIAN_POINT('',(1.2280384141763,9.27927030638869,-2.37373465898719));
#10649=CARTESIAN_POINT('',(1.23142017344404,8.68500804113659,-2.36756364624484));
#10650=CARTESIAN_POINT('',(1.23477538214238,8.09074568886795,-2.36138645677393));
#10651=CARTESIAN_POINT('',(1.23810409696356,7.49648326247934,-2.35520213147221));
#10652=CARTESIAN_POINT('',(1.23810391709917,7.49648324702664,-2.35520351943297));
#10653=CARTESIAN_POINT('',(0.801412233984235,7.49648324702664,-2.29848688510552));
#10654=CARTESIAN_POINT('',(-28.0514198979082,9.81663883100163,-1.96993961842289));
#10655=CARTESIAN_POINT('',(-28.0535718058468,9.81675297458455,-1.97017587365247));
#10656=CARTESIAN_POINT('',(-28.0557237137854,9.81686711816747,-1.97041212888205));
#10657=CARTESIAN_POINT('',(-28.057875621724,9.81698126175039,-1.97064838411164));
#10658=CARTESIAN_POINT('',(-28.1422188283715,9.82145507572218,-1.97990831725869));
#10659=CARTESIAN_POINT('',(-28.2263167029997,9.81082614049975,-1.99802475845206));
#10660=CARTESIAN_POINT('',(-28.3805489327716,9.76108458108918,-2.04905933986974));
#10661=CARTESIAN_POINT('',(-28.4505960184711,9.72199353785902,-2.08195247925546));
#10662=CARTESIAN_POINT('',(-28.5652450856775,9.62168153531588,-2.15718261924172));
#10663=CARTESIAN_POINT('',(-28.6097951855446,9.56050596714166,-2.19948558808062));
#10664=CARTESIAN_POINT('',(-28.6661549814772,9.42599116636103,-2.28664045419135));
#10665=CARTESIAN_POINT('',(-28.6779403233207,9.35272802031252,-2.3314441232386));
#10666=CARTESIAN_POINT('',(-28.6723763356744,9.27932806676017,-2.37388439304816));
#10667=CARTESIAN_POINT('',(-28.6722414179872,9.27754823678864,-2.37491350084117));
#10668=CARTESIAN_POINT('',(-28.6721065003,9.27576840681711,-2.37594260863417));
#10669=CARTESIAN_POINT('',(-28.6719715826128,9.27398857684558,-2.37697171642718));
#10670=CARTESIAN_POINT('',(-28.0514205304267,9.81546122021662,-1.97063294276514));
#10671=CARTESIAN_POINT('',(-28.053567745472,9.81557511521566,-1.97086868334898));
#10672=CARTESIAN_POINT('',(-28.0557149605173,9.8156890102147,-1.97110442393283));
#10673=CARTESIAN_POINT('',(-28.0578621755626,9.81580290521375,-1.97134016451667));
#10674=CARTESIAN_POINT('',(-28.1420214460561,9.82026697603582,-1.9805799263214));
#10675=CARTESIAN_POINT('',(-28.2259359195439,9.80966123325558,-1.99865688217075));
#10676=CARTESIAN_POINT('',(-28.3798317982347,9.76002817506213,-2.04958021383293));
#10677=CARTESIAN_POINT('',(-28.4497261243087,9.72102239354109,-2.08240164332357));
#10678=CARTESIAN_POINT('',(-28.5641251621419,9.6209291746367,-2.15746776864606));
#10679=CARTESIAN_POINT('',(-28.6085781054031,9.55988702940453,-2.19967850693167));
#10680=CARTESIAN_POINT('',(-28.6648149873599,9.42566560064237,-2.28664335331333));
#10681=CARTESIAN_POINT('',(-28.6765746249452,9.35256223774038,-2.33134933835476));
#10682=CARTESIAN_POINT('',(-28.6710227679078,9.27932236568549,-2.37369707819404));
#10683=CARTESIAN_POINT('',(-28.6708881443682,9.27754641743096,-2.37472394228516));
#10684=CARTESIAN_POINT('',(-28.6707535208286,9.27577046917642,-2.37575080637628));
#10685=CARTESIAN_POINT('',(-28.670618897289,9.27399452092189,-2.3767776704674));
#10686=CARTESIAN_POINT('',(-28.0514713083449,9.72092387871191,-2.02629228365308));
#10687=CARTESIAN_POINT('',(-28.053241782906,9.72101781766174,-2.02648670902451));
#10688=CARTESIAN_POINT('',(-28.0550122574671,9.72111175661157,-2.02668113439595));
#10689=CARTESIAN_POINT('',(-28.0567827320283,9.7212056955614,-2.02687555976738));
#10690=CARTESIAN_POINT('',(-28.1261758036816,9.72488759668536,-2.03449598766129));
#10691=CARTESIAN_POINT('',(-28.1953670286494,9.71614371850033,-2.0494031020821));
#10692=CARTESIAN_POINT('',(-28.3222610002436,9.67522102263293,-2.09139542168039));
#10693=CARTESIAN_POINT('',(-28.3798919460347,9.6430599604499,-2.1184600570535));
#10694=CARTESIAN_POINT('',(-28.4742188916726,9.56053045940055,-2.1803592595884));
#10695=CARTESIAN_POINT('',(-28.510872205928,9.51019936606951,-2.21516582713642));
#10696=CARTESIAN_POINT('',(-28.5572416846226,9.39952953096709,-2.28687609174336));
#10697=CARTESIAN_POINT('',(-28.566937811692,9.33925338914812,-2.32374010867835));
#10698=CARTESIAN_POINT('',(-28.562359787044,9.27886468947311,-2.3586596409031));
#10699=CARTESIAN_POINT('',(-28.5622487773623,9.2774003613309,-2.35950638299267));
#10700=CARTESIAN_POINT('',(-28.5621377676806,9.27593603318869,-2.36035312508224));
#10701=CARTESIAN_POINT('',(-28.562026757999,9.27447170504649,-2.36119986717182));
#10702=CARTESIAN_POINT('',(-28.051478500813,9.70753308116719,-2.03417618384997));
#10703=CARTESIAN_POINT('',(-28.0531956117459,9.70762419343065,-2.03436475710376));
#10704=CARTESIAN_POINT('',(-28.0549127226788,9.70771530569411,-2.03455333035754));
#10705=CARTESIAN_POINT('',(-28.0566298336117,9.70780641795757,-2.03474190361133));
#10706=CARTESIAN_POINT('',(-28.1239313383134,9.71137752819291,-2.04213295999751));
#10707=CARTESIAN_POINT('',(-28.1910370800532,9.70289737491756,-2.05659108035796));
#10708=CARTESIAN_POINT('',(-28.314106350577,9.66320846346374,-2.0973183614803));
#10709=CARTESIAN_POINT('',(-28.3700002426285,9.63201692559191,-2.12356757235228));
#10710=CARTESIAN_POINT('',(-28.4614840649186,9.55197524772636,-2.18360173833624));
#10711=CARTESIAN_POINT('',(-28.4970325961191,9.5031613276648,-2.2173595377493));
#10712=CARTESIAN_POINT('',(-28.5420044006537,9.39582747194929,-2.28690905811567));
#10713=CARTESIAN_POINT('',(-28.5514082405579,9.33736824943278,-2.32266229484896));
#10714=CARTESIAN_POINT('',(-28.5469681549736,9.27879986165583,-2.35652965422112));
#10715=CARTESIAN_POINT('',(-28.5468604900908,9.27737967312839,-2.35735088282345));
#10716=CARTESIAN_POINT('',(-28.5467528252079,9.27595948460095,-2.35817211142579));
#10717=CARTESIAN_POINT('',(-28.5466451603251,9.27453929607351,-2.35899334002812));
#10718=CARTESIAN_POINT('',(-28.0514789594971,9.70667911202093,-2.03467896253047));
#10719=CARTESIAN_POINT('',(-28.0531926672801,9.70677004401858,-2.03486716257811));
#10720=CARTESIAN_POINT('',(-28.054906375063,9.70686097601624,-2.03505536262575));
#10721=CARTESIAN_POINT('',(-28.0566200828459,9.70695190801389,-2.03524356267339));
#10722=CARTESIAN_POINT('',(-28.1237882023898,9.71051595279997,-2.04261999138784));
#10723=CARTESIAN_POINT('',(-28.1907609469481,9.70205261801025,-2.05704947812336));
#10724=CARTESIAN_POINT('',(-28.3135863054348,9.66244238848846,-2.09769608415346));
#10725=CARTESIAN_POINT('',(-28.3693694206417,9.63131267993229,-2.12389329309181));
#10726=CARTESIAN_POINT('',(-28.4606719288905,9.55142965760859,-2.1838085204042));
#10727=CARTESIAN_POINT('',(-28.4961500049416,9.50271249199032,-2.21749943689817));
#10728=CARTESIAN_POINT('',(-28.5410326758301,9.39559138114377,-2.28691116047475));
#10729=CARTESIAN_POINT('',(-28.5504178757526,9.3372480287254,-2.32259355960353));
#10730=CARTESIAN_POINT('',(-28.5459865869337,9.27879572740202,-2.35639381892809));
#10731=CARTESIAN_POINT('',(-28.5458791353582,9.27737835378302,-2.35721342046297));
#10732=CARTESIAN_POINT('',(-28.5457716837826,9.27596098016403,-2.35803302199785));
#10733=CARTESIAN_POINT('',(-28.5456642322071,9.27454360654504,-2.35885262353272));
#10734=CARTESIAN_POINT('',(-28.0566298336117,9.70780641795757,-2.03474190361133));
#10735=CARTESIAN_POINT('',(-28.3258358524187,9.72209085889894,-2.06430612915605));
#10736=CARTESIAN_POINT('',(-28.564728497311,9.51307341276365,-2.22106021673246));
#10737=CARTESIAN_POINT('',(-28.5469681549736,9.27879986165583,-2.35652965422112));
#10738=CARTESIAN_POINT('',(-28.056326311939,9.70779034032935,-2.0347086179335));
#10739=CARTESIAN_POINT('',(-28.5468177924006,9.27865114789293,-2.35650720960997));
#10740=CARTESIAN_POINT('',(-28.5468170425667,9.2787995296627,-2.35650856306141));
#10741=CARTESIAN_POINT('',(-28.5882353351638,9.27895645781621,-2.36225059437459));
#10742=CARTESIAN_POINT('',(-28.6296536276801,9.27911338310649,-2.36799262634792));
#10743=CARTESIAN_POINT('',(-28.671071920112,9.27927030638864,-2.37373465898566));
#10744=CARTESIAN_POINT('',(-28.671071920123,9.27927030638868,-2.37373465898719));
#10745=CARTESIAN_POINT('',(-28.6715624506458,9.28578704001725,-2.36996615630555));
#10746=CARTESIAN_POINT('',(-28.6714000268593,9.28361480048224,-2.37122247393661));
#10747=CARTESIAN_POINT('',(-28.6712365166815,9.2814425559478,-2.37247864151126));
#10748=CARTESIAN_POINT('',(-28.6710719201231,9.27927030638868,-2.3737346589872));
#10749=CARTESIAN_POINT('',(-28.6715624506458,9.28578704001736,-2.36996615630573));
#10750=CARTESIAN_POINT('',(-28.1811914560582,9.7144157476775,-2.04842113257348));
#10751=CARTESIAN_POINT('',(-28.4528261565054,9.72882822242858,-2.0782506531742));
#10752=CARTESIAN_POINT('',(-28.6890886804991,9.52018109157598,-2.23440404409728));
#10753=CARTESIAN_POINT('',(-28.671562450646,9.28578704001722,-2.3699661563056));
#10754=CARTESIAN_POINT('',(-28.1811914560589,9.71441574767739,-2.04842113257364));
#10755=CARTESIAN_POINT('',(-28.0494490791789,9.70742539726916,-2.03395331261113));
#10756=CARTESIAN_POINT('',(-28.6728317046693,9.28997387561368,-2.37409823883591));
#10757=CARTESIAN_POINT('',(-28.6728505488211,9.2863577090384,-2.37406041485147));
#10758=CARTESIAN_POINT('',(-28.6728693929728,9.28274154246311,-2.37402259086703));
#10759=CARTESIAN_POINT('',(-28.6728882371246,9.27912537588783,-2.37398476688259));
#10760=CARTESIAN_POINT('',(-28.6759839634937,8.68505978191158,-2.36777102442504));
#10761=CARTESIAN_POINT('',(-28.6789839952448,8.09099382802694,-2.36154401542928));
#10762=CARTESIAN_POINT('',(-28.6818882221086,7.49692753649663,-2.35530456055035));
#10763=CARTESIAN_POINT('',(-28.6819063729261,7.49321474497212,-2.35526556524709));
#10764=CARTESIAN_POINT('',(-28.6819245237437,7.48950195344761,-2.35522656994384));
#10765=CARTESIAN_POINT('',(-28.6819426745613,7.48578916192311,-2.35518757464058));
#10766=CARTESIAN_POINT('',(-28.6713186278597,9.28996818272641,-2.37388839428736));
#10767=CARTESIAN_POINT('',(-28.6713374683609,9.28635201686499,-2.37385059661646));
#10768=CARTESIAN_POINT('',(-28.671356308862,9.28273585100356,-2.37381279894556));
#10769=CARTESIAN_POINT('',(-28.6713751493631,9.27911968514214,-2.37377500127467));
#10770=CARTESIAN_POINT('',(-28.6744702760033,8.68505420843947,-2.36756558161879));
#10771=CARTESIAN_POINT('',(-28.6774697265642,8.09098837189814,-2.3613428979948));
#10772=CARTESIAN_POINT('',(-28.6803733907978,7.49692219777655,-2.35510777089875));
#10773=CARTESIAN_POINT('',(-28.6803915380991,7.49320940698583,-2.35506880264324));
#10774=CARTESIAN_POINT('',(-28.6804096854003,7.4894966161951,-2.35502983438774));
#10775=CARTESIAN_POINT('',(-28.6804278327016,7.48578382540438,-2.35499086613223));
#10776=CARTESIAN_POINT('',(-28.5469133778319,9.28950011325345,-2.35663496513921));
#10777=CARTESIAN_POINT('',(-28.5469319181772,9.28588400608579,-2.35659933096917));
#10778=CARTESIAN_POINT('',(-28.5469504585226,9.28226789891813,-2.35656369679913));
#10779=CARTESIAN_POINT('',(-28.5469689988679,9.27865179175047,-2.35652806262909));
#10780=CARTESIAN_POINT('',(-28.5500148157663,8.68459595728782,-2.35067406394003));
#10781=CARTESIAN_POINT('',(-28.5529664808407,8.0905397687192,-2.34480701259661));
#10782=CARTESIAN_POINT('',(-28.5558238855994,7.49648324794849,-2.33892771602323));
#10783=CARTESIAN_POINT('',(-28.5558417437884,7.49277051748922,-2.33889097163494));
#10784=CARTESIAN_POINT('',(-28.5558596019775,7.48905778702994,-2.33885422724664));
#10785=CARTESIAN_POINT('',(-28.5558774601666,7.48534505657066,-2.33881748285835));
#10786=CARTESIAN_POINT('',(-28.5462913515818,9.28949777290608,-2.35654869799347));
#10787=CARTESIAN_POINT('',(-28.5463098904263,9.2858816660319,-2.35651307464094));
#10788=CARTESIAN_POINT('',(-28.5463284292709,9.28226555915771,-2.3564774512884));
#10789=CARTESIAN_POINT('',(-28.5463469681154,9.27864945228352,-2.35644182793586));
#10790=CARTESIAN_POINT('',(-28.5493925384651,8.68459366603206,-2.35058960635163));
#10791=CARTESIAN_POINT('',(-28.5523439646121,8.09053752570331,-2.34472433316962));
#10792=CARTESIAN_POINT('',(-28.5552011380734,7.49648105319935,-2.33884681574885));
#10793=CARTESIAN_POINT('',(-28.5552189948169,7.49276832304173,-2.33881008247989));
#10794=CARTESIAN_POINT('',(-28.5552368515604,7.48905559288411,-2.33877334921094));
#10795=CARTESIAN_POINT('',(-28.555254708304,7.48534286272649,-2.33873661594198));
#10796=CARTESIAN_POINT('',(-28.5469689988679,9.27865179175047,-2.35652806262909));
#10797=CARTESIAN_POINT('',(-28.5500148157663,8.68459595728795,-2.35067406394003));
#10798=CARTESIAN_POINT('',(-28.5529664808407,8.09053976871907,-2.34480701259661));
#10799=CARTESIAN_POINT('',(-28.5558238855994,7.49648324794849,-2.33892771602323));
#10800=CARTESIAN_POINT('',(-28.5558239314586,7.49648324762535,-2.33892777106467));
#10801=CARTESIAN_POINT('',(-28.244445739931,7.49648324702664,-2.29848688510553));
#10802=CARTESIAN_POINT('',(-28.6811374230459,7.49648324702664,-2.35520351943298));
#10803=CARTESIAN_POINT('',(-28.6811376029103,7.49648326247982,-2.35520213147222));
#10804=CARTESIAN_POINT('',(-28.6778088880894,8.09074568883098,-2.3613864567735));
#10805=CARTESIAN_POINT('',(-28.674453679391,8.68500804110085,-2.36756364624454));
#10806=CARTESIAN_POINT('',(-28.6710719201231,9.27927030638868,-2.3737346589872));
#10807=CARTESIAN_POINT('',(2.00048324702661,1.05748324702664,-4.55799999999999));
#10808=CARTESIAN_POINT('',(5.27548324702661,1.05748324702664,-4.55799999999999));
#10809=CARTESIAN_POINT('',(5.27548324702661,-0.390516752973358,-4.55799999999999));
#10810=CARTESIAN_POINT('',(2.00048324702661,-0.390516752973358,-4.55799999999999));
#10811=CARTESIAN_POINT('',(2.30048324702661,-0.390516752973358,-4.55799999999999));
#10812=CARTESIAN_POINT('',(2.30048324702661,4.27698324702664,-4.55799999999999));
#10813=CARTESIAN_POINT('',(-13.767777317284,10.3445578992566,-4.43785647177499));
#10814=CARTESIAN_POINT('',(-13.5945673888174,11.9946596765066,-7.25195356070099));
#10815=CARTESIAN_POINT('',(-12.6865167529734,11.9844604018766,-7.25223025752799));
#10816=CARTESIAN_POINT('',(-6.58051675297339,11.9158774744466,-7.25409084851099));
#10817=CARTESIAN_POINT('',(-12.6865167529734,40.5757011280566,-55.95363196696));
#10818=CARTESIAN_POINT('',(-12.6865167529734,8.76491776832664,-1.76816467888599));
#10819=CARTESIAN_POINT('',(-13.767777317284,8.77409351638664,-1.76277785196799));
#10820=CARTESIAN_POINT('',(-0.57007199782139,8.66209570291664,-1.82852865858599));
#10821=CARTESIAN_POINT('',(-6.58051675297339,8.42831303613664,-1.31348553081099));
#10822=CARTESIAN_POINT('',(5.27548324702661,1.05748324702664,-6.40299999999999));
#10823=CARTESIAN_POINT('',(5.27548324702661,1.05748324702664,-6.40299999999999));
#10824=CARTESIAN_POINT('',(5.27548324702661,-0.390516752973358,-6.40299999999999));
#10825=CARTESIAN_POINT('',(5.27548324702661,-13.6905167529734,-6.40299999999999));
#10826=CARTESIAN_POINT('',(5.27548324702661,-0.390516752973358,-10.86688390631));
#10827=CARTESIAN_POINT('',(5.27548324702661,-13.6905167529734,-10.86688390631));
#10828=CARTESIAN_POINT('',(-30.0575167529734,-0.390516752973358,-10.86688390631));
#10829=CARTESIAN_POINT('',(2.00048324702661,-0.390516752973358,-6.40299999999999));
#10830=CARTESIAN_POINT('',(2.30048324702661,-0.390516752973358,-6.40299999999999));
#10831=CARTESIAN_POINT('',(2.30048324702661,-0.390516752973358,-10.86688390631));
#10832=CARTESIAN_POINT('',(-13.7598167529734,9.47171886415664,-1.35322138019299));
#10833=CARTESIAN_POINT('',(-13.7598167529734,9.47171886415664,-1.35322138019299));
#10834=CARTESIAN_POINT('',(-12.6865167529734,9.46261067069664,-1.35856854767699));
#10835=CARTESIAN_POINT('',(-0.548934177350391,9.35960922640664,-1.41903783574099));
#10836=CARTESIAN_POINT('',(-6.58051675297339,9.59323562243664,-1.28188226537799));
#10837=CARTESIAN_POINT('',(-12.6865167529734,23.2538332944666,6.73787533492001));
#10838=CARTESIAN_POINT('',(-12.6865167529734,99.0870500613266,-90.86688390631));
#10839=CARTESIAN_POINT('',(-12.6865167529734,41.4984871264266,-6.45154218472499));
#10840=CARTESIAN_POINT('',(-12.6865167529734,12.9079083207966,-7.22717797505099));
#10841=CARTESIAN_POINT('',(-12.6865167529734,41.2733940304266,-55.54403583575));
#10842=CARTESIAN_POINT('',(-13.7285167529734,-13.759297185595,-7.95063443808299));
#10843=CARTESIAN_POINT('',(-6.58051675297339,7.49648324702664,-7.37398490024299));
#10844=CARTESIAN_POINT('',(-6.58051675297339,12.8393253933666,-7.22903856603399));
#10845=CARTESIAN_POINT('',(-13.5841888475614,12.9179910230766,-7.22690444072399));
#10846=CARTESIAN_POINT('',(-6.58051675297339,7.33287376875664,-1.34320377847899));
#10847=CARTESIAN_POINT('',(-6.58051675297339,9.35176095505664,-1.28843324833399));
#10848=CARTESIAN_POINT('',(2.00048324702661,-7.53651675297336,-6.40299999999999));
#10849=CARTESIAN_POINT('',(2.00048324702661,-13.6905167529734,-6.40299999999999));
#10850=CARTESIAN_POINT('',(2.30048324702661,-13.6905167529734,-6.40299999999999));
#10851=CARTESIAN_POINT('',(2.30048324702661,1.05748324702664,-6.40299999999999));
#10852=CARTESIAN_POINT('',(2.30048324702661,7.49648324702664,-10.86688390631));
#10853=CARTESIAN_POINT('',(2.30048324702661,-13.6905167529734,-10.86688390631));
#10854=CARTESIAN_POINT('',(2.30048324702661,-13.6905167529734,-1.94640316047799));
#10855=CARTESIAN_POINT('',(2.30048324702661,-13.6905167529734,-10.86688390631));
#10856=CARTESIAN_POINT('',(2.30048324702661,-13.6905167529734,-7.27440316047799));
#10857=CARTESIAN_POINT('',(2.30048324702661,7.49648324702664,-7.27440316047799));
#10858=CARTESIAN_POINT('',(2.30048324702661,7.49648324702664,-7.27440316047799));
#10859=CARTESIAN_POINT('',(2.30048324702661,7.49648324702664,-10.86688390631));
#10860=CARTESIAN_POINT('',(2.30048324702661,7.49648324702664,-1.94640316047799));
#10861=CARTESIAN_POINT('',(2.30048324702661,7.49648324702664,-1.94640316047799));
#10862=CARTESIAN_POINT('',(-13.7598167529734,11.0421832470266,-4.02829999999999));
#10863=CARTESIAN_POINT('',(-13.7215167529734,11.0418582271726,-4.02849081013194));
#10864=CARTESIAN_POINT('',(-13.7215167529734,13.4881693866341,-8.19545871558677));
#10865=CARTESIAN_POINT('',(-13.7215167529734,8.74804208569611,-0.121278023410524));
#10866=CARTESIAN_POINT('',(-13.7859866764437,8.74877774843189,-0.121278023410525));
#10867=CARTESIAN_POINT('',(-0.939412159073388,8.6021682417476,-0.121247440401864));
#10868=CARTESIAN_POINT('',(-0.943883777049875,9.59901475949778,-1.81915688618926));
#10869=CARTESIAN_POINT('',(-6.57559675030921,9.21219199884412,-1.05079159858234));
#10870=CARTESIAN_POINT('',(-6.57559675030921,13.4079060206007,-8.19763618599603));
#10871=CARTESIAN_POINT('',(-13.7336115718706,13.4883052363044,-8.19545503011167));
#10872=CARTESIAN_POINT('',(-6.58051675297339,6.28609333613664,-1.37160195725199));
#10873=CARTESIAN_POINT('',(-6.58051675297339,6.49648324702664,-9.12674864093199));
#10874=CARTESIAN_POINT('',(-6.58051675297339,7.49648324702664,-9.09961957175199));
#10875=CARTESIAN_POINT('',(-6.58051675297339,12.9903003328122,-8.95057742796666));
#10876=CARTESIAN_POINT('',(-6.58051675297339,8.78102676536818,-1.3039167356498));
#10877=CARTESIAN_POINT('',(-6.58051675297339,7.49648324702664,-1.33876520562399));
#10878=CARTESIAN_POINT('',(-30.0575167529734,-13.6905167529734,-10.86688390631));
#10879=CARTESIAN_POINT('',(-29.7435167529734,-13.6905167529734,-10.86688390631));
#10880=CARTESIAN_POINT('',(-29.7435167529734,-13.6905167529734,-1.94640316047799));
#10881=CARTESIAN_POINT('',(-32.7185167529734,-13.6905167529734,-10.86688390631));
#10882=CARTESIAN_POINT('',(-32.7185167529734,-13.6905167529734,-6.40299999999999));
#10883=CARTESIAN_POINT('',(-29.4435167529734,-13.6905167529734,-6.40299999999999));
#10884=CARTESIAN_POINT('',(-29.7435167529734,-13.6905167529734,-6.40299999999999));
#10885=CARTESIAN_POINT('',(-29.7435167529734,-13.6905167529734,-10.86688390631));
#10886=CARTESIAN_POINT('',(-29.7435167529734,-13.6905167529734,-7.27440316047799));
#10887=CARTESIAN_POINT('',(-27.7435167529734,-13.6905167529734,-7.27440316047799));
#10888=CARTESIAN_POINT('',(-27.7435167529734,-13.6905167529734,-9.27440316047799));
#10889=CARTESIAN_POINT('',(-30.0575167529734,-13.6905167529734,-9.27440316047799));
#10890=CARTESIAN_POINT('',(0.300483247026612,-13.6905167529734,-9.27440316047799));
#10891=CARTESIAN_POINT('',(0.300483247026612,-13.6905167529734,-7.27440316047799));
#10892=CARTESIAN_POINT('',(0.228483247026611,-13.6905167529734,-1.94640316047799));
#10893=CARTESIAN_POINT('',(0.22848324702661,-13.6905167529734,0.125596839522011));
#10894=CARTESIAN_POINT('',(-29.7435167529734,-13.6905167529734,0.125596839522011));
#10895=CARTESIAN_POINT('',(-27.6715167529734,-13.6905167529734,0.125596839522011));
#10896=CARTESIAN_POINT('',(-27.6715167529734,-13.6905167529734,-1.94640316047799));
#10897=CARTESIAN_POINT('',(-30.0575167529734,-13.6905167529734,-8.87410882006786));
#10898=CARTESIAN_POINT('',(-27.6065167529734,-13.6905167529734,-8.87410882006788));
#10899=CARTESIAN_POINT('',(0.16348324702661,-13.6905167529734,-8.87410882006788));
#10900=CARTESIAN_POINT('',(-27.6065167529734,-13.6905167529734,-7.53661690365742));
#10901=CARTESIAN_POINT('',(-28.9435167529734,-13.6905167529734,-7.53661690365742));
#10902=CARTESIAN_POINT('',(-28.9435167529734,-13.6905167529734,-10.86688390631));
#10903=CARTESIAN_POINT('',(-28.9435167529734,-13.6905167529734,-2.07199999999999));
#10904=CARTESIAN_POINT('',(-27.6715167529734,-13.6905167529734,-2.07199999999999));
#10905=CARTESIAN_POINT('',(-27.6715167529734,-13.6905167529734,-0.799999999999989));
#10906=CARTESIAN_POINT('',(-29.7435167529734,-13.6905167529734,-0.799999999999989));
#10907=CARTESIAN_POINT('',(0.22848324702661,-13.6905167529734,-0.799999999999989));
#10908=CARTESIAN_POINT('',(0.228483247026611,-13.6905167529734,-2.07199999999999));
#10909=CARTESIAN_POINT('',(1.50048324702661,-13.6905167529734,-2.07199999999999));
#10910=CARTESIAN_POINT('',(1.50048324702661,-13.6905167529734,-10.86688390631));
#10911=CARTESIAN_POINT('',(1.50048324702661,-13.6905167529734,-7.53661690365742));
#10912=CARTESIAN_POINT('',(0.16348324702661,-13.6905167529734,-7.53661690365742));
#10913=CARTESIAN_POINT('',(0.228483247026611,7.49648324702664,-1.94640316047799));
#10914=CARTESIAN_POINT('',(0.228483247026611,7.49648324702664,-1.94640316047799));
#10915=CARTESIAN_POINT('',(0.228483247026611,7.49648324702664,0.125596839522012));
#10916=CARTESIAN_POINT('',(0.228483247026611,7.49648324702664,0.125596839522012));
#10917=CARTESIAN_POINT('',(-0.992759277385461,19.8578413799495,-2.07120634981795));
#10918=CARTESIAN_POINT('',(1.22852894469903,9.28578704001728,-2.36996615630551));
#10919=CARTESIAN_POINT('',(1.31089119377974,9.01556552921614,-1.77560782438684));
#10920=CARTESIAN_POINT('',(0.98070039670128,8.44839689510856,-0.519387730662587));
#10921=CARTESIAN_POINT('',(-0.279148901621656,8.16580252034616,0.125544268542915));
#10922=CARTESIAN_POINT('',(-0.944332231045901,8.17099282514015,0.125658014926061));
#10923=CARTESIAN_POINT('',(-0.944332126507246,8.17100689302508,0.125627427228822));
#10924=CARTESIAN_POINT('',(-0.94194399613386,7.4964832470266,0.125596839522011));
#10925=CARTESIAN_POINT('',(-0.942747278057121,7.72132443649883,0.125596839522011));
#10926=CARTESIAN_POINT('',(-0.943550559980384,7.94616562597105,0.125596839522011));
#10927=CARTESIAN_POINT('',(-0.944353841903646,8.17100681544327,0.125596839522011));
#10928=CARTESIAN_POINT('',(-0.941944529726909,7.49648324702664,0.125666751429839));
#10929=CARTESIAN_POINT('',(-0.924403132814149,7.49648324702664,0.125596839522011));
#10930=CARTESIAN_POINT('',(-0.930250265118402,7.49648324702664,0.125596839522011));
#10931=CARTESIAN_POINT('',(-0.936097397422655,7.49648324702664,0.125596839522011));
#10932=CARTESIAN_POINT('',(-0.941944529726908,7.49648324702664,0.125596839522011));
#10933=CARTESIAN_POINT('',(-0.924403132814149,7.49648324702664,0.125596839522011));
#10934=CARTESIAN_POINT('',(-0.941934079362089,7.49648324702664,-2.07259452944996));
#10935=CARTESIAN_POINT('',(-13.7285167529734,-13.7125167529734,-9.67499999999999));
#10936=CARTESIAN_POINT('',(-27.9205167529734,7.49648324702664,-9.09961957175199));
#10937=CARTESIAN_POINT('',(-20.8625167529734,7.49648324702664,-9.09961957175199));
#10938=CARTESIAN_POINT('',(-20.8625167529734,6.49648324702664,-9.12674864093199));
#10939=CARTESIAN_POINT('',(-20.8625167529734,12.9903003328122,-8.95057742796666));
#10940=CARTESIAN_POINT('',(-14.0155294491941,13.0672060703497,-8.94849104689333));
#10941=CARTESIAN_POINT('',(-13.7215167529734,13.0705084371053,-8.94840145675715));
#10942=CARTESIAN_POINT('',(-13.4275040567526,13.0672060703497,-8.94849104689333));
#10943=CARTESIAN_POINT('',(-29.7435167529734,7.49648324702664,0.125596839522011));
#10944=CARTESIAN_POINT('',(-29.7320711986321,8.49951626279278,0.125596839522011));
#10945=CARTESIAN_POINT('',(-13.7215167529733,8.31682071034152,0.125596839522011));
#10946=CARTESIAN_POINT('',(2.28903769268531,8.49951626279277,0.125596839522011));
#10947=CARTESIAN_POINT('',(-26.4987013794395,8.17100689302508,0.125627427228822));
#10948=CARTESIAN_POINT('',(-26.5010895098129,7.4964832470266,0.125596839522011));
#10949=CARTESIAN_POINT('',(-26.5002862278897,7.72132443649882,0.125596839522011));
#10950=CARTESIAN_POINT('',(-26.4994829459664,7.94616562597105,0.125596839522011));
#10951=CARTESIAN_POINT('',(-26.4986796640431,8.17100681544327,0.125596839522011));
#10952=CARTESIAN_POINT('',(-26.5010889762199,7.49648324702664,0.125666751429839));
#10953=CARTESIAN_POINT('',(-26.5010889762199,7.49648324702664,0.125596839522011));
#10954=CARTESIAN_POINT('',(-26.5069361085241,7.49648324702664,0.125596839522011));
#10955=CARTESIAN_POINT('',(-26.5127832408284,7.49648324702664,0.125596839522011));
#10956=CARTESIAN_POINT('',(-26.5186303731327,7.49648324702664,0.125596839522011));
#10957=CARTESIAN_POINT('',(-26.5186303731327,7.49648324702664,0.125596839522011));
#10958=CARTESIAN_POINT('',(-29.7435167529734,7.49648324702664,0.125596839522011));
#10959=CARTESIAN_POINT('',(-27.6715167529734,7.49648324702664,0.125596839522012));
#10960=CARTESIAN_POINT('',(-27.6715167529734,7.49648324702664,0.125596839522012));
#10961=CARTESIAN_POINT('',(-29.7435167529734,7.49648324702664,0.125596839522011));
#10962=CARTESIAN_POINT('',(-29.7435167529734,7.49648324702664,-10.86688390631));
#10963=CARTESIAN_POINT('',(0.34248324702661,7.49648324702664,-9.27440316047799));
#10964=CARTESIAN_POINT('',(0.300483247026612,7.49648324702664,-9.27440316047799));
#10965=CARTESIAN_POINT('',(-27.7435167529734,7.49648324702664,-9.27440316047799));
#10966=CARTESIAN_POINT('',(-27.7435167529734,7.49648324702664,-7.27440316047799));
#10967=CARTESIAN_POINT('',(-29.7435167529734,7.49648324702664,-7.27440316047799));
#10968=CARTESIAN_POINT('',(-29.7435167529734,7.49648324702664,-10.86688390631));
#10969=CARTESIAN_POINT('',(-29.7435167529734,7.49648324702664,-1.94640316047799));
#10970=CARTESIAN_POINT('',(-27.6715167529734,7.49648324702664,-1.94640316047799));
#10971=CARTESIAN_POINT('',(-26.5010994265847,7.49648324702664,-2.07259452944996));
#10972=CARTESIAN_POINT('',(-20.8625167529734,7.49648324702664,-1.33876520562399));
#10973=CARTESIAN_POINT('',(0.300483247026612,7.49648324702664,-7.27440316047799));
#10974=CARTESIAN_POINT('',(-0.992758800922161,19.8577254952141,-2.07120636283151));
#10975=CARTESIAN_POINT('',(-0.943517152788255,7.88184244961403,-2.07245770264797));
#10976=CARTESIAN_POINT('',(0.217136933582383,7.56046431890903,-1.54759218711074));
#10977=CARTESIAN_POINT('',(0.24663025444278,7.60191321958701,-1.61876817683693));
#10978=CARTESIAN_POINT('',(0.245217036476335,8.54403524380334,-1.62549729712526));
#10979=CARTESIAN_POINT('',(0.245711612345473,8.22999428713605,-1.6232972313472));
#10980=CARTESIAN_POINT('',(0.24618289272744,7.915953614375,-1.62105396085884));
#10981=CARTESIAN_POINT('',(0.24663025444278,7.60191321958702,-1.61876817683693));
#10982=CARTESIAN_POINT('',(0.245217036476301,8.54403524380334,-1.62549729712546));
#10983=CARTESIAN_POINT('',(-0.947374331704424,8.81998003879966,-2.07235236084118));
#10984=CARTESIAN_POINT('',(0.313206046665852,8.90662359068922,-2.24444015348121));
#10985=CARTESIAN_POINT('',(0.313206046638813,8.90662359664477,-2.24444015351725));
#10986=CARTESIAN_POINT('',(0.316550746758858,8.16991061655919,-2.23998147140408));
#10987=CARTESIAN_POINT('',(0.319765518865797,7.43319715418795,-2.23550501184094));
#10988=CARTESIAN_POINT('',(0.32285018119517,6.69648324702664,-2.23101215694735));
#10989=CARTESIAN_POINT('',(0.32285018119517,6.69648324702664,-2.23101215694735));
#10990=CARTESIAN_POINT('',(-0.938645333618866,6.69648324702664,-2.07268435437998));
#10991=CARTESIAN_POINT('',(-0.924354696467785,6.69648324702664,-0.799999999999989));
#10992=CARTESIAN_POINT('',(-0.924354696467785,6.69648324702664,-0.799999999999989));
#10993=CARTESIAN_POINT('',(-0.929208504539317,6.69648324702664,-0.799999999999989));
#10994=CARTESIAN_POINT('',(-0.93406231261085,6.69648324702664,-0.799999999999989));
#10995=CARTESIAN_POINT('',(-0.938916120682382,6.69648324702664,-0.799999999999989));
#10996=CARTESIAN_POINT('',(-0.938916120682381,6.69648324702664,-0.799919793067671));
#10997=CARTESIAN_POINT('',(-0.939085863123385,6.69648264059401,-0.799999999999989));
#10998=CARTESIAN_POINT('',(-0.940725074125243,7.15530306313943,-0.799999999999989));
#10999=CARTESIAN_POINT('',(-0.942364285127101,7.61412348568485,-0.799999999999989));
#11000=CARTESIAN_POINT('',(-0.94400349612896,8.07294390823026,-0.799999999999989));
#11001=CARTESIAN_POINT('',(-0.944119994441314,8.07294349202099,-0.799937540684307));
#11002=CARTESIAN_POINT('',(-0.947374331704424,8.81998003879966,-2.07235236084118));
#11003=CARTESIAN_POINT('',(-0.0829090229826717,8.26070345869988,-1.13650123061066));
#11004=CARTESIAN_POINT('',(-0.938518236178406,6.66557081683677,-2.07295931503574));
#11005=CARTESIAN_POINT('',(-13.7756493215467,9.65469352569514,-4.84285669108293));
#11006=CARTESIAN_POINT('',(-13.7756493215468,7.67920931487979,-1.47788029698732));
#11007=CARTESIAN_POINT('',(-13.4865167529734,7.67675569020031,-1.47932075191059));
#11008=CARTESIAN_POINT('',(-13.4865167529734,9.65223990101566,-4.84429714600621));
#11009=CARTESIAN_POINT('',(-13.4865167529734,11.5427363764081,-8.06450815958402));
#11010=CARTESIAN_POINT('',(-13.4443629430829,11.5422629024997,-8.06452100449043));
#11011=CARTESIAN_POINT('',(-6.58051675297339,11.4651678050251,-8.06661252272329));
#11012=CARTESIAN_POINT('',(-6.58051675297339,7.51513833262748,-1.3382591105166));
#11013=CARTESIAN_POINT('',(1.50048324702661,7.49648324702664,-10.86688390631));
#11014=CARTESIAN_POINT('',(1.50048324702661,7.49648324702664,-2.07199999999999));
#11015=CARTESIAN_POINT('',(1.50048324702661,6.69648324702664,-2.07199999999999));
#11016=CARTESIAN_POINT('',(1.50048324702661,6.69648324702664,-10.86688390631));
#11017=CARTESIAN_POINT('',(1.50048324702661,6.69648324702664,-6.98353657027599));
#11018=CARTESIAN_POINT('',(1.50048324702661,-12.7054702512414,-7.50989350896599));
#11019=CARTESIAN_POINT('',(-13.7598167529734,9.06669903620948,-0.663323605903456));
#11020=CARTESIAN_POINT('',(-13.7676887572361,8.37683466264856,-1.06832382521023));
#11021=CARTESIAN_POINT('',(-13.4865167529734,8.37444859257613,-1.06972462069939));
#11022=CARTESIAN_POINT('',(-13.4865167529734,9.06669903620948,-0.663323605903456));
#11023=CARTESIAN_POINT('',(-13.4865167529734,99.0870500613266,-90.86688390631));
#11024=CARTESIAN_POINT('',(-13.4865167529734,-13.7376019124951,-8.75034020592834));
#11025=CARTESIAN_POINT('',(-13.4865167529734,12.4661842953343,-8.03945587710695));
#11026=CARTESIAN_POINT('',(-13.4865167529734,10.3499328033927,-4.43470101479709));
#11027=CARTESIAN_POINT('',(-13.7285167529734,-13.7376019124951,-8.75034020592834));
#11028=CARTESIAN_POINT('',(-6.58051675297339,-13.7376019124951,-8.75034020592834));
#11029=CARTESIAN_POINT('',(-6.58051675297339,12.3886157239512,-8.04156024024622));
#11030=CARTESIAN_POINT('',(-13.7450119196093,12.4690877272464,-8.03937710970174));
#11031=CARTESIAN_POINT('',(-6.58051675297339,7.33287376875664,-1.34320377847899));
#11032=CARTESIAN_POINT('',(-6.58051675297339,8.43858625155361,-1.31320682803953));
#11033=CARTESIAN_POINT('',(-13.7676887572361,10.3523188734651,-4.43330021930793));
#11034=CARTESIAN_POINT('',(-13.7920252440165,8.21958689731176,-0.799999999999989));
#11035=CARTESIAN_POINT('',(-13.7215167529734,8.21878232881494,-0.799999999999989));
#11036=CARTESIAN_POINT('',(-13.7215167529734,10.3519270505387,-4.43353024766892));
#11037=CARTESIAN_POINT('',(-13.7215167529734,12.5410839898205,-8.16246990880319));
#11038=CARTESIAN_POINT('',(-13.7442378932919,12.5413391949167,-8.16246298532648));
#11039=CARTESIAN_POINT('',(-6.58051675297339,12.4608758855273,-8.16464588001287));
#11040=CARTESIAN_POINT('',(-6.58051675297339,8.43858625155345,-1.31320682803926));
#11041=CARTESIAN_POINT('',(-6.58051675297339,6.28609333613664,-1.37160195725199));
#11042=CARTESIAN_POINT('',(-6.58051675297339,6.47478797392272,-8.32704287308693));
#11043=CARTESIAN_POINT('',(-6.58051675297339,6.69648324702664,-8.32102848668592));
#11044=CARTESIAN_POINT('',(-6.58051675297339,6.69648324702664,-1.3604684609685));
#11045=CARTESIAN_POINT('',(0.16348324702661,-12.7054702512414,-7.50989350896599));
#11046=CARTESIAN_POINT('',(0.16348324702661,6.69648324702664,-6.98353657027599));
#11047=CARTESIAN_POINT('',(0.16348324702661,6.69648324702664,-8.32102848668648));
#11048=CARTESIAN_POINT('',(0.16348324702661,-12.6692120260732,-8.84640177347753));
#11049=CARTESIAN_POINT('',(0.228483247026611,7.49648324702664,-2.07199999999999));
#11050=CARTESIAN_POINT('',(0.228483247026611,7.49648324702664,-0.799999999999989));
#11051=CARTESIAN_POINT('',(0.228483247026611,6.69648324702664,-0.799999999999989));
#11052=CARTESIAN_POINT('',(0.228483247026611,6.69648324702664,-2.07199999999999));
#11053=CARTESIAN_POINT('',(-29.7435167529734,6.69648324702664,-10.86688390631));
#11054=CARTESIAN_POINT('',(-29.7435167529734,6.69648324702664,-8.32102848668643));
#11055=CARTESIAN_POINT('',(-29.7435167529734,6.69648324702664,-0.799999999999989));
#11056=CARTESIAN_POINT('',(-13.7285167529734,-13.7342120260732,-8.87529423215464));
#11057=CARTESIAN_POINT('',(-13.7285167529728,-7.46296380500288,-8.70516110531758));
#11058=CARTESIAN_POINT('',(-0.632969266212899,-7.46296380500067,-8.70516110531756));
#11059=CARTESIAN_POINT('',(-26.8100642397339,-7.46296380500067,-8.70516110531756));
#11060=CARTESIAN_POINT('',(-26.0625942911806,-6.23336542166156,-8.67180324571176));
#11061=CARTESIAN_POINT('',(-22.2944943830148,-0.0347890584133531,-8.50364163873303));
#11062=CARTESIAN_POINT('',(-9.96114272239289,-7.69746460668802,-8.71152289378936));
#11063=CARTESIAN_POINT('',(-27.4646477612781,3.17741221197923,-8.41649760824708));
#11064=CARTESIAN_POINT('',(-26.5799648369088,47.8282808014295,-7.2051611053176));
#11065=CARTESIAN_POINT('',(-27.5115406381441,4.49263305307689,-8.3808168910614));
#11066=CARTESIAN_POINT('',(-13.7145167529733,4.49263305307686,-8.3808168910614));
#11067=CARTESIAN_POINT('',(-24.8285586119542,4.49263305307688,-8.3808168910614));
#11068=CARTESIAN_POINT('',(-24.8285586119542,4.89263305307688,-8.36996526338923));
#11069=CARTESIAN_POINT('',(-24.659511307258,4.53010993826222,-8.37980017805054));
#11070=CARTESIAN_POINT('',(-22.6704119276622,5.45764221179908,-8.35463709083468));
#11071=CARTESIAN_POINT('',(-23.4569057165237,5.09089413496163,-8.36458662478299));
#11072=CARTESIAN_POINT('',(-23.4569057165237,5.09089413496163,-8.36458662478299));
#11073=CARTESIAN_POINT('',(-23.2088537070825,5.20656268658479,-8.36144864464401));
#11074=CARTESIAN_POINT('',(-22.7587704399133,5.49039536099864,-8.35374852838417));
#11075=CARTESIAN_POINT('',(-22.2527607995295,5.79093270681193,-8.3455952299383));
#11076=CARTESIAN_POINT('',(-22.1439228699304,6.04263305307595,-8.33876683383176));
#11077=CARTESIAN_POINT('',(-22.1439228699328,6.04263305307688,-8.33876683383173));
#11078=CARTESIAN_POINT('',(-13.7145167529733,6.04263305307686,-8.33876683383174));
#11079=CARTESIAN_POINT('',(-21.6486744158823,6.04263305307687,-8.33876683383173));
#11080=CARTESIAN_POINT('',(-21.6486744158823,7.09263305307688,-8.31028131119228));
#11081=CARTESIAN_POINT('',(-21.2049252410546,6.14100987668839,-8.33609796217823));
#11082=CARTESIAN_POINT('',(-22.6704119276622,5.45764221179908,-8.35463709083468));
#11083=CARTESIAN_POINT('',(-21.1037116616484,6.18820654387478,-8.33481756052904));
#11084=CARTESIAN_POINT('',(-21.5474608364761,7.13982972026327,-8.3090009095431));
#11085=CARTESIAN_POINT('',(-20.5167522938561,6.93948027511789,-8.31443620350071));
#11086=CARTESIAN_POINT('',(-24.1416259285149,-11.7088779394509,-8.82034880360518));
#11087=CARTESIAN_POINT('',(-20.1204311211527,8.97837595576307,-8.2591228615288));
#11088=CARTESIAN_POINT('',(-19.6296175294289,8.8829714580748,-8.26171109674671));
#11089=CARTESIAN_POINT('',(-19.6296175294289,9.3829714580748,-8.2481465621565));
#11090=CARTESIAN_POINT('',(-13.7145167529733,9.38297145807479,-8.2481465621565));
#11091=CARTESIAN_POINT('',(-17.1594776662714,9.38297145807479,-8.2481465621565));
#11092=CARTESIAN_POINT('',(-17.1594776662714,8.88297145807479,-8.26171109674671));
#11093=CARTESIAN_POINT('',(-16.7308940159204,9.14049049552982,-8.25472484496432));
#11094=CARTESIAN_POINT('',(-5.83063724927075,-9.00058319355758,-8.74687528808285));
#11095=CARTESIAN_POINT('',(-15.6493200484307,7.34044913279231,-8.30355829162166));
#11096=CARTESIAN_POINT('',(-14.5425712166239,-13.7775766058978,-8.87647067284068));
#11097=CARTESIAN_POINT('',(-15.2225167529734,-0.803442886601832,-8.52449450161375));
#11098=CARTESIAN_POINT('',(-13.7285167529734,-0.803442886601828,-8.52449450161375));
#11099=CARTESIAN_POINT('',(-12.2205167529734,-0.803442886601832,-8.52449450161375));
#11100=CARTESIAN_POINT('',(-12.9004622893229,-13.7775766058978,-8.87647067284068));
#11101=CARTESIAN_POINT('',(-11.7937134575161,7.34044913279231,-8.30355829162166));
#11102=CARTESIAN_POINT('',(-21.612396256676,-9.00058319355758,-8.74687528808285));
#11103=CARTESIAN_POINT('',(-10.7121394900264,9.14049049552982,-8.25472484496432));
#11104=CARTESIAN_POINT('',(-10.2835558396754,8.88297145807479,-8.26171109674671));
#11105=CARTESIAN_POINT('',(-10.2835558396754,9.38297145807479,-8.2481465621565));
#11106=CARTESIAN_POINT('',(-13.7285167529734,9.38297145807479,-8.2481465621565));
#11107=CARTESIAN_POINT('',(-7.81341597651792,9.3829714580748,-8.2481465621565));
#11108=CARTESIAN_POINT('',(-7.81341597651792,8.8829714580748,-8.26171109674671));
#11109=CARTESIAN_POINT('',(-7.32260238479408,8.97837595576307,-8.2591228615288));
#11110=CARTESIAN_POINT('',(-3.30140757743184,-11.7088779394509,-8.82034880360518));
#11111=CARTESIAN_POINT('',(-6.92628121209071,6.93948027511789,-8.31443620350071));
#11112=CARTESIAN_POINT('',(-5.89557266947067,7.13982972026327,-8.3090009095431));
#11113=CARTESIAN_POINT('',(-6.33932184429839,6.18820654387478,-8.33481756052904));
#11114=CARTESIAN_POINT('',(-4.77262157828459,5.45764221179908,-8.35463709083468));
#11115=CARTESIAN_POINT('',(-6.23810826489219,6.14100987668839,-8.33609796217823));
#11116=CARTESIAN_POINT('',(-5.79435909006445,7.09263305307688,-8.31028131119228));
#11117=CARTESIAN_POINT('',(-5.79435909006446,6.04263305307687,-8.33876683383173));
#11118=CARTESIAN_POINT('',(-13.7285167529734,6.04263305307686,-8.33876683383174));
#11119=CARTESIAN_POINT('',(-5.29911063601396,6.04263305307688,-8.33876683383173));
#11120=CARTESIAN_POINT('',(-3.98612778942311,5.09089413496163,-8.36458662478299));
#11121=CARTESIAN_POINT('',(-4.23417979886428,5.20656268658478,-8.36144864464401));
#11122=CARTESIAN_POINT('',(-4.68426306603352,5.49039536099864,-8.35374852838417));
#11123=CARTESIAN_POINT('',(-5.19027270641726,5.79093270681193,-8.3455952299383));
#11124=CARTESIAN_POINT('',(-5.29911063601638,6.04263305307595,-8.33876683383176));
#11125=CARTESIAN_POINT('',(-3.9861277894231,5.09089413496163,-8.36458662478299));
#11126=CARTESIAN_POINT('',(-4.77262157828459,5.45764221179908,-8.35463709083468));
#11127=CARTESIAN_POINT('',(-2.78352219868882,4.53010993826222,-8.37980017805054));
#11128=CARTESIAN_POINT('',(-2.61447489399254,4.89263305307688,-8.36996526338923));
#11129=CARTESIAN_POINT('',(-2.61447489399254,4.49263305307688,-8.3808168910614));
#11130=CARTESIAN_POINT('',(-13.7285167529734,4.49263305307686,-8.3808168910614));
#11131=CARTESIAN_POINT('',(0.0685071321973022,4.49263305307689,-8.3808168910614));
#11132=CARTESIAN_POINT('',(-0.863068669037971,47.8282808014295,-7.2051611053176));
#11133=CARTESIAN_POINT('',(0.0216142553313127,3.17741221197923,-8.41649760824708));
#11134=CARTESIAN_POINT('',(-17.4818907835539,-7.69746460668802,-8.71152289378936));
#11135=CARTESIAN_POINT('',(-5.14853912293201,-0.0347890584133531,-8.50364163873303));
#11136=CARTESIAN_POINT('',(-1.38043921476621,-6.23336542166156,-8.67180324571176));
#11137=CARTESIAN_POINT('',(-13.6987956126548,12.5413391949167,-8.16246298532648));
#11138=CARTESIAN_POINT('',(-20.8625167529734,12.4608758855273,-8.16464588001287));
#11139=CARTESIAN_POINT('',(-20.8625167529734,6.47478797392272,-8.32704287308693));
#11140=CARTESIAN_POINT('',(-20.8625167529734,6.69648324702664,-8.32102848668592));
#11141=CARTESIAN_POINT('',(2.30048324702662,6.69648324702664,-8.32102848668643));
#11142=CARTESIAN_POINT('',(-27.6065167529734,6.69648324702664,-8.32102848668648));
#11143=CARTESIAN_POINT('',(-27.6065167529734,-12.6692120260732,-8.84640177347753));
#11144=CARTESIAN_POINT('',(-29.7435167529734,7.49648324702664,-0.799999999999989));
#11145=CARTESIAN_POINT('',(-27.6715167529734,7.49648324702664,-0.799999999999989));
#11146=CARTESIAN_POINT('',(-27.6715167529734,6.69648324702664,-0.799999999999989));
#11147=CARTESIAN_POINT('',(2.30048324702662,6.69648324702664,-0.799999999999989));
#11148=CARTESIAN_POINT('',(-26.518678809479,6.69648324702664,-0.799999999999989));
#11149=CARTESIAN_POINT('',(-26.518678809479,6.69648324702664,-0.799999999999989));
#11150=CARTESIAN_POINT('',(-26.5138250014075,6.69648324702664,-0.799999999999989));
#11151=CARTESIAN_POINT('',(-26.5089711933359,6.69648324702664,-0.799999999999989));
#11152=CARTESIAN_POINT('',(-26.5041173852644,6.69648324702664,-0.799999999999989));
#11153=CARTESIAN_POINT('',(-26.5041173852644,6.69648324702664,-0.799919793067671));
#11154=CARTESIAN_POINT('',(-26.5039476428234,6.69648264059401,-0.799999999999989));
#11155=CARTESIAN_POINT('',(-26.5023084318215,7.15530306313943,-0.799999999999989));
#11156=CARTESIAN_POINT('',(-26.5006692208197,7.61412348568485,-0.799999999999989));
#11157=CARTESIAN_POINT('',(-26.4990300098178,8.07294390823026,-0.799999999999989));
#11158=CARTESIAN_POINT('',(-26.4989135115055,8.07294349202099,-0.799937540684307));
#11159=CARTESIAN_POINT('',(-13.6510082619303,8.21958689731176,-0.799999999999989));
#11160=CARTESIAN_POINT('',(0.34248324702661,-13.6905167529734,-9.27440316047799));
#11161=CARTESIAN_POINT('',(-27.7435167529734,-13.6905167529734,-9.27440316047799));
#11162=CARTESIAN_POINT('',(0.300483247026612,-13.6905167529734,-9.27440316047799));
#11163=CARTESIAN_POINT('',(-11.7745167529734,3.40091006472664,-9.27440316047799));
#11164=CARTESIAN_POINT('',(-11.7745167529734,5.06995027126102,-9.27440316047799));
#11165=CARTESIAN_POINT('',(-11.7745167529734,1.16848324702664,-9.27440316047799));
#11166=CARTESIAN_POINT('',(-11.7745167529734,1.16848324702664,-9.27440316047799));
#11167=CARTESIAN_POINT('',(-9.69451675297339,1.16848324702664,-9.27440316047799));
#11168=CARTESIAN_POINT('',(-9.69451675297339,3.40091006472664,-9.27440316047799));
#11169=CARTESIAN_POINT('',(-9.69451675297339,5.06995027126102,-9.27440316047799));
#11170=CARTESIAN_POINT('',(-11.7745167529734,5.06995027126102,-9.27440316047799));
#11171=CARTESIAN_POINT('',(-15.6685167529734,3.40091006472664,-9.27440316047799));
#11172=CARTESIAN_POINT('',(-15.6685167529734,1.16848324702664,-9.27440316047799));
#11173=CARTESIAN_POINT('',(-15.6685167529734,5.06995027126102,-9.27440316047799));
#11174=CARTESIAN_POINT('',(-15.6685167529734,5.06995027126102,-9.27440316047799));
#11175=CARTESIAN_POINT('',(-17.7485167529734,5.06995027126102,-9.27440316047799));
#11176=CARTESIAN_POINT('',(-17.7485167529734,3.40091006472664,-9.27440316047799));
#11177=CARTESIAN_POINT('',(-17.7485167529734,1.16848324702664,-9.27440316047799));
#11178=CARTESIAN_POINT('',(-15.6685167529734,1.16848324702664,-9.27440316047799));
#11179=CARTESIAN_POINT('',(-11.7745167529734,5.90548324702664,-9.14278192081799));
#11180=CARTESIAN_POINT('',(-9.69451675297339,5.90548324702664,-9.14278192081799));
#11181=CARTESIAN_POINT('',(-9.69451675297339,1.16848324702664,-9.88899999999999));
#11182=CARTESIAN_POINT('',(-11.7745167529734,1.16848324702664,-9.88899999999999));
#11183=CARTESIAN_POINT('',(-11.7745167529734,1.16848324702664,-9.88899999999999));
#11184=CARTESIAN_POINT('',(-11.7745167529734,5.90548324702664,-9.14278192081799));
#11185=CARTESIAN_POINT('',(-11.7745167529734,3.40091006472664,-9.22563221574799));
#11186=CARTESIAN_POINT('',(-11.7745167529734,1.16848324702664,-9.88899999999999));
#11187=CARTESIAN_POINT('',(-9.69451675297339,3.40091006472664,-9.22563221574799));
#11188=CARTESIAN_POINT('',(-9.69451675297339,1.16848324702664,-9.88899999999999));
#11189=CARTESIAN_POINT('',(-11.7745167529734,1.16848324702664,-9.88899999999999));
#11190=CARTESIAN_POINT('',(0.300483247026612,7.49648324702664,-7.27440316047799));
#11191=CARTESIAN_POINT('',(-13.7385315745348,13.0571400028284,-8.44858016717913));
#11192=CARTESIAN_POINT('',(-13.7215167529734,13.0569488914179,-8.44858535185381));
#11193=CARTESIAN_POINT('',(-6.58051675297339,12.9767407871251,-8.450761323064));
#11194=CARTESIAN_POINT('',(1.11281505461748,9.24254161267619,-2.2913688185796));
#11195=CARTESIAN_POINT('',(1.14544457332105,9.69766239299207,-2.02780045114469));
#11196=CARTESIAN_POINT('',(0.621902896441831,9.67195972233639,-1.97384324800992));
#11197=CARTESIAN_POINT('',(0.872645203034103,10.2479754656998,-4.11320933531119));
#11198=CARTESIAN_POINT('',(0.957277330201098,10.8276229826691,-3.94888163558052));
#11199=CARTESIAN_POINT('',(0.397211895821486,10.674162850334,-3.67659655945555));
#11200=CARTESIAN_POINT('',(-0.998808553312132,12.16980274072,-7.56818549350958));
#11201=CARTESIAN_POINT('',(-1.03924012969629,13.0020882305933,-7.61398955743697));
#11202=CARTESIAN_POINT('',(-1.35362741373346,12.5898625955598,-6.90570688536783));
#11203=CARTESIAN_POINT('',(-4.71654234502556,12.9707134036489,-8.95110880312314));
#11204=CARTESIAN_POINT('',(-4.59949269968423,13.812946721452,-8.92597912213737));
#11205=CARTESIAN_POINT('',(-4.83175474813347,13.3883190914327,-8.1981675611505));
#11206=CARTESIAN_POINT('',(-6.58051675297336,12.9903003328122,-8.95057742796684));
#11207=CARTESIAN_POINT('',(-6.57100622171143,13.8364088003109,-8.92762329281792));
#11208=CARTESIAN_POINT('',(-6.57559675030918,13.4079060206007,-8.19763618599603));
#11209=CARTESIAN_POINT('',(-0.96683847477886,8.17122069212071,0.12554665533318));
#11210=CARTESIAN_POINT('',(-0.966049731006659,8.2148477360852,0.122260434880098));
#11211=CARTESIAN_POINT('',(-0.964472243462258,8.30210182401418,0.115687993973933));
#11212=CARTESIAN_POINT('',(-0.961838763521745,8.42355031374095,0.0630524497104107));
#11213=CARTESIAN_POINT('',(-0.959203268894769,8.52992983168136,-0.0157106363404933));
#11214=CARTESIAN_POINT('',(-0.957620718273435,8.57931432308697,-0.087943792500785));
#11215=CARTESIAN_POINT('',(-0.956829442962768,8.60400656878977,-0.124060370580931));
#11216=CARTESIAN_POINT('',(-0.808593061409197,8.17375893610124,0.117201119895963));
#11217=CARTESIAN_POINT('',(-0.809889870265805,8.21739523328578,0.114067555340298));
#11218=CARTESIAN_POINT('',(-0.812483487979021,8.30466782765486,0.10780042622897));
#11219=CARTESIAN_POINT('',(-0.818773655373539,8.42610989059999,0.0556602131608154));
#11220=CARTESIAN_POINT('',(-0.826298847634942,8.53244090418819,-0.0226095168538541));
#11221=CARTESIAN_POINT('',(-0.831997395419051,8.58174239153216,-0.094534237318674));
#11222=CARTESIAN_POINT('',(-0.834846669311105,8.60639313520415,-0.130496597551084));
#11223=CARTESIAN_POINT('',(-0.492102234669871,8.1788354240623,0.100510049021528));
#11224=CARTESIAN_POINT('',(-0.497570148784097,8.22249022768695,0.0976817962607001));
#11225=CARTESIAN_POINT('',(-0.508505977012548,8.30979983493624,0.0920252907390444));
#11226=CARTESIAN_POINT('',(-0.532643439077128,8.43122904431806,0.0408757400616249));
#11227=CARTESIAN_POINT('',(-0.560490005115289,8.53746304920184,-0.0364072778805757));
#11228=CARTESIAN_POINT('',(-0.580750749710283,8.58659852842255,-0.107715126954452));
#11229=CARTESIAN_POINT('',(-0.59088112200778,8.61116626803291,-0.14336905149139));
#11230=CARTESIAN_POINT('',(0.112878290465974,8.26625612491206,-0.102740731601241));
#11231=CARTESIAN_POINT('',(0.0999744600494453,8.31071109553232,-0.101099501746485));
#11232=CARTESIAN_POINT('',(0.0741667992163883,8.39962103677282,-0.0978170420369722));
#11233=CARTESIAN_POINT('',(0.01603032257219,8.52231551375482,-0.136391856528122));
#11234=CARTESIAN_POINT('',(-0.0513241075921012,8.62806130161689,-0.202376858821278));
#11235=CARTESIAN_POINT('',(-0.100199154219814,8.67462171627586,-0.267576378967623));
#11236=CARTESIAN_POINT('',(-0.124636677533671,8.69790192360535,-0.300176139040796));
#11237=CARTESIAN_POINT('',(0.763562528362998,8.47799325476324,-0.580872252517817));
#11238=CARTESIAN_POINT('',(0.744962346679635,8.52456546211909,-0.568986589851898));
#11239=CARTESIAN_POINT('',(0.707761983312907,8.61770987683081,-0.545215264520061));
#11240=CARTESIAN_POINT('',(0.613575105460582,8.74385995538315,-0.55404360275892));
#11241=CARTESIAN_POINT('',(0.500938957760369,8.84853952391829,-0.593073246210829));
#11242=CARTESIAN_POINT('',(0.418045179497886,8.88866858458417,-0.643722169667115));
#11243=CARTESIAN_POINT('',(0.376598290366644,8.90873311491711,-0.669046631395258));
#11244=CARTESIAN_POINT('',(1.147647686041,8.79714777204456,-1.2912078618033));
#11245=CARTESIAN_POINT('',(1.13141758030277,8.84770080625988,-1.26694044773514));
#11246=CARTESIAN_POINT('',(1.09895736882631,8.94880687469053,-1.21840561959883));
#11247=CARTESIAN_POINT('',(0.985260290680394,9.08142040357965,-1.18295882823963));
#11248=CARTESIAN_POINT('',(0.838910254118631,9.18399822003553,-1.17838232975466));
#11249=CARTESIAN_POINT('',(0.727619413530563,9.21267189986206,-1.20408504515045));
#11250=CARTESIAN_POINT('',(0.671973993236529,9.22700873977532,-1.21693640284835));
#11251=CARTESIAN_POINT('',(1.26578446614348,9.08072507135055,-1.91848992623824));
#11252=CARTESIAN_POINT('',(1.25588689600985,9.13568245196139,-1.88638768596232));
#11253=CARTESIAN_POINT('',(1.23609175574259,9.24559721318309,-1.82218320541048));
#11254=CARTESIAN_POINT('',(1.1186013342185,9.38525389816189,-1.74794961757219));
#11255=CARTESIAN_POINT('',(0.954997056531715,9.48524366544149,-1.70095891918076));
#11256=CARTESIAN_POINT('',(0.826558449429774,9.50170279015446,-1.70073542256817));
#11257=CARTESIAN_POINT('',(0.762339145878803,9.50993235251095,-1.70062367426188));
#11258=CARTESIAN_POINT('',(1.23881151954398,9.2241870545342,-2.23432832329482));
#11259=CARTESIAN_POINT('',(1.23326849971834,9.28192013987025,-2.20008580317315));
#11260=CARTESIAN_POINT('',(1.22218246006707,9.39738631054234,-2.1316007629298));
#11261=CARTESIAN_POINT('',(1.10800295362645,9.54140711630087,-2.03824711393494));
#11262=CARTESIAN_POINT('',(0.941191231760983,9.63958980569693,-1.96760407600599));
#11263=CARTESIAN_POINT('',(0.807853580381321,9.64859275971436,-1.95191748563453));
#11264=CARTESIAN_POINT('',(0.741184754691489,9.65309423672308,-1.9440741904488));
#11265=CARTESIAN_POINT('',(1.22532504624423,9.29591804612603,-2.39224752182311));
#11266=CARTESIAN_POINT('',(1.22195930157259,9.35503898382468,-2.35693486177856));
#11267=CARTESIAN_POINT('',(1.21522781222931,9.47328085922197,-2.28630954168947));
#11268=CARTESIAN_POINT('',(1.10270376333042,9.61948372537036,-2.18339586211632));
#11269=CARTESIAN_POINT('',(0.934288319375617,9.71676287582465,-2.10092665441861));
#11270=CARTESIAN_POINT('',(0.798501145857094,9.72203774449431,-2.07750851716771));
#11271=CARTESIAN_POINT('',(0.730607559097832,9.72467517882914,-2.06579944854226));
#11272=CARTESIAN_POINT('',(-0.944331965984375,8.17102096047317,0.125596839522011));
#11273=CARTESIAN_POINT('',(-0.942354263841087,8.34433720937785,0.125596839522011));
#11274=CARTESIAN_POINT('',(-0.940413175572392,8.51444479542907,0.0281973190374284));
#11275=CARTESIAN_POINT('',(-0.939411963320196,8.60218619394911,-0.121278023410525));
#11276=CARTESIAN_POINT('',(-13.7909066791079,8.31761251495596,-0.374403160477989));
#11277=CARTESIAN_POINT('',(-13.7215167529732,8.31682071034152,-0.374403160477989));
#11278=CARTESIAN_POINT('',(-13.7205167529734,-0.803442886601828,4.79483889468243));
#11279=CARTESIAN_POINT('',(-15.2225167529734,-0.803442886601828,4.79483889468242));
#11280=CARTESIAN_POINT('',(-15.2225167529734,-0.803442886601828,-8.70516110531758));
#11281=CARTESIAN_POINT('',(-13.7205167529734,-0.803442886601828,-8.70516110531758));
#11282=CARTESIAN_POINT('',(-12.2205167529734,-0.803442886601828,-8.70516110531758));
#11283=CARTESIAN_POINT('',(-12.2205167529734,-0.803442886601828,4.79483889468242));
#11284=CARTESIAN_POINT('',(-11.7937134575161,7.34044913279231,4.79483889468242));
#11285=CARTESIAN_POINT('',(-11.7937134575161,7.34044913279231,-8.70516110531758));
#11286=CARTESIAN_POINT('',(-11.7937134575161,7.34044913279232,-8.70516110531758));
#11287=CARTESIAN_POINT('',(-11.7937134575161,7.34044913279232,4.79483889468242));
#11288=CARTESIAN_POINT('',(-10.2835558396753,8.88297145807479,-2.50516110531758));
#11289=CARTESIAN_POINT('',(-10.7121394900264,9.14049049552982,-2.50516110531758));
#11290=CARTESIAN_POINT('',(-10.7121394900264,9.14049049552982,-8.70516110531758));
#11291=CARTESIAN_POINT('',(-10.2835558396754,8.88297145807479,-8.70516110531758));
#11292=CARTESIAN_POINT('',(-10.2835558396754,9.38297145807479,-8.70516110531758));
#11293=CARTESIAN_POINT('',(-10.2835558396754,9.38297145807479,-2.50516110531758));
#11294=CARTESIAN_POINT('',(-7.81341597651791,8.8829714580748,-2.50516110531759));
#11295=CARTESIAN_POINT('',(-7.81341597651791,9.3829714580748,-2.50516110531759));
#11296=CARTESIAN_POINT('',(-7.81341597651792,9.3829714580748,-8.70516110531759));
#11297=CARTESIAN_POINT('',(-7.81341597651792,8.8829714580748,-8.70516110531759));
#11298=CARTESIAN_POINT('',(-7.32260238479409,8.97837595576307,-8.70516110531759));
#11299=CARTESIAN_POINT('',(-7.32260238479407,8.97837595576307,-2.50516110531759));
#11300=CARTESIAN_POINT('',(-7.40124778360916,9.3829714580748,-2.50516110531759));
#11301=CARTESIAN_POINT('',(-7.40124778360917,9.3829714580748,-8.70516110531759));
#11302=CARTESIAN_POINT('',(-5.89557266947065,7.13982972026327,-2.50516110531759));
#11303=CARTESIAN_POINT('',(-6.92628121209071,6.93948027511789,-8.70516110531759));
#11304=CARTESIAN_POINT('',(-6.92628121209071,6.93948027511789,-8.70516110531759));
#11305=CARTESIAN_POINT('',(-5.89557266947066,7.13982972026327,-8.7051611053176));
#11306=CARTESIAN_POINT('',(-6.33932184429839,6.18820654387478,-8.70516110531759));
#11307=CARTESIAN_POINT('',(-6.33932184429839,6.18820654387478,-8.06077319152614));
#11308=CARTESIAN_POINT('',(-6.82419807099704,6.41430804164167,-2.50516110531759));
#11309=CARTESIAN_POINT('',(-6.82419807099705,6.41430804164167,-8.70516110531759));
#11310=CARTESIAN_POINT('',(-5.79435909006442,7.09263305307688,5.79483889468241));
#11311=CARTESIAN_POINT('',(-6.23810826489219,6.14100987668839,-8.34507442040153));
#11312=CARTESIAN_POINT('',(-6.23810826490549,6.14100987669459,-8.70516110531759));
#11313=CARTESIAN_POINT('',(-5.79435909006446,7.09263305307688,-8.7051611053176));
#11314=CARTESIAN_POINT('',(-6.0297764395095,6.06936443165811,-8.70516110531759));
#11315=CARTESIAN_POINT('',(-6.0297764395095,6.06936443165811,-8.70516110531759));
#11316=CARTESIAN_POINT('',(-5.95396276006429,6.05192242758109,-8.64831690679562));
#11317=CARTESIAN_POINT('',(-5.87592384382906,6.04263305307686,-8.5933470408555));
#11318=CARTESIAN_POINT('',(-5.79435909006425,6.04263305307688,-8.54194123571508));
#11319=CARTESIAN_POINT('',(-5.79435909006381,6.04263305307687,-8.5419412357148));
#11320=CARTESIAN_POINT('',(-5.79435909006445,6.04263305307687,-7.95399241016836));
#11321=CARTESIAN_POINT('',(-6.03490905013576,6.04625652671639,-8.83976027669283));
#11322=CARTESIAN_POINT('',(-6.07579024556272,6.06531974121851,-8.51855828563888));
#11323=CARTESIAN_POINT('',(-5.95011667633976,6.35687993840596,-8.45219411790891));
#11324=CARTESIAN_POINT('',(-5.34144335382909,5.7228881618608,-8.73230718741995));
#11325=CARTESIAN_POINT('',(-5.39722858056524,5.74890124029759,-8.41864779490846));
#11326=CARTESIAN_POINT('',(-5.27294478107869,6.03431962246073,-8.34817500912915));
#11327=CARTESIAN_POINT('',(-4.64880204194921,5.39990421377669,-8.583005758813));
#11328=CARTESIAN_POINT('',(-4.71971658485396,5.43297220820863,-8.27996829854719));
#11329=CARTESIAN_POINT('',(-4.60017325648519,5.71209719673922,-8.20396470191619));
#11330=CARTESIAN_POINT('',(-3.97412460138253,5.08529695645604,-8.36063903677328));
#11331=CARTESIAN_POINT('',(-4.05303143012704,5.12209181498032,-8.06917192948799));
#11332=CARTESIAN_POINT('',(-3.95022755176643,5.3975933687845,-7.99130357705201));
#11333=CARTESIAN_POINT('',(-5.29911063601396,6.04263305307688,-8.33876683383171));
#11334=CARTESIAN_POINT('',(-5.47188352062896,6.04263305307688,-8.38468387773733));
#11335=CARTESIAN_POINT('',(-5.64218802373493,6.04263305307688,-8.44603613182326));
#11336=CARTESIAN_POINT('',(-5.79435909006381,6.04263305307688,-8.54194123571479));
#11337=CARTESIAN_POINT('',(-5.28445236493417,5.69631282729327,-8.70516110531759));
#11338=CARTESIAN_POINT('',(-5.53633727055915,5.81376868776076,-8.70516110531759));
#11339=CARTESIAN_POINT('',(-5.78406189357357,5.93957264495271,-8.70516110531759));
#11340=CARTESIAN_POINT('',(-6.02977643950897,6.06936443165911,-8.70516110531759));
#11341=CARTESIAN_POINT('',(-5.28445236493417,5.69631282729327,-8.70516110531759));
#11342=CARTESIAN_POINT('',(-5.28445236493301,5.69631282729273,-8.70516110532397));
#11343=CARTESIAN_POINT('',(-4.84723796979606,5.49243640658477,-8.61525837935355));
#11344=CARTESIAN_POINT('',(-4.41264347240163,5.28978166425771,-8.50455542692173));
#11345=CARTESIAN_POINT('',(-3.98612778942312,5.09089413496162,-8.36458662478299));
#11346=CARTESIAN_POINT('',(2.29684724095032,6.0426330530769,5.79483889468239));
#11347=CARTESIAN_POINT('',(-2.61447489399253,4.89263305307688,-2.5051611053176));
#11348=CARTESIAN_POINT('',(-2.78352219868882,4.53010993826222,-8.7051611053176));
#11349=CARTESIAN_POINT('',(-2.78352219868882,4.53010993826222,-8.7051611053176));
#11350=CARTESIAN_POINT('',(-2.61447489399254,4.89263305307688,-8.7051611053176));
#11351=CARTESIAN_POINT('',(-2.61447489399254,4.49263305307688,-8.7051611053176));
#11352=CARTESIAN_POINT('',(-2.61447489399254,4.49263305307688,-7.46302941973168));
#11353=CARTESIAN_POINT('',(-2.7031527590497,4.49263305307688,-2.5051611053176));
#11354=CARTESIAN_POINT('',(-2.70315275904972,4.49263305307688,-8.7051611053176));
#11355=CARTESIAN_POINT('',(-2.7031527590497,4.49263305307688,-2.5051611053176));
#11356=CARTESIAN_POINT('',(-2.70315275904972,4.49263305307688,-8.7051611053176));
#11357=CARTESIAN_POINT('',(-0.863068669037971,3.87035547016066,-7.2051611053176));
#11358=CARTESIAN_POINT('',(-0.863068669037971,4.49263305307689,-7.2051611053176));
#11359=CARTESIAN_POINT('',(-0.863068669037974,4.49263305307689,-8.7051611053176));
#11360=CARTESIAN_POINT('',(-0.863068669037974,-0.50344288660183,-8.7051611053176));
#11361=CARTESIAN_POINT('',(-0.863068669037972,2.62776128179576,-8.7051611053176));
#11362=CARTESIAN_POINT('',(-0.863068669037971,2.62776128179576,-7.2051611053176));
#11363=CARTESIAN_POINT('',(-5.14853912293199,-0.0347890584133509,-2.50516110531759));
#11364=CARTESIAN_POINT('',(-5.14853912293201,-0.0347890584133509,-8.7051611053176));
#11365=CARTESIAN_POINT('',(-5.14853912293201,-0.0347890584133544,-8.7051611053176));
#11366=CARTESIAN_POINT('',(-5.14853912293199,-0.0347890584133544,-2.50516110531759));
#11367=CARTESIAN_POINT('',(1.13693133096204,4.49263305307689,-2.50516110531761));
#11368=CARTESIAN_POINT('',(1.13693133096202,4.49263305307689,-8.70516110531761));
#11369=CARTESIAN_POINT('',(-5.148539122932,-0.0347890584133509,-7.50516110531759));
#11370=CARTESIAN_POINT('',(-5.14853912293201,-0.0347890584133509,-8.7051611053176));
#11371=CARTESIAN_POINT('',(-6.11812990784767,-2.03478905841335,-7.50516110531759));
#11372=CARTESIAN_POINT('',(-6.11812990784767,-2.03478905841335,-7.50516110531759));
#11373=CARTESIAN_POINT('',(-6.11812990784767,-2.03478905841335,-8.70516110531759));
#11374=CARTESIAN_POINT('',(-6.11812990784768,-2.03478905841335,-8.55789977709389));
#11375=CARTESIAN_POINT('',(-6.11812990784768,-2.03478905841335,-8.70516110531759));
#11376=CARTESIAN_POINT('',(-6.11812990784768,-0.0347890584133544,-8.70516110531759));
#11377=CARTESIAN_POINT('',(-6.11812990784767,-0.0347890584133544,-7.50516110531759));
#11378=CARTESIAN_POINT('',(-6.11812990784768,-0.0347890584133561,-8.50364163873303));
#11379=CARTESIAN_POINT('',(-6.11812990784768,-13.7342120260732,-8.87529423215464));
#11380=CARTESIAN_POINT('',(-11.1181299078477,-0.0347890584133544,-7.50516110531758));
#11381=CARTESIAN_POINT('',(-11.1181299078477,-0.0347890584133544,-7.50516110531758));
#11382=CARTESIAN_POINT('',(-11.1181299078477,-0.0347890584133544,-8.70516110531758));
#11383=CARTESIAN_POINT('',(-11.1181299078477,-0.0347890584133526,-8.50364163873303));
#11384=CARTESIAN_POINT('',(-11.1181299078477,-0.0347890584133544,-8.70516110531758));
#11385=CARTESIAN_POINT('',(-11.1181299078477,-2.03478905841335,-8.70516110531758));
#11386=CARTESIAN_POINT('',(-11.1181299078477,-2.03478905841335,-7.50516110531758));
#11387=CARTESIAN_POINT('',(-11.1181299078477,-2.03478905841335,-8.55789977709389));
#11388=CARTESIAN_POINT('',(-11.1181299078477,-13.7342120260732,-8.87529423215464));
#11389=CARTESIAN_POINT('',(-6.11812990784766,-0.0347890584133544,-2.50516110531759));
#11390=CARTESIAN_POINT('',(-13.7285167529734,-0.0347890584133544,-8.50364163873303));
#11391=CARTESIAN_POINT('',(-6.11812990784768,-0.0347890584133544,-8.70516110531759));
#11392=CARTESIAN_POINT('',(-13.7205167529734,-0.50344288660183,-8.70516110531758));
#11393=CARTESIAN_POINT('',(-13.7205167529734,-2.03478905841335,-8.70516110531758));
#11394=CARTESIAN_POINT('',(-15.6493200484307,7.34044913279231,-8.70516110531758));
#11395=CARTESIAN_POINT('',(-15.6493200484307,7.34044913279232,-8.70516110531758));
#11396=CARTESIAN_POINT('',(-16.8765912771775,9.38297145807479,-8.70516110531758));
#11397=CARTESIAN_POINT('',(-16.7308940159204,9.14049049552982,-8.70516110531758));
#11398=CARTESIAN_POINT('',(-17.1594776662714,8.88297145807479,-8.70516110531758));
#11399=CARTESIAN_POINT('',(-17.1594776662714,9.38297145807479,-8.70516110531758));
#11400=CARTESIAN_POINT('',(-20.0417857223376,9.3829714580748,-8.70516110531759));
#11401=CARTESIAN_POINT('',(-19.6296175294289,9.3829714580748,-8.70516110531759));
#11402=CARTESIAN_POINT('',(-19.6296175294289,8.8829714580748,-8.70516110531759));
#11403=CARTESIAN_POINT('',(-20.1204311211527,8.97837595576307,-8.70516110531759));
#11404=CARTESIAN_POINT('',(-20.6188354349497,6.41430804164167,-8.70516110531759));
#11405=CARTESIAN_POINT('',(-20.5167522938561,6.93948027511789,-8.70516110531759));
#11406=CARTESIAN_POINT('',(-21.5474608364761,7.13982972026327,-8.7051611053176));
#11407=CARTESIAN_POINT('',(-21.1037116616484,6.18820654387478,-8.70516110531759));
#11408=CARTESIAN_POINT('',(-24.7398807468971,4.49263305307688,-8.7051611053176));
#11409=CARTESIAN_POINT('',(-21.2049252410413,6.14100987669459,-8.70516110531759));
#11410=CARTESIAN_POINT('',(-21.6486744158823,7.09263305307688,-8.7051611053176));
#11411=CARTESIAN_POINT('',(-21.4132570664373,6.06936443165811,-8.70516110531759));
#11412=CARTESIAN_POINT('',(-22.1585811410126,5.69631282729327,-8.70516110531759));
#11413=CARTESIAN_POINT('',(-21.9066962353876,5.81376868776076,-8.70516110531759));
#11414=CARTESIAN_POINT('',(-21.6589716123732,5.93957264495271,-8.70516110531759));
#11415=CARTESIAN_POINT('',(-21.4132570664378,6.06936443165911,-8.70516110531759));
#11416=CARTESIAN_POINT('',(-22.1585811410126,5.69631282729327,-8.70516110531759));
#11417=CARTESIAN_POINT('',(-24.7398807468971,4.49263305307688,-8.7051611053176));
#11418=CARTESIAN_POINT('',(-24.659511307258,4.53010993826222,-8.7051611053176));
#11419=CARTESIAN_POINT('',(-24.8285586119542,4.89263305307688,-8.7051611053176));
#11420=CARTESIAN_POINT('',(-24.8285586119542,4.49263305307688,-8.7051611053176));
#11421=CARTESIAN_POINT('',(-28.5799648369088,4.49263305307689,-8.70516110531761));
#11422=CARTESIAN_POINT('',(-26.5799648369088,4.49263305307689,-8.7051611053176));
#11423=CARTESIAN_POINT('',(-26.5799648369088,-0.50344288660183,-8.7051611053176));
#11424=CARTESIAN_POINT('',(-26.5799648369088,2.62776128179576,-8.7051611053176));
#11425=CARTESIAN_POINT('',(-22.2944943830148,-0.0347890584133509,-8.7051611053176));
#11426=CARTESIAN_POINT('',(-22.2944943830148,-0.0347890584133544,-8.7051611053176));
#11427=CARTESIAN_POINT('',(-22.2944943830148,-0.0347890584133509,-8.7051611053176));
#11428=CARTESIAN_POINT('',(-10.5664422287692,9.38297145807479,-8.70516110531758));
#11429=CARTESIAN_POINT('',(-21.3249035980991,-0.0347890584133544,-8.70516110531759));
#11430=CARTESIAN_POINT('',(-16.3249035980991,-0.0347890584133544,-8.70516110531758));
#11431=CARTESIAN_POINT('',(-21.3249035980991,-0.0347890584133544,-8.70516110531759));
#11432=CARTESIAN_POINT('',(-16.3249035980991,-0.0347890584133544,-8.70516110531758));
#11433=CARTESIAN_POINT('',(-16.3249035980991,-2.03478905841335,-8.70516110531758));
#11434=CARTESIAN_POINT('',(-13.7225167529734,-2.03478905841335,-8.70516110531758));
#11435=CARTESIAN_POINT('',(-21.3249035980991,-2.03478905841335,-8.70516110531759));
#11436=CARTESIAN_POINT('',(-21.3249035980991,-2.03478905841335,-8.70516110531759));
#11437=CARTESIAN_POINT('',(-11.1181299078477,-2.03478905841335,-7.50516110531758));
#11438=CARTESIAN_POINT('',(-13.7285167529734,-2.03478905841335,-8.55789977709389));
#11439=CARTESIAN_POINT('',(-10.5664422287692,9.38297145807479,-2.50516110531758));
#11440=CARTESIAN_POINT('',(-13.7285167529734,-13.7342120260732,-8.87529423215464));
#11441=CARTESIAN_POINT('',(-29.4435167529734,1.05748324702664,-5.05799999999999));
#11442=CARTESIAN_POINT('',(-29.7435167529734,7.49648324702664,-5.05799999999999));
#11443=CARTESIAN_POINT('',(-32.7185167529734,1.05748324702664,-5.05799999999999));
#11444=CARTESIAN_POINT('',(-13.6752561886627,10.3445578992566,-4.43785647177499));
#11445=CARTESIAN_POINT('',(-13.8484661171294,11.9946596765066,-7.25195356070099));
#11446=CARTESIAN_POINT('',(-20.8625167529734,11.9158774744466,-7.25409084851099));
#11447=CARTESIAN_POINT('',(-14.7565167529734,11.9844604018766,-7.25223025752799));
#11448=CARTESIAN_POINT('',(-20.8625167529734,8.42831303613664,-1.31348553081099));
#11449=CARTESIAN_POINT('',(-26.8729615081254,8.66209570291664,-1.82852865858599));
#11450=CARTESIAN_POINT('',(-13.6752561886627,8.77409351638664,-1.76277785196799));
#11451=CARTESIAN_POINT('',(-14.7565167529734,8.76491776832664,-1.76816467888599));
#11452=CARTESIAN_POINT('',(-14.7565167529734,40.5757011280566,-55.95363196696));
#11453=CARTESIAN_POINT('',(-32.7185167529734,1.05748324702664,-6.40299999999999));
#11454=CARTESIAN_POINT('',(-32.7185167529734,1.05748324702664,-6.40299999999999));
#11455=CARTESIAN_POINT('',(-32.7185167529734,-0.390516752973358,-6.40299999999999));
#11456=CARTESIAN_POINT('',(-32.7185167529734,-0.390516752973358,-10.86688390631));
#11457=CARTESIAN_POINT('',(-30.0575167529734,-0.390516752973358,-10.86688390631));
#11458=CARTESIAN_POINT('',(-29.7435167529734,-0.390516752973358,-10.86688390631));
#11459=CARTESIAN_POINT('',(-29.7435167529734,-0.390516752973358,-6.40299999999999));
#11460=CARTESIAN_POINT('',(-29.4435167529734,-0.390516752973358,-6.40299999999999));
#11461=CARTESIAN_POINT('',(-13.6832167529734,9.47171886415664,-1.35322138019299));
#11462=CARTESIAN_POINT('',(-13.6832167529734,9.47171886415664,-1.35322138019299));
#11463=CARTESIAN_POINT('',(-26.8940993285964,9.35960922640664,-1.41903783574099));
#11464=CARTESIAN_POINT('',(-14.7565167529734,9.46261067069664,-1.35856854767699));
#11465=CARTESIAN_POINT('',(-14.7565167529734,23.2538332944666,6.73787533492001));
#11466=CARTESIAN_POINT('',(-20.8625167529734,9.59323562243664,-1.28188226537799));
#11467=CARTESIAN_POINT('',(-14.7565167529734,99.0870500613266,-90.86688390631));
#11468=CARTESIAN_POINT('',(-14.7565167529734,41.4984871264266,-6.45154218472499));
#11469=CARTESIAN_POINT('',(-14.7565167529734,12.9079083207966,-7.22717797505099));
#11470=CARTESIAN_POINT('',(-14.7565167529734,41.2733940304266,-55.54403583575));
#11471=CARTESIAN_POINT('',(-13.7145167529734,-13.759297185595,-7.95063443808299));
#11472=CARTESIAN_POINT('',(-20.8625167529734,7.49648324702664,-7.37398490024299));
#11473=CARTESIAN_POINT('',(-20.8625167529734,12.8393253933666,-7.22903856603399));
#11474=CARTESIAN_POINT('',(-13.8588446583854,12.9179910230766,-7.22690444072399));
#11475=CARTESIAN_POINT('',(-20.8625167529734,7.33287376875664,-1.34320377847899));
#11476=CARTESIAN_POINT('',(-20.8625167529734,9.35176095505664,-1.28843324833399));
#11477=CARTESIAN_POINT('',(-29.4435167529734,-7.53651675297336,-6.40299999999999));
#11478=CARTESIAN_POINT('',(-29.7435167529734,1.05748324702664,-6.40299999999999));
#11479=CARTESIAN_POINT('',(-29.7435167529734,7.49648324702664,-10.86688390631));
#11480=CARTESIAN_POINT('',(-29.7435167529734,7.49648324702664,-1.94640316047799));
#11481=CARTESIAN_POINT('',(-29.7435167529734,7.49648324702664,-7.27440316047799));
#11482=CARTESIAN_POINT('',(-13.6832167529734,11.0421832470266,-4.02829999999999));
#11483=CARTESIAN_POINT('',(-13.7094219340762,13.4883052363044,-8.19545503011167));
#11484=CARTESIAN_POINT('',(-20.8674367556376,13.4079060206007,-8.19763618599603));
#11485=CARTESIAN_POINT('',(-20.8674367556376,9.21219199884412,-1.05079159858234));
#11486=CARTESIAN_POINT('',(-26.4991497288969,9.59901475949778,-1.81915688618926));
#11487=CARTESIAN_POINT('',(-26.5035358861056,8.60216921201611,-0.121247432021987));
#11488=CARTESIAN_POINT('',(-13.657046829503,8.74877774843189,-0.121278023410524));
#11489=CARTESIAN_POINT('',(-20.8625167529734,6.28609333613664,-1.37160195725199));
#11490=CARTESIAN_POINT('',(-20.8625167529734,8.78102676536818,-1.3039167356498));
#11491=CARTESIAN_POINT('',(-27.6715167529734,7.49648324702664,-1.94640316047799));
#11492=CARTESIAN_POINT('',(-26.4502742285613,19.8578413799495,-2.07120634981795));
#11493=CARTESIAN_POINT('',(-26.4987012749009,8.17099282514015,0.125658014926061));
#11494=CARTESIAN_POINT('',(-27.1627363333992,8.16581148009579,0.125544464897302));
#11495=CARTESIAN_POINT('',(-28.4233251424497,8.44702078227502,-0.516346587547771));
#11496=CARTESIAN_POINT('',(-28.7534857886351,9.01700554839429,-1.77877517917712));
#11497=CARTESIAN_POINT('',(-28.6715624506458,9.28578704001736,-2.36996615630573));
#11498=CARTESIAN_POINT('',(-26.4502747050246,19.8577254952141,-2.07120636283151));
#11499=CARTESIAN_POINT('',(-26.4995163531585,7.88184244961403,-2.07245770264797));
#11500=CARTESIAN_POINT('',(-27.6896637603896,7.60191321958701,-1.61876817683693));
#11501=CARTESIAN_POINT('',(-27.6601704395292,7.56046431890903,-1.54759218711074));
#11502=CARTESIAN_POINT('',(-26.5045152697684,6.66557081683677,-2.07295931503574));
#11503=CARTESIAN_POINT('',(-27.3601244829641,8.26070345869988,-1.13650123061066));
#11504=CARTESIAN_POINT('',(-26.4956591742423,8.81998003879966,-2.07235236084118));
#11505=CARTESIAN_POINT('',(-26.5043881723279,6.69648324702664,-2.07268435437998));
#11506=CARTESIAN_POINT('',(-27.7658836871419,6.69648324702664,-2.23101215694735));
#11507=CARTESIAN_POINT('',(-27.7562395525856,8.90662359664477,-2.24444015351725));
#11508=CARTESIAN_POINT('',(-27.7595842527056,8.16991061655919,-2.23998147140408));
#11509=CARTESIAN_POINT('',(-27.7627990248126,7.43319715418795,-2.23550501184094));
#11510=CARTESIAN_POINT('',(-27.7658836871419,6.69648324702664,-2.23101215694735));
#11511=CARTESIAN_POINT('',(-27.7562395526126,8.90662359068922,-2.24444015348121));
#11512=CARTESIAN_POINT('',(-26.4956591742423,8.81998003879966,-2.07235236084118));
#11513=CARTESIAN_POINT('',(-27.6882505424231,8.54403524380334,-1.62549729712546));
#11514=CARTESIAN_POINT('',(-27.6882505424231,8.54403524380334,-1.62549729712526));
#11515=CARTESIAN_POINT('',(-27.6887451182923,8.22999428713605,-1.6232972313472));
#11516=CARTESIAN_POINT('',(-27.6892163986742,7.915953614375,-1.62105396085884));
#11517=CARTESIAN_POINT('',(-27.6896637603896,7.60191321958702,-1.61876817683693));
#11518=CARTESIAN_POINT('',(-13.6673841844,9.65469352569514,-4.84285669108293));
#11519=CARTESIAN_POINT('',(-13.6673841844,7.67920931487979,-1.47788029698732));
#11520=CARTESIAN_POINT('',(-13.9565167529734,7.67675569020031,-1.47932075191059));
#11521=CARTESIAN_POINT('',(-20.8625167529734,7.51513833262748,-1.3382591105166));
#11522=CARTESIAN_POINT('',(-20.8625167529734,11.4651678050251,-8.06661252272329));
#11523=CARTESIAN_POINT('',(-13.9986705628638,11.5422629024997,-8.06452100449043));
#11524=CARTESIAN_POINT('',(-13.9565167529734,11.5427363764081,-8.06450815958402));
#11525=CARTESIAN_POINT('',(-13.9565167529734,9.65223990101566,-4.84429714600621));
#11526=CARTESIAN_POINT('',(-28.9435167529734,7.49648324702664,-10.86688390631));
#11527=CARTESIAN_POINT('',(-28.9435167529734,-12.7054702512414,-7.50989350896599));
#11528=CARTESIAN_POINT('',(-28.9435167529734,6.69648324702664,-6.98353657027599));
#11529=CARTESIAN_POINT('',(-28.9435167529734,6.69648324702664,-10.86688390631));
#11530=CARTESIAN_POINT('',(-28.9435167529734,6.69648324702664,-2.07199999999999));
#11531=CARTESIAN_POINT('',(-28.9435167529734,7.49648324702664,-2.07199999999999));
#11532=CARTESIAN_POINT('',(-13.6832167529734,9.06669903620948,-0.663323605903456));
#11533=CARTESIAN_POINT('',(-13.6753447487107,8.37683466264856,-1.06832382521023));
#11534=CARTESIAN_POINT('',(-13.9565167529734,8.37444859257613,-1.06972462069939));
#11535=CARTESIAN_POINT('',(-13.9565167529734,9.06669903620948,-0.663323605903456));
#11536=CARTESIAN_POINT('',(-13.9565167529734,99.0870500613266,-90.86688390631));
#11537=CARTESIAN_POINT('',(-13.9565167529734,-13.7376019124951,-8.75034020592834));
#11538=CARTESIAN_POINT('',(-13.9565167529734,12.4661842953343,-8.03945587710695));
#11539=CARTESIAN_POINT('',(-13.9565167529734,10.3499328033927,-4.43470101479709));
#11540=CARTESIAN_POINT('',(-13.7145167529734,-13.7376019124951,-8.75034020592834));
#11541=CARTESIAN_POINT('',(-20.8625167529734,-13.7376019124951,-8.75034020592834));
#11542=CARTESIAN_POINT('',(-20.8625167529734,12.3886157239512,-8.04156024024622));
#11543=CARTESIAN_POINT('',(-13.6980215863375,12.4690877272464,-8.03937710970174));
#11544=CARTESIAN_POINT('',(-20.8625167529734,7.33287376875664,-1.34320377847899));
#11545=CARTESIAN_POINT('',(-20.8625167529734,8.43858625155361,-1.31320682803953));
#11546=CARTESIAN_POINT('',(-13.6753447487107,10.3523188734651,-4.43330021930793));
#11547=CARTESIAN_POINT('',(-20.8625167529734,8.43858625155345,-1.31320682803926));
#11548=CARTESIAN_POINT('',(-20.8625167529734,6.28609333613664,-1.37160195725199));
#11549=CARTESIAN_POINT('',(-20.8625167529734,6.69648324702664,-1.3604684609685));
#11550=CARTESIAN_POINT('',(-27.6065167529734,-12.7054702512414,-7.50989350896599));
#11551=CARTESIAN_POINT('',(-27.6065167529734,6.69648324702664,-6.98353657027599));
#11552=CARTESIAN_POINT('',(-27.6715167529734,7.49648324702664,-2.07199999999999));
#11553=CARTESIAN_POINT('',(-27.6715167529734,6.69648324702664,-2.07199999999999));
#11554=CARTESIAN_POINT('',(2.30048324702662,6.69648324702664,-10.86688390631));
#11555=CARTESIAN_POINT('',(-15.6685167529734,5.90548324702664,-9.14278192081799));
#11556=CARTESIAN_POINT('',(-15.6685167529734,5.90548324702664,-9.14278192081799));
#11557=CARTESIAN_POINT('',(-15.6685167529734,1.16848324702664,-9.88899999999999));
#11558=CARTESIAN_POINT('',(-15.6685167529734,1.16848324702664,-9.88899999999999));
#11559=CARTESIAN_POINT('',(-17.7485167529734,1.16848324702664,-9.88899999999999));
#11560=CARTESIAN_POINT('',(-17.7485167529734,5.90548324702664,-9.14278192081799));
#11561=CARTESIAN_POINT('',(-15.6685167529734,3.40091006472664,-9.22563221574799));
#11562=CARTESIAN_POINT('',(-15.6685167529734,1.16848324702664,-9.88899999999999));
#11563=CARTESIAN_POINT('',(-17.7485167529734,3.40091006472664,-9.22563221574799));
#11564=CARTESIAN_POINT('',(-17.7485167529734,1.16848324702664,-9.88899999999999));
#11565=CARTESIAN_POINT('',(-15.6685167529734,1.16848324702664,-9.88899999999999));
#11566=CARTESIAN_POINT('',(-27.7435167529734,7.49648324702664,-7.27440316047799));
#11567=CARTESIAN_POINT('',(-13.704501931412,13.0571400028284,-8.44858016717913));
#11568=CARTESIAN_POINT('',(-20.8625167529734,12.9767407871251,-8.450761323064));
#11569=CARTESIAN_POINT('',(-28.0649364023886,9.67195972233639,-1.97384324800992));
#11570=CARTESIAN_POINT('',(-28.5884780792678,9.69766239299207,-2.02780045114468));
#11571=CARTESIAN_POINT('',(-28.5558485605643,9.24254161267619,-2.2913688185796));
#11572=CARTESIAN_POINT('',(-27.8402454017734,10.674162850334,-3.67659655945557));
#11573=CARTESIAN_POINT('',(-28.4003108361477,10.8276229826496,-3.94888163556668));
#11574=CARTESIAN_POINT('',(-28.3156787089808,10.2479754656998,-4.11320933531196));
#11575=CARTESIAN_POINT('',(-26.0894060922111,12.5898625955599,-6.90570688536782));
#11576=CARTESIAN_POINT('',(-26.4037933762284,13.0020882306186,-7.61398955747021));
#11577=CARTESIAN_POINT('',(-26.4442249526313,12.16980274072,-7.56818549350919));
#11578=CARTESIAN_POINT('',(-22.6112787578125,13.3883190914327,-8.19816756115049));
#11579=CARTESIAN_POINT('',(-22.8435408062758,13.8129467214552,-8.92597912213906));
#11580=CARTESIAN_POINT('',(-22.726491160928,12.9707134036489,-8.95110880312314));
#11581=CARTESIAN_POINT('',(-20.8674367556376,13.4079060206007,-8.19763618599603));
#11582=CARTESIAN_POINT('',(-20.8720272842353,13.8364088003109,-8.92762329281792));
#11583=CARTESIAN_POINT('',(-20.8625167529734,12.9903003328122,-8.95057742796684));
#11584=CARTESIAN_POINT('',(-28.6683585521792,9.29591804616196,-2.39224752190212));
#11585=CARTESIAN_POINT('',(-28.7053391981672,9.75488771581829,-2.12754766308081));
#11586=CARTESIAN_POINT('',(-28.1786052329353,9.72497864485467,-2.06636336405481));
#11587=CARTESIAN_POINT('',(-28.7610760071901,9.01299524191716,-1.77006484531951));
#11588=CARTESIAN_POINT('',(-28.7171115263098,9.42652413042157,-1.568452490955));
#11589=CARTESIAN_POINT('',(-28.2505045984896,9.44198614102013,-1.58572052736468));
#11590=CARTESIAN_POINT('',(-28.3769209775271,8.41700564736566,-0.449364384926918));
#11591=CARTESIAN_POINT('',(-28.2945088671506,8.75231605005237,-0.411813944572553));
#11592=CARTESIAN_POINT('',(-27.9543088382699,8.8463919306445,-0.565447299288986));
#11593=CARTESIAN_POINT('',(-27.1276290150469,8.16608540887924,0.125550484267154));
#11594=CARTESIAN_POINT('',(-27.0820457823795,8.45141789706117,0.12429300066215));
#11595=CARTESIAN_POINT('',(-26.9894137948312,8.59665568281994,-0.121299890274099));
#11596=CARTESIAN_POINT('',(-26.4987012189167,8.17099282557699,0.12565801493563));
#11597=CARTESIAN_POINT('',(-26.5019388304481,8.4572387154445,0.125653565777833));
#11598=CARTESIAN_POINT('',(-26.5035356811991,8.60215125499946,-0.121216840633453));
#11599=CARTESIAN_POINT('',(-26.4987012189559,8.17099282901894,0.12559683873053));
#11600=CARTESIAN_POINT('',(-26.5006502743912,8.34429513274144,0.125606590473513));
#11601=CARTESIAN_POINT('',(-26.5025627932307,8.51439554596111,0.0282337411917462));
#11602=CARTESIAN_POINT('',(-26.5035356811496,8.60215125065944,-0.121216843182185));
#11603=CARTESIAN_POINT('',(-13.6521268268389,8.31761251495595,-0.374403160477988));
#11604=CARTESIAN_POINT('',(-15.6493200484307,7.34044913279231,4.79483889468242));
#11605=CARTESIAN_POINT('',(-15.6493200484307,7.34044913279232,4.79483889468242));
#11606=CARTESIAN_POINT('',(-17.1594776662714,8.88297145807479,-2.50516110531758));
#11607=CARTESIAN_POINT('',(-16.7308940159204,9.14049049552982,-2.50516110531758));
#11608=CARTESIAN_POINT('',(-17.1594776662714,9.38297145807479,-2.50516110531758));
#11609=CARTESIAN_POINT('',(-19.6296175294289,8.8829714580748,-2.50516110531759));
#11610=CARTESIAN_POINT('',(-19.6296175294289,9.3829714580748,-2.50516110531759));
#11611=CARTESIAN_POINT('',(-20.1204311211527,8.97837595576307,-2.50516110531759));
#11612=CARTESIAN_POINT('',(-20.0417857223376,9.3829714580748,-2.50516110531759));
#11613=CARTESIAN_POINT('',(-21.5474608364761,7.13982972026327,-2.50516110531759));
#11614=CARTESIAN_POINT('',(-21.1037116616484,6.18820654387478,-8.06077319152614));
#11615=CARTESIAN_POINT('',(-20.5167522938561,6.93948027511789,-8.70516110531759));
#11616=CARTESIAN_POINT('',(-20.6188354349497,6.41430804164167,-2.50516110531759));
#11617=CARTESIAN_POINT('',(-21.6486744158824,7.09263305307688,5.79483889468241));
#11618=CARTESIAN_POINT('',(-21.6486744158823,6.04263305307687,-7.95399241016836));
#11619=CARTESIAN_POINT('',(-21.648674415883,6.04263305307687,-8.5419412357148));
#11620=CARTESIAN_POINT('',(-21.4132570664373,6.06936443165811,-8.70516110531759));
#11621=CARTESIAN_POINT('',(-21.4890707458825,6.05192242758109,-8.64831690679562));
#11622=CARTESIAN_POINT('',(-21.5671096621177,6.04263305307686,-8.59334704085549));
#11623=CARTESIAN_POINT('',(-21.6486744158825,6.04263305307687,-8.54194123571508));
#11624=CARTESIAN_POINT('',(-21.2049252410546,6.14100987668839,-8.34507442040153));
#11625=CARTESIAN_POINT('',(-21.492916829607,6.35687993840595,-8.45219411790892));
#11626=CARTESIAN_POINT('',(-21.3672432603841,6.06531974121851,-8.51855828563889));
#11627=CARTESIAN_POINT('',(-21.408124455811,6.04625652671639,-8.83976027669283));
#11628=CARTESIAN_POINT('',(-22.1700887248723,6.03431962245859,-8.34817500912843));
#11629=CARTESIAN_POINT('',(-22.0458049253824,5.74890124029487,-8.41864779490784));
#11630=CARTESIAN_POINT('',(-22.1015901521217,5.72288816185892,-8.73230718741794));
#11631=CARTESIAN_POINT('',(-22.8428602496736,5.71209719680118,-8.20396470185876));
#11632=CARTESIAN_POINT('',(-22.7233169213876,5.43297220828449,-8.27996829852156));
#11633=CARTESIAN_POINT('',(-22.7942314641469,5.39990421370687,-8.58300575874298));
#11634=CARTESIAN_POINT('',(-23.4928059541802,5.39759336878443,-7.99130357705206));
#11635=CARTESIAN_POINT('',(-23.3900020758195,5.12209181498022,-8.06917192948802));
#11636=CARTESIAN_POINT('',(-23.468908904564,5.08529695645593,-8.36063903677334));
#11637=CARTESIAN_POINT('',(-22.1585811410138,5.69631282729274,-8.70516110532397));
#11638=CARTESIAN_POINT('',(-22.5957955361507,5.49243640658478,-8.61525837935355));
#11639=CARTESIAN_POINT('',(-23.0303900335451,5.28978166425772,-8.50455542692173));
#11640=CARTESIAN_POINT('',(-23.4569057165237,5.09089413496163,-8.36458662478299));
#11641=CARTESIAN_POINT('',(-22.1439228699328,6.04263305307688,-8.3387668338317));
#11642=CARTESIAN_POINT('',(-21.9711499853178,6.04263305307688,-8.38468387773733));
#11643=CARTESIAN_POINT('',(-21.8008454822118,6.04263305307688,-8.44603613182326));
#11644=CARTESIAN_POINT('',(-21.648674415883,6.04263305307688,-8.54194123571479));
#11645=CARTESIAN_POINT('',(-29.7398807468971,6.0426330530769,5.79483889468239));
#11646=CARTESIAN_POINT('',(-24.8285586119542,4.89263305307688,-2.5051611053176));
#11647=CARTESIAN_POINT('',(-24.8285586119542,4.49263305307688,-7.46302941973168));
#11648=CARTESIAN_POINT('',(-24.659511307258,4.53010993826222,-8.7051611053176));
#11649=CARTESIAN_POINT('',(-24.7398807468971,4.49263305307688,-2.5051611053176));
#11650=CARTESIAN_POINT('',(-24.7398807468971,4.49263305307688,-2.5051611053176));
#11651=CARTESIAN_POINT('',(-26.5799648369088,3.87035547016066,-7.2051611053176));
#11652=CARTESIAN_POINT('',(-26.5799648369088,4.49263305307689,-7.2051611053176));
#11653=CARTESIAN_POINT('',(-26.5799648369088,2.62776128179576,-7.2051611053176));
#11654=CARTESIAN_POINT('',(-22.2944943830148,-0.0347890584133509,-2.50516110531759));
#11655=CARTESIAN_POINT('',(-22.2944943830148,-0.0347890584133544,-2.50516110531759));
#11656=CARTESIAN_POINT('',(-28.5799648369088,4.49263305307689,-2.50516110531761));
#11657=CARTESIAN_POINT('',(-22.2944943830148,-0.0347890584133509,-7.50516110531759));
#11658=CARTESIAN_POINT('',(-21.3249035980991,-2.03478905841335,-7.50516110531759));
#11659=CARTESIAN_POINT('',(-21.3249035980991,-2.03478905841335,-7.50516110531759));
#11660=CARTESIAN_POINT('',(-21.3249035980991,-2.03478905841335,-8.55789977709389));
#11661=CARTESIAN_POINT('',(-21.3249035980991,-13.7342120260732,-8.87529423215464));
#11662=CARTESIAN_POINT('',(-21.3249035980991,-0.0347890584133561,-8.50364163873303));
#11663=CARTESIAN_POINT('',(-21.3249035980991,-0.0347890584133544,-7.50516110531759));
#11664=CARTESIAN_POINT('',(-16.3249035980991,-0.0347890584133544,-7.50516110531758));
#11665=CARTESIAN_POINT('',(-16.3249035980991,-0.0347890584133544,-7.50516110531758));
#11666=CARTESIAN_POINT('',(-16.3249035980991,-0.0347890584133526,-8.50364163873303));
#11667=CARTESIAN_POINT('',(-16.3249035980991,-13.7342120260732,-8.87529423215464));
#11668=CARTESIAN_POINT('',(-16.3249035980991,-2.03478905841335,-8.55789977709389));
#11669=CARTESIAN_POINT('',(-16.3249035980991,-2.03478905841335,-7.50516110531758));
#11670=CARTESIAN_POINT('',(-21.3249035980991,-0.0347890584133544,-2.50516110531759));
#11671=CARTESIAN_POINT('',(-13.7145167529734,-0.0347890584133544,-8.50364163873303));
#11672=CARTESIAN_POINT('',(-16.3249035980991,-2.03478905841335,-7.50516110531758));
#11673=CARTESIAN_POINT('',(-13.7145167529734,-2.03478905841335,-8.55789977709389));
#11674=CARTESIAN_POINT('',(-16.8765912771775,9.38297145807479,-2.50516110531758));
#11675=CARTESIAN_POINT('',(-13.7145167529734,-13.7342120260732,-8.87529423215464));
#11676=CARTESIAN_POINT('',(0.,0.,347.082183837891));
#11677=CARTESIAN_POINT('',(0.,0.,0.));
#11678=CARTESIAN_POINT('',(-86.5373075418988,-86.5373075418988,347.082183837891));
#11679=CARTESIAN_POINT('',(0.,-2223.30786132813,0.));
#11680=CARTESIAN_POINT('',(0.,0.,0.));
#11681=CARTESIAN_POINT('',(-554.332907637621,-554.332907637621,2223.30786132813));
#11682=CARTESIAN_POINT('',(2223.30786132813,0.,0.));
#11683=CARTESIAN_POINT('',(0.,0.,0.));
#11684=CARTESIAN_POINT('',(-554.332907637621,-554.332907637621,2223.30786132813));
#11685=CARTESIAN_POINT('',(0.,2223.30786132813,0.));
#11686=CARTESIAN_POINT('',(0.,0.,0.));
#11687=CARTESIAN_POINT('',(-554.332907637621,-554.332907637621,2223.30786132813));
#11688=CARTESIAN_POINT('',(0.,0.,-347.082183837891));
#11689=CARTESIAN_POINT('',(0.,0.,0.));
#11690=CARTESIAN_POINT('',(-86.5373075418988,-86.5373075418988,347.082183837891));
#11691=CARTESIAN_POINT('',(-2223.30786132813,0.,0.));
#11692=CARTESIAN_POINT('',(0.,0.,0.));
#11693=CARTESIAN_POINT('',(-554.332907637621,-554.332907637621,2223.30786132813));
#11694=CARTESIAN_POINT('',(1260.7587890625,-1260.7587890625,1260.7587890625));
#11695=CARTESIAN_POINT('',(0.,0.,0.));
#11696=CARTESIAN_POINT('',(-544.457129538967,-544.457129538967,2183.69827874526));
#11697=CARTESIAN_POINT('',(1656.7209663929,-1348.30797048634,865.194319433617));
#11698=CARTESIAN_POINT('',(0.,0.,0.));
#11699=CARTESIAN_POINT('',(-574.60341268729,-574.60341268729,2304.60841666063));
#11700=CARTESIAN_POINT('',(-13.7205171585083,-30.4965572357178,-7.91311073303223));
#11701=CARTESIAN_POINT('centre point',(-6.86025857925415,-5.24827861785889,
-3.95655536651611));
#11702=CARTESIAN_POINT('',(0.00100006861612201,-26.25,84.3388214111328));
#11703=CARTESIAN_POINT('',(0.,0.,0.));
#11704=CARTESIAN_POINT('',(-21.0280298616115,-21.0280298616115,84.3388214111328));
#11705=CARTESIAN_POINT('',(0.00100006861612201,-85.563705444336,-3.03144383430481));
#11706=CARTESIAN_POINT('',(0.,0.,0.));
#11707=CARTESIAN_POINT('',(-12.6768124675284,-12.6768124675284,50.8439178466797));
#11708=CARTESIAN_POINT('',(70.2559814453125,-26.25,-3.03144383430481));
#11709=CARTESIAN_POINT('',(0.,0.,0.));
#11710=CARTESIAN_POINT('',(-17.5167835057491,-17.5167835057491,70.2559814453125));
#11711=CARTESIAN_POINT('',(0.00100006861612201,16.1241321563721,-3.03144383430481));
#11712=CARTESIAN_POINT('',(0.,0.,0.));
#11713=CARTESIAN_POINT('',(-12.6768129430838,-12.6768129430838,50.8439197540283));
#11714=CARTESIAN_POINT('',(0.00100006861612201,-26.25,-84.3388214111328));
#11715=CARTESIAN_POINT('',(0.,0.,0.));
#11716=CARTESIAN_POINT('',(-21.0280298616115,-21.0280298616115,84.3388214111328));
#11717=CARTESIAN_POINT('',(-70.2559814453125,-26.25,-3.03144383430481));
#11718=CARTESIAN_POINT('',(0.,0.,0.));
#11719=CARTESIAN_POINT('',(-17.5167835057491,-17.5167835057491,70.2559814453125));
#11720=CARTESIAN_POINT('',(29.1831115086873,-63.3286174138387,26.1512025197347));
#11721=CARTESIAN_POINT('',(0.,0.,0.));
#11722=CARTESIAN_POINT('',(-17.0814801046755,-17.0814801046755,68.5100748604152));
#11723=CARTESIAN_POINT('',(36.7672846890079,-63.4346727854725,16.0410635588655));
#11724=CARTESIAN_POINT('',(0.,0.,0.));
#11725=CARTESIAN_POINT('',(-17.3446277368603,-17.3446277368603,69.5655023684437));
#11726=MECHANICAL_DESIGN_GEOMETRIC_PRESENTATION_REPRESENTATION('',(#6549,
#6550,#134,#6551,#10,#11),#11727);
#11727=(
GEOMETRIC_REPRESENTATION_CONTEXT(3)
GLOBAL_UNCERTAINTY_ASSIGNED_CONTEXT((#11730))
GLOBAL_UNIT_ASSIGNED_CONTEXT((#11735,#11734,#11733))
REPRESENTATION_CONTEXT('Cliff_Bumper_Sensor_Assembly-2',
'TOP_LEVEL_ASSEMBLY_PART')
);
#11728=(
GEOMETRIC_REPRESENTATION_CONTEXT(3)
GLOBAL_UNCERTAINTY_ASSIGNED_CONTEXT((#11731))
GLOBAL_UNIT_ASSIGNED_CONTEXT((#11735,#11734,#11733))
REPRESENTATION_CONTEXT('inner_part','COMPONENT_PART')
);
#11729=(
GEOMETRIC_REPRESENTATION_CONTEXT(3)
GLOBAL_UNCERTAINTY_ASSIGNED_CONTEXT((#11732))
GLOBAL_UNIT_ASSIGNED_CONTEXT((#11735,#11734,#11733))
REPRESENTATION_CONTEXT('transparent_cover','COMPONENT_PART')
);
#11730=UNCERTAINTY_MEASURE_WITH_UNIT(LENGTH_MEASURE(0.005),#11735,
'DISTANCE_ACCURACY_VALUE','Maximum Tolerance applied to model');
#11731=UNCERTAINTY_MEASURE_WITH_UNIT(LENGTH_MEASURE(0.005),#11735,
'DISTANCE_ACCURACY_VALUE','Maximum Tolerance applied to model');
#11732=UNCERTAINTY_MEASURE_WITH_UNIT(LENGTH_MEASURE(0.005),#11735,
'DISTANCE_ACCURACY_VALUE','Maximum Tolerance applied to model');
#11733=(
NAMED_UNIT(*)
SI_UNIT($,.STERADIAN.)
SOLID_ANGLE_UNIT()
);
#11734=(
NAMED_UNIT(*)
PLANE_ANGLE_UNIT()
SI_UNIT($,.RADIAN.)
);
#11735=(
LENGTH_UNIT()
NAMED_UNIT(*)
SI_UNIT(.MILLI.,.METRE.)
);
#11736=PRODUCT_DEFINITION_SHAPE('','',#11741);
#11737=PRODUCT_DEFINITION_SHAPE('','',#11742);
#11738=PRODUCT_DEFINITION_SHAPE(' ','NAUO PRDDFN',#25);
#11739=PRODUCT_DEFINITION_SHAPE('','',#11743);
#11740=PRODUCT_DEFINITION_SHAPE(' ','NAUO PRDDFN',#26);
#11741=PRODUCT_DEFINITION('','',#11747,#11744);
#11742=PRODUCT_DEFINITION('','',#11748,#11745);
#11743=PRODUCT_DEFINITION('','',#11749,#11746);
#11744=PRODUCT_DEFINITION_CONTEXT('',#11763,'design');
#11745=PRODUCT_DEFINITION_CONTEXT('',#11763,'design');
#11746=PRODUCT_DEFINITION_CONTEXT('',#11763,'design');
#11747=PRODUCT_DEFINITION_FORMATION_WITH_SPECIFIED_SOURCE('','',#11753,
 .NOT_KNOWN.);
#11748=PRODUCT_DEFINITION_FORMATION_WITH_SPECIFIED_SOURCE('','',#11754,
 .NOT_KNOWN.);
#11749=PRODUCT_DEFINITION_FORMATION_WITH_SPECIFIED_SOURCE('','',#11755,
 .NOT_KNOWN.);
#11750=PRODUCT_RELATED_PRODUCT_CATEGORY('','',(#11753));
#11751=PRODUCT_RELATED_PRODUCT_CATEGORY('','',(#11754));
#11752=PRODUCT_RELATED_PRODUCT_CATEGORY('','',(#11755));
#11753=PRODUCT('Cliff_Bumper_Sensor_Assembly-2',
'Cliff_Bumper_Sensor_Assembly-2','Cliff_Bumper_Sensor_Assembly-2',(#11759));
#11754=PRODUCT('inner_part','inner_part','inner_part',(#11760));
#11755=PRODUCT('transparent_cover','transparent_cover',
'transparent_cover',(#11761));
#11756=PRODUCT_CATEGORY('','');
#11757=PRODUCT_CATEGORY('','');
#11758=PRODUCT_CATEGORY('','');
#11759=PRODUCT_CONTEXT('',#11763,'mechanical');
#11760=PRODUCT_CONTEXT('',#11763,'mechanical');
#11761=PRODUCT_CONTEXT('',#11763,'mechanical');
#11762=APPLICATION_PROTOCOL_DEFINITION('international standard',
'ap242_managed_model_based_3d_engineering',2020,#11763);
#11763=APPLICATION_CONTEXT('managed model based 3d engineering');
ENDSEC;
END-ISO-10303-21;
