ISO-10303-21;
HEADER;
/* Generated by software containing ST-Developer
 * from STEP Tools, Inc. (www.steptools.com) 
 */
/* OPTION: using custom renumber hook */

FILE_DESCRIPTION(
/* description */ (
'CAx-IF Rec.Pracs.---Representation and Presentation of Product Manufa
cturing Information (PMI)---4.0---2014-10-13',
'CAx-IF Rec.Pracs.---3D Tessellated Geometry---0.4---2014-09-14','2;1'),

/* implementation_level */ '2;1');

FILE_NAME(
/* name */ 'Cliff_Bumper_Sensor_Assembly3',
/* time_stamp */ '2026-10-02T13:01:35+03:00',
/* author */ (''),
/* organization */ (''),
/* preprocessor_version */ 'ST-DEVELOPER v18.102',
/* originating_system */ 'SIEMENS PLM Software NX2206.9140',
/* authorisation */ $);

FILE_SCHEMA (('AP242_MANAGED_MODEL_BASED_3D_ENGINEERING_MIM_LF { 1 0 10303 442 3 1 4 }'));
ENDSEC;

DATA;
#10=SURFACE_STYLE_RENDERING_WITH_PROPERTIES(.CONSTANT_SHADING.,#6147,(#11));
#11=SURFACE_STYLE_TRANSPARENT(0.5);
#12=CONTEXT_DEPENDENT_OVER_RIDING_STYLED_ITEM('',(#6117),#6155,#6113,(#30));
#13=CONTEXT_DEPENDENT_OVER_RIDING_STYLED_ITEM('',$,#6149,#6113,(#31));
#14=CONTEXT_DEPENDENT_OVER_RIDING_STYLED_ITEM('',(#6119),#6150,#6113,(#31));
#15=PROPERTY_DEFINITION_REPRESENTATION(#17,#19);
#16=PROPERTY_DEFINITION_REPRESENTATION(#18,#20);
#17=PROPERTY_DEFINITION('assembly validation property',
'assembly validation property',#10799);
#18=PROPERTY_DEFINITION('assembly validation property',
'assembly validation property',#10794);
#19=REPRESENTATION('number of children',(#21),#10785);
#20=REPRESENTATION('notional solids centroid',(#10759),#10785);
#21=INTEGER_REPRESENTATION_ITEM('number of children',2.);
#22=CONICAL_SURFACE('',#6569,2.19671359865931,0.000125201071265402);
#23=CONICAL_SURFACE('',#6574,1.27111676639182,0.000125201071265402);
#24=CONICAL_SURFACE('',#6618,2.19671359865931,0.000125201071265402);
#25=CONICAL_SURFACE('',#6619,1.27111676639182,0.000125201071265402);
#26=CONTEXT_DEPENDENT_SHAPE_REPRESENTATION(#30,#10796);
#27=CONTEXT_DEPENDENT_SHAPE_REPRESENTATION(#31,#10798);
#28=NEXT_ASSEMBLY_USAGE_OCCURRENCE('inner_part','inner_part',
'inner_part',#10799,#10800,'');
#29=NEXT_ASSEMBLY_USAGE_OCCURRENCE('transparent_cover',
'transparent_cover','transparent_cover',#10799,#10801,'');
#30=(
REPRESENTATION_RELATIONSHIP(' ',' ',#6155,#6154)
REPRESENTATION_RELATIONSHIP_WITH_TRANSFORMATION(#32)
SHAPE_REPRESENTATION_RELATIONSHIP()
);
#31=(
REPRESENTATION_RELATIONSHIP(' ',' ',#6156,#6154)
REPRESENTATION_RELATIONSHIP_WITH_TRANSFORMATION(#33)
SHAPE_REPRESENTATION_RELATIONSHIP()
);
#32=ITEM_DEFINED_TRANSFORMATION(' ',' ',#6157,#6503);
#33=ITEM_DEFINED_TRANSFORMATION(' ',' ',#6157,#6692);
#34=DEFAULT_MODEL_GEOMETRIC_VIEW('','',#145,#69,'','',#10795,*);
#35=DEFAULT_MODEL_GEOMETRIC_VIEW('','',#153,#77,'','',#10797,*);
#36=DEFAULT_MODEL_GEOMETRIC_VIEW('','',#161,#85,'','',#10798,*);
#37=MECHANICAL_DESIGN_AND_DRAUGHTING_RELATIONSHIP('','',#61,#62);
#38=MECHANICAL_DESIGN_AND_DRAUGHTING_RELATIONSHIP('','',#63,#62);
#39=MECHANICAL_DESIGN_AND_DRAUGHTING_RELATIONSHIP('','',#64,#62);
#40=MECHANICAL_DESIGN_AND_DRAUGHTING_RELATIONSHIP('','',#65,#62);
#41=MECHANICAL_DESIGN_AND_DRAUGHTING_RELATIONSHIP('','',#66,#62);
#42=MECHANICAL_DESIGN_AND_DRAUGHTING_RELATIONSHIP('','',#67,#62);
#43=MECHANICAL_DESIGN_AND_DRAUGHTING_RELATIONSHIP('','',#68,#62);
#44=MECHANICAL_DESIGN_AND_DRAUGHTING_RELATIONSHIP('','',#69,#62);
#45=MECHANICAL_DESIGN_AND_DRAUGHTING_RELATIONSHIP('','',#70,#62);
#46=MECHANICAL_DESIGN_AND_DRAUGHTING_RELATIONSHIP('','',#71,#62);
#47=MECHANICAL_DESIGN_AND_DRAUGHTING_RELATIONSHIP('','',#72,#62);
#48=MECHANICAL_DESIGN_AND_DRAUGHTING_RELATIONSHIP('','',#73,#62);
#49=MECHANICAL_DESIGN_AND_DRAUGHTING_RELATIONSHIP('','',#74,#62);
#50=MECHANICAL_DESIGN_AND_DRAUGHTING_RELATIONSHIP('','',#75,#62);
#51=MECHANICAL_DESIGN_AND_DRAUGHTING_RELATIONSHIP('','',#76,#62);
#52=MECHANICAL_DESIGN_AND_DRAUGHTING_RELATIONSHIP('','',#77,#62);
#53=MECHANICAL_DESIGN_AND_DRAUGHTING_RELATIONSHIP('','',#78,#62);
#54=MECHANICAL_DESIGN_AND_DRAUGHTING_RELATIONSHIP('','',#79,#62);
#55=MECHANICAL_DESIGN_AND_DRAUGHTING_RELATIONSHIP('','',#80,#62);
#56=MECHANICAL_DESIGN_AND_DRAUGHTING_RELATIONSHIP('','',#81,#62);
#57=MECHANICAL_DESIGN_AND_DRAUGHTING_RELATIONSHIP('','',#82,#62);
#58=MECHANICAL_DESIGN_AND_DRAUGHTING_RELATIONSHIP('','',#83,#62);
#59=MECHANICAL_DESIGN_AND_DRAUGHTING_RELATIONSHIP('','',#84,#62);
#60=MECHANICAL_DESIGN_AND_DRAUGHTING_RELATIONSHIP('','',#85,#62);
#61=DRAUGHTING_MODEL('Top',(#138,#112),#10786);
#62=DRAUGHTING_MODEL('',(#113),#10785);
#63=DRAUGHTING_MODEL('Front',(#139,#114),#10786);
#64=DRAUGHTING_MODEL('Right',(#140,#115),#10786);
#65=DRAUGHTING_MODEL('Back',(#141,#116),#10786);
#66=DRAUGHTING_MODEL('Bottom',(#142,#117),#10786);
#67=DRAUGHTING_MODEL('Left',(#143,#118),#10786);
#68=DRAUGHTING_MODEL('Isometric',(#144,#119),#10786);
#69=DRAUGHTING_MODEL('Trimetric',(#145,#120),#10786);
#70=DRAUGHTING_MODEL('Top',(#146,#121),#10787);
#71=DRAUGHTING_MODEL('Front',(#147,#122),#10787);
#72=DRAUGHTING_MODEL('Right',(#148,#123),#10787);
#73=DRAUGHTING_MODEL('Back',(#149,#124),#10787);
#74=DRAUGHTING_MODEL('Bottom',(#150,#125),#10787);
#75=DRAUGHTING_MODEL('Left',(#151,#126),#10787);
#76=DRAUGHTING_MODEL('Isometric',(#152,#127),#10787);
#77=DRAUGHTING_MODEL('Trimetric',(#153,#128),#10787);
#78=DRAUGHTING_MODEL('Top',(#154,#129),#10785);
#79=DRAUGHTING_MODEL('Front',(#155,#130),#10785);
#80=DRAUGHTING_MODEL('Right',(#156,#131),#10785);
#81=DRAUGHTING_MODEL('Back',(#157,#132),#10785);
#82=DRAUGHTING_MODEL('Bottom',(#158,#133),#10785);
#83=DRAUGHTING_MODEL('Left',(#159,#134),#10785);
#84=DRAUGHTING_MODEL('Isometric',(#160,#135),#10785);
#85=DRAUGHTING_MODEL('Trimetric',(#161,#136),#10785);
#86=REPRESENTATION_MAP(#6157,#212);
#87=REPRESENTATION_MAP(#6157,#212);
#88=REPRESENTATION_MAP(#6157,#212);
#89=REPRESENTATION_MAP(#6157,#212);
#90=REPRESENTATION_MAP(#6157,#212);
#91=REPRESENTATION_MAP(#6157,#212);
#92=REPRESENTATION_MAP(#6157,#212);
#93=REPRESENTATION_MAP(#6157,#212);
#94=REPRESENTATION_MAP(#6157,#212);
#95=REPRESENTATION_MAP(#6157,#213);
#96=REPRESENTATION_MAP(#6157,#213);
#97=REPRESENTATION_MAP(#6157,#213);
#98=REPRESENTATION_MAP(#6157,#213);
#99=REPRESENTATION_MAP(#6157,#213);
#100=REPRESENTATION_MAP(#6157,#213);
#101=REPRESENTATION_MAP(#6157,#213);
#102=REPRESENTATION_MAP(#6157,#213);
#103=REPRESENTATION_MAP(#6157,$);
#104=REPRESENTATION_MAP(#6157,$);
#105=REPRESENTATION_MAP(#6157,$);
#106=REPRESENTATION_MAP(#6157,$);
#107=REPRESENTATION_MAP(#6157,$);
#108=REPRESENTATION_MAP(#6157,$);
#109=REPRESENTATION_MAP(#6157,$);
#110=REPRESENTATION_MAP(#6157,$);
#111=REPRESENTATION_MAP(#6157,#6154);
#112=MAPPED_ITEM('',#86,#6157);
#113=MAPPED_ITEM('',#87,#6157);
#114=MAPPED_ITEM('',#88,#6157);
#115=MAPPED_ITEM('',#89,#6157);
#116=MAPPED_ITEM('',#90,#6157);
#117=MAPPED_ITEM('',#91,#6157);
#118=MAPPED_ITEM('',#92,#6157);
#119=MAPPED_ITEM('',#93,#6157);
#120=MAPPED_ITEM('',#94,#6157);
#121=MAPPED_ITEM('',#95,#6157);
#122=MAPPED_ITEM('',#96,#6157);
#123=MAPPED_ITEM('',#97,#6157);
#124=MAPPED_ITEM('',#98,#6157);
#125=MAPPED_ITEM('',#99,#6157);
#126=MAPPED_ITEM('',#100,#6157);
#127=MAPPED_ITEM('',#101,#6157);
#128=MAPPED_ITEM('',#102,#6157);
#129=MAPPED_ITEM('',#103,#6157);
#130=MAPPED_ITEM('',#104,#6157);
#131=MAPPED_ITEM('',#105,#6157);
#132=MAPPED_ITEM('',#106,#6157);
#133=MAPPED_ITEM('',#107,#6157);
#134=MAPPED_ITEM('',#108,#6157);
#135=MAPPED_ITEM('',#109,#6157);
#136=MAPPED_ITEM('',#110,#6157);
#137=MAPPED_ITEM('',#111,#6157);
#138=CAMERA_MODEL_D3('Top',#6487,#162);
#139=CAMERA_MODEL_D3('Front',#6489,#163);
#140=CAMERA_MODEL_D3('Right',#6491,#164);
#141=CAMERA_MODEL_D3('Back',#6493,#165);
#142=CAMERA_MODEL_D3('Bottom',#6495,#166);
#143=CAMERA_MODEL_D3('Left',#6497,#167);
#144=CAMERA_MODEL_D3('Isometric',#6499,#168);
#145=CAMERA_MODEL_D3('Trimetric',#6501,#169);
#146=CAMERA_MODEL_D3('Top',#6676,#170);
#147=CAMERA_MODEL_D3('Front',#6678,#171);
#148=CAMERA_MODEL_D3('Right',#6680,#172);
#149=CAMERA_MODEL_D3('Back',#6682,#173);
#150=CAMERA_MODEL_D3('Bottom',#6684,#174);
#151=CAMERA_MODEL_D3('Left',#6686,#175);
#152=CAMERA_MODEL_D3('Isometric',#6688,#176);
#153=CAMERA_MODEL_D3('Trimetric',#6690,#177);
#154=CAMERA_MODEL_D3('Top',#6693,#178);
#155=CAMERA_MODEL_D3('Front',#6695,#179);
#156=CAMERA_MODEL_D3('Right',#6697,#180);
#157=CAMERA_MODEL_D3('Back',#6699,#181);
#158=CAMERA_MODEL_D3('Bottom',#6701,#182);
#159=CAMERA_MODEL_D3('Left',#6703,#183);
#160=CAMERA_MODEL_D3('Isometric',#6705,#184);
#161=CAMERA_MODEL_D3('Trimetric',#6707,#185);
#162=VIEW_VOLUME(.PARALLEL.,#9853,347.082183837891,0.,.F.,0.,.F.,.F.,#186);
#163=VIEW_VOLUME(.PARALLEL.,#9856,2223.30780792236,0.,.F.,0.,.F.,.F.,#187);
#164=VIEW_VOLUME(.PARALLEL.,#9859,2223.30786132813,0.,.F.,0.,.F.,.F.,#188);
#165=VIEW_VOLUME(.PARALLEL.,#9862,2223.30767059326,0.,.F.,0.,.F.,.F.,#189);
#166=VIEW_VOLUME(.PARALLEL.,#9865,347.082183837891,0.,.F.,0.,.F.,.F.,#190);
#167=VIEW_VOLUME(.PARALLEL.,#9868,2223.30786132813,0.,.F.,0.,.F.,.F.,#191);
#168=VIEW_VOLUME(.PARALLEL.,#9871,2183.69827874526,0.,.F.,0.,.F.,.F.,#192);
#169=VIEW_VOLUME(.PARALLEL.,#9874,2304.60841666063,0.,.F.,0.,.F.,.F.,#193);
#170=VIEW_VOLUME(.PARALLEL.,#10735,347.082183837891,0.,.F.,0.,.F.,.F.,#194);
#171=VIEW_VOLUME(.PARALLEL.,#10738,2223.30786132813,0.,.F.,0.,.F.,.F.,#195);
#172=VIEW_VOLUME(.PARALLEL.,#10741,2223.30786132813,0.,.F.,0.,.F.,.F.,#196);
#173=VIEW_VOLUME(.PARALLEL.,#10744,2223.30786132813,0.,.F.,0.,.F.,.F.,#197);
#174=VIEW_VOLUME(.PARALLEL.,#10747,347.082183837891,0.,.F.,0.,.F.,.F.,#198);
#175=VIEW_VOLUME(.PARALLEL.,#10750,2223.30786132813,0.,.F.,0.,.F.,.F.,#199);
#176=VIEW_VOLUME(.PARALLEL.,#10753,2183.69827874526,0.,.F.,0.,.F.,.F.,#200);
#177=VIEW_VOLUME(.PARALLEL.,#10756,2304.60841666063,0.,.F.,0.,.F.,.F.,#201);
#178=VIEW_VOLUME(.PARALLEL.,#10761,57.404182434082,0.,.F.,0.,.F.,.F.,#202);
#179=VIEW_VOLUME(.PARALLEL.,#10764,50.843921661377,0.,.F.,0.,.F.,.F.,#203);
#180=VIEW_VOLUME(.PARALLEL.,#10767,47.8188705444336,0.,.F.,0.,.F.,.F.,#204);
#181=VIEW_VOLUME(.PARALLEL.,#10770,50.8439197540283,0.,.F.,0.,.F.,.F.,#205);
#182=VIEW_VOLUME(.PARALLEL.,#10773,57.404182434082,0.,.F.,0.,.F.,.F.,#206);
#183=VIEW_VOLUME(.PARALLEL.,#10776,47.8188705444336,0.,.F.,0.,.F.,.F.,#207);
#184=VIEW_VOLUME(.PARALLEL.,#10779,68.6665752727963,0.,.F.,0.,.F.,.F.,#208);
#185=VIEW_VOLUME(.PARALLEL.,#10782,68.1994041730265,0.,.F.,0.,.F.,.F.,#209);
#186=PLANAR_BOX('',173.074615083798,173.074615083798,#6488);
#187=PLANAR_BOX('',1108.66578864414,1108.66578864414,#6490);
#188=PLANAR_BOX('',1108.66581527524,1108.66581527524,#6492);
#189=PLANAR_BOX('',1108.66572016416,1108.66572016416,#6494);
#190=PLANAR_BOX('',173.074615083798,173.074615083798,#6496);
#191=PLANAR_BOX('',1108.66581527524,1108.66581527524,#6498);
#192=PLANAR_BOX('',1088.91425907793,1088.91425907793,#6500);
#193=PLANAR_BOX('',1149.20682537458,1149.20682537458,#6502);
#194=PLANAR_BOX('',173.074615083798,173.074615083798,#6677);
#195=PLANAR_BOX('',1108.66581527524,1108.66581527524,#6679);
#196=PLANAR_BOX('',1108.66581527524,1108.66581527524,#6681);
#197=PLANAR_BOX('',1108.66581527524,1108.66581527524,#6683);
#198=PLANAR_BOX('',173.074615083798,173.074615083798,#6685);
#199=PLANAR_BOX('',1108.66581527524,1108.66581527524,#6687);
#200=PLANAR_BOX('',1088.91425907793,1088.91425907793,#6689);
#201=PLANAR_BOX('',1149.20682537458,1149.20682537458,#6691);
#202=PLANAR_BOX('',28.6249402637711,28.6249402637711,#6694);
#203=PLANAR_BOX('',25.3536268372785,25.3536268372785,#6696);
#204=PLANAR_BOX('',23.8451669333892,23.8451669333892,#6698);
#205=PLANAR_BOX('',25.3536258861677,25.3536258861677,#6700);
#206=PLANAR_BOX('',28.6249402637711,28.6249402637711,#6702);
#207=PLANAR_BOX('',23.8451669333892,23.8451669333892,#6704);
#208=PLANAR_BOX('',34.2410000797178,34.2410000797178,#6706);
#209=PLANAR_BOX('',34.0080424056106,34.0080424056106,#6708);
#210=SHAPE_REPRESENTATION_RELATIONSHIP('','',#6155,#212);
#211=SHAPE_REPRESENTATION_RELATIONSHIP('','',#6156,#213);
#212=ADVANCED_BREP_SHAPE_REPRESENTATION('',(#6148),#10786);
#213=ADVANCED_BREP_SHAPE_REPRESENTATION('',(#6149,#6150),#10787);
#214=TOROIDAL_SURFACE('',#6352,0.4,0.2);
#215=TOROIDAL_SURFACE('',#6355,0.4,0.2);
#216=TOROIDAL_SURFACE('',#6366,0.4,0.2);
#217=TOROIDAL_SURFACE('',#6370,0.4,0.2);
#218=TOROIDAL_SURFACE('',#6404,0.4,0.2);
#219=TOROIDAL_SURFACE('',#6410,0.4,0.2);
#220=TOROIDAL_SURFACE('',#6438,0.4,0.2);
#221=TOROIDAL_SURFACE('',#6458,0.4,0.2);
#222=TOROIDAL_SURFACE('',#6460,0.4,0.2);
#223=TOROIDAL_SURFACE('',#6472,0.4,0.2);
#224=SPHERICAL_SURFACE('',#6297,0.4);
#225=SPHERICAL_SURFACE('',#6327,0.4);
#226=SPHERICAL_SURFACE('',#6368,0.2);
#227=SPHERICAL_SURFACE('',#6378,0.2);
#228=SPHERICAL_SURFACE('',#6380,0.2);
#229=SPHERICAL_SURFACE('',#6390,0.2);
#230=SPHERICAL_SURFACE('',#6392,0.2);
#231=SPHERICAL_SURFACE('',#6402,0.2);
#232=SPHERICAL_SURFACE('',#6420,0.2);
#233=SPHERICAL_SURFACE('',#6433,0.2);
#234=SPHERICAL_SURFACE('',#6435,0.2);
#235=SPHERICAL_SURFACE('',#6454,0.2);
#236=SPHERICAL_SURFACE('',#6456,0.2);
#237=SPHERICAL_SURFACE('',#6470,0.2);
#238=(
BOUNDED_SURFACE()
B_SPLINE_SURFACE(3,2,((#9387,#9388,#9389),(#9390,#9391,#9392),(#9393,#9394,
#9395),(#9396,#9397,#9398),(#9399,#9400,#9401)),.UNSPECIFIED.,.F.,.F.,.F.)
B_SPLINE_SURFACE_WITH_KNOTS((4,1,4),(3,3),(0.00296726452996041,0.00614006642498849,
0.00931286832001658),(0.,1.),.UNSPECIFIED.)
GEOMETRIC_REPRESENTATION_ITEM()
RATIONAL_B_SPLINE_SURFACE(((1.,0.707106781186542,1.),(1.,0.707106781186542,
1.),(1.,0.707106781186553,1.),(1.,0.707106781186544,1.),(1.,0.707106781186544,
1.)))
REPRESENTATION_ITEM('')
SURFACE()
);
#239=(
BOUNDED_SURFACE()
B_SPLINE_SURFACE(3,2,((#9403,#9404,#9405),(#9406,#9407,#9408),(#9409,#9410,
#9411),(#9412,#9413,#9414)),.UNSPECIFIED.,.F.,.F.,.F.)
B_SPLINE_SURFACE_WITH_KNOTS((4,4),(3,3),(0.00284503000499173,0.0065750843305004),
(0.,1.),.PIECEWISE_BEZIER_KNOTS.)
GEOMETRIC_REPRESENTATION_ITEM()
RATIONAL_B_SPLINE_SURFACE(((1.,0.729563141687247,1.),(1.,0.7389747538259,
1.),(1.,0.752510864216659,1.),(1.,0.772405676610474,1.)))
REPRESENTATION_ITEM('')
SURFACE()
);
#240=(
BOUNDED_SURFACE()
B_SPLINE_SURFACE(3,2,((#9655,#9656,#9657),(#9658,#9659,#9660),(#9661,#9662,
#9663),(#9664,#9665,#9666),(#9667,#9668,#9669)),.UNSPECIFIED.,.F.,.F.,.F.)
B_SPLINE_SURFACE_WITH_KNOTS((4,1,4),(3,3),(0.00296726452996041,0.00614006642498849,
0.00931286832001658),(0.,1.),.UNSPECIFIED.)
GEOMETRIC_REPRESENTATION_ITEM()
RATIONAL_B_SPLINE_SURFACE(((1.,0.70710678118654,1.),(1.,0.70710678118654,
1.),(1.,0.707106781186551,1.),(1.,0.707106781186544,1.),(1.,0.707106781186544,
1.)))
REPRESENTATION_ITEM('')
SURFACE()
);
#241=(
BOUNDED_SURFACE()
B_SPLINE_SURFACE(3,2,((#9671,#9672,#9673),(#9674,#9675,#9676),(#9677,#9678,
#9679),(#9680,#9681,#9682)),.UNSPECIFIED.,.F.,.F.,.F.)
B_SPLINE_SURFACE_WITH_KNOTS((4,4),(3,3),(0.00284503000499173,0.00657508433050041),
(0.,1.),.PIECEWISE_BEZIER_KNOTS.)
GEOMETRIC_REPRESENTATION_ITEM()
RATIONAL_B_SPLINE_SURFACE(((1.,0.729563141687247,1.),(1.,0.738974753826177,
1.),(1.,0.752510864225133,1.),(1.,0.772405676610473,1.)))
REPRESENTATION_ITEM('')
SURFACE()
);
#242=(
BOUNDED_SURFACE()
B_SPLINE_SURFACE(3,2,((#10479,#10480,#10481),(#10482,#10483,#10484),(#10485,
#10486,#10487),(#10488,#10489,#10490),(#10491,#10492,#10493)),
 .UNSPECIFIED.,.F.,.F.,.F.)
B_SPLINE_SURFACE_WITH_KNOTS((4,1,4),(3,3),(4.79220697594692,5.52750442669919,
6.26280187745146),(0.,1.),.UNSPECIFIED.)
GEOMETRIC_REPRESENTATION_ITEM()
RATIONAL_B_SPLINE_SURFACE(((1.,0.693363710942482,1.),(1.,0.650834829751438,
1.),(1.,0.558670685301784,1.),(1.,0.509772560272602,1.),(1.,0.508587032119295,
1.)))
REPRESENTATION_ITEM('')
SURFACE()
);
#243=(
BOUNDED_SURFACE()
B_SPLINE_SURFACE(3,2,((#10592,#10593,#10594),(#10595,#10596,#10597),(#10598,
#10599,#10600),(#10601,#10602,#10603),(#10604,#10605,#10606)),
 .UNSPECIFIED.,.F.,.F.,.F.)
B_SPLINE_SURFACE_WITH_KNOTS((4,1,4),(3,3),(0.0203834297281223,0.755680880480394,
1.49097833123266),(0.,1.),.UNSPECIFIED.)
GEOMETRIC_REPRESENTATION_ITEM()
RATIONAL_B_SPLINE_SURFACE(((1.,0.508587032119295,1.),(1.,0.509772560272701,
1.),(1.,0.558670685308929,1.),(1.,0.650834829737045,1.),(1.,0.693363710942482,
1.)))
REPRESENTATION_ITEM('')
SURFACE()
);
#244=(
BOUNDED_SURFACE()
B_SPLINE_SURFACE(3,2,((#10611,#10612,#10613),(#10614,#10615,#10616),(#10617,
#10618,#10619),(#10620,#10621,#10622),(#10623,#10624,#10625)),
 .UNSPECIFIED.,.F.,.F.,.F.)
B_SPLINE_SURFACE_WITH_KNOTS((4,1,4),(3,3),(4.59576804825393,5.45261165251453,
6.30945525677513),(0.,1.),.UNSPECIFIED.)
GEOMETRIC_REPRESENTATION_ITEM()
RATIONAL_B_SPLINE_SURFACE(((1.,0.686013745679492,1.),(1.,0.738357990393631,
1.),(1.,0.834420352369067,1.),(1.,0.868925808447979,1.),(1.,0.867831690133594,
1.)))
REPRESENTATION_ITEM('')
SURFACE()
);
#245=B_SPLINE_SURFACE_WITH_KNOTS('',3,1,((#9228,#9229),(#9230,#9231),(#9232,
#9233),(#9234,#9235),(#9236,#9237)),.SURF_OF_LINEAR_EXTRUSION.,.F.,.F.,
 .F.,(4,1,4),(2,2),(0.,0.5,1.),(0.,1.),.UNSPECIFIED.);
#246=B_SPLINE_SURFACE_WITH_KNOTS('',3,1,((#9261,#9262),(#9263,#9264),(#9265,
#9266),(#9267,#9268)),.SURF_OF_LINEAR_EXTRUSION.,.F.,.F.,.F.,(4,4),(2,2),
(0.,1.),(0.,1.),.PIECEWISE_BEZIER_KNOTS.);
#247=B_SPLINE_SURFACE_WITH_KNOTS('',3,1,((#9298,#9299),(#9300,#9301),(#9302,
#9303),(#9304,#9305)),.SURF_OF_LINEAR_EXTRUSION.,.F.,.F.,.F.,(4,4),(2,2),
(0.,1.00599999831427),(0.,1.),.PIECEWISE_BEZIER_KNOTS.);
#248=B_SPLINE_SURFACE_WITH_KNOTS('',3,1,((#9335,#9336),(#9337,#9338),(#9339,
#9340),(#9341,#9342)),.SURF_OF_LINEAR_EXTRUSION.,.F.,.F.,.F.,(4,4),(2,2),
(0.276308262462364,0.989904359312654),(0.,1.),.PIECEWISE_BEZIER_KNOTS.);
#249=B_SPLINE_SURFACE_WITH_KNOTS('',3,1,((#9358,#9359),(#9360,#9361),(#9362,
#9363),(#9364,#9365),(#9366,#9367)),.SURF_OF_LINEAR_EXTRUSION.,.F.,.F.,
 .F.,(4,1,4),(2,2),(0.208230827461773,0.598776785606017,0.989322743750261),
(0.,1.),.UNSPECIFIED.);
#250=B_SPLINE_SURFACE_WITH_KNOTS('',3,1,((#9496,#9497),(#9498,#9499),(#9500,
#9501),(#9502,#9503),(#9504,#9505)),.SURF_OF_LINEAR_EXTRUSION.,.F.,.F.,
 .F.,(4,1,4),(2,2),(0.,0.5,1.),(0.,1.),.UNSPECIFIED.);
#251=B_SPLINE_SURFACE_WITH_KNOTS('',3,1,((#9529,#9530),(#9531,#9532),(#9533,
#9534),(#9535,#9536)),.SURF_OF_LINEAR_EXTRUSION.,.F.,.F.,.F.,(4,4),(2,2),
(0.,1.),(0.,1.),.PIECEWISE_BEZIER_KNOTS.);
#252=B_SPLINE_SURFACE_WITH_KNOTS('',3,1,((#9566,#9567),(#9568,#9569),(#9570,
#9571),(#9572,#9573)),.SURF_OF_LINEAR_EXTRUSION.,.F.,.F.,.F.,(4,4),(2,2),
(0.,1.00599999831427),(0.,1.),.PIECEWISE_BEZIER_KNOTS.);
#253=B_SPLINE_SURFACE_WITH_KNOTS('',3,1,((#9603,#9604),(#9605,#9606),(#9607,
#9608),(#9609,#9610)),.SURF_OF_LINEAR_EXTRUSION.,.F.,.F.,.F.,(4,4),(2,2),
(0.276308262462364,0.989904359312654),(0.,1.),.PIECEWISE_BEZIER_KNOTS.);
#254=B_SPLINE_SURFACE_WITH_KNOTS('',3,1,((#9626,#9627),(#9628,#9629),(#9630,
#9631),(#9632,#9633),(#9634,#9635)),.SURF_OF_LINEAR_EXTRUSION.,.F.,.F.,
 .F.,(4,1,4),(2,2),(0.208230827461773,0.598776785606017,0.989322743750261),
(0.,1.),.UNSPECIFIED.);
#255=B_SPLINE_SURFACE_WITH_KNOTS('',3,3,((#9991,#9992,#9993,#9994,#9995,
#9996,#9997),(#9998,#9999,#10000,#10001,#10002,#10003,#10004),(#10005,#10006,
#10007,#10008,#10009,#10010,#10011),(#10012,#10013,#10014,#10015,#10016,
#10017,#10018),(#10019,#10020,#10021,#10022,#10023,#10024,#10025),(#10026,
#10027,#10028,#10029,#10030,#10031,#10032),(#10033,#10034,#10035,#10036,
#10037,#10038,#10039),(#10040,#10041,#10042,#10043,#10044,#10045,#10046),
(#10047,#10048,#10049,#10050,#10051,#10052,#10053)),.UNSPECIFIED.,.F.,.F.,
 .F.,(4,1,1,1,1,1,4),(4,1,1,1,4),(6.24669456520107,6.46218306530956,6.67767156541805,
7.10864856563504,7.53962556585203,7.75511406596052,7.97060256606902),(0.,
0.251534305536078,0.503068611072155,0.754602916608233,1.00613722214431),
 .UNSPECIFIED.);
#256=B_SPLINE_SURFACE_WITH_KNOTS('',1,3,((#10195,#10196,#10197,#10198,#10199,
#10200,#10201),(#10202,#10203,#10204,#10205,#10206,#10207,#10208),(#10209,
#10210,#10211,#10212,#10213,#10214,#10215)),.RULED_SURF.,.F.,.F.,.F.,(2,
1,2),(4,3,4),(-0.00608124178532803,0.,0.0135212766820351),(0.119902625981649,
1.,1.00550369171162),.PIECEWISE_BEZIER_KNOTS.);
#257=B_SPLINE_SURFACE_WITH_KNOTS('',1,3,((#10222,#10223,#10224,#10225,#10226,
#10227,#10228),(#10229,#10230,#10231,#10232,#10233,#10234,#10235),(#10236,
#10237,#10238,#10239,#10240,#10241,#10242)),.RULED_SURF.,.F.,.F.,.F.,(2,
1,2),(4,3,4),(-0.0060812417853301,0.,0.0135212766820014),(0.119902625985734,
1.,1.0055036917116),.PIECEWISE_BEZIER_KNOTS.);
#258=ELLIPSE('',#6282,1.76593393938986,1.5);
#259=ELLIPSE('',#6289,0.200274469199584,0.2);
#260=ELLIPSE('',#6293,0.600097053349294,0.5);
#261=ELLIPSE('',#6311,1.76593393938986,1.5);
#262=ELLIPSE('',#6319,0.200274469199584,0.2);
#263=ELLIPSE('',#6323,0.600097053349294,0.5);
#264=ELLIPSE('',#6377,0.282842712474619,0.2);
#265=ELLIPSE('',#6383,0.282842712474619,0.2);
#266=ELLIPSE('',#6389,0.28284271247462,0.2);
#267=ELLIPSE('',#6395,0.282842712474619,0.2);
#268=ELLIPSE('',#6412,0.282842712474619,0.2);
#269=ELLIPSE('',#6413,0.282842712474619,0.2);
#270=ELLIPSE('',#6415,0.282842712474619,0.2);
#271=ELLIPSE('',#6419,0.282842712474619,0.2);
#272=ELLIPSE('',#6424,0.282842712474619,0.2);
#273=ELLIPSE('',#6478,0.200274469199584,0.2);
#274=ELLIPSE('',#6480,0.200274469199584,0.2);
#275=ELLIPSE('',#6508,6.96056002571741,6.958);
#276=ELLIPSE('',#6510,6.96056002571741,6.958);
#277=ELLIPSE('',#6514,6.889012444031,6.033);
#278=ELLIPSE('',#6515,1.96912222471981,1.69805199991207);
#279=ELLIPSE('',#6516,8.40201451403822,7.358);
#280=ELLIPSE('',#6518,0.500031561981196,0.5);
#281=ELLIPSE('',#6521,0.500032551355522,0.5);
#282=ELLIPSE('',#6523,7.94525917214976,6.958);
#283=ELLIPSE('',#6524,7.80252312780962,6.833);
#284=ELLIPSE('',#6525,1.47563531344192,1.27249871220537);
#285=ELLIPSE('',#6527,8.84318086969327,7.858);
#286=ELLIPSE('',#6528,289.758970586042,7.858);
#287=ELLIPSE('',#6529,7.86089115867885,7.858);
#288=ELLIPSE('',#6532,7.86089115867885,7.858);
#289=ELLIPSE('',#6533,289.758970586042,7.858);
#290=ELLIPSE('',#6534,8.84318086969327,7.858);
#291=ELLIPSE('',#6536,2.19827986125142,2.19826126703923);
#292=ELLIPSE('',#6550,6.889012444031,6.033);
#293=ELLIPSE('',#6553,12.498398828892,6.033);
#294=ELLIPSE('',#6563,1.33749191641049,1.337);
#295=ELLIPSE('',#6564,1.33749191641049,1.337);
#296=ELLIPSE('',#6570,2.19827986125142,2.19826126703923);
#297=ELLIPSE('',#6575,1.47577152060431,1.27261616903034);
#298=ELLIPSE('',#6576,1.47563531344192,1.27249871220537);
#299=ELLIPSE('',#6577,1.27277534777352,1.27276458196735);
#300=ELLIPSE('',#6579,7.80252312780962,6.833);
#301=ELLIPSE('',#6584,7.80252312780962,6.833);
#302=ELLIPSE('',#6586,7.94525917214976,6.958);
#303=ELLIPSE('',#6588,6.96056002571741,6.958);
#304=ELLIPSE('',#6590,1.33749191641049,1.337);
#305=ELLIPSE('',#6604,6.889012444031,6.033);
#306=ELLIPSE('',#6608,12.498398828892,6.033);
#307=ELLIPSE('',#6611,6.889012444031,6.033);
#308=ELLIPSE('',#6615,8.40201451403822,7.358);
#309=ELLIPSE('',#6616,1.96912222471981,1.69805199991207);
#310=ELLIPSE('',#6620,1.47577152060431,1.27261616903034);
#311=ELLIPSE('',#6621,1.27277534777352,1.27276458196735);
#312=ELLIPSE('',#6623,7.80252312780962,6.833);
#313=ELLIPSE('',#6627,6.96056002571741,6.958);
#314=ELLIPSE('',#6629,1.33749191641049,1.337);
#315=ELLIPSE('',#6639,0.500031561981196,0.5);
#316=ELLIPSE('',#6642,0.500032551355522,0.5);
#317=ELLIPSE('',#6653,0.500032551355522,0.5);
#318=ELLIPSE('',#6654,50.8138285575706,0.5);
#319=ELLIPSE('',#6655,0.500032551355522,0.5);
#320=ELLIPSE('',#6657,0.500032551355522,0.5);
#321=ELLIPSE('',#6658,50.813828355469,0.5);
#322=ELLIPSE('',#6661,0.500031561981196,0.5);
#323=ELLIPSE('',#6663,0.500031561981196,0.5);
#324=ELLIPSE('',#6665,50.8137278142247,0.5);
#325=ELLIPSE('',#6666,50.8137280163259,0.5);
#326=ELLIPSE('',#6668,0.500031561981196,0.5);
#327=B_SPLINE_CURVE_WITH_KNOTS('',3,(#8546,#8547,#8548,#8549),
 .UNSPECIFIED.,.F.,.F.,(4,4),(1.73472347597681E-18,0.00083347212336495),
 .UNSPECIFIED.);
#328=B_SPLINE_CURVE_WITH_KNOTS('',3,(#8578,#8579,#8580,#8581),
 .UNSPECIFIED.,.F.,.F.,(4,4),(1.73472347597681E-18,0.000833472123364952),
 .UNSPECIFIED.);
#329=B_SPLINE_CURVE_WITH_KNOTS('',3,(#8789,#8790,#8791,#8792),
 .UNSPECIFIED.,.F.,.F.,(4,4),(8.67361737988404E-19,0.000409499075193859),
 .UNSPECIFIED.);
#330=B_SPLINE_CURVE_WITH_KNOTS('',3,(#8806,#8807,#8808,#8809),
 .UNSPECIFIED.,.F.,.F.,(4,4),(8.67361737988404E-19,0.000409499075193858),
 .UNSPECIFIED.);
#331=B_SPLINE_CURVE_WITH_KNOTS('',3,(#8944,#8945,#8946,#8947),
 .UNSPECIFIED.,.F.,.F.,(4,4),(0.,0.000624896836644115),.UNSPECIFIED.);
#332=B_SPLINE_CURVE_WITH_KNOTS('',3,(#8968,#8969,#8970,#8971),
 .UNSPECIFIED.,.F.,.F.,(4,4),(0.,0.000624896836644116),.UNSPECIFIED.);
#333=B_SPLINE_CURVE_WITH_KNOTS('',3,(#9066,#9067,#9068,#9069),
 .UNSPECIFIED.,.F.,.F.,(4,4),(0.,0.000409499075193862),.UNSPECIFIED.);
#334=B_SPLINE_CURVE_WITH_KNOTS('',3,(#9135,#9136,#9137,#9138,#9139),
 .UNSPECIFIED.,.F.,.F.,(4,1,4),(0.,0.00316482269737658,0.00632964539475317),
 .UNSPECIFIED.);
#335=B_SPLINE_CURVE_WITH_KNOTS('',3,(#9141,#9142,#9143,#9144,#9145,#9146,
#9147,#9148,#9149,#9150,#9151,#9152,#9153),.UNSPECIFIED.,.F.,.F.,(4,2,1,
3,3,4),(0.,0.434272861392984,1.,1.47965291034506,2.43529978743095,2.5570647768025),
 .UNSPECIFIED.);
#336=B_SPLINE_CURVE_WITH_KNOTS('',3,(#9155,#9156,#9157,#9158),
 .UNSPECIFIED.,.F.,.F.,(4,4),(0.,0.00199685675961869),.UNSPECIFIED.);
#337=B_SPLINE_CURVE_WITH_KNOTS('',3,(#9164,#9165,#9166,#9167),
 .UNSPECIFIED.,.F.,.F.,(4,4),(0.338806770721781,0.410869249708013),
 .UNSPECIFIED.);
#338=B_SPLINE_CURVE_WITH_KNOTS('',3,(#9173,#9174,#9175,#9176),
 .UNSPECIFIED.,.F.,.F.,(4,4),(0.,0.00199685675961869),.UNSPECIFIED.);
#339=B_SPLINE_CURVE_WITH_KNOTS('',3,(#9178,#9179,#9180,#9181,#9182,#9183,
#9184,#9185,#9186,#9187,#9188,#9189,#9190),.UNSPECIFIED.,.F.,.F.,(4,2,1,
3,3,4),(0.,0.434272861392984,1.,1.47965291034506,2.43529978743095,2.5570647768025),
 .UNSPECIFIED.);
#340=B_SPLINE_CURVE_WITH_KNOTS('',3,(#9192,#9193,#9194,#9195),
 .UNSPECIFIED.,.F.,.F.,(4,4),(0.000829719246037821,0.00371959936174485),
 .UNSPECIFIED.);
#341=B_SPLINE_CURVE_WITH_KNOTS('',3,(#9207,#9208,#9209,#9210),
 .UNSPECIFIED.,.F.,.F.,(4,4),(0.136288157890183,0.823095070413151),
 .UNSPECIFIED.);
#342=B_SPLINE_CURVE_WITH_KNOTS('',3,(#9222,#9223,#9224,#9225),
 .UNSPECIFIED.,.F.,.F.,(4,4),(0.,0.81531631591559),.UNSPECIFIED.);
#343=B_SPLINE_CURVE_WITH_KNOTS('',3,(#9241,#9242,#9243,#9244,#9245,#9246,
#9247,#9248,#9249),.UNSPECIFIED.,.F.,.F.,(4,1,1,1,1,1,4),(0.,0.25,0.375,
0.5,0.625,0.75,1.),.UNSPECIFIED.);
#344=B_SPLINE_CURVE_WITH_KNOTS('',3,(#9252,#9253,#9254,#9255),
 .UNSPECIFIED.,.F.,.F.,(4,4),(0.,1.),.UNSPECIFIED.);
#345=B_SPLINE_CURVE_WITH_KNOTS('',3,(#9257,#9258,#9259,#9260),
 .UNSPECIFIED.,.F.,.F.,(4,4),(0.,1.),.UNSPECIFIED.);
#346=B_SPLINE_CURVE_WITH_KNOTS('',3,(#9269,#9270,#9271,#9272),
 .UNSPECIFIED.,.F.,.F.,(4,4),(0.,0.000687514668479701),.UNSPECIFIED.);
#347=B_SPLINE_CURVE_WITH_KNOTS('',3,(#9275,#9276,#9277,#9278),
 .UNSPECIFIED.,.F.,.F.,(4,4),(0.,1.),.UNSPECIFIED.);
#348=B_SPLINE_CURVE_WITH_KNOTS('',3,(#9279,#9280,#9281,#9282),
 .UNSPECIFIED.,.F.,.F.,(4,4),(0.,0.426873276696912),.UNSPECIFIED.);
#349=B_SPLINE_CURVE_WITH_KNOTS('',3,(#9284,#9285,#9286,#9287),
 .UNSPECIFIED.,.F.,.F.,(4,4),(0.426873276696912,0.579036122594104),
 .UNSPECIFIED.);
#350=B_SPLINE_CURVE_WITH_KNOTS('',3,(#9288,#9289,#9290,#9291),
 .UNSPECIFIED.,.F.,.F.,(4,4),(0.,0.00098693384288098),.UNSPECIFIED.);
#351=B_SPLINE_CURVE_WITH_KNOTS('',3,(#9306,#9307,#9308,#9309,#9310,#9311,
#9312,#9313,#9314,#9315,#9316,#9317),.UNSPECIFIED.,.F.,.F.,(4,2,2,2,2,4),
(0.,0.125,0.25,0.5,0.75,1.),.UNSPECIFIED.);
#352=B_SPLINE_CURVE_WITH_KNOTS('',3,(#9343,#9344,#9345,#9346,#9347),
 .UNSPECIFIED.,.F.,.F.,(4,1,4),(0.,0.00294577993963164,0.00589155987926329),
 .UNSPECIFIED.);
#353=B_SPLINE_CURVE_WITH_KNOTS('',3,(#9349,#9350,#9351,#9352),
 .UNSPECIFIED.,.F.,.F.,(4,4),(1.93947980722443E-18,0.00274907069215774),
 .UNSPECIFIED.);
#354=B_SPLINE_CURVE_WITH_KNOTS('',3,(#9354,#9355,#9356,#9357),
 .UNSPECIFIED.,.F.,.F.,(4,4),(0.,1.),.PIECEWISE_BEZIER_KNOTS.);
#355=B_SPLINE_CURVE_WITH_KNOTS('',3,(#9368,#9369,#9370,#9371,#9372,#9373,
#9374),.UNSPECIFIED.,.F.,.F.,(4,1,1,1,4),(0.000233120970040981,0.00226561900767652,
0.00429811704531206,0.0063306150829476,0.00836311312058314),
 .UNSPECIFIED.);
#356=B_SPLINE_CURVE_WITH_KNOTS('',3,(#9376,#9377,#9378,#9379),
 .UNSPECIFIED.,.F.,.F.,(4,4),(0.,0.000460188894718979),.UNSPECIFIED.);
#357=B_SPLINE_CURVE_WITH_KNOTS('',3,(#9381,#9382,#9383,#9384),
 .UNSPECIFIED.,.F.,.F.,(4,4),(1.81745402302524E-18,0.000675540766839586),
 .UNSPECIFIED.);
#358=B_SPLINE_CURVE_WITH_KNOTS('',3,(#9416,#9417,#9418,#9419),
 .UNSPECIFIED.,.F.,.F.,(4,4),(0.,0.000287709264456398),.UNSPECIFIED.);
#359=B_SPLINE_CURVE_WITH_KNOTS('',3,(#9433,#9434,#9435,#9436),
 .UNSPECIFIED.,.F.,.F.,(4,4),(0.338806770721781,0.410869249708013),
 .UNSPECIFIED.);
#360=B_SPLINE_CURVE_WITH_KNOTS('',3,(#9442,#9443,#9444,#9445,#9446),
 .UNSPECIFIED.,.F.,.F.,(4,1,4),(0.,0.00316482269737659,0.00632964539475317),
 .UNSPECIFIED.);
#361=B_SPLINE_CURVE_WITH_KNOTS('',3,(#9453,#9454,#9455,#9456),
 .UNSPECIFIED.,.F.,.F.,(4,4),(0.000829719246037822,0.00371959936174485),
 .UNSPECIFIED.);
#362=B_SPLINE_CURVE_WITH_KNOTS('',3,(#9469,#9470,#9471,#9472),
 .UNSPECIFIED.,.F.,.F.,(4,4),(0.136288157890183,0.823095070413151),
 .UNSPECIFIED.);
#363=B_SPLINE_CURVE_WITH_KNOTS('',3,(#9478,#9479,#9480,#9481),
 .UNSPECIFIED.,.F.,.F.,(4,4),(0.,0.81531631591559),.UNSPECIFIED.);
#364=B_SPLINE_CURVE_WITH_KNOTS('',3,(#9509,#9510,#9511,#9512),
 .UNSPECIFIED.,.F.,.F.,(4,4),(0.,1.),.UNSPECIFIED.);
#365=B_SPLINE_CURVE_WITH_KNOTS('',3,(#9514,#9515,#9516,#9517),
 .UNSPECIFIED.,.F.,.F.,(4,4),(0.,1.),.UNSPECIFIED.);
#366=B_SPLINE_CURVE_WITH_KNOTS('',3,(#9520,#9521,#9522,#9523,#9524,#9525,
#9526,#9527,#9528),.UNSPECIFIED.,.F.,.F.,(4,1,1,1,1,1,4),(0.,0.25,0.375,
0.5,0.625,0.75,1.),.UNSPECIFIED.);
#367=B_SPLINE_CURVE_WITH_KNOTS('',3,(#9537,#9538,#9539,#9540),
 .UNSPECIFIED.,.F.,.F.,(4,4),(0.,0.00098693384288098),.UNSPECIFIED.);
#368=B_SPLINE_CURVE_WITH_KNOTS('',3,(#9541,#9542,#9543,#9544),
 .UNSPECIFIED.,.F.,.F.,(4,4),(0.426873276696912,0.579036122594104),
 .UNSPECIFIED.);
#369=B_SPLINE_CURVE_WITH_KNOTS('',3,(#9546,#9547,#9548,#9549),
 .UNSPECIFIED.,.F.,.F.,(4,4),(0.,0.426873276696912),.UNSPECIFIED.);
#370=B_SPLINE_CURVE_WITH_KNOTS('',3,(#9550,#9551,#9552,#9553),
 .UNSPECIFIED.,.F.,.F.,(4,4),(0.,1.),.UNSPECIFIED.);
#371=B_SPLINE_CURVE_WITH_KNOTS('',3,(#9556,#9557,#9558,#9559),
 .UNSPECIFIED.,.F.,.F.,(4,4),(0.,0.000687514668479701),.UNSPECIFIED.);
#372=B_SPLINE_CURVE_WITH_KNOTS('',3,(#9574,#9575,#9576,#9577,#9578,#9579,
#9580,#9581,#9582,#9583,#9584,#9585),.UNSPECIFIED.,.F.,.F.,(4,2,2,2,2,4),
(0.,0.125,0.25,0.5,0.75,1.),.UNSPECIFIED.);
#373=B_SPLINE_CURVE_WITH_KNOTS('',3,(#9611,#9612,#9613,#9614,#9615),
 .UNSPECIFIED.,.F.,.F.,(4,1,4),(0.,0.00294577993963164,0.00589155987926329),
 .UNSPECIFIED.);
#374=B_SPLINE_CURVE_WITH_KNOTS('',3,(#9617,#9618,#9619,#9620),
 .UNSPECIFIED.,.F.,.F.,(4,4),(0.,1.),.PIECEWISE_BEZIER_KNOTS.);
#375=B_SPLINE_CURVE_WITH_KNOTS('',3,(#9622,#9623,#9624,#9625),
 .UNSPECIFIED.,.F.,.F.,(4,4),(1.93947980722443E-18,0.00274907069215774),
 .UNSPECIFIED.);
#376=B_SPLINE_CURVE_WITH_KNOTS('',3,(#9636,#9637,#9638,#9639,#9640,#9641,
#9642),.UNSPECIFIED.,.F.,.F.,(4,1,1,1,4),(0.000233120970040981,0.00226561900767652,
0.00429811704531206,0.0063306150829476,0.00836311312058314),
 .UNSPECIFIED.);
#377=B_SPLINE_CURVE_WITH_KNOTS('',3,(#9644,#9645,#9646,#9647),
 .UNSPECIFIED.,.F.,.F.,(4,4),(0.,0.000460188894718979),.UNSPECIFIED.);
#378=B_SPLINE_CURVE_WITH_KNOTS('',3,(#9649,#9650,#9651,#9652),
 .UNSPECIFIED.,.F.,.F.,(4,4),(1.81745402302524E-18,0.000675540766839586),
 .UNSPECIFIED.);
#379=B_SPLINE_CURVE_WITH_KNOTS('',3,(#9683,#9684,#9685,#9686),
 .UNSPECIFIED.,.F.,.F.,(4,4),(0.,0.000287709264456399),.UNSPECIFIED.);
#380=B_SPLINE_CURVE_WITH_KNOTS('',3,(#9923,#9924,#9925,#9926),
 .UNSPECIFIED.,.F.,.F.,(4,4),(0.,0.000938226229996944),.UNSPECIFIED.);
#381=B_SPLINE_CURVE_WITH_KNOTS('',3,(#9929,#9930,#9931,#9932),
 .UNSPECIFIED.,.F.,.F.,(4,4),(-0.494733094118821,0.788486811411983),
 .UNSPECIFIED.);
#382=B_SPLINE_CURVE_WITH_KNOTS('',3,(#9939,#9940,#9941,#9942),
 .UNSPECIFIED.,.F.,.F.,(4,4),(-0.494733070447974,0.788486811411983),
 .UNSPECIFIED.);
#383=B_SPLINE_CURVE_WITH_KNOTS('',3,(#9944,#9945,#9946,#9947),
 .UNSPECIFIED.,.F.,.F.,(4,4),(0.,0.000938226229996943),.UNSPECIFIED.);
#384=B_SPLINE_CURVE_WITH_KNOTS('',3,(#9978,#9979,#9980,#9981),
 .UNSPECIFIED.,.F.,.F.,(4,4),(0.,1.),.UNSPECIFIED.);
#385=B_SPLINE_CURVE_WITH_KNOTS('',3,(#10054,#10055,#10056,#10057),
 .UNSPECIFIED.,.F.,.F.,(4,4),(0.00010807591280368,0.000112815602973825),
 .UNSPECIFIED.);
#386=B_SPLINE_CURVE_WITH_KNOTS('',3,(#10060,#10061,#10062,#10063),
 .UNSPECIFIED.,.F.,.F.,(4,4),(-3.06979633968887E-5,0.000772176798284248),
 .UNSPECIFIED.);
#387=B_SPLINE_CURVE_WITH_KNOTS('',3,(#10064,#10065,#10066,#10067,#10068),
 .UNSPECIFIED.,.F.,.F.,(4,1,4),(0.0105213039635773,0.0124786305310356,0.0144359570984939),
 .UNSPECIFIED.);
#388=B_SPLINE_CURVE_WITH_KNOTS('',3,(#10070,#10071,#10072,#10073),
 .UNSPECIFIED.,.F.,.F.,(4,4),(0.00729013102415246,0.00881718649311797),
 .UNSPECIFIED.);
#389=B_SPLINE_CURVE_WITH_KNOTS('',3,(#10076,#10077,#10078,#10079),
 .UNSPECIFIED.,.F.,.F.,(4,4),(1.10308960405814E-5,0.000267998602962935),
 .UNSPECIFIED.);
#390=B_SPLINE_CURVE_WITH_KNOTS('',3,(#10081,#10082,#10083,#10084),
 .UNSPECIFIED.,.F.,.F.,(4,4),(0.,4.78766446407899E-6),.UNSPECIFIED.);
#391=B_SPLINE_CURVE_WITH_KNOTS('',3,(#10097,#10098,#10099,#10100),
 .UNSPECIFIED.,.F.,.F.,(4,4),(0.00754609391874099,0.00907314938791439),
 .UNSPECIFIED.);
#392=B_SPLINE_CURVE_WITH_KNOTS('',3,(#10107,#10108,#10109,#10110),
 .UNSPECIFIED.,.F.,.F.,(4,4),(6.29567747098028E-5,0.000319924481635243),
 .UNSPECIFIED.);
#393=B_SPLINE_CURVE_WITH_KNOTS('',3,(#10216,#10217,#10218,#10219),
 .UNSPECIFIED.,.F.,.F.,(4,4),(0.00747407877562596,0.00900114269969154),
 .UNSPECIFIED.);
#394=B_SPLINE_CURVE_WITH_KNOTS('',3,(#10243,#10244,#10245,#10246),
 .UNSPECIFIED.,.F.,.F.,(4,4),(0.00720013008909795,0.00872719401315461),
 .UNSPECIFIED.);
#395=B_SPLINE_CURVE_WITH_KNOTS('',3,(#10318,#10319,#10320,#10321),
 .UNSPECIFIED.,.F.,.F.,(4,4),(5.05151476204446E-15,0.922617922570074),
 .UNSPECIFIED.);
#396=B_SPLINE_CURVE_WITH_KNOTS('',3,(#10323,#10324,#10325,#10326),
 .UNSPECIFIED.,.F.,.F.,(4,4),(0.,1.),.UNSPECIFIED.);
#397=B_SPLINE_CURVE_WITH_KNOTS('',3,(#10337,#10338,#10339,#10340),
 .UNSPECIFIED.,.F.,.F.,(4,4),(5.05151476204446E-15,0.922617922570072),
 .UNSPECIFIED.);
#398=B_SPLINE_CURVE_WITH_KNOTS('',3,(#10342,#10343,#10344,#10345),
 .UNSPECIFIED.,.F.,.F.,(4,4),(0.,1.),.UNSPECIFIED.);
#399=B_SPLINE_CURVE_WITH_KNOTS('',3,(#10356,#10357,#10358,#10359),
 .UNSPECIFIED.,.F.,.F.,(4,4),(0.00221156764688641,0.00315371474042079),
 .UNSPECIFIED.);
#400=B_SPLINE_CURVE_WITH_KNOTS('',3,(#10363,#10364,#10365,#10366),
 .UNSPECIFIED.,.F.,.F.,(4,4),(0.190150393485778,1.45693143370147),
 .UNSPECIFIED.);
#401=B_SPLINE_CURVE_WITH_KNOTS('',3,(#10370,#10371,#10372,#10373),
 .UNSPECIFIED.,.F.,.F.,(4,4),(0.,1.),.UNSPECIFIED.);
#402=B_SPLINE_CURVE_WITH_KNOTS('',3,(#10375,#10376,#10377,#10378),
 .UNSPECIFIED.,.F.,.F.,(4,4),(-1.09424626821296,-0.49473307044798),
 .UNSPECIFIED.);
#403=B_SPLINE_CURVE_WITH_KNOTS('',3,(#10434,#10435,#10436,#10437),
 .UNSPECIFIED.,.F.,.F.,(4,4),(0.,1.),.UNSPECIFIED.);
#404=B_SPLINE_CURVE_WITH_KNOTS('',3,(#10439,#10440,#10441,#10442),
 .UNSPECIFIED.,.F.,.F.,(4,4),(-1.09424626821296,-0.494733070447974),
 .UNSPECIFIED.);
#405=B_SPLINE_CURVE_WITH_KNOTS('',3,(#10543,#10544,#10545,#10546,#10547),
 .UNSPECIFIED.,.F.,.F.,(4,1,4),(0.,0.00195687536883403,0.00391375073766806),
 .UNSPECIFIED.);
#406=B_SPLINE_CURVE_WITH_KNOTS('',3,(#10553,#10554,#10555,#10556),
 .UNSPECIFIED.,.F.,.F.,(4,4),(0.190150393485778,1.45693143370147),
 .UNSPECIFIED.);
#407=B_SPLINE_CURVE_WITH_KNOTS('',3,(#10557,#10558,#10559,#10560),
 .UNSPECIFIED.,.F.,.F.,(4,4),(0.00221156764688641,0.00315371474042079),
 .UNSPECIFIED.);
#408=B_SPLINE_CURVE_WITH_KNOTS('',3,(#10607,#10608,#10609,#10610),
 .UNSPECIFIED.,.F.,.F.,(4,4),(2.41404671155933E-5,0.000826989427848329),
 .UNSPECIFIED.);
#409=B_SPLINE_CURVE_WITH_KNOTS('',3,(#10626,#10627,#10628,#10629),
 .UNSPECIFIED.,.F.,.F.,(4,4),(0.,1.),.UNSPECIFIED.);
#410=CYLINDRICAL_SURFACE('',#6164,2.);
#411=CYLINDRICAL_SURFACE('',#6237,2.5);
#412=CYLINDRICAL_SURFACE('',#6239,0.5);
#413=CYLINDRICAL_SURFACE('',#6252,2.5);
#414=CYLINDRICAL_SURFACE('',#6254,0.5);
#415=CYLINDRICAL_SURFACE('',#6299,0.4);
#416=CYLINDRICAL_SURFACE('',#6300,1.05);
#417=CYLINDRICAL_SURFACE('',#6301,1.05);
#418=CYLINDRICAL_SURFACE('',#6302,0.5);
#419=CYLINDRICAL_SURFACE('',#6303,0.5);
#420=CYLINDRICAL_SURFACE('',#6304,1.5);
#421=CYLINDRICAL_SURFACE('',#6329,0.4);
#422=CYLINDRICAL_SURFACE('',#6330,1.05);
#423=CYLINDRICAL_SURFACE('',#6331,1.05);
#424=CYLINDRICAL_SURFACE('',#6332,0.5);
#425=CYLINDRICAL_SURFACE('',#6333,0.5);
#426=CYLINDRICAL_SURFACE('',#6334,1.5);
#427=CYLINDRICAL_SURFACE('',#6340,0.2);
#428=CYLINDRICAL_SURFACE('',#6343,0.2);
#429=CYLINDRICAL_SURFACE('',#6346,0.2);
#430=CYLINDRICAL_SURFACE('',#6349,0.2);
#431=CYLINDRICAL_SURFACE('',#6358,0.2);
#432=CYLINDRICAL_SURFACE('',#6360,0.2);
#433=CYLINDRICAL_SURFACE('',#6362,0.2);
#434=CYLINDRICAL_SURFACE('',#6364,0.2);
#435=CYLINDRICAL_SURFACE('',#6372,0.2);
#436=CYLINDRICAL_SURFACE('',#6374,0.2);
#437=CYLINDRICAL_SURFACE('',#6376,0.2);
#438=CYLINDRICAL_SURFACE('',#6382,0.2);
#439=CYLINDRICAL_SURFACE('',#6384,0.2);
#440=CYLINDRICAL_SURFACE('',#6386,0.2);
#441=CYLINDRICAL_SURFACE('',#6388,0.2);
#442=CYLINDRICAL_SURFACE('',#6394,0.2);
#443=CYLINDRICAL_SURFACE('',#6396,0.2);
#444=CYLINDRICAL_SURFACE('',#6398,0.2);
#445=CYLINDRICAL_SURFACE('',#6400,0.2);
#446=CYLINDRICAL_SURFACE('',#6406,0.2);
#447=CYLINDRICAL_SURFACE('',#6408,0.2);
#448=CYLINDRICAL_SURFACE('',#6411,0.2);
#449=CYLINDRICAL_SURFACE('',#6414,0.2);
#450=CYLINDRICAL_SURFACE('',#6416,0.2);
#451=CYLINDRICAL_SURFACE('',#6418,0.2);
#452=CYLINDRICAL_SURFACE('',#6423,0.2);
#453=CYLINDRICAL_SURFACE('',#6425,0.2);
#454=CYLINDRICAL_SURFACE('',#6427,0.2);
#455=CYLINDRICAL_SURFACE('',#6429,0.2);
#456=CYLINDRICAL_SURFACE('',#6431,0.2);
#457=CYLINDRICAL_SURFACE('',#6441,0.2);
#458=CYLINDRICAL_SURFACE('',#6443,0.2);
#459=CYLINDRICAL_SURFACE('',#6445,0.2);
#460=CYLINDRICAL_SURFACE('',#6447,0.2);
#461=CYLINDRICAL_SURFACE('',#6450,0.2);
#462=CYLINDRICAL_SURFACE('',#6452,0.2);
#463=CYLINDRICAL_SURFACE('',#6462,0.2);
#464=CYLINDRICAL_SURFACE('',#6464,0.2);
#465=CYLINDRICAL_SURFACE('',#6466,0.2);
#466=CYLINDRICAL_SURFACE('',#6468,0.2);
#467=CYLINDRICAL_SURFACE('',#6474,0.2);
#468=CYLINDRICAL_SURFACE('',#6475,0.2);
#469=CYLINDRICAL_SURFACE('',#6476,0.2);
#470=CYLINDRICAL_SURFACE('',#6482,0.2);
#471=CYLINDRICAL_SURFACE('',#6483,0.2);
#472=CYLINDRICAL_SURFACE('',#6484,0.2);
#473=CYLINDRICAL_SURFACE('',#6485,0.2);
#474=CYLINDRICAL_SURFACE('',#6486,2.);
#475=CYLINDRICAL_SURFACE('',#6517,0.5);
#476=CYLINDRICAL_SURFACE('',#6520,0.5);
#477=CYLINDRICAL_SURFACE('',#6526,7.858);
#478=CYLINDRICAL_SURFACE('',#6531,7.858);
#479=CYLINDRICAL_SURFACE('',#6555,6.033);
#480=CYLINDRICAL_SURFACE('',#6567,2.072);
#481=CYLINDRICAL_SURFACE('',#6583,6.833);
#482=CYLINDRICAL_SURFACE('',#6587,6.958);
#483=CYLINDRICAL_SURFACE('',#6589,1.337);
#484=CYLINDRICAL_SURFACE('',#6591,1.272);
#485=CYLINDRICAL_SURFACE('',#6601,2.);
#486=CYLINDRICAL_SURFACE('',#6610,6.033);
#487=CYLINDRICAL_SURFACE('',#6617,2.072);
#488=CYLINDRICAL_SURFACE('',#6625,6.833);
#489=CYLINDRICAL_SURFACE('',#6626,6.958);
#490=CYLINDRICAL_SURFACE('',#6628,1.337);
#491=CYLINDRICAL_SURFACE('',#6630,1.272);
#492=CYLINDRICAL_SURFACE('',#6637,2.);
#493=CYLINDRICAL_SURFACE('',#6638,0.5);
#494=CYLINDRICAL_SURFACE('',#6641,0.5);
#495=CYLINDRICAL_SURFACE('',#6652,0.5);
#496=CYLINDRICAL_SURFACE('',#6656,0.5);
#497=CYLINDRICAL_SURFACE('',#6667,0.5);
#498=CYLINDRICAL_SURFACE('',#6669,0.5);
#499=CIRCLE('',#6159,2.);
#500=CIRCLE('',#6163,2.);
#501=CIRCLE('',#6165,2.);
#502=CIRCLE('',#6166,2.);
#503=CIRCLE('',#6167,2.);
#504=CIRCLE('',#6178,0.5);
#505=CIRCLE('',#6179,0.5);
#506=CIRCLE('',#6180,1.05);
#507=CIRCLE('',#6181,1.05);
#508=CIRCLE('',#6182,0.4);
#509=CIRCLE('',#6183,0.4);
#510=CIRCLE('',#6184,1.05);
#511=CIRCLE('',#6185,1.05);
#512=CIRCLE('',#6186,0.5);
#513=CIRCLE('',#6187,0.5);
#514=CIRCLE('',#6193,2.);
#515=CIRCLE('',#6194,0.4);
#516=CIRCLE('',#6195,0.4);
#517=CIRCLE('',#6196,2.5);
#518=CIRCLE('',#6197,0.5);
#519=CIRCLE('',#6198,0.5);
#520=CIRCLE('',#6199,2.5);
#521=CIRCLE('',#6200,0.4);
#522=CIRCLE('',#6201,0.2);
#523=CIRCLE('',#6204,2.);
#524=CIRCLE('',#6222,0.4);
#525=CIRCLE('',#6224,0.5);
#526=CIRCLE('',#6225,2.5);
#527=CIRCLE('',#6232,0.4);
#528=CIRCLE('',#6233,0.4);
#529=CIRCLE('',#6234,0.4);
#530=CIRCLE('',#6242,0.2);
#531=CIRCLE('',#6243,0.2);
#532=CIRCLE('',#6244,0.2);
#533=CIRCLE('',#6245,0.2);
#534=CIRCLE('',#6247,2.);
#535=CIRCLE('',#6248,2.5);
#536=CIRCLE('',#6249,0.5);
#537=CIRCLE('',#6263,0.4);
#538=CIRCLE('',#6265,0.4);
#539=CIRCLE('',#6266,0.4);
#540=CIRCLE('',#6269,0.2);
#541=CIRCLE('',#6270,0.2);
#542=CIRCLE('',#6271,0.2);
#543=CIRCLE('',#6272,0.2);
#544=CIRCLE('',#6275,1.5);
#545=CIRCLE('',#6295,0.4);
#546=CIRCLE('',#6296,0.4);
#547=CIRCLE('',#6298,0.4);
#548=CIRCLE('',#6308,1.5);
#549=CIRCLE('',#6325,0.4);
#550=CIRCLE('',#6326,0.4);
#551=CIRCLE('',#6328,0.4);
#552=CIRCLE('',#6341,0.2);
#553=CIRCLE('',#6342,0.2);
#554=CIRCLE('',#6344,0.2);
#555=CIRCLE('',#6345,0.2);
#556=CIRCLE('',#6347,0.2);
#557=CIRCLE('',#6348,0.2);
#558=CIRCLE('',#6350,0.2);
#559=CIRCLE('',#6351,0.2);
#560=CIRCLE('',#6353,0.2);
#561=CIRCLE('',#6354,0.2);
#562=CIRCLE('',#6356,0.2);
#563=CIRCLE('',#6357,0.2);
#564=CIRCLE('',#6359,0.2);
#565=CIRCLE('',#6361,0.2);
#566=CIRCLE('',#6363,0.2);
#567=CIRCLE('',#6365,0.2);
#568=CIRCLE('',#6367,0.2);
#569=CIRCLE('',#6369,0.2);
#570=CIRCLE('',#6371,0.2);
#571=CIRCLE('',#6373,0.2);
#572=CIRCLE('',#6375,0.2);
#573=CIRCLE('',#6379,0.2);
#574=CIRCLE('',#6381,0.2);
#575=CIRCLE('',#6385,0.2);
#576=CIRCLE('',#6387,0.2);
#577=CIRCLE('',#6391,0.2);
#578=CIRCLE('',#6393,0.2);
#579=CIRCLE('',#6397,0.2);
#580=CIRCLE('',#6399,0.2);
#581=CIRCLE('',#6401,0.2);
#582=CIRCLE('',#6403,0.2);
#583=CIRCLE('',#6405,0.2);
#584=CIRCLE('',#6407,0.2);
#585=CIRCLE('',#6409,0.2);
#586=CIRCLE('',#6417,0.2);
#587=CIRCLE('',#6421,0.2);
#588=CIRCLE('',#6422,0.2);
#589=CIRCLE('',#6426,0.2);
#590=CIRCLE('',#6428,0.2);
#591=CIRCLE('',#6430,0.2);
#592=CIRCLE('',#6432,0.2);
#593=CIRCLE('',#6434,0.2);
#594=CIRCLE('',#6436,0.2);
#595=CIRCLE('',#6437,0.2);
#596=CIRCLE('',#6439,0.2);
#597=CIRCLE('',#6440,0.2);
#598=CIRCLE('',#6442,0.2);
#599=CIRCLE('',#6444,0.2);
#600=CIRCLE('',#6446,0.2);
#601=CIRCLE('',#6448,0.2);
#602=CIRCLE('',#6449,0.2);
#603=CIRCLE('',#6451,0.2);
#604=CIRCLE('',#6453,0.2);
#605=CIRCLE('',#6455,0.2);
#606=CIRCLE('',#6457,0.2);
#607=CIRCLE('',#6459,0.2);
#608=CIRCLE('',#6461,0.2);
#609=CIRCLE('',#6463,0.2);
#610=CIRCLE('',#6465,0.2);
#611=CIRCLE('',#6467,0.2);
#612=CIRCLE('',#6469,0.2);
#613=CIRCLE('',#6471,0.2);
#614=CIRCLE('',#6473,0.2);
#615=CIRCLE('',#6519,0.5);
#616=CIRCLE('',#6537,2.);
#617=CIRCLE('',#6538,2.072);
#618=CIRCLE('',#6559,2.);
#619=CIRCLE('',#6560,2.072);
#620=CIRCLE('',#6561,2.072);
#621=CIRCLE('',#6562,2.);
#622=CIRCLE('',#6565,1.272);
#623=CIRCLE('',#6566,1.272);
#624=CIRCLE('',#6568,2.072);
#625=CIRCLE('',#6573,2.);
#626=CIRCLE('',#6592,1.272);
#627=CIRCLE('',#6631,1.272);
#628=CIRCLE('',#6640,0.5);
#629=ORIENTED_EDGE('',*,*,#2359,.T.);
#630=ORIENTED_EDGE('',*,*,#2360,.T.);
#631=ORIENTED_EDGE('',*,*,#2361,.F.);
#632=ORIENTED_EDGE('',*,*,#2362,.T.);
#633=ORIENTED_EDGE('',*,*,#2363,.T.);
#634=ORIENTED_EDGE('',*,*,#2364,.F.);
#635=ORIENTED_EDGE('',*,*,#2359,.F.);
#636=ORIENTED_EDGE('',*,*,#2365,.F.);
#637=ORIENTED_EDGE('',*,*,#2366,.F.);
#638=ORIENTED_EDGE('',*,*,#2361,.T.);
#639=ORIENTED_EDGE('',*,*,#2367,.T.);
#640=ORIENTED_EDGE('',*,*,#2368,.F.);
#641=ORIENTED_EDGE('',*,*,#2369,.T.);
#642=ORIENTED_EDGE('',*,*,#2368,.T.);
#643=ORIENTED_EDGE('',*,*,#2370,.T.);
#644=ORIENTED_EDGE('',*,*,#2366,.T.);
#645=ORIENTED_EDGE('',*,*,#2371,.F.);
#646=ORIENTED_EDGE('',*,*,#2372,.T.);
#647=ORIENTED_EDGE('',*,*,#2373,.F.);
#648=ORIENTED_EDGE('',*,*,#2374,.T.);
#649=ORIENTED_EDGE('',*,*,#2375,.T.);
#650=ORIENTED_EDGE('',*,*,#2376,.F.);
#651=ORIENTED_EDGE('',*,*,#2377,.F.);
#652=ORIENTED_EDGE('',*,*,#2378,.F.);
#653=ORIENTED_EDGE('',*,*,#2379,.F.);
#654=ORIENTED_EDGE('',*,*,#2380,.T.);
#655=ORIENTED_EDGE('',*,*,#2381,.F.);
#656=ORIENTED_EDGE('',*,*,#2382,.T.);
#657=ORIENTED_EDGE('',*,*,#2383,.F.);
#658=ORIENTED_EDGE('',*,*,#2384,.T.);
#659=ORIENTED_EDGE('',*,*,#2385,.T.);
#660=ORIENTED_EDGE('',*,*,#2386,.F.);
#661=ORIENTED_EDGE('',*,*,#2387,.F.);
#662=ORIENTED_EDGE('',*,*,#2388,.T.);
#663=ORIENTED_EDGE('',*,*,#2389,.T.);
#664=ORIENTED_EDGE('',*,*,#2390,.F.);
#665=ORIENTED_EDGE('',*,*,#2391,.T.);
#666=ORIENTED_EDGE('',*,*,#2392,.T.);
#667=ORIENTED_EDGE('',*,*,#2393,.F.);
#668=ORIENTED_EDGE('',*,*,#2394,.F.);
#669=ORIENTED_EDGE('',*,*,#2395,.F.);
#670=ORIENTED_EDGE('',*,*,#2396,.T.);
#671=ORIENTED_EDGE('',*,*,#2397,.T.);
#672=ORIENTED_EDGE('',*,*,#2398,.F.);
#673=ORIENTED_EDGE('',*,*,#2399,.F.);
#674=ORIENTED_EDGE('',*,*,#2400,.F.);
#675=ORIENTED_EDGE('',*,*,#2401,.T.);
#676=ORIENTED_EDGE('',*,*,#2402,.T.);
#677=ORIENTED_EDGE('',*,*,#2403,.F.);
#678=ORIENTED_EDGE('',*,*,#2404,.F.);
#679=ORIENTED_EDGE('',*,*,#2405,.T.);
#680=ORIENTED_EDGE('',*,*,#2400,.T.);
#681=ORIENTED_EDGE('',*,*,#2406,.F.);
#682=ORIENTED_EDGE('',*,*,#2407,.F.);
#683=ORIENTED_EDGE('',*,*,#2408,.T.);
#684=ORIENTED_EDGE('',*,*,#2409,.T.);
#685=ORIENTED_EDGE('',*,*,#2391,.F.);
#686=ORIENTED_EDGE('',*,*,#2410,.F.);
#687=ORIENTED_EDGE('',*,*,#2411,.F.);
#688=ORIENTED_EDGE('',*,*,#2412,.F.);
#689=ORIENTED_EDGE('',*,*,#2413,.F.);
#690=ORIENTED_EDGE('',*,*,#2401,.F.);
#691=ORIENTED_EDGE('',*,*,#2405,.F.);
#692=ORIENTED_EDGE('',*,*,#2414,.F.);
#693=ORIENTED_EDGE('',*,*,#2388,.F.);
#694=ORIENTED_EDGE('',*,*,#2415,.F.);
#695=ORIENTED_EDGE('',*,*,#2408,.F.);
#696=ORIENTED_EDGE('',*,*,#2416,.F.);
#697=ORIENTED_EDGE('',*,*,#2417,.F.);
#698=ORIENTED_EDGE('',*,*,#2418,.F.);
#699=ORIENTED_EDGE('',*,*,#2396,.F.);
#700=ORIENTED_EDGE('',*,*,#2419,.T.);
#701=ORIENTED_EDGE('',*,*,#2420,.F.);
#702=ORIENTED_EDGE('',*,*,#2421,.F.);
#703=ORIENTED_EDGE('',*,*,#2422,.F.);
#704=ORIENTED_EDGE('',*,*,#2423,.F.);
#705=ORIENTED_EDGE('',*,*,#2386,.T.);
#706=ORIENTED_EDGE('',*,*,#2424,.T.);
#707=ORIENTED_EDGE('',*,*,#2425,.F.);
#708=ORIENTED_EDGE('',*,*,#2426,.T.);
#709=ORIENTED_EDGE('',*,*,#2427,.F.);
#710=ORIENTED_EDGE('',*,*,#2428,.T.);
#711=ORIENTED_EDGE('',*,*,#2429,.F.);
#712=ORIENTED_EDGE('',*,*,#2430,.T.);
#713=ORIENTED_EDGE('',*,*,#2431,.T.);
#714=ORIENTED_EDGE('',*,*,#2432,.F.);
#715=ORIENTED_EDGE('',*,*,#2433,.T.);
#716=ORIENTED_EDGE('',*,*,#2434,.F.);
#717=ORIENTED_EDGE('',*,*,#2435,.T.);
#718=ORIENTED_EDGE('',*,*,#2436,.F.);
#719=ORIENTED_EDGE('',*,*,#2437,.T.);
#720=ORIENTED_EDGE('',*,*,#2406,.T.);
#721=ORIENTED_EDGE('',*,*,#2438,.T.);
#722=ORIENTED_EDGE('',*,*,#2390,.T.);
#723=ORIENTED_EDGE('',*,*,#2439,.T.);
#724=ORIENTED_EDGE('',*,*,#2403,.T.);
#725=ORIENTED_EDGE('',*,*,#2399,.T.);
#726=ORIENTED_EDGE('',*,*,#2440,.T.);
#727=ORIENTED_EDGE('',*,*,#2441,.T.);
#728=ORIENTED_EDGE('',*,*,#2442,.T.);
#729=ORIENTED_EDGE('',*,*,#2443,.F.);
#730=ORIENTED_EDGE('',*,*,#2444,.T.);
#731=ORIENTED_EDGE('',*,*,#2445,.F.);
#732=ORIENTED_EDGE('',*,*,#2446,.T.);
#733=ORIENTED_EDGE('',*,*,#2447,.F.);
#734=ORIENTED_EDGE('',*,*,#2448,.F.);
#735=ORIENTED_EDGE('',*,*,#2449,.T.);
#736=ORIENTED_EDGE('',*,*,#2450,.F.);
#737=ORIENTED_EDGE('',*,*,#2451,.T.);
#738=ORIENTED_EDGE('',*,*,#2452,.F.);
#739=ORIENTED_EDGE('',*,*,#2453,.T.);
#740=ORIENTED_EDGE('',*,*,#2454,.F.);
#741=ORIENTED_EDGE('',*,*,#2455,.F.);
#742=ORIENTED_EDGE('',*,*,#2456,.T.);
#743=ORIENTED_EDGE('',*,*,#2398,.T.);
#744=ORIENTED_EDGE('',*,*,#2457,.T.);
#745=ORIENTED_EDGE('',*,*,#2458,.T.);
#746=ORIENTED_EDGE('',*,*,#2393,.T.);
#747=ORIENTED_EDGE('',*,*,#2459,.T.);
#748=ORIENTED_EDGE('',*,*,#2460,.T.);
#749=ORIENTED_EDGE('',*,*,#2437,.F.);
#750=ORIENTED_EDGE('',*,*,#2461,.T.);
#751=ORIENTED_EDGE('',*,*,#2416,.T.);
#752=ORIENTED_EDGE('',*,*,#2407,.T.);
#753=ORIENTED_EDGE('',*,*,#2413,.T.);
#754=ORIENTED_EDGE('',*,*,#2462,.T.);
#755=ORIENTED_EDGE('',*,*,#2440,.F.);
#756=ORIENTED_EDGE('',*,*,#2402,.F.);
#757=ORIENTED_EDGE('',*,*,#2463,.T.);
#758=ORIENTED_EDGE('',*,*,#2419,.F.);
#759=ORIENTED_EDGE('',*,*,#2464,.F.);
#760=ORIENTED_EDGE('',*,*,#2465,.F.);
#761=ORIENTED_EDGE('',*,*,#2466,.T.);
#762=ORIENTED_EDGE('',*,*,#2373,.T.);
#763=ORIENTED_EDGE('',*,*,#2467,.T.);
#764=ORIENTED_EDGE('',*,*,#2468,.F.);
#765=ORIENTED_EDGE('',*,*,#2469,.F.);
#766=ORIENTED_EDGE('',*,*,#2470,.T.);
#767=ORIENTED_EDGE('',*,*,#2471,.T.);
#768=ORIENTED_EDGE('',*,*,#2376,.T.);
#769=ORIENTED_EDGE('',*,*,#2472,.T.);
#770=ORIENTED_EDGE('',*,*,#2473,.T.);
#771=ORIENTED_EDGE('',*,*,#2474,.T.);
#772=ORIENTED_EDGE('',*,*,#2475,.T.);
#773=ORIENTED_EDGE('',*,*,#2476,.F.);
#774=ORIENTED_EDGE('',*,*,#2477,.T.);
#775=ORIENTED_EDGE('',*,*,#2478,.T.);
#776=ORIENTED_EDGE('',*,*,#2479,.T.);
#777=ORIENTED_EDGE('',*,*,#2480,.F.);
#778=ORIENTED_EDGE('',*,*,#2481,.T.);
#779=ORIENTED_EDGE('',*,*,#2482,.T.);
#780=ORIENTED_EDGE('',*,*,#2483,.F.);
#781=ORIENTED_EDGE('',*,*,#2484,.T.);
#782=ORIENTED_EDGE('',*,*,#2485,.F.);
#783=ORIENTED_EDGE('',*,*,#2438,.F.);
#784=ORIENTED_EDGE('',*,*,#2409,.F.);
#785=ORIENTED_EDGE('',*,*,#2415,.T.);
#786=ORIENTED_EDGE('',*,*,#2486,.F.);
#787=ORIENTED_EDGE('',*,*,#2487,.F.);
#788=ORIENTED_EDGE('',*,*,#2488,.T.);
#789=ORIENTED_EDGE('',*,*,#2489,.F.);
#790=ORIENTED_EDGE('',*,*,#2490,.F.);
#791=ORIENTED_EDGE('',*,*,#2491,.F.);
#792=ORIENTED_EDGE('',*,*,#2492,.F.);
#793=ORIENTED_EDGE('',*,*,#2414,.T.);
#794=ORIENTED_EDGE('',*,*,#2404,.T.);
#795=ORIENTED_EDGE('',*,*,#2439,.F.);
#796=ORIENTED_EDGE('',*,*,#2493,.F.);
#797=ORIENTED_EDGE('',*,*,#2494,.F.);
#798=ORIENTED_EDGE('',*,*,#2495,.T.);
#799=ORIENTED_EDGE('',*,*,#2496,.F.);
#800=ORIENTED_EDGE('',*,*,#2497,.F.);
#801=ORIENTED_EDGE('',*,*,#2498,.T.);
#802=ORIENTED_EDGE('',*,*,#2499,.T.);
#803=ORIENTED_EDGE('',*,*,#2500,.T.);
#804=ORIENTED_EDGE('',*,*,#2501,.T.);
#805=ORIENTED_EDGE('',*,*,#2502,.T.);
#806=ORIENTED_EDGE('',*,*,#2503,.T.);
#807=ORIENTED_EDGE('',*,*,#2504,.T.);
#808=ORIENTED_EDGE('',*,*,#2505,.T.);
#809=ORIENTED_EDGE('',*,*,#2506,.F.);
#810=ORIENTED_EDGE('',*,*,#2362,.F.);
#811=ORIENTED_EDGE('',*,*,#2369,.F.);
#812=ORIENTED_EDGE('',*,*,#2372,.F.);
#813=ORIENTED_EDGE('',*,*,#2507,.F.);
#814=ORIENTED_EDGE('',*,*,#2508,.F.);
#815=ORIENTED_EDGE('',*,*,#2509,.F.);
#816=ORIENTED_EDGE('',*,*,#2510,.F.);
#817=ORIENTED_EDGE('',*,*,#2511,.F.);
#818=ORIENTED_EDGE('',*,*,#2512,.F.);
#819=ORIENTED_EDGE('',*,*,#2513,.F.);
#820=ORIENTED_EDGE('',*,*,#2514,.F.);
#821=ORIENTED_EDGE('',*,*,#2515,.F.);
#822=ORIENTED_EDGE('',*,*,#2516,.T.);
#823=ORIENTED_EDGE('',*,*,#2468,.T.);
#824=ORIENTED_EDGE('',*,*,#2517,.T.);
#825=ORIENTED_EDGE('',*,*,#2518,.T.);
#826=ORIENTED_EDGE('',*,*,#2519,.F.);
#827=ORIENTED_EDGE('',*,*,#2520,.F.);
#828=ORIENTED_EDGE('',*,*,#2521,.T.);
#829=ORIENTED_EDGE('',*,*,#2522,.T.);
#830=ORIENTED_EDGE('',*,*,#2523,.T.);
#831=ORIENTED_EDGE('',*,*,#2524,.T.);
#832=ORIENTED_EDGE('',*,*,#2517,.F.);
#833=ORIENTED_EDGE('',*,*,#2467,.F.);
#834=ORIENTED_EDGE('',*,*,#2378,.T.);
#835=ORIENTED_EDGE('',*,*,#2524,.F.);
#836=ORIENTED_EDGE('',*,*,#2525,.T.);
#837=ORIENTED_EDGE('',*,*,#2526,.F.);
#838=ORIENTED_EDGE('',*,*,#2518,.F.);
#839=ORIENTED_EDGE('',*,*,#2527,.F.);
#840=ORIENTED_EDGE('',*,*,#2521,.F.);
#841=ORIENTED_EDGE('',*,*,#2528,.F.);
#842=ORIENTED_EDGE('',*,*,#2529,.F.);
#843=ORIENTED_EDGE('',*,*,#2471,.F.);
#844=ORIENTED_EDGE('',*,*,#2530,.T.);
#845=ORIENTED_EDGE('',*,*,#2522,.F.);
#846=ORIENTED_EDGE('',*,*,#2377,.T.);
#847=ORIENTED_EDGE('',*,*,#2511,.T.);
#848=ORIENTED_EDGE('',*,*,#2531,.T.);
#849=ORIENTED_EDGE('',*,*,#2532,.T.);
#850=ORIENTED_EDGE('',*,*,#2533,.F.);
#851=ORIENTED_EDGE('',*,*,#2514,.T.);
#852=ORIENTED_EDGE('',*,*,#2534,.T.);
#853=ORIENTED_EDGE('',*,*,#2535,.T.);
#854=ORIENTED_EDGE('',*,*,#2531,.F.);
#855=ORIENTED_EDGE('',*,*,#2513,.T.);
#856=ORIENTED_EDGE('',*,*,#2536,.T.);
#857=ORIENTED_EDGE('',*,*,#2537,.T.);
#858=ORIENTED_EDGE('',*,*,#2534,.F.);
#859=ORIENTED_EDGE('',*,*,#2512,.T.);
#860=ORIENTED_EDGE('',*,*,#2533,.T.);
#861=ORIENTED_EDGE('',*,*,#2538,.T.);
#862=ORIENTED_EDGE('',*,*,#2536,.F.);
#863=ORIENTED_EDGE('',*,*,#2532,.F.);
#864=ORIENTED_EDGE('',*,*,#2535,.F.);
#865=ORIENTED_EDGE('',*,*,#2537,.F.);
#866=ORIENTED_EDGE('',*,*,#2538,.F.);
#867=ORIENTED_EDGE('',*,*,#2507,.T.);
#868=ORIENTED_EDGE('',*,*,#2539,.T.);
#869=ORIENTED_EDGE('',*,*,#2540,.T.);
#870=ORIENTED_EDGE('',*,*,#2541,.F.);
#871=ORIENTED_EDGE('',*,*,#2510,.T.);
#872=ORIENTED_EDGE('',*,*,#2542,.T.);
#873=ORIENTED_EDGE('',*,*,#2543,.T.);
#874=ORIENTED_EDGE('',*,*,#2539,.F.);
#875=ORIENTED_EDGE('',*,*,#2509,.T.);
#876=ORIENTED_EDGE('',*,*,#2544,.T.);
#877=ORIENTED_EDGE('',*,*,#2545,.T.);
#878=ORIENTED_EDGE('',*,*,#2542,.F.);
#879=ORIENTED_EDGE('',*,*,#2508,.T.);
#880=ORIENTED_EDGE('',*,*,#2541,.T.);
#881=ORIENTED_EDGE('',*,*,#2546,.T.);
#882=ORIENTED_EDGE('',*,*,#2544,.F.);
#883=ORIENTED_EDGE('',*,*,#2540,.F.);
#884=ORIENTED_EDGE('',*,*,#2543,.F.);
#885=ORIENTED_EDGE('',*,*,#2545,.F.);
#886=ORIENTED_EDGE('',*,*,#2546,.F.);
#887=ORIENTED_EDGE('',*,*,#2506,.T.);
#888=ORIENTED_EDGE('',*,*,#2371,.T.);
#889=ORIENTED_EDGE('',*,*,#2365,.T.);
#890=ORIENTED_EDGE('',*,*,#2363,.F.);
#891=ORIENTED_EDGE('',*,*,#2472,.F.);
#892=ORIENTED_EDGE('',*,*,#2375,.F.);
#893=ORIENTED_EDGE('',*,*,#2547,.T.);
#894=ORIENTED_EDGE('',*,*,#2548,.T.);
#895=ORIENTED_EDGE('',*,*,#2480,.T.);
#896=ORIENTED_EDGE('',*,*,#2549,.T.);
#897=ORIENTED_EDGE('',*,*,#2550,.F.);
#898=ORIENTED_EDGE('',*,*,#2551,.F.);
#899=ORIENTED_EDGE('',*,*,#2476,.T.);
#900=ORIENTED_EDGE('',*,*,#2552,.T.);
#901=ORIENTED_EDGE('',*,*,#2553,.T.);
#902=ORIENTED_EDGE('',*,*,#2554,.T.);
#903=ORIENTED_EDGE('',*,*,#2555,.T.);
#904=ORIENTED_EDGE('',*,*,#2556,.T.);
#905=ORIENTED_EDGE('',*,*,#2557,.T.);
#906=ORIENTED_EDGE('',*,*,#2558,.T.);
#907=ORIENTED_EDGE('',*,*,#2559,.T.);
#908=ORIENTED_EDGE('',*,*,#2550,.T.);
#909=ORIENTED_EDGE('',*,*,#2560,.T.);
#910=ORIENTED_EDGE('',*,*,#2547,.F.);
#911=ORIENTED_EDGE('',*,*,#2374,.F.);
#912=ORIENTED_EDGE('',*,*,#2466,.F.);
#913=ORIENTED_EDGE('',*,*,#2516,.F.);
#914=ORIENTED_EDGE('',*,*,#2561,.F.);
#915=ORIENTED_EDGE('',*,*,#2562,.T.);
#916=ORIENTED_EDGE('',*,*,#2563,.T.);
#917=ORIENTED_EDGE('',*,*,#2564,.T.);
#918=ORIENTED_EDGE('',*,*,#2565,.T.);
#919=ORIENTED_EDGE('',*,*,#2566,.T.);
#920=ORIENTED_EDGE('',*,*,#2567,.T.);
#921=ORIENTED_EDGE('',*,*,#2568,.T.);
#922=ORIENTED_EDGE('',*,*,#2569,.T.);
#923=ORIENTED_EDGE('',*,*,#2570,.T.);
#924=ORIENTED_EDGE('',*,*,#2571,.T.);
#925=ORIENTED_EDGE('',*,*,#2572,.T.);
#926=ORIENTED_EDGE('',*,*,#2573,.T.);
#927=ORIENTED_EDGE('',*,*,#2574,.T.);
#928=ORIENTED_EDGE('',*,*,#2575,.T.);
#929=ORIENTED_EDGE('',*,*,#2576,.T.);
#930=ORIENTED_EDGE('',*,*,#2577,.T.);
#931=ORIENTED_EDGE('',*,*,#2578,.T.);
#932=ORIENTED_EDGE('',*,*,#2579,.T.);
#933=ORIENTED_EDGE('',*,*,#2580,.T.);
#934=ORIENTED_EDGE('',*,*,#2581,.T.);
#935=ORIENTED_EDGE('',*,*,#2582,.T.);
#936=ORIENTED_EDGE('',*,*,#2583,.T.);
#937=ORIENTED_EDGE('',*,*,#2584,.T.);
#938=ORIENTED_EDGE('',*,*,#2585,.T.);
#939=ORIENTED_EDGE('',*,*,#2586,.F.);
#940=ORIENTED_EDGE('',*,*,#2587,.T.);
#941=ORIENTED_EDGE('',*,*,#2588,.T.);
#942=ORIENTED_EDGE('',*,*,#2589,.T.);
#943=ORIENTED_EDGE('',*,*,#2590,.T.);
#944=ORIENTED_EDGE('',*,*,#2591,.T.);
#945=ORIENTED_EDGE('',*,*,#2592,.F.);
#946=ORIENTED_EDGE('',*,*,#2593,.T.);
#947=ORIENTED_EDGE('',*,*,#2594,.T.);
#948=ORIENTED_EDGE('',*,*,#2595,.T.);
#949=ORIENTED_EDGE('',*,*,#2596,.T.);
#950=ORIENTED_EDGE('',*,*,#2597,.T.);
#951=ORIENTED_EDGE('',*,*,#2598,.T.);
#952=ORIENTED_EDGE('',*,*,#2481,.F.);
#953=ORIENTED_EDGE('',*,*,#2551,.T.);
#954=ORIENTED_EDGE('',*,*,#2565,.F.);
#955=ORIENTED_EDGE('',*,*,#2599,.T.);
#956=ORIENTED_EDGE('',*,*,#2563,.F.);
#957=ORIENTED_EDGE('',*,*,#2600,.T.);
#958=ORIENTED_EDGE('',*,*,#2483,.T.);
#959=ORIENTED_EDGE('',*,*,#2601,.T.);
#960=ORIENTED_EDGE('',*,*,#2482,.F.);
#961=ORIENTED_EDGE('',*,*,#2599,.F.);
#962=ORIENTED_EDGE('',*,*,#2564,.F.);
#963=ORIENTED_EDGE('',*,*,#2601,.F.);
#964=ORIENTED_EDGE('',*,*,#2515,.T.);
#965=ORIENTED_EDGE('',*,*,#2527,.T.);
#966=ORIENTED_EDGE('',*,*,#2602,.F.);
#967=ORIENTED_EDGE('',*,*,#2486,.T.);
#968=ORIENTED_EDGE('',*,*,#2387,.T.);
#969=ORIENTED_EDGE('',*,*,#2485,.T.);
#970=ORIENTED_EDGE('',*,*,#2603,.T.);
#971=ORIENTED_EDGE('',*,*,#2561,.T.);
#972=ORIENTED_EDGE('',*,*,#2484,.F.);
#973=ORIENTED_EDGE('',*,*,#2600,.F.);
#974=ORIENTED_EDGE('',*,*,#2562,.F.);
#975=ORIENTED_EDGE('',*,*,#2603,.F.);
#976=ORIENTED_EDGE('',*,*,#2604,.T.);
#977=ORIENTED_EDGE('',*,*,#2605,.T.);
#978=ORIENTED_EDGE('',*,*,#2606,.F.);
#979=ORIENTED_EDGE('',*,*,#2488,.F.);
#980=ORIENTED_EDGE('',*,*,#2607,.F.);
#981=ORIENTED_EDGE('',*,*,#2608,.T.);
#982=ORIENTED_EDGE('',*,*,#2609,.T.);
#983=ORIENTED_EDGE('',*,*,#2610,.T.);
#984=ORIENTED_EDGE('',*,*,#2604,.F.);
#985=ORIENTED_EDGE('',*,*,#2487,.T.);
#986=ORIENTED_EDGE('',*,*,#2602,.T.);
#987=ORIENTED_EDGE('',*,*,#2529,.T.);
#988=ORIENTED_EDGE('',*,*,#2611,.T.);
#989=ORIENTED_EDGE('',*,*,#2491,.T.);
#990=ORIENTED_EDGE('',*,*,#2612,.T.);
#991=ORIENTED_EDGE('',*,*,#2613,.T.);
#992=ORIENTED_EDGE('',*,*,#2381,.T.);
#993=ORIENTED_EDGE('',*,*,#2614,.T.);
#994=ORIENTED_EDGE('',*,*,#2615,.F.);
#995=ORIENTED_EDGE('',*,*,#2616,.T.);
#996=ORIENTED_EDGE('',*,*,#2617,.T.);
#997=ORIENTED_EDGE('',*,*,#2618,.T.);
#998=ORIENTED_EDGE('',*,*,#2619,.T.);
#999=ORIENTED_EDGE('',*,*,#2620,.T.);
#1000=ORIENTED_EDGE('',*,*,#2621,.T.);
#1001=ORIENTED_EDGE('',*,*,#2622,.T.);
#1002=ORIENTED_EDGE('',*,*,#2623,.F.);
#1003=ORIENTED_EDGE('',*,*,#2624,.F.);
#1004=ORIENTED_EDGE('',*,*,#2625,.F.);
#1005=ORIENTED_EDGE('',*,*,#2626,.T.);
#1006=ORIENTED_EDGE('',*,*,#2627,.T.);
#1007=ORIENTED_EDGE('',*,*,#2628,.T.);
#1008=ORIENTED_EDGE('',*,*,#2629,.F.);
#1009=ORIENTED_EDGE('',*,*,#2630,.F.);
#1010=ORIENTED_EDGE('',*,*,#2465,.T.);
#1011=ORIENTED_EDGE('',*,*,#2631,.F.);
#1012=ORIENTED_EDGE('',*,*,#2632,.T.);
#1013=ORIENTED_EDGE('',*,*,#2633,.T.);
#1014=ORIENTED_EDGE('',*,*,#2634,.T.);
#1015=ORIENTED_EDGE('',*,*,#2635,.T.);
#1016=ORIENTED_EDGE('',*,*,#2636,.T.);
#1017=ORIENTED_EDGE('',*,*,#2637,.T.);
#1018=ORIENTED_EDGE('',*,*,#2638,.T.);
#1019=ORIENTED_EDGE('',*,*,#2639,.F.);
#1020=ORIENTED_EDGE('',*,*,#2640,.T.);
#1021=ORIENTED_EDGE('',*,*,#2641,.T.);
#1022=ORIENTED_EDGE('',*,*,#2642,.F.);
#1023=ORIENTED_EDGE('',*,*,#2643,.F.);
#1024=ORIENTED_EDGE('',*,*,#2644,.F.);
#1025=ORIENTED_EDGE('',*,*,#2645,.T.);
#1026=ORIENTED_EDGE('',*,*,#2646,.T.);
#1027=ORIENTED_EDGE('',*,*,#2647,.T.);
#1028=ORIENTED_EDGE('',*,*,#2648,.T.);
#1029=ORIENTED_EDGE('',*,*,#2649,.F.);
#1030=ORIENTED_EDGE('',*,*,#2650,.F.);
#1031=ORIENTED_EDGE('',*,*,#2651,.F.);
#1032=ORIENTED_EDGE('',*,*,#2652,.F.);
#1033=ORIENTED_EDGE('',*,*,#2653,.F.);
#1034=ORIENTED_EDGE('',*,*,#2654,.T.);
#1035=ORIENTED_EDGE('',*,*,#2519,.T.);
#1036=ORIENTED_EDGE('',*,*,#2526,.T.);
#1037=ORIENTED_EDGE('',*,*,#2495,.F.);
#1038=ORIENTED_EDGE('',*,*,#2655,.F.);
#1039=ORIENTED_EDGE('',*,*,#2652,.T.);
#1040=ORIENTED_EDGE('',*,*,#2656,.F.);
#1041=ORIENTED_EDGE('',*,*,#2657,.F.);
#1042=ORIENTED_EDGE('',*,*,#2497,.T.);
#1043=ORIENTED_EDGE('',*,*,#2658,.F.);
#1044=ORIENTED_EDGE('',*,*,#2650,.T.);
#1045=ORIENTED_EDGE('',*,*,#2496,.T.);
#1046=ORIENTED_EDGE('',*,*,#2656,.T.);
#1047=ORIENTED_EDGE('',*,*,#2651,.T.);
#1048=ORIENTED_EDGE('',*,*,#2658,.T.);
#1049=ORIENTED_EDGE('',*,*,#2611,.F.);
#1050=ORIENTED_EDGE('',*,*,#2528,.T.);
#1051=ORIENTED_EDGE('',*,*,#2520,.T.);
#1052=ORIENTED_EDGE('',*,*,#2654,.F.);
#1053=ORIENTED_EDGE('',*,*,#2659,.F.);
#1054=ORIENTED_EDGE('',*,*,#2493,.T.);
#1055=ORIENTED_EDGE('',*,*,#2389,.F.);
#1056=ORIENTED_EDGE('',*,*,#2492,.T.);
#1057=ORIENTED_EDGE('',*,*,#2494,.T.);
#1058=ORIENTED_EDGE('',*,*,#2659,.T.);
#1059=ORIENTED_EDGE('',*,*,#2653,.T.);
#1060=ORIENTED_EDGE('',*,*,#2655,.T.);
#1061=ORIENTED_EDGE('',*,*,#2660,.T.);
#1062=ORIENTED_EDGE('',*,*,#2469,.T.);
#1063=ORIENTED_EDGE('',*,*,#2661,.T.);
#1064=ORIENTED_EDGE('',*,*,#2647,.F.);
#1065=ORIENTED_EDGE('',*,*,#2504,.F.);
#1066=ORIENTED_EDGE('',*,*,#2662,.T.);
#1067=ORIENTED_EDGE('',*,*,#2663,.T.);
#1068=ORIENTED_EDGE('',*,*,#2664,.T.);
#1069=ORIENTED_EDGE('',*,*,#2665,.T.);
#1070=ORIENTED_EDGE('',*,*,#2666,.T.);
#1071=ORIENTED_EDGE('',*,*,#2667,.T.);
#1072=ORIENTED_EDGE('',*,*,#2668,.T.);
#1073=ORIENTED_EDGE('',*,*,#2669,.T.);
#1074=ORIENTED_EDGE('',*,*,#2670,.T.);
#1075=ORIENTED_EDGE('',*,*,#2671,.T.);
#1076=ORIENTED_EDGE('',*,*,#2672,.T.);
#1077=ORIENTED_EDGE('',*,*,#2673,.T.);
#1078=ORIENTED_EDGE('',*,*,#2674,.T.);
#1079=ORIENTED_EDGE('',*,*,#2675,.T.);
#1080=ORIENTED_EDGE('',*,*,#2676,.T.);
#1081=ORIENTED_EDGE('',*,*,#2677,.T.);
#1082=ORIENTED_EDGE('',*,*,#2678,.T.);
#1083=ORIENTED_EDGE('',*,*,#2679,.T.);
#1084=ORIENTED_EDGE('',*,*,#2680,.T.);
#1085=ORIENTED_EDGE('',*,*,#2649,.T.);
#1086=ORIENTED_EDGE('',*,*,#2681,.T.);
#1087=ORIENTED_EDGE('',*,*,#2498,.F.);
#1088=ORIENTED_EDGE('',*,*,#2657,.T.);
#1089=ORIENTED_EDGE('',*,*,#2502,.F.);
#1090=ORIENTED_EDGE('',*,*,#2682,.T.);
#1091=ORIENTED_EDGE('',*,*,#2683,.T.);
#1092=ORIENTED_EDGE('',*,*,#2684,.F.);
#1093=ORIENTED_EDGE('',*,*,#2685,.T.);
#1094=ORIENTED_EDGE('',*,*,#2686,.T.);
#1095=ORIENTED_EDGE('',*,*,#2687,.T.);
#1096=ORIENTED_EDGE('',*,*,#2688,.T.);
#1097=ORIENTED_EDGE('',*,*,#2689,.T.);
#1098=ORIENTED_EDGE('',*,*,#2690,.T.);
#1099=ORIENTED_EDGE('',*,*,#2691,.T.);
#1100=ORIENTED_EDGE('',*,*,#2692,.T.);
#1101=ORIENTED_EDGE('',*,*,#2693,.T.);
#1102=ORIENTED_EDGE('',*,*,#2694,.T.);
#1103=ORIENTED_EDGE('',*,*,#2695,.T.);
#1104=ORIENTED_EDGE('',*,*,#2696,.F.);
#1105=ORIENTED_EDGE('',*,*,#2697,.T.);
#1106=ORIENTED_EDGE('',*,*,#2698,.F.);
#1107=ORIENTED_EDGE('',*,*,#2699,.T.);
#1108=ORIENTED_EDGE('',*,*,#2700,.T.);
#1109=ORIENTED_EDGE('',*,*,#2701,.T.);
#1110=ORIENTED_EDGE('',*,*,#2702,.T.);
#1111=ORIENTED_EDGE('',*,*,#2612,.F.);
#1112=ORIENTED_EDGE('',*,*,#2490,.T.);
#1113=ORIENTED_EDGE('',*,*,#2703,.T.);
#1114=ORIENTED_EDGE('',*,*,#2704,.T.);
#1115=ORIENTED_EDGE('',*,*,#2705,.F.);
#1116=ORIENTED_EDGE('',*,*,#2706,.F.);
#1117=ORIENTED_EDGE('',*,*,#2707,.F.);
#1118=ORIENTED_EDGE('',*,*,#2708,.T.);
#1119=ORIENTED_EDGE('',*,*,#2379,.T.);
#1120=ORIENTED_EDGE('',*,*,#2709,.T.);
#1121=ORIENTED_EDGE('',*,*,#2701,.F.);
#1122=ORIENTED_EDGE('',*,*,#2489,.T.);
#1123=ORIENTED_EDGE('',*,*,#2606,.T.);
#1124=ORIENTED_EDGE('',*,*,#2710,.T.);
#1125=ORIENTED_EDGE('',*,*,#2609,.F.);
#1126=ORIENTED_EDGE('',*,*,#2711,.T.);
#1127=ORIENTED_EDGE('',*,*,#2703,.F.);
#1128=ORIENTED_EDGE('',*,*,#2712,.T.);
#1129=ORIENTED_EDGE('',*,*,#2635,.F.);
#1130=ORIENTED_EDGE('',*,*,#2713,.T.);
#1131=ORIENTED_EDGE('',*,*,#2714,.T.);
#1132=ORIENTED_EDGE('',*,*,#2434,.T.);
#1133=ORIENTED_EDGE('',*,*,#2715,.T.);
#1134=ORIENTED_EDGE('',*,*,#2716,.T.);
#1135=ORIENTED_EDGE('',*,*,#2621,.F.);
#1136=ORIENTED_EDGE('',*,*,#2717,.F.);
#1137=ORIENTED_EDGE('',*,*,#2718,.F.);
#1138=ORIENTED_EDGE('',*,*,#2719,.F.);
#1139=ORIENTED_EDGE('',*,*,#2417,.T.);
#1140=ORIENTED_EDGE('',*,*,#2720,.T.);
#1141=ORIENTED_EDGE('',*,*,#2632,.F.);
#1142=ORIENTED_EDGE('',*,*,#2721,.T.);
#1143=ORIENTED_EDGE('',*,*,#2455,.T.);
#1144=ORIENTED_EDGE('',*,*,#2722,.T.);
#1145=ORIENTED_EDGE('',*,*,#2723,.T.);
#1146=ORIENTED_EDGE('',*,*,#2429,.T.);
#1147=ORIENTED_EDGE('',*,*,#2724,.T.);
#1148=ORIENTED_EDGE('',*,*,#2640,.F.);
#1149=ORIENTED_EDGE('',*,*,#2725,.T.);
#1150=ORIENTED_EDGE('',*,*,#2726,.T.);
#1151=ORIENTED_EDGE('',*,*,#2727,.T.);
#1152=ORIENTED_EDGE('',*,*,#2728,.T.);
#1153=ORIENTED_EDGE('',*,*,#2432,.T.);
#1154=ORIENTED_EDGE('',*,*,#2633,.F.);
#1155=ORIENTED_EDGE('',*,*,#2720,.F.);
#1156=ORIENTED_EDGE('',*,*,#2461,.F.);
#1157=ORIENTED_EDGE('',*,*,#2436,.T.);
#1158=ORIENTED_EDGE('',*,*,#2729,.T.);
#1159=ORIENTED_EDGE('',*,*,#2730,.F.);
#1160=ORIENTED_EDGE('',*,*,#2634,.F.);
#1161=ORIENTED_EDGE('',*,*,#2730,.T.);
#1162=ORIENTED_EDGE('',*,*,#2731,.T.);
#1163=ORIENTED_EDGE('',*,*,#2713,.F.);
#1164=ORIENTED_EDGE('',*,*,#2427,.T.);
#1165=ORIENTED_EDGE('',*,*,#2732,.T.);
#1166=ORIENTED_EDGE('',*,*,#2733,.T.);
#1167=ORIENTED_EDGE('',*,*,#2734,.T.);
#1168=ORIENTED_EDGE('',*,*,#2425,.T.);
#1169=ORIENTED_EDGE('',*,*,#2735,.T.);
#1170=ORIENTED_EDGE('',*,*,#2736,.F.);
#1171=ORIENTED_EDGE('',*,*,#2737,.T.);
#1172=ORIENTED_EDGE('',*,*,#2738,.T.);
#1173=ORIENTED_EDGE('',*,*,#2739,.T.);
#1174=ORIENTED_EDGE('',*,*,#2740,.T.);
#1175=ORIENTED_EDGE('',*,*,#2741,.F.);
#1176=ORIENTED_EDGE('',*,*,#2742,.T.);
#1177=ORIENTED_EDGE('',*,*,#2743,.T.);
#1178=ORIENTED_EDGE('',*,*,#2744,.F.);
#1179=ORIENTED_EDGE('',*,*,#2745,.F.);
#1180=ORIENTED_EDGE('',*,*,#2733,.F.);
#1181=ORIENTED_EDGE('',*,*,#2746,.T.);
#1182=ORIENTED_EDGE('',*,*,#2739,.F.);
#1183=ORIENTED_EDGE('',*,*,#2747,.F.);
#1184=ORIENTED_EDGE('',*,*,#2748,.T.);
#1185=ORIENTED_EDGE('',*,*,#2741,.T.);
#1186=ORIENTED_EDGE('',*,*,#2749,.F.);
#1187=ORIENTED_EDGE('',*,*,#2750,.F.);
#1188=ORIENTED_EDGE('',*,*,#2722,.F.);
#1189=ORIENTED_EDGE('',*,*,#2751,.T.);
#1190=ORIENTED_EDGE('',*,*,#2752,.F.);
#1191=ORIENTED_EDGE('',*,*,#2753,.T.);
#1192=ORIENTED_EDGE('',*,*,#2747,.T.);
#1193=ORIENTED_EDGE('',*,*,#2738,.F.);
#1194=ORIENTED_EDGE('',*,*,#2754,.F.);
#1195=ORIENTED_EDGE('',*,*,#2641,.F.);
#1196=ORIENTED_EDGE('',*,*,#2726,.F.);
#1197=ORIENTED_EDGE('',*,*,#2743,.F.);
#1198=ORIENTED_EDGE('',*,*,#2755,.F.);
#1199=ORIENTED_EDGE('',*,*,#2737,.F.);
#1200=ORIENTED_EDGE('',*,*,#2756,.F.);
#1201=ORIENTED_EDGE('',*,*,#2757,.T.);
#1202=ORIENTED_EDGE('',*,*,#2754,.T.);
#1203=ORIENTED_EDGE('',*,*,#2644,.T.);
#1204=ORIENTED_EDGE('',*,*,#2758,.T.);
#1205=ORIENTED_EDGE('',*,*,#2752,.T.);
#1206=ORIENTED_EDGE('',*,*,#2757,.F.);
#1207=ORIENTED_EDGE('',*,*,#2759,.F.);
#1208=ORIENTED_EDGE('',*,*,#2760,.T.);
#1209=ORIENTED_EDGE('',*,*,#2742,.F.);
#1210=ORIENTED_EDGE('',*,*,#2761,.T.);
#1211=ORIENTED_EDGE('',*,*,#2642,.T.);
#1212=ORIENTED_EDGE('',*,*,#2755,.T.);
#1213=ORIENTED_EDGE('',*,*,#2748,.F.);
#1214=ORIENTED_EDGE('',*,*,#2753,.F.);
#1215=ORIENTED_EDGE('',*,*,#2758,.F.);
#1216=ORIENTED_EDGE('',*,*,#2643,.T.);
#1217=ORIENTED_EDGE('',*,*,#2761,.F.);
#1218=ORIENTED_EDGE('',*,*,#2762,.T.);
#1219=ORIENTED_EDGE('',*,*,#2763,.T.);
#1220=ORIENTED_EDGE('',*,*,#2759,.T.);
#1221=ORIENTED_EDGE('',*,*,#2756,.T.);
#1222=ORIENTED_EDGE('',*,*,#2736,.T.);
#1223=ORIENTED_EDGE('',*,*,#2764,.T.);
#1224=ORIENTED_EDGE('',*,*,#2384,.F.);
#1225=ORIENTED_EDGE('',*,*,#2765,.T.);
#1226=ORIENTED_EDGE('',*,*,#2766,.T.);
#1227=ORIENTED_EDGE('',*,*,#2767,.T.);
#1228=ORIENTED_EDGE('',*,*,#2637,.F.);
#1229=ORIENTED_EDGE('',*,*,#2768,.F.);
#1230=ORIENTED_EDGE('',*,*,#2769,.T.);
#1231=ORIENTED_EDGE('',*,*,#2750,.T.);
#1232=ORIENTED_EDGE('',*,*,#2749,.T.);
#1233=ORIENTED_EDGE('',*,*,#2745,.T.);
#1234=ORIENTED_EDGE('',*,*,#2744,.T.);
#1235=ORIENTED_EDGE('',*,*,#2725,.F.);
#1236=ORIENTED_EDGE('',*,*,#2639,.T.);
#1237=ORIENTED_EDGE('',*,*,#2770,.T.);
#1238=ORIENTED_EDGE('',*,*,#2771,.T.);
#1239=ORIENTED_EDGE('',*,*,#2768,.T.);
#1240=ORIENTED_EDGE('',*,*,#2638,.F.);
#1241=ORIENTED_EDGE('',*,*,#2767,.F.);
#1242=ORIENTED_EDGE('',*,*,#2636,.F.);
#1243=ORIENTED_EDGE('',*,*,#2716,.F.);
#1244=ORIENTED_EDGE('',*,*,#2772,.F.);
#1245=ORIENTED_EDGE('',*,*,#2765,.F.);
#1246=ORIENTED_EDGE('',*,*,#2770,.F.);
#1247=ORIENTED_EDGE('',*,*,#2766,.F.);
#1248=ORIENTED_EDGE('',*,*,#2773,.F.);
#1249=ORIENTED_EDGE('',*,*,#2727,.F.);
#1250=ORIENTED_EDGE('',*,*,#2431,.F.);
#1251=ORIENTED_EDGE('',*,*,#2774,.T.);
#1252=ORIENTED_EDGE('',*,*,#2773,.T.);
#1253=ORIENTED_EDGE('',*,*,#2772,.T.);
#1254=ORIENTED_EDGE('',*,*,#2775,.F.);
#1255=ORIENTED_EDGE('',*,*,#2775,.T.);
#1256=ORIENTED_EDGE('',*,*,#2715,.F.);
#1257=ORIENTED_EDGE('',*,*,#2433,.F.);
#1258=ORIENTED_EDGE('',*,*,#2728,.F.);
#1259=ORIENTED_EDGE('',*,*,#2430,.F.);
#1260=ORIENTED_EDGE('',*,*,#2723,.F.);
#1261=ORIENTED_EDGE('',*,*,#2769,.F.);
#1262=ORIENTED_EDGE('',*,*,#2771,.F.);
#1263=ORIENTED_EDGE('',*,*,#2774,.F.);
#1264=ORIENTED_EDGE('',*,*,#2751,.F.);
#1265=ORIENTED_EDGE('',*,*,#2724,.F.);
#1266=ORIENTED_EDGE('',*,*,#2428,.F.);
#1267=ORIENTED_EDGE('',*,*,#2734,.F.);
#1268=ORIENTED_EDGE('',*,*,#2426,.F.);
#1269=ORIENTED_EDGE('',*,*,#2740,.F.);
#1270=ORIENTED_EDGE('',*,*,#2746,.F.);
#1271=ORIENTED_EDGE('',*,*,#2732,.F.);
#1272=ORIENTED_EDGE('',*,*,#2764,.F.);
#1273=ORIENTED_EDGE('',*,*,#2735,.F.);
#1274=ORIENTED_EDGE('',*,*,#2424,.F.);
#1275=ORIENTED_EDGE('',*,*,#2385,.F.);
#1276=ORIENTED_EDGE('',*,*,#2729,.F.);
#1277=ORIENTED_EDGE('',*,*,#2435,.F.);
#1278=ORIENTED_EDGE('',*,*,#2714,.F.);
#1279=ORIENTED_EDGE('',*,*,#2731,.F.);
#1280=ORIENTED_EDGE('',*,*,#2776,.F.);
#1281=ORIENTED_EDGE('',*,*,#2411,.T.);
#1282=ORIENTED_EDGE('',*,*,#2777,.T.);
#1283=ORIENTED_EDGE('',*,*,#2460,.F.);
#1284=ORIENTED_EDGE('',*,*,#2778,.F.);
#1285=ORIENTED_EDGE('',*,*,#2629,.T.);
#1286=ORIENTED_EDGE('',*,*,#2779,.F.);
#1287=ORIENTED_EDGE('',*,*,#2780,.F.);
#1288=ORIENTED_EDGE('',*,*,#2449,.F.);
#1289=ORIENTED_EDGE('',*,*,#2781,.F.);
#1290=ORIENTED_EDGE('',*,*,#2626,.F.);
#1291=ORIENTED_EDGE('',*,*,#2782,.F.);
#1292=ORIENTED_EDGE('',*,*,#2783,.F.);
#1293=ORIENTED_EDGE('',*,*,#2444,.F.);
#1294=ORIENTED_EDGE('',*,*,#2784,.F.);
#1295=ORIENTED_EDGE('',*,*,#2785,.F.);
#1296=ORIENTED_EDGE('',*,*,#2786,.F.);
#1297=ORIENTED_EDGE('',*,*,#2446,.F.);
#1298=ORIENTED_EDGE('',*,*,#2787,.F.);
#1299=ORIENTED_EDGE('',*,*,#2628,.F.);
#1300=ORIENTED_EDGE('',*,*,#2788,.T.);
#1301=ORIENTED_EDGE('',*,*,#2789,.F.);
#1302=ORIENTED_EDGE('',*,*,#2442,.F.);
#1303=ORIENTED_EDGE('',*,*,#2790,.T.);
#1304=ORIENTED_EDGE('',*,*,#2776,.T.);
#1305=ORIENTED_EDGE('',*,*,#2627,.F.);
#1306=ORIENTED_EDGE('',*,*,#2785,.T.);
#1307=ORIENTED_EDGE('',*,*,#2791,.F.);
#1308=ORIENTED_EDGE('',*,*,#2788,.F.);
#1309=ORIENTED_EDGE('',*,*,#2451,.F.);
#1310=ORIENTED_EDGE('',*,*,#2792,.F.);
#1311=ORIENTED_EDGE('',*,*,#2793,.F.);
#1312=ORIENTED_EDGE('',*,*,#2794,.F.);
#1313=ORIENTED_EDGE('',*,*,#2453,.F.);
#1314=ORIENTED_EDGE('',*,*,#2795,.F.);
#1315=ORIENTED_EDGE('',*,*,#2796,.F.);
#1316=ORIENTED_EDGE('',*,*,#2797,.F.);
#1317=ORIENTED_EDGE('',*,*,#2798,.F.);
#1318=ORIENTED_EDGE('',*,*,#2799,.T.);
#1319=ORIENTED_EDGE('',*,*,#2800,.F.);
#1320=ORIENTED_EDGE('',*,*,#2801,.F.);
#1321=ORIENTED_EDGE('',*,*,#2802,.T.);
#1322=ORIENTED_EDGE('',*,*,#2420,.T.);
#1323=ORIENTED_EDGE('',*,*,#2803,.F.);
#1324=ORIENTED_EDGE('',*,*,#2804,.F.);
#1325=ORIENTED_EDGE('',*,*,#2805,.F.);
#1326=ORIENTED_EDGE('',*,*,#2806,.F.);
#1327=ORIENTED_EDGE('',*,*,#2807,.F.);
#1328=ORIENTED_EDGE('',*,*,#2808,.F.);
#1329=ORIENTED_EDGE('',*,*,#2793,.T.);
#1330=ORIENTED_EDGE('',*,*,#2809,.F.);
#1331=ORIENTED_EDGE('',*,*,#2779,.T.);
#1332=ORIENTED_EDGE('',*,*,#2810,.F.);
#1333=ORIENTED_EDGE('',*,*,#2811,.F.);
#1334=ORIENTED_EDGE('',*,*,#2804,.T.);
#1335=ORIENTED_EDGE('',*,*,#2812,.F.);
#1336=ORIENTED_EDGE('',*,*,#2813,.T.);
#1337=ORIENTED_EDGE('',*,*,#2796,.T.);
#1338=ORIENTED_EDGE('',*,*,#2814,.F.);
#1339=ORIENTED_EDGE('',*,*,#2815,.T.);
#1340=ORIENTED_EDGE('',*,*,#2816,.T.);
#1341=ORIENTED_EDGE('',*,*,#2797,.T.);
#1342=ORIENTED_EDGE('',*,*,#2813,.F.);
#1343=ORIENTED_EDGE('',*,*,#2817,.F.);
#1344=ORIENTED_EDGE('',*,*,#2620,.F.);
#1345=ORIENTED_EDGE('',*,*,#2818,.T.);
#1346=ORIENTED_EDGE('',*,*,#2807,.T.);
#1347=ORIENTED_EDGE('',*,*,#2717,.T.);
#1348=ORIENTED_EDGE('',*,*,#2798,.T.);
#1349=ORIENTED_EDGE('',*,*,#2816,.F.);
#1350=ORIENTED_EDGE('',*,*,#2819,.F.);
#1351=ORIENTED_EDGE('',*,*,#2820,.T.);
#1352=ORIENTED_EDGE('',*,*,#2617,.F.);
#1353=ORIENTED_EDGE('',*,*,#2821,.T.);
#1354=ORIENTED_EDGE('',*,*,#2822,.T.);
#1355=ORIENTED_EDGE('',*,*,#2819,.T.);
#1356=ORIENTED_EDGE('',*,*,#2815,.F.);
#1357=ORIENTED_EDGE('',*,*,#2823,.F.);
#1358=ORIENTED_EDGE('',*,*,#2808,.T.);
#1359=ORIENTED_EDGE('',*,*,#2818,.F.);
#1360=ORIENTED_EDGE('',*,*,#2619,.F.);
#1361=ORIENTED_EDGE('',*,*,#2824,.F.);
#1362=ORIENTED_EDGE('',*,*,#2812,.T.);
#1363=ORIENTED_EDGE('',*,*,#2824,.T.);
#1364=ORIENTED_EDGE('',*,*,#2618,.F.);
#1365=ORIENTED_EDGE('',*,*,#2823,.T.);
#1366=ORIENTED_EDGE('',*,*,#2817,.T.);
#1367=ORIENTED_EDGE('',*,*,#2822,.F.);
#1368=ORIENTED_EDGE('',*,*,#2825,.T.);
#1369=ORIENTED_EDGE('',*,*,#2826,.T.);
#1370=ORIENTED_EDGE('',*,*,#2801,.T.);
#1371=ORIENTED_EDGE('',*,*,#2827,.F.);
#1372=ORIENTED_EDGE('',*,*,#2799,.F.);
#1373=ORIENTED_EDGE('',*,*,#2820,.F.);
#1374=ORIENTED_EDGE('',*,*,#2828,.F.);
#1375=ORIENTED_EDGE('',*,*,#2624,.T.);
#1376=ORIENTED_EDGE('',*,*,#2829,.F.);
#1377=ORIENTED_EDGE('',*,*,#2830,.F.);
#1378=ORIENTED_EDGE('',*,*,#2831,.T.);
#1379=ORIENTED_EDGE('',*,*,#2622,.F.);
#1380=ORIENTED_EDGE('',*,*,#2718,.T.);
#1381=ORIENTED_EDGE('',*,*,#2806,.T.);
#1382=ORIENTED_EDGE('',*,*,#2805,.T.);
#1383=ORIENTED_EDGE('',*,*,#2811,.T.);
#1384=ORIENTED_EDGE('',*,*,#2810,.T.);
#1385=ORIENTED_EDGE('',*,*,#2832,.F.);
#1386=ORIENTED_EDGE('',*,*,#2833,.F.);
#1387=ORIENTED_EDGE('',*,*,#2829,.T.);
#1388=ORIENTED_EDGE('',*,*,#2623,.T.);
#1389=ORIENTED_EDGE('',*,*,#2831,.F.);
#1390=ORIENTED_EDGE('',*,*,#2834,.F.);
#1391=ORIENTED_EDGE('',*,*,#2625,.T.);
#1392=ORIENTED_EDGE('',*,*,#2828,.T.);
#1393=ORIENTED_EDGE('',*,*,#2835,.T.);
#1394=ORIENTED_EDGE('',*,*,#2782,.T.);
#1395=ORIENTED_EDGE('',*,*,#2833,.T.);
#1396=ORIENTED_EDGE('',*,*,#2836,.F.);
#1397=ORIENTED_EDGE('',*,*,#2447,.T.);
#1398=ORIENTED_EDGE('',*,*,#2786,.T.);
#1399=ORIENTED_EDGE('',*,*,#2837,.T.);
#1400=ORIENTED_EDGE('',*,*,#2830,.T.);
#1401=ORIENTED_EDGE('',*,*,#2837,.F.);
#1402=ORIENTED_EDGE('',*,*,#2838,.T.);
#1403=ORIENTED_EDGE('',*,*,#2835,.F.);
#1404=ORIENTED_EDGE('',*,*,#2838,.F.);
#1405=ORIENTED_EDGE('',*,*,#2787,.T.);
#1406=ORIENTED_EDGE('',*,*,#2445,.T.);
#1407=ORIENTED_EDGE('',*,*,#2783,.T.);
#1408=ORIENTED_EDGE('',*,*,#2448,.T.);
#1409=ORIENTED_EDGE('',*,*,#2836,.T.);
#1410=ORIENTED_EDGE('',*,*,#2834,.T.);
#1411=ORIENTED_EDGE('',*,*,#2832,.T.);
#1412=ORIENTED_EDGE('',*,*,#2781,.T.);
#1413=ORIENTED_EDGE('',*,*,#2809,.T.);
#1414=ORIENTED_EDGE('',*,*,#2792,.T.);
#1415=ORIENTED_EDGE('',*,*,#2450,.T.);
#1416=ORIENTED_EDGE('',*,*,#2780,.T.);
#1417=ORIENTED_EDGE('',*,*,#2452,.T.);
#1418=ORIENTED_EDGE('',*,*,#2794,.T.);
#1419=ORIENTED_EDGE('',*,*,#2814,.T.);
#1420=ORIENTED_EDGE('',*,*,#2795,.T.);
#1421=ORIENTED_EDGE('',*,*,#2827,.T.);
#1422=ORIENTED_EDGE('',*,*,#2803,.T.);
#1423=ORIENTED_EDGE('',*,*,#2454,.T.);
#1424=ORIENTED_EDGE('',*,*,#2800,.T.);
#1425=ORIENTED_EDGE('',*,*,#2789,.T.);
#1426=ORIENTED_EDGE('',*,*,#2791,.T.);
#1427=ORIENTED_EDGE('',*,*,#2784,.T.);
#1428=ORIENTED_EDGE('',*,*,#2443,.T.);
#1429=ORIENTED_EDGE('',*,*,#2721,.F.);
#1430=ORIENTED_EDGE('',*,*,#2631,.T.);
#1431=ORIENTED_EDGE('',*,*,#2464,.T.);
#1432=ORIENTED_EDGE('',*,*,#2395,.T.);
#1433=ORIENTED_EDGE('',*,*,#2456,.F.);
#1434=ORIENTED_EDGE('',*,*,#2463,.F.);
#1435=ORIENTED_EDGE('',*,*,#2630,.T.);
#1436=ORIENTED_EDGE('',*,*,#2778,.T.);
#1437=ORIENTED_EDGE('',*,*,#2459,.F.);
#1438=ORIENTED_EDGE('',*,*,#2392,.F.);
#1439=ORIENTED_EDGE('',*,*,#2790,.F.);
#1440=ORIENTED_EDGE('',*,*,#2441,.F.);
#1441=ORIENTED_EDGE('',*,*,#2462,.F.);
#1442=ORIENTED_EDGE('',*,*,#2412,.T.);
#1443=ORIENTED_EDGE('',*,*,#2458,.F.);
#1444=ORIENTED_EDGE('',*,*,#2777,.F.);
#1445=ORIENTED_EDGE('',*,*,#2410,.T.);
#1446=ORIENTED_EDGE('',*,*,#2394,.T.);
#1447=ORIENTED_EDGE('',*,*,#2457,.F.);
#1448=ORIENTED_EDGE('',*,*,#2397,.F.);
#1449=ORIENTED_EDGE('',*,*,#2418,.T.);
#1450=ORIENTED_EDGE('',*,*,#2719,.T.);
#1451=ORIENTED_EDGE('',*,*,#2584,.F.);
#1452=ORIENTED_EDGE('',*,*,#2839,.T.);
#1453=ORIENTED_EDGE('',*,*,#2578,.F.);
#1454=ORIENTED_EDGE('',*,*,#2840,.T.);
#1455=ORIENTED_EDGE('',*,*,#2580,.F.);
#1456=ORIENTED_EDGE('',*,*,#2841,.T.);
#1457=ORIENTED_EDGE('',*,*,#2574,.F.);
#1458=ORIENTED_EDGE('',*,*,#2842,.T.);
#1459=ORIENTED_EDGE('',*,*,#2572,.F.);
#1460=ORIENTED_EDGE('',*,*,#2843,.T.);
#1461=ORIENTED_EDGE('',*,*,#2566,.F.);
#1462=ORIENTED_EDGE('',*,*,#2844,.T.);
#1463=ORIENTED_EDGE('',*,*,#2576,.F.);
#1464=ORIENTED_EDGE('',*,*,#2845,.T.);
#1465=ORIENTED_EDGE('',*,*,#2570,.F.);
#1466=ORIENTED_EDGE('',*,*,#2846,.T.);
#1467=ORIENTED_EDGE('',*,*,#2847,.F.);
#1468=ORIENTED_EDGE('',*,*,#2840,.F.);
#1469=ORIENTED_EDGE('',*,*,#2848,.T.);
#1470=ORIENTED_EDGE('',*,*,#2594,.F.);
#1471=ORIENTED_EDGE('',*,*,#2477,.F.);
#1472=ORIENTED_EDGE('',*,*,#2559,.F.);
#1473=ORIENTED_EDGE('',*,*,#2849,.F.);
#1474=ORIENTED_EDGE('',*,*,#2850,.F.);
#1475=ORIENTED_EDGE('',*,*,#2849,.T.);
#1476=ORIENTED_EDGE('',*,*,#2558,.F.);
#1477=ORIENTED_EDGE('',*,*,#2851,.F.);
#1478=ORIENTED_EDGE('',*,*,#2583,.F.);
#1479=ORIENTED_EDGE('',*,*,#2848,.F.);
#1480=ORIENTED_EDGE('',*,*,#2581,.F.);
#1481=ORIENTED_EDGE('',*,*,#2852,.T.);
#1482=ORIENTED_EDGE('',*,*,#2595,.F.);
#1483=ORIENTED_EDGE('',*,*,#2847,.T.);
#1484=ORIENTED_EDGE('',*,*,#2593,.F.);
#1485=ORIENTED_EDGE('',*,*,#2853,.F.);
#1486=ORIENTED_EDGE('',*,*,#2585,.F.);
#1487=ORIENTED_EDGE('',*,*,#2850,.T.);
#1488=ORIENTED_EDGE('',*,*,#2582,.F.);
#1489=ORIENTED_EDGE('',*,*,#2854,.F.);
#1490=ORIENTED_EDGE('',*,*,#2478,.F.);
#1491=ORIENTED_EDGE('',*,*,#2851,.T.);
#1492=ORIENTED_EDGE('',*,*,#2557,.F.);
#1493=ORIENTED_EDGE('',*,*,#2855,.F.);
#1494=ORIENTED_EDGE('',*,*,#2839,.F.);
#1495=ORIENTED_EDGE('',*,*,#2852,.F.);
#1496=ORIENTED_EDGE('',*,*,#2842,.F.);
#1497=ORIENTED_EDGE('',*,*,#2856,.T.);
#1498=ORIENTED_EDGE('',*,*,#2853,.T.);
#1499=ORIENTED_EDGE('',*,*,#2592,.T.);
#1500=ORIENTED_EDGE('',*,*,#2857,.F.);
#1501=ORIENTED_EDGE('',*,*,#2854,.T.);
#1502=ORIENTED_EDGE('',*,*,#2855,.T.);
#1503=ORIENTED_EDGE('',*,*,#2556,.F.);
#1504=ORIENTED_EDGE('',*,*,#2858,.F.);
#1505=ORIENTED_EDGE('',*,*,#2579,.F.);
#1506=ORIENTED_EDGE('',*,*,#2856,.F.);
#1507=ORIENTED_EDGE('',*,*,#2577,.F.);
#1508=ORIENTED_EDGE('',*,*,#2859,.F.);
#1509=ORIENTED_EDGE('',*,*,#2596,.F.);
#1510=ORIENTED_EDGE('',*,*,#2857,.T.);
#1511=ORIENTED_EDGE('',*,*,#2591,.F.);
#1512=ORIENTED_EDGE('',*,*,#2860,.F.);
#1513=ORIENTED_EDGE('',*,*,#2479,.F.);
#1514=ORIENTED_EDGE('',*,*,#2841,.F.);
#1515=ORIENTED_EDGE('',*,*,#2858,.T.);
#1516=ORIENTED_EDGE('',*,*,#2861,.F.);
#1517=ORIENTED_EDGE('',*,*,#2859,.T.);
#1518=ORIENTED_EDGE('',*,*,#2846,.F.);
#1519=ORIENTED_EDGE('',*,*,#2862,.F.);
#1520=ORIENTED_EDGE('',*,*,#2860,.T.);
#1521=ORIENTED_EDGE('',*,*,#2590,.F.);
#1522=ORIENTED_EDGE('',*,*,#2863,.F.);
#1523=ORIENTED_EDGE('',*,*,#2549,.F.);
#1524=ORIENTED_EDGE('',*,*,#2861,.T.);
#1525=ORIENTED_EDGE('',*,*,#2555,.F.);
#1526=ORIENTED_EDGE('',*,*,#2864,.F.);
#1527=ORIENTED_EDGE('',*,*,#2575,.F.);
#1528=ORIENTED_EDGE('',*,*,#2862,.T.);
#1529=ORIENTED_EDGE('',*,*,#2573,.F.);
#1530=ORIENTED_EDGE('',*,*,#2865,.F.);
#1531=ORIENTED_EDGE('',*,*,#2597,.F.);
#1532=ORIENTED_EDGE('',*,*,#2863,.T.);
#1533=ORIENTED_EDGE('',*,*,#2589,.F.);
#1534=ORIENTED_EDGE('',*,*,#2866,.T.);
#1535=ORIENTED_EDGE('',*,*,#2560,.F.);
#1536=ORIENTED_EDGE('',*,*,#2845,.F.);
#1537=ORIENTED_EDGE('',*,*,#2864,.T.);
#1538=ORIENTED_EDGE('',*,*,#2867,.F.);
#1539=ORIENTED_EDGE('',*,*,#2865,.T.);
#1540=ORIENTED_EDGE('',*,*,#2844,.F.);
#1541=ORIENTED_EDGE('',*,*,#2868,.F.);
#1542=ORIENTED_EDGE('',*,*,#2866,.F.);
#1543=ORIENTED_EDGE('',*,*,#2588,.F.);
#1544=ORIENTED_EDGE('',*,*,#2869,.T.);
#1545=ORIENTED_EDGE('',*,*,#2548,.F.);
#1546=ORIENTED_EDGE('',*,*,#2867,.T.);
#1547=ORIENTED_EDGE('',*,*,#2554,.F.);
#1548=ORIENTED_EDGE('',*,*,#2870,.F.);
#1549=ORIENTED_EDGE('',*,*,#2571,.F.);
#1550=ORIENTED_EDGE('',*,*,#2868,.T.);
#1551=ORIENTED_EDGE('',*,*,#2569,.F.);
#1552=ORIENTED_EDGE('',*,*,#2871,.F.);
#1553=ORIENTED_EDGE('',*,*,#2598,.F.);
#1554=ORIENTED_EDGE('',*,*,#2869,.F.);
#1555=ORIENTED_EDGE('',*,*,#2587,.F.);
#1556=ORIENTED_EDGE('',*,*,#2872,.F.);
#1557=ORIENTED_EDGE('',*,*,#2473,.F.);
#1558=ORIENTED_EDGE('',*,*,#2843,.F.);
#1559=ORIENTED_EDGE('',*,*,#2870,.T.);
#1560=ORIENTED_EDGE('',*,*,#2873,.F.);
#1561=ORIENTED_EDGE('',*,*,#2586,.T.);
#1562=ORIENTED_EDGE('',*,*,#2871,.T.);
#1563=ORIENTED_EDGE('',*,*,#2874,.F.);
#1564=ORIENTED_EDGE('',*,*,#2872,.T.);
#1565=ORIENTED_EDGE('',*,*,#2873,.T.);
#1566=ORIENTED_EDGE('',*,*,#2553,.F.);
#1567=ORIENTED_EDGE('',*,*,#2875,.F.);
#1568=ORIENTED_EDGE('',*,*,#2567,.F.);
#1569=ORIENTED_EDGE('',*,*,#2874,.T.);
#1570=ORIENTED_EDGE('',*,*,#2568,.F.);
#1571=ORIENTED_EDGE('',*,*,#2876,.F.);
#1572=ORIENTED_EDGE('',*,*,#2474,.F.);
#1573=ORIENTED_EDGE('',*,*,#2552,.F.);
#1574=ORIENTED_EDGE('',*,*,#2475,.F.);
#1575=ORIENTED_EDGE('',*,*,#2876,.T.);
#1576=ORIENTED_EDGE('',*,*,#2875,.T.);
#1577=ORIENTED_EDGE('',*,*,#2877,.T.);
#1578=ORIENTED_EDGE('',*,*,#2691,.F.);
#1579=ORIENTED_EDGE('',*,*,#2878,.F.);
#1580=ORIENTED_EDGE('',*,*,#2505,.F.);
#1581=ORIENTED_EDGE('',*,*,#2878,.T.);
#1582=ORIENTED_EDGE('',*,*,#2690,.F.);
#1583=ORIENTED_EDGE('',*,*,#2879,.F.);
#1584=ORIENTED_EDGE('',*,*,#2661,.F.);
#1585=ORIENTED_EDGE('',*,*,#2877,.F.);
#1586=ORIENTED_EDGE('',*,*,#2664,.F.);
#1587=ORIENTED_EDGE('',*,*,#2880,.T.);
#1588=ORIENTED_EDGE('',*,*,#2692,.F.);
#1589=ORIENTED_EDGE('',*,*,#2879,.T.);
#1590=ORIENTED_EDGE('',*,*,#2689,.F.);
#1591=ORIENTED_EDGE('',*,*,#2881,.F.);
#1592=ORIENTED_EDGE('',*,*,#2648,.F.);
#1593=ORIENTED_EDGE('',*,*,#2882,.T.);
#1594=ORIENTED_EDGE('',*,*,#2880,.F.);
#1595=ORIENTED_EDGE('',*,*,#2883,.T.);
#1596=ORIENTED_EDGE('',*,*,#2881,.T.);
#1597=ORIENTED_EDGE('',*,*,#2700,.F.);
#1598=ORIENTED_EDGE('',*,*,#2884,.F.);
#1599=ORIENTED_EDGE('',*,*,#2681,.F.);
#1600=ORIENTED_EDGE('',*,*,#2503,.F.);
#1601=ORIENTED_EDGE('',*,*,#2688,.F.);
#1602=ORIENTED_EDGE('',*,*,#2885,.F.);
#1603=ORIENTED_EDGE('',*,*,#2662,.F.);
#1604=ORIENTED_EDGE('',*,*,#2883,.F.);
#1605=ORIENTED_EDGE('',*,*,#2663,.F.);
#1606=ORIENTED_EDGE('',*,*,#2886,.T.);
#1607=ORIENTED_EDGE('',*,*,#2666,.F.);
#1608=ORIENTED_EDGE('',*,*,#2882,.F.);
#1609=ORIENTED_EDGE('',*,*,#2665,.F.);
#1610=ORIENTED_EDGE('',*,*,#2887,.T.);
#1611=ORIENTED_EDGE('',*,*,#2693,.F.);
#1612=ORIENTED_EDGE('',*,*,#2884,.T.);
#1613=ORIENTED_EDGE('',*,*,#2699,.F.);
#1614=ORIENTED_EDGE('',*,*,#2888,.T.);
#1615=ORIENTED_EDGE('',*,*,#2499,.F.);
#1616=ORIENTED_EDGE('',*,*,#2886,.F.);
#1617=ORIENTED_EDGE('',*,*,#2885,.T.);
#1618=ORIENTED_EDGE('',*,*,#2889,.T.);
#1619=ORIENTED_EDGE('',*,*,#2890,.T.);
#1620=ORIENTED_EDGE('',*,*,#2887,.F.);
#1621=ORIENTED_EDGE('',*,*,#2891,.T.);
#1622=ORIENTED_EDGE('',*,*,#2888,.F.);
#1623=ORIENTED_EDGE('',*,*,#2698,.T.);
#1624=ORIENTED_EDGE('',*,*,#2892,.T.);
#1625=ORIENTED_EDGE('',*,*,#2893,.T.);
#1626=ORIENTED_EDGE('',*,*,#2889,.F.);
#1627=ORIENTED_EDGE('',*,*,#2687,.F.);
#1628=ORIENTED_EDGE('',*,*,#2894,.T.);
#1629=ORIENTED_EDGE('',*,*,#2667,.F.);
#1630=ORIENTED_EDGE('',*,*,#2891,.F.);
#1631=ORIENTED_EDGE('',*,*,#2668,.F.);
#1632=ORIENTED_EDGE('',*,*,#2895,.T.);
#1633=ORIENTED_EDGE('',*,*,#2669,.F.);
#1634=ORIENTED_EDGE('',*,*,#2890,.F.);
#1635=ORIENTED_EDGE('',*,*,#2672,.F.);
#1636=ORIENTED_EDGE('',*,*,#2896,.T.);
#1637=ORIENTED_EDGE('',*,*,#2694,.F.);
#1638=ORIENTED_EDGE('',*,*,#2897,.F.);
#1639=ORIENTED_EDGE('',*,*,#2695,.F.);
#1640=ORIENTED_EDGE('',*,*,#2898,.T.);
#1641=ORIENTED_EDGE('',*,*,#2676,.F.);
#1642=ORIENTED_EDGE('',*,*,#2892,.F.);
#1643=ORIENTED_EDGE('',*,*,#2697,.F.);
#1644=ORIENTED_EDGE('',*,*,#2899,.T.);
#1645=ORIENTED_EDGE('',*,*,#2677,.F.);
#1646=ORIENTED_EDGE('',*,*,#2893,.F.);
#1647=ORIENTED_EDGE('',*,*,#2680,.F.);
#1648=ORIENTED_EDGE('',*,*,#2900,.T.);
#1649=ORIENTED_EDGE('',*,*,#2500,.F.);
#1650=ORIENTED_EDGE('',*,*,#2895,.F.);
#1651=ORIENTED_EDGE('',*,*,#2894,.F.);
#1652=ORIENTED_EDGE('',*,*,#2901,.T.);
#1653=ORIENTED_EDGE('',*,*,#2898,.F.);
#1654=ORIENTED_EDGE('',*,*,#2896,.F.);
#1655=ORIENTED_EDGE('',*,*,#2902,.T.);
#1656=ORIENTED_EDGE('',*,*,#2696,.T.);
#1657=ORIENTED_EDGE('',*,*,#2897,.T.);
#1658=ORIENTED_EDGE('',*,*,#2903,.T.);
#1659=ORIENTED_EDGE('',*,*,#2899,.F.);
#1660=ORIENTED_EDGE('',*,*,#2501,.F.);
#1661=ORIENTED_EDGE('',*,*,#2900,.F.);
#1662=ORIENTED_EDGE('',*,*,#2904,.T.);
#1663=ORIENTED_EDGE('',*,*,#2682,.F.);
#1664=ORIENTED_EDGE('',*,*,#2901,.F.);
#1665=ORIENTED_EDGE('',*,*,#2686,.F.);
#1666=ORIENTED_EDGE('',*,*,#2905,.T.);
#1667=ORIENTED_EDGE('',*,*,#2670,.F.);
#1668=ORIENTED_EDGE('',*,*,#2902,.F.);
#1669=ORIENTED_EDGE('',*,*,#2671,.F.);
#1670=ORIENTED_EDGE('',*,*,#2906,.T.);
#1671=ORIENTED_EDGE('',*,*,#2673,.F.);
#1672=ORIENTED_EDGE('',*,*,#2903,.F.);
#1673=ORIENTED_EDGE('',*,*,#2675,.F.);
#1674=ORIENTED_EDGE('',*,*,#2907,.T.);
#1675=ORIENTED_EDGE('',*,*,#2678,.F.);
#1676=ORIENTED_EDGE('',*,*,#2904,.F.);
#1677=ORIENTED_EDGE('',*,*,#2679,.F.);
#1678=ORIENTED_EDGE('',*,*,#2908,.T.);
#1679=ORIENTED_EDGE('',*,*,#2683,.F.);
#1680=ORIENTED_EDGE('',*,*,#2906,.F.);
#1681=ORIENTED_EDGE('',*,*,#2905,.F.);
#1682=ORIENTED_EDGE('',*,*,#2909,.F.);
#1683=ORIENTED_EDGE('',*,*,#2908,.F.);
#1684=ORIENTED_EDGE('',*,*,#2907,.F.);
#1685=ORIENTED_EDGE('',*,*,#2910,.T.);
#1686=ORIENTED_EDGE('',*,*,#2684,.T.);
#1687=ORIENTED_EDGE('',*,*,#2909,.T.);
#1688=ORIENTED_EDGE('',*,*,#2685,.F.);
#1689=ORIENTED_EDGE('',*,*,#2910,.F.);
#1690=ORIENTED_EDGE('',*,*,#2674,.F.);
#1691=ORIENTED_EDGE('',*,*,#2613,.F.);
#1692=ORIENTED_EDGE('',*,*,#2702,.F.);
#1693=ORIENTED_EDGE('',*,*,#2709,.F.);
#1694=ORIENTED_EDGE('',*,*,#2382,.F.);
#1695=ORIENTED_EDGE('',*,*,#2610,.F.);
#1696=ORIENTED_EDGE('',*,*,#2712,.F.);
#1697=ORIENTED_EDGE('',*,*,#2710,.F.);
#1698=ORIENTED_EDGE('',*,*,#2605,.F.);
#1699=ORIENTED_EDGE('',*,*,#2615,.T.);
#1700=ORIENTED_EDGE('',*,*,#2911,.T.);
#1701=ORIENTED_EDGE('',*,*,#2707,.T.);
#1702=ORIENTED_EDGE('',*,*,#2912,.F.);
#1703=ORIENTED_EDGE('',*,*,#2421,.T.);
#1704=ORIENTED_EDGE('',*,*,#2802,.F.);
#1705=ORIENTED_EDGE('',*,*,#2826,.F.);
#1706=ORIENTED_EDGE('',*,*,#2913,.T.);
#1707=ORIENTED_EDGE('',*,*,#2705,.T.);
#1708=ORIENTED_EDGE('',*,*,#2914,.T.);
#1709=ORIENTED_EDGE('',*,*,#2607,.T.);
#1710=ORIENTED_EDGE('',*,*,#2915,.T.);
#1711=ORIENTED_EDGE('',*,*,#2762,.F.);
#1712=ORIENTED_EDGE('',*,*,#2383,.T.);
#1713=ORIENTED_EDGE('',*,*,#2423,.T.);
#1714=ORIENTED_EDGE('',*,*,#2916,.T.);
#1715=ORIENTED_EDGE('',*,*,#2706,.T.);
#1716=ORIENTED_EDGE('',*,*,#2916,.F.);
#1717=ORIENTED_EDGE('',*,*,#2422,.T.);
#1718=ORIENTED_EDGE('',*,*,#2912,.T.);
#1719=ORIENTED_EDGE('',*,*,#2913,.F.);
#1720=ORIENTED_EDGE('',*,*,#2825,.F.);
#1721=ORIENTED_EDGE('',*,*,#2821,.F.);
#1722=ORIENTED_EDGE('',*,*,#2616,.F.);
#1723=ORIENTED_EDGE('',*,*,#2915,.F.);
#1724=ORIENTED_EDGE('',*,*,#2645,.F.);
#1725=ORIENTED_EDGE('',*,*,#2760,.F.);
#1726=ORIENTED_EDGE('',*,*,#2763,.F.);
#1727=ORIENTED_EDGE('',*,*,#2704,.F.);
#1728=ORIENTED_EDGE('',*,*,#2711,.F.);
#1729=ORIENTED_EDGE('',*,*,#2608,.F.);
#1730=ORIENTED_EDGE('',*,*,#2914,.F.);
#1731=ORIENTED_EDGE('',*,*,#2614,.F.);
#1732=ORIENTED_EDGE('',*,*,#2380,.F.);
#1733=ORIENTED_EDGE('',*,*,#2708,.F.);
#1734=ORIENTED_EDGE('',*,*,#2911,.F.);
#1735=ORIENTED_EDGE('',*,*,#2360,.F.);
#1736=ORIENTED_EDGE('',*,*,#2364,.T.);
#1737=ORIENTED_EDGE('',*,*,#2370,.F.);
#1738=ORIENTED_EDGE('',*,*,#2367,.F.);
#1739=ORIENTED_EDGE('',*,*,#2660,.F.);
#1740=ORIENTED_EDGE('',*,*,#2646,.F.);
#1741=ORIENTED_EDGE('',*,*,#2525,.F.);
#1742=ORIENTED_EDGE('',*,*,#2523,.F.);
#1743=ORIENTED_EDGE('',*,*,#2530,.F.);
#1744=ORIENTED_EDGE('',*,*,#2470,.F.);
#1745=ORIENTED_EDGE('',*,*,#2917,.F.);
#1746=ORIENTED_EDGE('',*,*,#2918,.T.);
#1747=ORIENTED_EDGE('',*,*,#2919,.F.);
#1748=ORIENTED_EDGE('',*,*,#2920,.T.);
#1749=ORIENTED_EDGE('',*,*,#2921,.T.);
#1750=ORIENTED_EDGE('',*,*,#2922,.T.);
#1751=ORIENTED_EDGE('',*,*,#2923,.F.);
#1752=ORIENTED_EDGE('',*,*,#2924,.T.);
#1753=ORIENTED_EDGE('',*,*,#2925,.F.);
#1754=ORIENTED_EDGE('',*,*,#2926,.F.);
#1755=ORIENTED_EDGE('',*,*,#2927,.T.);
#1756=ORIENTED_EDGE('',*,*,#2928,.T.);
#1757=ORIENTED_EDGE('',*,*,#2929,.T.);
#1758=ORIENTED_EDGE('',*,*,#2930,.F.);
#1759=ORIENTED_EDGE('',*,*,#2931,.F.);
#1760=ORIENTED_EDGE('',*,*,#2932,.F.);
#1761=ORIENTED_EDGE('',*,*,#2933,.F.);
#1762=ORIENTED_EDGE('',*,*,#2934,.T.);
#1763=ORIENTED_EDGE('',*,*,#2935,.T.);
#1764=ORIENTED_EDGE('',*,*,#2936,.F.);
#1765=ORIENTED_EDGE('',*,*,#2937,.F.);
#1766=ORIENTED_EDGE('',*,*,#2938,.F.);
#1767=ORIENTED_EDGE('',*,*,#2939,.T.);
#1768=ORIENTED_EDGE('',*,*,#2940,.T.);
#1769=ORIENTED_EDGE('',*,*,#2941,.F.);
#1770=ORIENTED_EDGE('',*,*,#2942,.F.);
#1771=ORIENTED_EDGE('',*,*,#2943,.T.);
#1772=ORIENTED_EDGE('',*,*,#2944,.T.);
#1773=ORIENTED_EDGE('',*,*,#2945,.F.);
#1774=ORIENTED_EDGE('',*,*,#2946,.F.);
#1775=ORIENTED_EDGE('',*,*,#2947,.F.);
#1776=ORIENTED_EDGE('',*,*,#2948,.T.);
#1777=ORIENTED_EDGE('',*,*,#2949,.T.);
#1778=ORIENTED_EDGE('',*,*,#2950,.T.);
#1779=ORIENTED_EDGE('',*,*,#2951,.T.);
#1780=ORIENTED_EDGE('',*,*,#2952,.F.);
#1781=ORIENTED_EDGE('',*,*,#2943,.F.);
#1782=ORIENTED_EDGE('',*,*,#2953,.F.);
#1783=ORIENTED_EDGE('',*,*,#2954,.F.);
#1784=ORIENTED_EDGE('',*,*,#2955,.F.);
#1785=ORIENTED_EDGE('',*,*,#2956,.F.);
#1786=ORIENTED_EDGE('',*,*,#2957,.T.);
#1787=ORIENTED_EDGE('',*,*,#2949,.F.);
#1788=ORIENTED_EDGE('',*,*,#2958,.F.);
#1789=ORIENTED_EDGE('',*,*,#2959,.T.);
#1790=ORIENTED_EDGE('',*,*,#2960,.T.);
#1791=ORIENTED_EDGE('',*,*,#2961,.F.);
#1792=ORIENTED_EDGE('',*,*,#2962,.F.);
#1793=ORIENTED_EDGE('',*,*,#2963,.T.);
#1794=ORIENTED_EDGE('',*,*,#2950,.F.);
#1795=ORIENTED_EDGE('',*,*,#2957,.F.);
#1796=ORIENTED_EDGE('',*,*,#2964,.F.);
#1797=ORIENTED_EDGE('',*,*,#2965,.T.);
#1798=ORIENTED_EDGE('',*,*,#2966,.T.);
#1799=ORIENTED_EDGE('',*,*,#2967,.T.);
#1800=ORIENTED_EDGE('',*,*,#2968,.T.);
#1801=ORIENTED_EDGE('',*,*,#2919,.T.);
#1802=ORIENTED_EDGE('',*,*,#2969,.T.);
#1803=ORIENTED_EDGE('',*,*,#2970,.F.);
#1804=ORIENTED_EDGE('',*,*,#2971,.F.);
#1805=ORIENTED_EDGE('',*,*,#2954,.T.);
#1806=ORIENTED_EDGE('',*,*,#2972,.F.);
#1807=ORIENTED_EDGE('',*,*,#2973,.T.);
#1808=ORIENTED_EDGE('',*,*,#2974,.T.);
#1809=ORIENTED_EDGE('',*,*,#2975,.F.);
#1810=ORIENTED_EDGE('',*,*,#2976,.T.);
#1811=ORIENTED_EDGE('',*,*,#2972,.T.);
#1812=ORIENTED_EDGE('',*,*,#2977,.T.);
#1813=ORIENTED_EDGE('',*,*,#2962,.T.);
#1814=ORIENTED_EDGE('',*,*,#2978,.T.);
#1815=ORIENTED_EDGE('',*,*,#2979,.T.);
#1816=ORIENTED_EDGE('',*,*,#2980,.T.);
#1817=ORIENTED_EDGE('',*,*,#2970,.T.);
#1818=ORIENTED_EDGE('',*,*,#2981,.T.);
#1819=ORIENTED_EDGE('',*,*,#2982,.T.);
#1820=ORIENTED_EDGE('',*,*,#2983,.F.);
#1821=ORIENTED_EDGE('',*,*,#2984,.T.);
#1822=ORIENTED_EDGE('',*,*,#2985,.T.);
#1823=ORIENTED_EDGE('',*,*,#2986,.T.);
#1824=ORIENTED_EDGE('',*,*,#2987,.F.);
#1825=ORIENTED_EDGE('',*,*,#2988,.F.);
#1826=ORIENTED_EDGE('',*,*,#2989,.T.);
#1827=ORIENTED_EDGE('',*,*,#2990,.F.);
#1828=ORIENTED_EDGE('',*,*,#2991,.T.);
#1829=ORIENTED_EDGE('',*,*,#2992,.T.);
#1830=ORIENTED_EDGE('',*,*,#2993,.F.);
#1831=ORIENTED_EDGE('',*,*,#2994,.T.);
#1832=ORIENTED_EDGE('',*,*,#2995,.F.);
#1833=ORIENTED_EDGE('',*,*,#2996,.F.);
#1834=ORIENTED_EDGE('',*,*,#2997,.T.);
#1835=ORIENTED_EDGE('',*,*,#2998,.F.);
#1836=ORIENTED_EDGE('',*,*,#2995,.T.);
#1837=ORIENTED_EDGE('',*,*,#2999,.T.);
#1838=ORIENTED_EDGE('',*,*,#3000,.T.);
#1839=ORIENTED_EDGE('',*,*,#2997,.F.);
#1840=ORIENTED_EDGE('',*,*,#3001,.F.);
#1841=ORIENTED_EDGE('',*,*,#3002,.F.);
#1842=ORIENTED_EDGE('',*,*,#3003,.T.);
#1843=ORIENTED_EDGE('',*,*,#3004,.F.);
#1844=ORIENTED_EDGE('',*,*,#3005,.F.);
#1845=ORIENTED_EDGE('',*,*,#3006,.T.);
#1846=ORIENTED_EDGE('',*,*,#3007,.T.);
#1847=ORIENTED_EDGE('',*,*,#3001,.T.);
#1848=ORIENTED_EDGE('',*,*,#2996,.T.);
#1849=ORIENTED_EDGE('',*,*,#2998,.T.);
#1850=ORIENTED_EDGE('',*,*,#3008,.T.);
#1851=ORIENTED_EDGE('',*,*,#2991,.F.);
#1852=ORIENTED_EDGE('',*,*,#3009,.T.);
#1853=ORIENTED_EDGE('',*,*,#3010,.F.);
#1854=ORIENTED_EDGE('',*,*,#3011,.F.);
#1855=ORIENTED_EDGE('',*,*,#3012,.T.);
#1856=ORIENTED_EDGE('',*,*,#2993,.T.);
#1857=ORIENTED_EDGE('',*,*,#3013,.F.);
#1858=ORIENTED_EDGE('',*,*,#3014,.T.);
#1859=ORIENTED_EDGE('',*,*,#2992,.F.);
#1860=ORIENTED_EDGE('',*,*,#3011,.T.);
#1861=ORIENTED_EDGE('',*,*,#3015,.T.);
#1862=ORIENTED_EDGE('',*,*,#3013,.T.);
#1863=ORIENTED_EDGE('',*,*,#3016,.T.);
#1864=ORIENTED_EDGE('',*,*,#2986,.F.);
#1865=ORIENTED_EDGE('',*,*,#3017,.F.);
#1866=ORIENTED_EDGE('',*,*,#3018,.T.);
#1867=ORIENTED_EDGE('',*,*,#3009,.F.);
#1868=ORIENTED_EDGE('',*,*,#2990,.T.);
#1869=ORIENTED_EDGE('',*,*,#3012,.F.);
#1870=ORIENTED_EDGE('',*,*,#3019,.T.);
#1871=ORIENTED_EDGE('',*,*,#2974,.F.);
#1872=ORIENTED_EDGE('',*,*,#3020,.T.);
#1873=ORIENTED_EDGE('',*,*,#3021,.T.);
#1874=ORIENTED_EDGE('',*,*,#3022,.T.);
#1875=ORIENTED_EDGE('',*,*,#2965,.F.);
#1876=ORIENTED_EDGE('',*,*,#2980,.F.);
#1877=ORIENTED_EDGE('',*,*,#3023,.F.);
#1878=ORIENTED_EDGE('',*,*,#2928,.F.);
#1879=ORIENTED_EDGE('',*,*,#3024,.T.);
#1880=ORIENTED_EDGE('',*,*,#3025,.T.);
#1881=ORIENTED_EDGE('',*,*,#2989,.F.);
#1882=ORIENTED_EDGE('',*,*,#3026,.F.);
#1883=ORIENTED_EDGE('',*,*,#3027,.F.);
#1884=ORIENTED_EDGE('',*,*,#3017,.T.);
#1885=ORIENTED_EDGE('',*,*,#2947,.T.);
#1886=ORIENTED_EDGE('',*,*,#3028,.F.);
#1887=ORIENTED_EDGE('',*,*,#3024,.F.);
#1888=ORIENTED_EDGE('',*,*,#3029,.T.);
#1889=ORIENTED_EDGE('',*,*,#3030,.T.);
#1890=ORIENTED_EDGE('',*,*,#2945,.T.);
#1891=ORIENTED_EDGE('',*,*,#3031,.T.);
#1892=ORIENTED_EDGE('',*,*,#3023,.T.);
#1893=ORIENTED_EDGE('',*,*,#3030,.F.);
#1894=ORIENTED_EDGE('',*,*,#3025,.F.);
#1895=ORIENTED_EDGE('',*,*,#3028,.T.);
#1896=ORIENTED_EDGE('',*,*,#2946,.T.);
#1897=ORIENTED_EDGE('',*,*,#3032,.F.);
#1898=ORIENTED_EDGE('',*,*,#3033,.T.);
#1899=ORIENTED_EDGE('',*,*,#3026,.T.);
#1900=ORIENTED_EDGE('',*,*,#2988,.T.);
#1901=ORIENTED_EDGE('',*,*,#3034,.F.);
#1902=ORIENTED_EDGE('',*,*,#3019,.F.);
#1903=ORIENTED_EDGE('',*,*,#3014,.F.);
#1904=ORIENTED_EDGE('',*,*,#3015,.F.);
#1905=ORIENTED_EDGE('',*,*,#3010,.T.);
#1906=ORIENTED_EDGE('',*,*,#3018,.F.);
#1907=ORIENTED_EDGE('',*,*,#3027,.T.);
#1908=ORIENTED_EDGE('',*,*,#3033,.F.);
#1909=ORIENTED_EDGE('',*,*,#3035,.F.);
#1910=ORIENTED_EDGE('',*,*,#3036,.T.);
#1911=ORIENTED_EDGE('',*,*,#3037,.T.);
#1912=ORIENTED_EDGE('',*,*,#3038,.T.);
#1913=ORIENTED_EDGE('',*,*,#3039,.T.);
#1914=ORIENTED_EDGE('',*,*,#3040,.T.);
#1915=ORIENTED_EDGE('',*,*,#3035,.T.);
#1916=ORIENTED_EDGE('',*,*,#3032,.T.);
#1917=ORIENTED_EDGE('',*,*,#2987,.T.);
#1918=ORIENTED_EDGE('',*,*,#3016,.F.);
#1919=ORIENTED_EDGE('',*,*,#3034,.T.);
#1920=ORIENTED_EDGE('',*,*,#3041,.F.);
#1921=ORIENTED_EDGE('',*,*,#3042,.F.);
#1922=ORIENTED_EDGE('',*,*,#3043,.F.);
#1923=ORIENTED_EDGE('',*,*,#3044,.T.);
#1924=ORIENTED_EDGE('',*,*,#3006,.F.);
#1925=ORIENTED_EDGE('',*,*,#3045,.T.);
#1926=ORIENTED_EDGE('',*,*,#3046,.T.);
#1927=ORIENTED_EDGE('',*,*,#3047,.T.);
#1928=ORIENTED_EDGE('',*,*,#3048,.T.);
#1929=ORIENTED_EDGE('',*,*,#3049,.F.);
#1930=ORIENTED_EDGE('',*,*,#3050,.F.);
#1931=ORIENTED_EDGE('',*,*,#3051,.F.);
#1932=ORIENTED_EDGE('',*,*,#3052,.F.);
#1933=ORIENTED_EDGE('',*,*,#3053,.T.);
#1934=ORIENTED_EDGE('',*,*,#3054,.T.);
#1935=ORIENTED_EDGE('',*,*,#3055,.T.);
#1936=ORIENTED_EDGE('',*,*,#3056,.F.);
#1937=ORIENTED_EDGE('',*,*,#3041,.T.);
#1938=ORIENTED_EDGE('',*,*,#3038,.F.);
#1939=ORIENTED_EDGE('',*,*,#3057,.F.);
#1940=ORIENTED_EDGE('',*,*,#3058,.T.);
#1941=ORIENTED_EDGE('',*,*,#3020,.F.);
#1942=ORIENTED_EDGE('',*,*,#2978,.F.);
#1943=ORIENTED_EDGE('',*,*,#2964,.T.);
#1944=ORIENTED_EDGE('',*,*,#3059,.T.);
#1945=ORIENTED_EDGE('',*,*,#3060,.T.);
#1946=ORIENTED_EDGE('',*,*,#3061,.F.);
#1947=ORIENTED_EDGE('',*,*,#3062,.T.);
#1948=ORIENTED_EDGE('',*,*,#3063,.F.);
#1949=ORIENTED_EDGE('',*,*,#3064,.T.);
#1950=ORIENTED_EDGE('',*,*,#3065,.F.);
#1951=ORIENTED_EDGE('',*,*,#3066,.F.);
#1952=ORIENTED_EDGE('',*,*,#2985,.F.);
#1953=ORIENTED_EDGE('',*,*,#3067,.F.);
#1954=ORIENTED_EDGE('',*,*,#3042,.T.);
#1955=ORIENTED_EDGE('',*,*,#3058,.F.);
#1956=ORIENTED_EDGE('',*,*,#3068,.F.);
#1957=ORIENTED_EDGE('',*,*,#3060,.F.);
#1958=ORIENTED_EDGE('',*,*,#3059,.F.);
#1959=ORIENTED_EDGE('',*,*,#2956,.T.);
#1960=ORIENTED_EDGE('',*,*,#3069,.F.);
#1961=ORIENTED_EDGE('',*,*,#2975,.T.);
#1962=ORIENTED_EDGE('',*,*,#3021,.F.);
#1963=ORIENTED_EDGE('',*,*,#3061,.T.);
#1964=ORIENTED_EDGE('',*,*,#3068,.T.);
#1965=ORIENTED_EDGE('',*,*,#3057,.T.);
#1966=ORIENTED_EDGE('',*,*,#3037,.F.);
#1967=ORIENTED_EDGE('',*,*,#3070,.T.);
#1968=ORIENTED_EDGE('',*,*,#3071,.T.);
#1969=ORIENTED_EDGE('',*,*,#3072,.T.);
#1970=ORIENTED_EDGE('',*,*,#3073,.F.);
#1971=ORIENTED_EDGE('',*,*,#3074,.T.);
#1972=ORIENTED_EDGE('',*,*,#3075,.T.);
#1973=ORIENTED_EDGE('',*,*,#3076,.T.);
#1974=ORIENTED_EDGE('',*,*,#3077,.T.);
#1975=ORIENTED_EDGE('',*,*,#3078,.T.);
#1976=ORIENTED_EDGE('',*,*,#2938,.T.);
#1977=ORIENTED_EDGE('',*,*,#2937,.T.);
#1978=ORIENTED_EDGE('',*,*,#3079,.F.);
#1979=ORIENTED_EDGE('',*,*,#3080,.T.);
#1980=ORIENTED_EDGE('',*,*,#3081,.T.);
#1981=ORIENTED_EDGE('',*,*,#2932,.T.);
#1982=ORIENTED_EDGE('',*,*,#3082,.F.);
#1983=ORIENTED_EDGE('',*,*,#3072,.F.);
#1984=ORIENTED_EDGE('',*,*,#2939,.F.);
#1985=ORIENTED_EDGE('',*,*,#3056,.T.);
#1986=ORIENTED_EDGE('',*,*,#3083,.F.);
#1987=ORIENTED_EDGE('',*,*,#3084,.F.);
#1988=ORIENTED_EDGE('',*,*,#3085,.F.);
#1989=ORIENTED_EDGE('',*,*,#3086,.T.);
#1990=ORIENTED_EDGE('',*,*,#3087,.F.);
#1991=ORIENTED_EDGE('',*,*,#3088,.T.);
#1992=ORIENTED_EDGE('',*,*,#3080,.F.);
#1993=ORIENTED_EDGE('',*,*,#3089,.T.);
#1994=ORIENTED_EDGE('',*,*,#3090,.F.);
#1995=ORIENTED_EDGE('',*,*,#3091,.F.);
#1996=ORIENTED_EDGE('',*,*,#2959,.F.);
#1997=ORIENTED_EDGE('',*,*,#3073,.T.);
#1998=ORIENTED_EDGE('',*,*,#3082,.T.);
#1999=ORIENTED_EDGE('',*,*,#2931,.T.);
#2000=ORIENTED_EDGE('',*,*,#3092,.F.);
#2001=ORIENTED_EDGE('',*,*,#2930,.T.);
#2002=ORIENTED_EDGE('',*,*,#3093,.F.);
#2003=ORIENTED_EDGE('',*,*,#3074,.F.);
#2004=ORIENTED_EDGE('',*,*,#3092,.T.);
#2005=ORIENTED_EDGE('',*,*,#3093,.T.);
#2006=ORIENTED_EDGE('',*,*,#2929,.F.);
#2007=ORIENTED_EDGE('',*,*,#3094,.F.);
#2008=ORIENTED_EDGE('',*,*,#2936,.T.);
#2009=ORIENTED_EDGE('',*,*,#3095,.T.);
#2010=ORIENTED_EDGE('',*,*,#3075,.F.);
#2011=ORIENTED_EDGE('',*,*,#3085,.T.);
#2012=ORIENTED_EDGE('',*,*,#3096,.F.);
#2013=ORIENTED_EDGE('',*,*,#3097,.F.);
#2014=ORIENTED_EDGE('',*,*,#3049,.T.);
#2015=ORIENTED_EDGE('',*,*,#3055,.F.);
#2016=ORIENTED_EDGE('',*,*,#3098,.F.);
#2017=ORIENTED_EDGE('',*,*,#3099,.T.);
#2018=ORIENTED_EDGE('',*,*,#3083,.T.);
#2019=ORIENTED_EDGE('',*,*,#3076,.F.);
#2020=ORIENTED_EDGE('',*,*,#3095,.F.);
#2021=ORIENTED_EDGE('',*,*,#3100,.T.);
#2022=ORIENTED_EDGE('',*,*,#3096,.T.);
#2023=ORIENTED_EDGE('',*,*,#3084,.T.);
#2024=ORIENTED_EDGE('',*,*,#3099,.F.);
#2025=ORIENTED_EDGE('',*,*,#3101,.F.);
#2026=ORIENTED_EDGE('',*,*,#3088,.F.);
#2027=ORIENTED_EDGE('',*,*,#3102,.F.);
#2028=ORIENTED_EDGE('',*,*,#3103,.T.);
#2029=ORIENTED_EDGE('',*,*,#2934,.F.);
#2030=ORIENTED_EDGE('',*,*,#3104,.F.);
#2031=ORIENTED_EDGE('',*,*,#3105,.T.);
#2032=ORIENTED_EDGE('',*,*,#3050,.T.);
#2033=ORIENTED_EDGE('',*,*,#3097,.T.);
#2034=ORIENTED_EDGE('',*,*,#3100,.F.);
#2035=ORIENTED_EDGE('',*,*,#2935,.F.);
#2036=ORIENTED_EDGE('',*,*,#3094,.T.);
#2037=ORIENTED_EDGE('',*,*,#3081,.F.);
#2038=ORIENTED_EDGE('',*,*,#3106,.T.);
#2039=ORIENTED_EDGE('',*,*,#3086,.F.);
#2040=ORIENTED_EDGE('',*,*,#3079,.T.);
#2041=ORIENTED_EDGE('',*,*,#3078,.F.);
#2042=ORIENTED_EDGE('',*,*,#3077,.F.);
#2043=ORIENTED_EDGE('',*,*,#3101,.T.);
#2044=ORIENTED_EDGE('',*,*,#3098,.T.);
#2045=ORIENTED_EDGE('',*,*,#3054,.F.);
#2046=ORIENTED_EDGE('',*,*,#3107,.T.);
#2047=ORIENTED_EDGE('',*,*,#3108,.T.);
#2048=ORIENTED_EDGE('',*,*,#3109,.F.);
#2049=ORIENTED_EDGE('',*,*,#3110,.F.);
#2050=ORIENTED_EDGE('',*,*,#3111,.F.);
#2051=ORIENTED_EDGE('',*,*,#3112,.T.);
#2052=ORIENTED_EDGE('',*,*,#2973,.F.);
#2053=ORIENTED_EDGE('',*,*,#2976,.F.);
#2054=ORIENTED_EDGE('',*,*,#3071,.F.);
#2055=ORIENTED_EDGE('',*,*,#3113,.T.);
#2056=ORIENTED_EDGE('',*,*,#3039,.F.);
#2057=ORIENTED_EDGE('',*,*,#3114,.T.);
#2058=ORIENTED_EDGE('',*,*,#2981,.F.);
#2059=ORIENTED_EDGE('',*,*,#2969,.F.);
#2060=ORIENTED_EDGE('',*,*,#2918,.F.);
#2061=ORIENTED_EDGE('',*,*,#3115,.F.);
#2062=ORIENTED_EDGE('',*,*,#3116,.T.);
#2063=ORIENTED_EDGE('',*,*,#3117,.T.);
#2064=ORIENTED_EDGE('',*,*,#3118,.F.);
#2065=ORIENTED_EDGE('',*,*,#3119,.T.);
#2066=ORIENTED_EDGE('',*,*,#3120,.T.);
#2067=ORIENTED_EDGE('',*,*,#3121,.T.);
#2068=ORIENTED_EDGE('',*,*,#3122,.F.);
#2069=ORIENTED_EDGE('',*,*,#3123,.T.);
#2070=ORIENTED_EDGE('',*,*,#3119,.F.);
#2071=ORIENTED_EDGE('',*,*,#3124,.T.);
#2072=ORIENTED_EDGE('',*,*,#3125,.F.);
#2073=ORIENTED_EDGE('',*,*,#3126,.F.);
#2074=ORIENTED_EDGE('',*,*,#3116,.F.);
#2075=ORIENTED_EDGE('',*,*,#3126,.T.);
#2076=ORIENTED_EDGE('',*,*,#3127,.T.);
#2077=ORIENTED_EDGE('',*,*,#3124,.F.);
#2078=ORIENTED_EDGE('',*,*,#3118,.T.);
#2079=ORIENTED_EDGE('',*,*,#3128,.F.);
#2080=ORIENTED_EDGE('',*,*,#3117,.F.);
#2081=ORIENTED_EDGE('',*,*,#3127,.F.);
#2082=ORIENTED_EDGE('',*,*,#3125,.T.);
#2083=ORIENTED_EDGE('',*,*,#3128,.T.);
#2084=ORIENTED_EDGE('',*,*,#3040,.F.);
#2085=ORIENTED_EDGE('',*,*,#3113,.F.);
#2086=ORIENTED_EDGE('',*,*,#3070,.F.);
#2087=ORIENTED_EDGE('',*,*,#3036,.F.);
#2088=ORIENTED_EDGE('',*,*,#2953,.T.);
#2089=ORIENTED_EDGE('',*,*,#2951,.F.);
#2090=ORIENTED_EDGE('',*,*,#2963,.F.);
#2091=ORIENTED_EDGE('',*,*,#2977,.F.);
#2092=ORIENTED_EDGE('',*,*,#2994,.F.);
#2093=ORIENTED_EDGE('',*,*,#3003,.F.);
#2094=ORIENTED_EDGE('',*,*,#3129,.T.);
#2095=ORIENTED_EDGE('',*,*,#2999,.F.);
#2096=ORIENTED_EDGE('',*,*,#3130,.F.);
#2097=ORIENTED_EDGE('',*,*,#3131,.T.);
#2098=ORIENTED_EDGE('',*,*,#3132,.T.);
#2099=ORIENTED_EDGE('',*,*,#2924,.F.);
#2100=ORIENTED_EDGE('',*,*,#3133,.F.);
#2101=ORIENTED_EDGE('',*,*,#3045,.F.);
#2102=ORIENTED_EDGE('',*,*,#3005,.T.);
#2103=ORIENTED_EDGE('',*,*,#3134,.T.);
#2104=ORIENTED_EDGE('',*,*,#3134,.F.);
#2105=ORIENTED_EDGE('',*,*,#3004,.T.);
#2106=ORIENTED_EDGE('',*,*,#3135,.F.);
#2107=ORIENTED_EDGE('',*,*,#3136,.F.);
#2108=ORIENTED_EDGE('',*,*,#3137,.T.);
#2109=ORIENTED_EDGE('',*,*,#3138,.T.);
#2110=ORIENTED_EDGE('',*,*,#3132,.F.);
#2111=ORIENTED_EDGE('',*,*,#3139,.F.);
#2112=ORIENTED_EDGE('',*,*,#3140,.T.);
#2113=ORIENTED_EDGE('',*,*,#3130,.T.);
#2114=ORIENTED_EDGE('',*,*,#3141,.T.);
#2115=ORIENTED_EDGE('',*,*,#3142,.T.);
#2116=ORIENTED_EDGE('',*,*,#3140,.F.);
#2117=ORIENTED_EDGE('',*,*,#3143,.T.);
#2118=ORIENTED_EDGE('',*,*,#3139,.T.);
#2119=ORIENTED_EDGE('',*,*,#3131,.F.);
#2120=ORIENTED_EDGE('',*,*,#3144,.T.);
#2121=ORIENTED_EDGE('',*,*,#3046,.F.);
#2122=ORIENTED_EDGE('',*,*,#3133,.T.);
#2123=ORIENTED_EDGE('',*,*,#3136,.T.);
#2124=ORIENTED_EDGE('',*,*,#3044,.F.);
#2125=ORIENTED_EDGE('',*,*,#3145,.T.);
#2126=ORIENTED_EDGE('',*,*,#2983,.T.);
#2127=ORIENTED_EDGE('',*,*,#3146,.T.);
#2128=ORIENTED_EDGE('',*,*,#3047,.F.);
#2129=ORIENTED_EDGE('',*,*,#3144,.F.);
#2130=ORIENTED_EDGE('',*,*,#3135,.T.);
#2131=ORIENTED_EDGE('',*,*,#3008,.F.);
#2132=ORIENTED_EDGE('',*,*,#3000,.F.);
#2133=ORIENTED_EDGE('',*,*,#3129,.F.);
#2134=ORIENTED_EDGE('',*,*,#3002,.T.);
#2135=ORIENTED_EDGE('',*,*,#3007,.F.);
#2136=ORIENTED_EDGE('',*,*,#3147,.F.);
#2137=ORIENTED_EDGE('',*,*,#3148,.T.);
#2138=ORIENTED_EDGE('',*,*,#3149,.T.);
#2139=ORIENTED_EDGE('',*,*,#3150,.T.);
#2140=ORIENTED_EDGE('',*,*,#3151,.T.);
#2141=ORIENTED_EDGE('',*,*,#3152,.F.);
#2142=ORIENTED_EDGE('',*,*,#3137,.F.);
#2143=ORIENTED_EDGE('',*,*,#3143,.F.);
#2144=ORIENTED_EDGE('',*,*,#3142,.F.);
#2145=ORIENTED_EDGE('',*,*,#3043,.T.);
#2146=ORIENTED_EDGE('',*,*,#3067,.T.);
#2147=ORIENTED_EDGE('',*,*,#2984,.F.);
#2148=ORIENTED_EDGE('',*,*,#3145,.F.);
#2149=ORIENTED_EDGE('',*,*,#3153,.T.);
#2150=ORIENTED_EDGE('',*,*,#2966,.F.);
#2151=ORIENTED_EDGE('',*,*,#3022,.F.);
#2152=ORIENTED_EDGE('',*,*,#2979,.F.);
#2153=ORIENTED_EDGE('',*,*,#3066,.T.);
#2154=ORIENTED_EDGE('',*,*,#3065,.T.);
#2155=ORIENTED_EDGE('',*,*,#3154,.T.);
#2156=ORIENTED_EDGE('',*,*,#2942,.T.);
#2157=ORIENTED_EDGE('',*,*,#2941,.T.);
#2158=ORIENTED_EDGE('',*,*,#3110,.T.);
#2159=ORIENTED_EDGE('',*,*,#3109,.T.);
#2160=ORIENTED_EDGE('',*,*,#3155,.T.);
#2161=ORIENTED_EDGE('',*,*,#3156,.T.);
#2162=ORIENTED_EDGE('',*,*,#2961,.T.);
#2163=ORIENTED_EDGE('',*,*,#3157,.F.);
#2164=ORIENTED_EDGE('',*,*,#2940,.F.);
#2165=ORIENTED_EDGE('',*,*,#3154,.F.);
#2166=ORIENTED_EDGE('',*,*,#3158,.F.);
#2167=ORIENTED_EDGE('',*,*,#3090,.T.);
#2168=ORIENTED_EDGE('',*,*,#3102,.T.);
#2169=ORIENTED_EDGE('',*,*,#3087,.T.);
#2170=ORIENTED_EDGE('',*,*,#3106,.F.);
#2171=ORIENTED_EDGE('',*,*,#3052,.T.);
#2172=ORIENTED_EDGE('',*,*,#3159,.F.);
#2173=ORIENTED_EDGE('',*,*,#3160,.F.);
#2174=ORIENTED_EDGE('',*,*,#3161,.F.);
#2175=ORIENTED_EDGE('',*,*,#3157,.T.);
#2176=ORIENTED_EDGE('',*,*,#2960,.F.);
#2177=ORIENTED_EDGE('',*,*,#3091,.T.);
#2178=ORIENTED_EDGE('',*,*,#3158,.T.);
#2179=ORIENTED_EDGE('',*,*,#2958,.T.);
#2180=ORIENTED_EDGE('',*,*,#3156,.F.);
#2181=ORIENTED_EDGE('',*,*,#3162,.T.);
#2182=ORIENTED_EDGE('',*,*,#2933,.T.);
#2183=ORIENTED_EDGE('',*,*,#3103,.F.);
#2184=ORIENTED_EDGE('',*,*,#3089,.F.);
#2185=ORIENTED_EDGE('',*,*,#3159,.T.);
#2186=ORIENTED_EDGE('',*,*,#3051,.T.);
#2187=ORIENTED_EDGE('',*,*,#3105,.F.);
#2188=ORIENTED_EDGE('',*,*,#3163,.F.);
#2189=ORIENTED_EDGE('',*,*,#3053,.F.);
#2190=ORIENTED_EDGE('',*,*,#3161,.T.);
#2191=ORIENTED_EDGE('',*,*,#3164,.T.);
#2192=ORIENTED_EDGE('',*,*,#3107,.F.);
#2193=ORIENTED_EDGE('',*,*,#3104,.T.);
#2194=ORIENTED_EDGE('',*,*,#3162,.F.);
#2195=ORIENTED_EDGE('',*,*,#3155,.F.);
#2196=ORIENTED_EDGE('',*,*,#3108,.F.);
#2197=ORIENTED_EDGE('',*,*,#3164,.F.);
#2198=ORIENTED_EDGE('',*,*,#3160,.T.);
#2199=ORIENTED_EDGE('',*,*,#3163,.T.);
#2200=ORIENTED_EDGE('',*,*,#3121,.F.);
#2201=ORIENTED_EDGE('',*,*,#3165,.F.);
#2202=ORIENTED_EDGE('',*,*,#3166,.F.);
#2203=ORIENTED_EDGE('',*,*,#3167,.T.);
#2204=ORIENTED_EDGE('',*,*,#3120,.F.);
#2205=ORIENTED_EDGE('',*,*,#3168,.T.);
#2206=ORIENTED_EDGE('',*,*,#3165,.T.);
#2207=ORIENTED_EDGE('',*,*,#3167,.F.);
#2208=ORIENTED_EDGE('',*,*,#3169,.F.);
#2209=ORIENTED_EDGE('',*,*,#3122,.T.);
#2210=ORIENTED_EDGE('',*,*,#3123,.F.);
#2211=ORIENTED_EDGE('',*,*,#3169,.T.);
#2212=ORIENTED_EDGE('',*,*,#3166,.T.);
#2213=ORIENTED_EDGE('',*,*,#3168,.F.);
#2214=ORIENTED_EDGE('',*,*,#3048,.F.);
#2215=ORIENTED_EDGE('',*,*,#3146,.F.);
#2216=ORIENTED_EDGE('',*,*,#2982,.F.);
#2217=ORIENTED_EDGE('',*,*,#3114,.F.);
#2218=ORIENTED_EDGE('',*,*,#3170,.F.);
#2219=ORIENTED_EDGE('',*,*,#2920,.F.);
#2220=ORIENTED_EDGE('',*,*,#3171,.F.);
#2221=ORIENTED_EDGE('',*,*,#3148,.F.);
#2222=ORIENTED_EDGE('',*,*,#3171,.T.);
#2223=ORIENTED_EDGE('',*,*,#2968,.F.);
#2224=ORIENTED_EDGE('',*,*,#3172,.F.);
#2225=ORIENTED_EDGE('',*,*,#3149,.F.);
#2226=ORIENTED_EDGE('',*,*,#3172,.T.);
#2227=ORIENTED_EDGE('',*,*,#2967,.F.);
#2228=ORIENTED_EDGE('',*,*,#3153,.F.);
#2229=ORIENTED_EDGE('',*,*,#3173,.F.);
#2230=ORIENTED_EDGE('',*,*,#3150,.F.);
#2231=ORIENTED_EDGE('',*,*,#3174,.F.);
#2232=ORIENTED_EDGE('',*,*,#3151,.F.);
#2233=ORIENTED_EDGE('',*,*,#3173,.T.);
#2234=ORIENTED_EDGE('',*,*,#3064,.F.);
#2235=ORIENTED_EDGE('',*,*,#2927,.F.);
#2236=ORIENTED_EDGE('',*,*,#3175,.F.);
#2237=ORIENTED_EDGE('',*,*,#3176,.T.);
#2238=ORIENTED_EDGE('',*,*,#3069,.T.);
#2239=ORIENTED_EDGE('',*,*,#2955,.T.);
#2240=ORIENTED_EDGE('',*,*,#2948,.F.);
#2241=ORIENTED_EDGE('',*,*,#3029,.F.);
#2242=ORIENTED_EDGE('',*,*,#2923,.T.);
#2243=ORIENTED_EDGE('',*,*,#3177,.F.);
#2244=ORIENTED_EDGE('',*,*,#3178,.T.);
#2245=ORIENTED_EDGE('',*,*,#3115,.T.);
#2246=ORIENTED_EDGE('',*,*,#2917,.T.);
#2247=ORIENTED_EDGE('',*,*,#3170,.T.);
#2248=ORIENTED_EDGE('',*,*,#3147,.T.);
#2249=ORIENTED_EDGE('',*,*,#3141,.F.);
#2250=ORIENTED_EDGE('',*,*,#3152,.T.);
#2251=ORIENTED_EDGE('',*,*,#3174,.T.);
#2252=ORIENTED_EDGE('',*,*,#3063,.T.);
#2253=ORIENTED_EDGE('',*,*,#3179,.T.);
#2254=ORIENTED_EDGE('',*,*,#3180,.T.);
#2255=ORIENTED_EDGE('',*,*,#2925,.T.);
#2256=ORIENTED_EDGE('',*,*,#3138,.F.);
#2257=ORIENTED_EDGE('',*,*,#2944,.F.);
#2258=ORIENTED_EDGE('',*,*,#2952,.T.);
#2259=ORIENTED_EDGE('',*,*,#2971,.T.);
#2260=ORIENTED_EDGE('',*,*,#3112,.F.);
#2261=ORIENTED_EDGE('',*,*,#3181,.T.);
#2262=ORIENTED_EDGE('',*,*,#3182,.T.);
#2263=ORIENTED_EDGE('',*,*,#2921,.F.);
#2264=ORIENTED_EDGE('',*,*,#3031,.F.);
#2265=ORIENTED_EDGE('',*,*,#3178,.F.);
#2266=ORIENTED_EDGE('',*,*,#3183,.T.);
#2267=ORIENTED_EDGE('',*,*,#3181,.F.);
#2268=ORIENTED_EDGE('',*,*,#3111,.T.);
#2269=ORIENTED_EDGE('',*,*,#2922,.F.);
#2270=ORIENTED_EDGE('',*,*,#3182,.F.);
#2271=ORIENTED_EDGE('',*,*,#3183,.F.);
#2272=ORIENTED_EDGE('',*,*,#3177,.T.);
#2273=ORIENTED_EDGE('',*,*,#2926,.T.);
#2274=ORIENTED_EDGE('',*,*,#3180,.F.);
#2275=ORIENTED_EDGE('',*,*,#3184,.F.);
#2276=ORIENTED_EDGE('',*,*,#3175,.T.);
#2277=ORIENTED_EDGE('',*,*,#3179,.F.);
#2278=ORIENTED_EDGE('',*,*,#3062,.F.);
#2279=ORIENTED_EDGE('',*,*,#3176,.F.);
#2280=ORIENTED_EDGE('',*,*,#3184,.T.);
#2281=ORIENTED_EDGE('',*,*,#3185,.F.);
#2282=ORIENTED_EDGE('',*,*,#3186,.F.);
#2283=ORIENTED_EDGE('',*,*,#3187,.T.);
#2284=ORIENTED_EDGE('',*,*,#3188,.F.);
#2285=ORIENTED_EDGE('',*,*,#3189,.F.);
#2286=ORIENTED_EDGE('',*,*,#3190,.T.);
#2287=ORIENTED_EDGE('',*,*,#3191,.T.);
#2288=ORIENTED_EDGE('',*,*,#3192,.F.);
#2289=ORIENTED_EDGE('',*,*,#3193,.F.);
#2290=ORIENTED_EDGE('',*,*,#3194,.T.);
#2291=ORIENTED_EDGE('',*,*,#3195,.F.);
#2292=ORIENTED_EDGE('',*,*,#3189,.T.);
#2293=ORIENTED_EDGE('',*,*,#3196,.T.);
#2294=ORIENTED_EDGE('',*,*,#3197,.F.);
#2295=ORIENTED_EDGE('',*,*,#3198,.T.);
#2296=ORIENTED_EDGE('',*,*,#3193,.T.);
#2297=ORIENTED_EDGE('',*,*,#3192,.T.);
#2298=ORIENTED_EDGE('',*,*,#3198,.F.);
#2299=ORIENTED_EDGE('',*,*,#3199,.F.);
#2300=ORIENTED_EDGE('',*,*,#3200,.T.);
#2301=ORIENTED_EDGE('',*,*,#3186,.T.);
#2302=ORIENTED_EDGE('',*,*,#3201,.F.);
#2303=ORIENTED_EDGE('',*,*,#3202,.F.);
#2304=ORIENTED_EDGE('',*,*,#3203,.T.);
#2305=ORIENTED_EDGE('',*,*,#3204,.F.);
#2306=ORIENTED_EDGE('',*,*,#3205,.F.);
#2307=ORIENTED_EDGE('',*,*,#3206,.T.);
#2308=ORIENTED_EDGE('',*,*,#3194,.F.);
#2309=ORIENTED_EDGE('',*,*,#3207,.F.);
#2310=ORIENTED_EDGE('',*,*,#3208,.F.);
#2311=ORIENTED_EDGE('',*,*,#3209,.F.);
#2312=ORIENTED_EDGE('',*,*,#3210,.T.);
#2313=ORIENTED_EDGE('',*,*,#3188,.T.);
#2314=ORIENTED_EDGE('',*,*,#3211,.F.);
#2315=ORIENTED_EDGE('',*,*,#3212,.F.);
#2316=ORIENTED_EDGE('',*,*,#3196,.F.);
#2317=ORIENTED_EDGE('',*,*,#3191,.F.);
#2318=ORIENTED_EDGE('',*,*,#3213,.F.);
#2319=ORIENTED_EDGE('',*,*,#3214,.F.);
#2320=ORIENTED_EDGE('',*,*,#3215,.T.);
#2321=ORIENTED_EDGE('',*,*,#3216,.T.);
#2322=ORIENTED_EDGE('',*,*,#3213,.T.);
#2323=ORIENTED_EDGE('',*,*,#3190,.F.);
#2324=ORIENTED_EDGE('',*,*,#3195,.T.);
#2325=ORIENTED_EDGE('',*,*,#3206,.F.);
#2326=ORIENTED_EDGE('',*,*,#3214,.T.);
#2327=ORIENTED_EDGE('',*,*,#3216,.F.);
#2328=ORIENTED_EDGE('',*,*,#3217,.F.);
#2329=ORIENTED_EDGE('',*,*,#3218,.F.);
#2330=ORIENTED_EDGE('',*,*,#3215,.F.);
#2331=ORIENTED_EDGE('',*,*,#3205,.T.);
#2332=ORIENTED_EDGE('',*,*,#3219,.F.);
#2333=ORIENTED_EDGE('',*,*,#3217,.T.);
#2334=ORIENTED_EDGE('',*,*,#3219,.T.);
#2335=ORIENTED_EDGE('',*,*,#3204,.T.);
#2336=ORIENTED_EDGE('',*,*,#3220,.F.);
#2337=ORIENTED_EDGE('',*,*,#3207,.T.);
#2338=ORIENTED_EDGE('',*,*,#3218,.T.);
#2339=ORIENTED_EDGE('',*,*,#3187,.F.);
#2340=ORIENTED_EDGE('',*,*,#3200,.F.);
#2341=ORIENTED_EDGE('',*,*,#3221,.F.);
#2342=ORIENTED_EDGE('',*,*,#3211,.T.);
#2343=ORIENTED_EDGE('',*,*,#3212,.T.);
#2344=ORIENTED_EDGE('',*,*,#3221,.T.);
#2345=ORIENTED_EDGE('',*,*,#3199,.T.);
#2346=ORIENTED_EDGE('',*,*,#3197,.T.);
#2347=ORIENTED_EDGE('',*,*,#3220,.T.);
#2348=ORIENTED_EDGE('',*,*,#3203,.F.);
#2349=ORIENTED_EDGE('',*,*,#3222,.F.);
#2350=ORIENTED_EDGE('',*,*,#3208,.T.);
#2351=ORIENTED_EDGE('',*,*,#3185,.T.);
#2352=ORIENTED_EDGE('',*,*,#3210,.F.);
#2353=ORIENTED_EDGE('',*,*,#3223,.F.);
#2354=ORIENTED_EDGE('',*,*,#3201,.T.);
#2355=ORIENTED_EDGE('',*,*,#3209,.T.);
#2356=ORIENTED_EDGE('',*,*,#3222,.T.);
#2357=ORIENTED_EDGE('',*,*,#3202,.T.);
#2358=ORIENTED_EDGE('',*,*,#3223,.T.);
#2359=EDGE_CURVE('',#3224,#3225,#3772,.F.);
#2360=EDGE_CURVE('',#3225,#3226,#499,.F.);
#2361=EDGE_CURVE('',#3227,#3226,#3773,.F.);
#2362=EDGE_CURVE('',#3227,#3228,#3774,.F.);
#2363=EDGE_CURVE('',#3228,#3224,#3775,.F.);
#2364=EDGE_CURVE('',#3225,#3229,#3776,.T.);
#2365=EDGE_CURVE('',#3230,#3224,#3777,.F.);
#2366=EDGE_CURVE('',#3229,#3230,#3778,.F.);
#2367=EDGE_CURVE('',#3226,#3231,#3779,.T.);
#2368=EDGE_CURVE('',#3232,#3231,#3780,.F.);
#2369=EDGE_CURVE('',#3232,#3227,#3781,.F.);
#2370=EDGE_CURVE('',#3231,#3229,#500,.F.);
#2371=EDGE_CURVE('',#3233,#3230,#3782,.F.);
#2372=EDGE_CURVE('',#3233,#3232,#3783,.F.);
#2373=EDGE_CURVE('',#3234,#3235,#3784,.T.);
#2374=EDGE_CURVE('',#3234,#3236,#501,.F.);
#2375=EDGE_CURVE('',#3236,#3237,#3785,.T.);
#2376=EDGE_CURVE('',#3238,#3237,#502,.T.);
#2377=EDGE_CURVE('',#3239,#3238,#3786,.T.);
#2378=EDGE_CURVE('',#3235,#3239,#503,.T.);
#2379=EDGE_CURVE('',#3240,#3241,#3787,.F.);
#2380=EDGE_CURVE('',#3240,#3242,#3788,.F.);
#2381=EDGE_CURVE('',#3243,#3242,#3789,.F.);
#2382=EDGE_CURVE('',#3243,#3241,#3790,.T.);
#2383=EDGE_CURVE('',#3244,#3245,#3791,.T.);
#2384=EDGE_CURVE('',#3244,#3246,#3792,.T.);
#2385=EDGE_CURVE('',#3246,#3247,#3793,.T.);
#2386=EDGE_CURVE('',#3245,#3247,#3794,.F.);
#2387=EDGE_CURVE('',#3248,#3249,#3795,.T.);
#2388=EDGE_CURVE('',#3248,#3250,#3796,.T.);
#2389=EDGE_CURVE('',#3250,#3251,#3797,.T.);
#2390=EDGE_CURVE('',#3249,#3251,#3798,.T.);
#2391=EDGE_CURVE('',#3252,#3253,#3799,.T.);
#2392=EDGE_CURVE('',#3253,#3254,#3800,.T.);
#2393=EDGE_CURVE('',#3255,#3254,#3801,.T.);
#2394=EDGE_CURVE('',#3252,#3255,#3802,.T.);
#2395=EDGE_CURVE('',#3256,#3257,#3803,.T.);
#2396=EDGE_CURVE('',#3256,#3258,#3804,.T.);
#2397=EDGE_CURVE('',#3258,#3259,#3805,.T.);
#2398=EDGE_CURVE('',#3257,#3259,#3806,.T.);
#2399=EDGE_CURVE('',#3260,#3261,#3807,.T.);
#2400=EDGE_CURVE('',#3262,#3260,#3808,.T.);
#2401=EDGE_CURVE('',#3262,#3263,#3809,.T.);
#2402=EDGE_CURVE('',#3263,#3261,#3810,.T.);
#2403=EDGE_CURVE('',#3264,#3260,#3811,.T.);
#2404=EDGE_CURVE('',#3265,#3264,#3812,.T.);
#2405=EDGE_CURVE('',#3265,#3262,#3813,.T.);
#2406=EDGE_CURVE('',#3266,#3267,#3814,.T.);
#2407=EDGE_CURVE('',#3268,#3266,#3815,.T.);
#2408=EDGE_CURVE('',#3268,#3269,#3816,.T.);
#2409=EDGE_CURVE('',#3269,#3267,#3817,.T.);
#2410=EDGE_CURVE('',#3270,#3252,#3818,.T.);
#2411=EDGE_CURVE('',#3271,#3270,#3819,.T.);
#2412=EDGE_CURVE('',#3272,#3271,#3820,.T.);
#2413=EDGE_CURVE('',#3263,#3272,#3821,.T.);
#2414=EDGE_CURVE('',#3250,#3265,#3822,.T.);
#2415=EDGE_CURVE('',#3269,#3248,#3823,.T.);
#2416=EDGE_CURVE('',#3273,#3268,#3824,.T.);
#2417=EDGE_CURVE('',#3274,#3273,#3825,.T.);
#2418=EDGE_CURVE('',#3258,#3274,#3826,.T.);
#2419=EDGE_CURVE('',#3256,#3253,#3827,.F.);
#2420=EDGE_CURVE('',#3275,#3276,#3828,.F.);
#2421=EDGE_CURVE('',#3277,#3275,#3829,.T.);
#2422=EDGE_CURVE('',#3278,#3277,#3830,.T.);
#2423=EDGE_CURVE('',#3245,#3278,#3831,.T.);
#2424=EDGE_CURVE('',#3247,#3279,#504,.F.);
#2425=EDGE_CURVE('',#3280,#3279,#3832,.T.);
#2426=EDGE_CURVE('',#3280,#3281,#505,.F.);
#2427=EDGE_CURVE('',#3282,#3281,#3833,.T.);
#2428=EDGE_CURVE('',#3282,#3283,#506,.T.);
#2429=EDGE_CURVE('',#3284,#3283,#3834,.T.);
#2430=EDGE_CURVE('',#3284,#3285,#507,.T.);
#2431=EDGE_CURVE('',#3285,#3286,#327,.F.);
#2432=EDGE_CURVE('',#3287,#3286,#3835,.T.);
#2433=EDGE_CURVE('',#3287,#3288,#508,.T.);
#2434=EDGE_CURVE('',#3289,#3288,#3836,.T.);
#2435=EDGE_CURVE('',#3289,#3290,#3837,.F.);
#2436=EDGE_CURVE('',#3291,#3290,#3838,.T.);
#2437=EDGE_CURVE('',#3291,#3266,#3839,.T.);
#2438=EDGE_CURVE('',#3267,#3249,#3840,.T.);
#2439=EDGE_CURVE('',#3251,#3264,#3841,.T.);
#2440=EDGE_CURVE('',#3261,#3292,#3842,.T.);
#2441=EDGE_CURVE('',#3292,#3293,#3843,.T.);
#2442=EDGE_CURVE('',#3293,#3294,#3844,.T.);
#2443=EDGE_CURVE('',#3295,#3294,#3845,.F.);
#2444=EDGE_CURVE('',#3295,#3296,#3846,.T.);
#2445=EDGE_CURVE('',#3297,#3296,#509,.T.);
#2446=EDGE_CURVE('',#3297,#3298,#3847,.T.);
#2447=EDGE_CURVE('',#3299,#3298,#328,.F.);
#2448=EDGE_CURVE('',#3300,#3299,#510,.T.);
#2449=EDGE_CURVE('',#3300,#3301,#3848,.T.);
#2450=EDGE_CURVE('',#3302,#3301,#511,.T.);
#2451=EDGE_CURVE('',#3302,#3303,#3849,.T.);
#2452=EDGE_CURVE('',#3304,#3303,#512,.F.);
#2453=EDGE_CURVE('',#3304,#3305,#3850,.T.);
#2454=EDGE_CURVE('',#3276,#3305,#513,.F.);
#2455=EDGE_CURVE('',#3306,#3307,#3851,.T.);
#2456=EDGE_CURVE('',#3306,#3257,#3852,.T.);
#2457=EDGE_CURVE('',#3259,#3307,#3853,.T.);
#2458=EDGE_CURVE('',#3308,#3255,#3854,.T.);
#2459=EDGE_CURVE('',#3254,#3309,#3855,.T.);
#2460=EDGE_CURVE('',#3309,#3308,#3856,.T.);
#2461=EDGE_CURVE('',#3291,#3273,#3857,.F.);
#2462=EDGE_CURVE('',#3272,#3292,#3858,.T.);
#2463=EDGE_CURVE('',#3310,#3253,#3859,.T.);
#2464=EDGE_CURVE('',#3311,#3256,#3860,.T.);
#2465=EDGE_CURVE('',#3310,#3311,#3861,.T.);
#2466=EDGE_CURVE('',#3312,#3234,#3862,.T.);
#2467=EDGE_CURVE('',#3235,#3313,#3863,.T.);
#2468=EDGE_CURVE('',#3312,#3313,#3864,.F.);
#2469=EDGE_CURVE('',#3314,#3315,#3865,.T.);
#2470=EDGE_CURVE('',#3314,#3316,#514,.T.);
#2471=EDGE_CURVE('',#3316,#3238,#3866,.F.);
#2472=EDGE_CURVE('',#3237,#3317,#3867,.T.);
#2473=EDGE_CURVE('',#3317,#3318,#3868,.T.);
#2474=EDGE_CURVE('',#3318,#3319,#3869,.F.);
#2475=EDGE_CURVE('',#3319,#3320,#515,.T.);
#2476=EDGE_CURVE('',#3321,#3320,#3870,.T.);
#2477=EDGE_CURVE('',#3321,#3322,#516,.T.);
#2478=EDGE_CURVE('',#3322,#3323,#3871,.T.);
#2479=EDGE_CURVE('',#3323,#3324,#3872,.T.);
#2480=EDGE_CURVE('',#3325,#3324,#3873,.T.);
#2481=EDGE_CURVE('',#3325,#3326,#3874,.T.);
#2482=EDGE_CURVE('',#3326,#3327,#517,.F.);
#2483=EDGE_CURVE('',#3328,#3327,#3875,.T.);
#2484=EDGE_CURVE('',#3328,#3329,#518,.F.);
#2485=EDGE_CURVE('',#3249,#3329,#3876,.T.);
#2486=EDGE_CURVE('',#3330,#3248,#3877,.T.);
#2487=EDGE_CURVE('',#3331,#3330,#3878,.F.);
#2488=EDGE_CURVE('',#3331,#3332,#3879,.T.);
#2489=EDGE_CURVE('',#3333,#3332,#3880,.T.);
#2490=EDGE_CURVE('',#3334,#3333,#3881,.T.);
#2491=EDGE_CURVE('',#3335,#3334,#3882,.T.);
#2492=EDGE_CURVE('',#3250,#3335,#3883,.F.);
#2493=EDGE_CURVE('',#3336,#3251,#3884,.F.);
#2494=EDGE_CURVE('',#3337,#3336,#519,.F.);
#2495=EDGE_CURVE('',#3337,#3338,#3885,.T.);
#2496=EDGE_CURVE('',#3339,#3338,#520,.F.);
#2497=EDGE_CURVE('',#3340,#3339,#3886,.T.);
#2498=EDGE_CURVE('',#3340,#3341,#3887,.T.);
#2499=EDGE_CURVE('',#3341,#3342,#3888,.F.);
#2500=EDGE_CURVE('',#3342,#3343,#3889,.F.);
#2501=EDGE_CURVE('',#3343,#3344,#521,.F.);
#2502=EDGE_CURVE('',#3344,#3345,#3890,.T.);
#2503=EDGE_CURVE('',#3345,#3346,#522,.F.);
#2504=EDGE_CURVE('',#3346,#3347,#3891,.T.);
#2505=EDGE_CURVE('',#3347,#3315,#3892,.F.);
#2506=EDGE_CURVE('',#3228,#3233,#3893,.F.);
#2507=EDGE_CURVE('',#3348,#3349,#3894,.F.);
#2508=EDGE_CURVE('',#3350,#3348,#3895,.F.);
#2509=EDGE_CURVE('',#3351,#3350,#3896,.F.);
#2510=EDGE_CURVE('',#3349,#3351,#3897,.F.);
#2511=EDGE_CURVE('',#3352,#3353,#3898,.F.);
#2512=EDGE_CURVE('',#3354,#3352,#3899,.F.);
#2513=EDGE_CURVE('',#3355,#3354,#3900,.F.);
#2514=EDGE_CURVE('',#3353,#3355,#3901,.F.);
#2515=EDGE_CURVE('',#3356,#3357,#3902,.F.);
#2516=EDGE_CURVE('',#3356,#3312,#3903,.F.);
#2517=EDGE_CURVE('',#3313,#3358,#3904,.F.);
#2518=EDGE_CURVE('',#3358,#3359,#3905,.F.);
#2519=EDGE_CURVE('',#3360,#3359,#3906,.F.);
#2520=EDGE_CURVE('',#3361,#3360,#3907,.F.);
#2521=EDGE_CURVE('',#3361,#3357,#3908,.F.);
#2522=EDGE_CURVE('',#3239,#3362,#3909,.F.);
#2523=EDGE_CURVE('',#3362,#3363,#523,.T.);
#2524=EDGE_CURVE('',#3363,#3358,#3910,.T.);
#2525=EDGE_CURVE('',#3363,#3364,#3911,.T.);
#2526=EDGE_CURVE('',#3359,#3364,#3912,.T.);
#2527=EDGE_CURVE('',#3357,#3365,#3913,.T.);
#2528=EDGE_CURVE('',#3366,#3361,#3914,.T.);
#2529=EDGE_CURVE('',#3365,#3366,#3915,.T.);
#2530=EDGE_CURVE('',#3316,#3362,#3916,.T.);
#2531=EDGE_CURVE('',#3353,#3367,#3917,.F.);
#2532=EDGE_CURVE('',#3367,#3368,#3918,.F.);
#2533=EDGE_CURVE('',#3352,#3368,#3919,.F.);
#2534=EDGE_CURVE('',#3355,#3369,#3920,.F.);
#2535=EDGE_CURVE('',#3369,#3367,#3921,.F.);
#2536=EDGE_CURVE('',#3354,#3370,#3922,.F.);
#2537=EDGE_CURVE('',#3370,#3369,#3923,.F.);
#2538=EDGE_CURVE('',#3368,#3370,#3924,.F.);
#2539=EDGE_CURVE('',#3349,#3371,#3925,.F.);
#2540=EDGE_CURVE('',#3371,#3372,#3926,.F.);
#2541=EDGE_CURVE('',#3348,#3372,#3927,.F.);
#2542=EDGE_CURVE('',#3351,#3373,#3928,.F.);
#2543=EDGE_CURVE('',#3373,#3371,#3929,.F.);
#2544=EDGE_CURVE('',#3350,#3374,#3930,.F.);
#2545=EDGE_CURVE('',#3374,#3373,#3931,.F.);
#2546=EDGE_CURVE('',#3372,#3374,#3932,.F.);
#2547=EDGE_CURVE('',#3236,#3375,#3933,.T.);
#2548=EDGE_CURVE('',#3375,#3317,#3934,.T.);
#2549=EDGE_CURVE('',#3324,#3376,#3935,.T.);
#2550=EDGE_CURVE('',#3377,#3376,#3936,.T.);
#2551=EDGE_CURVE('',#3325,#3377,#3937,.T.);
#2552=EDGE_CURVE('',#3320,#3378,#329,.T.);
#2553=EDGE_CURVE('',#3378,#3379,#3938,.T.);
#2554=EDGE_CURVE('',#3379,#3380,#3939,.T.);
#2555=EDGE_CURVE('',#3380,#3381,#3940,.T.);
#2556=EDGE_CURVE('',#3381,#3382,#3941,.T.);
#2557=EDGE_CURVE('',#3382,#3383,#524,.F.);
#2558=EDGE_CURVE('',#3383,#3384,#3942,.T.);
#2559=EDGE_CURVE('',#3384,#3321,#330,.F.);
#2560=EDGE_CURVE('',#3376,#3375,#3943,.T.);
#2561=EDGE_CURVE('',#3385,#3356,#3944,.T.);
#2562=EDGE_CURVE('',#3385,#3386,#525,.F.);
#2563=EDGE_CURVE('',#3386,#3387,#3945,.T.);
#2564=EDGE_CURVE('',#3387,#3388,#526,.F.);
#2565=EDGE_CURVE('',#3388,#3377,#3946,.T.);
#2566=EDGE_CURVE('',#3389,#3390,#3947,.F.);
#2567=EDGE_CURVE('',#3390,#3391,#3948,.F.);
#2568=EDGE_CURVE('',#3391,#3392,#3949,.T.);
#2569=EDGE_CURVE('',#3392,#3389,#3950,.T.);
#2570=EDGE_CURVE('',#3393,#3394,#3951,.F.);
#2571=EDGE_CURVE('',#3394,#3395,#3952,.F.);
#2572=EDGE_CURVE('',#3395,#3396,#3953,.T.);
#2573=EDGE_CURVE('',#3396,#3393,#3954,.T.);
#2574=EDGE_CURVE('',#3397,#3398,#3955,.F.);
#2575=EDGE_CURVE('',#3398,#3399,#3956,.F.);
#2576=EDGE_CURVE('',#3399,#3400,#3957,.T.);
#2577=EDGE_CURVE('',#3400,#3397,#3958,.T.);
#2578=EDGE_CURVE('',#3401,#3402,#3959,.F.);
#2579=EDGE_CURVE('',#3402,#3403,#3960,.F.);
#2580=EDGE_CURVE('',#3403,#3404,#3961,.T.);
#2581=EDGE_CURVE('',#3404,#3401,#3962,.T.);
#2582=EDGE_CURVE('',#3405,#3406,#3963,.F.);
#2583=EDGE_CURVE('',#3406,#3407,#3964,.F.);
#2584=EDGE_CURVE('',#3407,#3408,#3965,.T.);
#2585=EDGE_CURVE('',#3408,#3405,#3966,.T.);
#2586=EDGE_CURVE('',#3409,#3410,#527,.F.);
#2587=EDGE_CURVE('',#3409,#3411,#3967,.F.);
#2588=EDGE_CURVE('',#3411,#3412,#3968,.F.);
#2589=EDGE_CURVE('',#3412,#3413,#3969,.F.);
#2590=EDGE_CURVE('',#3413,#3414,#3970,.F.);
#2591=EDGE_CURVE('',#3414,#3415,#3971,.F.);
#2592=EDGE_CURVE('',#3416,#3415,#528,.F.);
#2593=EDGE_CURVE('',#3416,#3417,#3972,.F.);
#2594=EDGE_CURVE('',#3417,#3418,#529,.T.);
#2595=EDGE_CURVE('',#3418,#3419,#3973,.F.);
#2596=EDGE_CURVE('',#3419,#3420,#3974,.F.);
#2597=EDGE_CURVE('',#3420,#3421,#3975,.F.);
#2598=EDGE_CURVE('',#3421,#3410,#3976,.F.);
#2599=EDGE_CURVE('',#3388,#3326,#3977,.F.);
#2600=EDGE_CURVE('',#3386,#3328,#3978,.F.);
#2601=EDGE_CURVE('',#3327,#3387,#3979,.T.);
#2602=EDGE_CURVE('',#3330,#3365,#3980,.T.);
#2603=EDGE_CURVE('',#3329,#3385,#3981,.T.);
#2604=EDGE_CURVE('',#3331,#3422,#3982,.T.);
#2605=EDGE_CURVE('',#3422,#3423,#3983,.T.);
#2606=EDGE_CURVE('',#3332,#3423,#3984,.T.);
#2607=EDGE_CURVE('',#3424,#3425,#3985,.T.);
#2608=EDGE_CURVE('',#3424,#3426,#530,.T.);
#2609=EDGE_CURVE('',#3426,#3427,#3986,.F.);
#2610=EDGE_CURVE('',#3427,#3422,#531,.T.);
#2611=EDGE_CURVE('',#3366,#3335,#3987,.T.);
#2612=EDGE_CURVE('',#3334,#3428,#3988,.T.);
#2613=EDGE_CURVE('',#3428,#3243,#532,.T.);
#2614=EDGE_CURVE('',#3242,#3429,#533,.T.);
#2615=EDGE_CURVE('',#3430,#3429,#3989,.T.);
#2616=EDGE_CURVE('',#3430,#3431,#3990,.T.);
#2617=EDGE_CURVE('',#3431,#3432,#3991,.T.);
#2618=EDGE_CURVE('',#3432,#3433,#3992,.F.);
#2619=EDGE_CURVE('',#3433,#3434,#3993,.T.);
#2620=EDGE_CURVE('',#3434,#3435,#3994,.F.);
#2621=EDGE_CURVE('',#3435,#3436,#3995,.T.);
#2622=EDGE_CURVE('',#3436,#3437,#3996,.T.);
#2623=EDGE_CURVE('',#3438,#3437,#3997,.T.);
#2624=EDGE_CURVE('',#3439,#3438,#3998,.T.);
#2625=EDGE_CURVE('',#3440,#3439,#331,.T.);
#2626=EDGE_CURVE('',#3440,#3441,#3999,.T.);
#2627=EDGE_CURVE('',#3441,#3442,#4000,.T.);
#2628=EDGE_CURVE('',#3442,#3443,#4001,.T.);
#2629=EDGE_CURVE('',#3444,#3443,#4002,.T.);
#2630=EDGE_CURVE('',#3310,#3444,#4003,.T.);
#2631=EDGE_CURVE('',#3445,#3311,#4004,.T.);
#2632=EDGE_CURVE('',#3445,#3446,#4005,.T.);
#2633=EDGE_CURVE('',#3446,#3447,#4006,.T.);
#2634=EDGE_CURVE('',#3447,#3448,#4007,.T.);
#2635=EDGE_CURVE('',#3448,#3449,#4008,.T.);
#2636=EDGE_CURVE('',#3449,#3450,#332,.T.);
#2637=EDGE_CURVE('',#3450,#3451,#4009,.T.);
#2638=EDGE_CURVE('',#3451,#3452,#4010,.T.);
#2639=EDGE_CURVE('',#3453,#3452,#4011,.T.);
#2640=EDGE_CURVE('',#3453,#3454,#4012,.T.);
#2641=EDGE_CURVE('',#3454,#3455,#4013,.T.);
#2642=EDGE_CURVE('',#3456,#3455,#4014,.T.);
#2643=EDGE_CURVE('',#3457,#3456,#4015,.F.);
#2644=EDGE_CURVE('',#3458,#3457,#4016,.T.);
#2645=EDGE_CURVE('',#3458,#3425,#4017,.F.);
#2646=EDGE_CURVE('',#3364,#3459,#534,.F.);
#2647=EDGE_CURVE('',#3459,#3460,#4018,.T.);
#2648=EDGE_CURVE('',#3460,#3461,#4019,.F.);
#2649=EDGE_CURVE('',#3462,#3461,#4020,.T.);
#2650=EDGE_CURVE('',#3463,#3462,#4021,.T.);
#2651=EDGE_CURVE('',#3464,#3463,#535,.F.);
#2652=EDGE_CURVE('',#3465,#3464,#4022,.T.);
#2653=EDGE_CURVE('',#3466,#3465,#536,.F.);
#2654=EDGE_CURVE('',#3466,#3360,#4023,.T.);
#2655=EDGE_CURVE('',#3465,#3337,#4024,.F.);
#2656=EDGE_CURVE('',#3338,#3464,#4025,.T.);
#2657=EDGE_CURVE('',#3340,#3462,#4026,.T.);
#2658=EDGE_CURVE('',#3463,#3339,#4027,.F.);
#2659=EDGE_CURVE('',#3336,#3466,#4028,.T.);
#2660=EDGE_CURVE('',#3459,#3314,#4029,.F.);
#2661=EDGE_CURVE('',#3315,#3460,#4030,.F.);
#2662=EDGE_CURVE('',#3346,#3467,#4031,.T.);
#2663=EDGE_CURVE('',#3467,#3468,#4032,.T.);
#2664=EDGE_CURVE('',#3468,#3347,#4033,.F.);
#2665=EDGE_CURVE('',#3469,#3470,#4034,.F.);
#2666=EDGE_CURVE('',#3470,#3471,#4035,.F.);
#2667=EDGE_CURVE('',#3471,#3472,#4036,.T.);
#2668=EDGE_CURVE('',#3472,#3469,#4037,.T.);
#2669=EDGE_CURVE('',#3473,#3474,#4038,.F.);
#2670=EDGE_CURVE('',#3474,#3475,#4039,.T.);
#2671=EDGE_CURVE('',#3475,#3476,#4040,.T.);
#2672=EDGE_CURVE('',#3476,#3473,#4041,.F.);
#2673=EDGE_CURVE('',#3477,#3478,#4042,.F.);
#2674=EDGE_CURVE('',#3478,#3479,#4043,.T.);
#2675=EDGE_CURVE('',#3479,#3480,#4044,.T.);
#2676=EDGE_CURVE('',#3480,#3477,#4045,.F.);
#2677=EDGE_CURVE('',#3481,#3482,#4046,.F.);
#2678=EDGE_CURVE('',#3482,#3483,#4047,.F.);
#2679=EDGE_CURVE('',#3483,#3484,#4048,.T.);
#2680=EDGE_CURVE('',#3484,#3481,#4049,.T.);
#2681=EDGE_CURVE('',#3461,#3341,#4050,.F.);
#2682=EDGE_CURVE('',#3344,#3485,#333,.T.);
#2683=EDGE_CURVE('',#3485,#3486,#4051,.F.);
#2684=EDGE_CURVE('',#3487,#3486,#537,.F.);
#2685=EDGE_CURVE('',#3487,#3488,#4052,.F.);
#2686=EDGE_CURVE('',#3488,#3489,#4053,.F.);
#2687=EDGE_CURVE('',#3489,#3490,#4054,.F.);
#2688=EDGE_CURVE('',#3490,#3345,#4055,.F.);
#2689=EDGE_CURVE('',#3491,#3492,#4056,.T.);
#2690=EDGE_CURVE('',#3492,#3493,#4057,.T.);
#2691=EDGE_CURVE('',#3493,#3494,#4058,.T.);
#2692=EDGE_CURVE('',#3494,#3495,#4059,.T.);
#2693=EDGE_CURVE('',#3495,#3496,#4060,.T.);
#2694=EDGE_CURVE('',#3496,#3497,#4061,.T.);
#2695=EDGE_CURVE('',#3497,#3498,#4062,.T.);
#2696=EDGE_CURVE('',#3499,#3498,#538,.T.);
#2697=EDGE_CURVE('',#3499,#3500,#4063,.T.);
#2698=EDGE_CURVE('',#3501,#3500,#539,.T.);
#2699=EDGE_CURVE('',#3501,#3502,#4064,.T.);
#2700=EDGE_CURVE('',#3502,#3491,#4065,.T.);
#2701=EDGE_CURVE('',#3333,#3503,#4066,.T.);
#2702=EDGE_CURVE('',#3503,#3428,#4067,.F.);
#2703=EDGE_CURVE('',#3504,#3505,#4068,.F.);
#2704=EDGE_CURVE('',#3505,#3506,#540,.T.);
#2705=EDGE_CURVE('',#3507,#3506,#4069,.T.);
#2706=EDGE_CURVE('',#3508,#3507,#4070,.T.);
#2707=EDGE_CURVE('',#3509,#3508,#4071,.T.);
#2708=EDGE_CURVE('',#3509,#3240,#541,.T.);
#2709=EDGE_CURVE('',#3241,#3503,#542,.T.);
#2710=EDGE_CURVE('',#3423,#3504,#543,.T.);
#2711=EDGE_CURVE('',#3426,#3505,#4072,.F.);
#2712=EDGE_CURVE('',#3504,#3427,#4073,.F.);
#2713=EDGE_CURVE('',#3448,#3510,#4074,.T.);
#2714=EDGE_CURVE('',#3510,#3289,#544,.F.);
#2715=EDGE_CURVE('',#3288,#3511,#4075,.F.);
#2716=EDGE_CURVE('',#3511,#3449,#334,.T.);
#2717=EDGE_CURVE('',#3512,#3435,#335,.T.);
#2718=EDGE_CURVE('',#3436,#3512,#336,.T.);
#2719=EDGE_CURVE('',#3274,#3307,#4076,.T.);
#2720=EDGE_CURVE('',#3273,#3446,#4077,.F.);
#2721=EDGE_CURVE('',#3445,#3306,#4078,.T.);
#2722=EDGE_CURVE('',#3513,#3514,#337,.T.);
#2723=EDGE_CURVE('',#3514,#3284,#4079,.T.);
#2724=EDGE_CURVE('',#3283,#3513,#4080,.F.);
#2725=EDGE_CURVE('',#3453,#3515,#338,.T.);
#2726=EDGE_CURVE('',#3515,#3454,#339,.T.);
#2727=EDGE_CURVE('',#3286,#3516,#340,.T.);
#2728=EDGE_CURVE('',#3516,#3287,#4081,.T.);
#2729=EDGE_CURVE('',#3290,#3517,#258,.F.);
#2730=EDGE_CURVE('',#3447,#3517,#4082,.T.);
#2731=EDGE_CURVE('',#3517,#3510,#4083,.T.);
#2732=EDGE_CURVE('',#3281,#3518,#4084,.T.);
#2733=EDGE_CURVE('',#3518,#3519,#341,.T.);
#2734=EDGE_CURVE('',#3519,#3282,#4085,.T.);
#2735=EDGE_CURVE('',#3279,#3520,#4086,.F.);
#2736=EDGE_CURVE('',#3521,#3520,#4087,.T.);
#2737=EDGE_CURVE('',#3521,#3522,#4088,.T.);
#2738=EDGE_CURVE('',#3522,#3523,#4089,.T.);
#2739=EDGE_CURVE('',#3523,#3524,#342,.T.);
#2740=EDGE_CURVE('',#3524,#3280,#4090,.F.);
#2741=EDGE_CURVE('',#3525,#3526,#4091,.F.);
#2742=EDGE_CURVE('',#3525,#3527,#343,.F.);
#2743=EDGE_CURVE('',#3527,#3515,#4092,.F.);
#2744=EDGE_CURVE('',#3528,#3515,#344,.F.);
#2745=EDGE_CURVE('',#3526,#3528,#345,.F.);
#2746=EDGE_CURVE('',#3518,#3524,#346,.T.);
#2747=EDGE_CURVE('',#3529,#3523,#4093,.F.);
#2748=EDGE_CURVE('',#3529,#3525,#347,.F.);
#2749=EDGE_CURVE('',#3530,#3526,#348,.F.);
#2750=EDGE_CURVE('',#3514,#3530,#349,.F.);
#2751=EDGE_CURVE('',#3513,#3519,#350,.T.);
#2752=EDGE_CURVE('',#3531,#3532,#4094,.T.);
#2753=EDGE_CURVE('',#3531,#3529,#4095,.T.);
#2754=EDGE_CURVE('',#3532,#3522,#4096,.T.);
#2755=EDGE_CURVE('',#3455,#3527,#351,.T.);
#2756=EDGE_CURVE('',#3533,#3521,#4097,.T.);
#2757=EDGE_CURVE('',#3533,#3532,#4098,.T.);
#2758=EDGE_CURVE('',#3457,#3531,#4099,.T.);
#2759=EDGE_CURVE('',#3534,#3533,#4100,.T.);
#2760=EDGE_CURVE('',#3534,#3458,#259,.F.);
#2761=EDGE_CURVE('',#3525,#3456,#4101,.T.);
#2762=EDGE_CURVE('',#3244,#3535,#4102,.T.);
#2763=EDGE_CURVE('',#3535,#3534,#4103,.T.);
#2764=EDGE_CURVE('',#3520,#3246,#260,.F.);
#2765=EDGE_CURVE('',#3450,#3536,#352,.T.);
#2766=EDGE_CURVE('',#3536,#3537,#353,.T.);
#2767=EDGE_CURVE('',#3537,#3451,#354,.T.);
#2768=EDGE_CURVE('',#3538,#3452,#355,.T.);
#2769=EDGE_CURVE('',#3538,#3514,#356,.T.);
#2770=EDGE_CURVE('',#3537,#3539,#357,.T.);
#2771=EDGE_CURVE('',#3539,#3538,#4104,.T.);
#2772=EDGE_CURVE('',#3536,#3511,#545,.T.);
#2773=EDGE_CURVE('',#3516,#3536,#546,.T.);
#2774=EDGE_CURVE('',#3285,#3539,#358,.T.);
#2775=EDGE_CURVE('',#3516,#3511,#547,.F.);
#2776=EDGE_CURVE('',#3271,#3443,#4105,.F.);
#2777=EDGE_CURVE('',#3270,#3308,#4106,.T.);
#2778=EDGE_CURVE('',#3444,#3309,#4107,.T.);
#2779=EDGE_CURVE('',#3540,#3541,#359,.T.);
#2780=EDGE_CURVE('',#3301,#3540,#4108,.F.);
#2781=EDGE_CURVE('',#3541,#3300,#4109,.T.);
#2782=EDGE_CURVE('',#3542,#3440,#360,.T.);
#2783=EDGE_CURVE('',#3296,#3542,#4110,.F.);
#2784=EDGE_CURVE('',#3543,#3295,#548,.F.);
#2785=EDGE_CURVE('',#3441,#3543,#4111,.T.);
#2786=EDGE_CURVE('',#3298,#3544,#361,.T.);
#2787=EDGE_CURVE('',#3544,#3297,#4112,.T.);
#2788=EDGE_CURVE('',#3442,#3545,#4113,.T.);
#2789=EDGE_CURVE('',#3294,#3545,#261,.F.);
#2790=EDGE_CURVE('',#3293,#3271,#4114,.F.);
#2791=EDGE_CURVE('',#3545,#3543,#4115,.T.);
#2792=EDGE_CURVE('',#3546,#3302,#4116,.T.);
#2793=EDGE_CURVE('',#3547,#3546,#362,.T.);
#2794=EDGE_CURVE('',#3303,#3547,#4117,.T.);
#2795=EDGE_CURVE('',#3548,#3304,#4118,.F.);
#2796=EDGE_CURVE('',#3549,#3548,#363,.T.);
#2797=EDGE_CURVE('',#3550,#3549,#4119,.T.);
#2798=EDGE_CURVE('',#3551,#3550,#4120,.T.);
#2799=EDGE_CURVE('',#3551,#3552,#4121,.T.);
#2800=EDGE_CURVE('',#3305,#3552,#4122,.F.);
#2801=EDGE_CURVE('',#3553,#3554,#4123,.T.);
#2802=EDGE_CURVE('',#3553,#3275,#4124,.T.);
#2803=EDGE_CURVE('',#3554,#3276,#4125,.T.);
#2804=EDGE_CURVE('',#3555,#3556,#4126,.T.);
#2805=EDGE_CURVE('',#3557,#3555,#364,.T.);
#2806=EDGE_CURVE('',#3512,#3557,#365,.T.);
#2807=EDGE_CURVE('',#3558,#3512,#4127,.F.);
#2808=EDGE_CURVE('',#3556,#3558,#366,.F.);
#2809=EDGE_CURVE('',#3540,#3546,#367,.T.);
#2810=EDGE_CURVE('',#3559,#3541,#368,.T.);
#2811=EDGE_CURVE('',#3555,#3559,#369,.T.);
#2812=EDGE_CURVE('',#3560,#3556,#370,.F.);
#2813=EDGE_CURVE('',#3560,#3549,#4128,.F.);
#2814=EDGE_CURVE('',#3547,#3548,#371,.T.);
#2815=EDGE_CURVE('',#3561,#3562,#4129,.T.);
#2816=EDGE_CURVE('',#3562,#3550,#4130,.T.);
#2817=EDGE_CURVE('',#3561,#3560,#4131,.T.);
#2818=EDGE_CURVE('',#3434,#3558,#372,.T.);
#2819=EDGE_CURVE('',#3563,#3562,#4132,.T.);
#2820=EDGE_CURVE('',#3563,#3551,#4133,.T.);
#2821=EDGE_CURVE('',#3431,#3564,#262,.F.);
#2822=EDGE_CURVE('',#3564,#3563,#4134,.T.);
#2823=EDGE_CURVE('',#3432,#3561,#4135,.T.);
#2824=EDGE_CURVE('',#3556,#3433,#4136,.T.);
#2825=EDGE_CURVE('',#3564,#3565,#4137,.F.);
#2826=EDGE_CURVE('',#3565,#3553,#4138,.T.);
#2827=EDGE_CURVE('',#3552,#3554,#263,.F.);
#2828=EDGE_CURVE('',#3439,#3566,#373,.T.);
#2829=EDGE_CURVE('',#3567,#3438,#374,.T.);
#2830=EDGE_CURVE('',#3566,#3567,#375,.T.);
#2831=EDGE_CURVE('',#3568,#3437,#376,.T.);
#2832=EDGE_CURVE('',#3568,#3541,#377,.T.);
#2833=EDGE_CURVE('',#3567,#3569,#378,.T.);
#2834=EDGE_CURVE('',#3569,#3568,#4139,.T.);
#2835=EDGE_CURVE('',#3566,#3542,#549,.T.);
#2836=EDGE_CURVE('',#3299,#3569,#379,.T.);
#2837=EDGE_CURVE('',#3544,#3566,#550,.T.);
#2838=EDGE_CURVE('',#3544,#3542,#551,.F.);
#2839=EDGE_CURVE('',#3407,#3402,#552,.T.);
#2840=EDGE_CURVE('',#3401,#3408,#553,.F.);
#2841=EDGE_CURVE('',#3403,#3398,#554,.T.);
#2842=EDGE_CURVE('',#3397,#3404,#555,.F.);
#2843=EDGE_CURVE('',#3395,#3390,#556,.T.);
#2844=EDGE_CURVE('',#3389,#3396,#557,.F.);
#2845=EDGE_CURVE('',#3399,#3394,#558,.T.);
#2846=EDGE_CURVE('',#3393,#3400,#559,.F.);
#2847=EDGE_CURVE('',#3408,#3417,#560,.T.);
#2848=EDGE_CURVE('',#3401,#3418,#561,.F.);
#2849=EDGE_CURVE('',#3406,#3384,#562,.F.);
#2850=EDGE_CURVE('',#3322,#3406,#563,.T.);
#2851=EDGE_CURVE('',#3407,#3383,#564,.T.);
#2852=EDGE_CURVE('',#3404,#3419,#565,.F.);
#2853=EDGE_CURVE('',#3405,#3416,#566,.T.);
#2854=EDGE_CURVE('',#3323,#3405,#567,.T.);
#2855=EDGE_CURVE('',#3402,#3382,#568,.T.);
#2856=EDGE_CURVE('',#3397,#3419,#569,.F.);
#2857=EDGE_CURVE('',#3323,#3415,#570,.F.);
#2858=EDGE_CURVE('',#3403,#3381,#571,.T.);
#2859=EDGE_CURVE('',#3420,#3400,#572,.T.);
#2860=EDGE_CURVE('',#3324,#3414,#264,.T.);
#2861=EDGE_CURVE('',#3398,#3381,#573,.T.);
#2862=EDGE_CURVE('',#3420,#3393,#574,.T.);
#2863=EDGE_CURVE('',#3376,#3413,#265,.T.);
#2864=EDGE_CURVE('',#3399,#3380,#575,.T.);
#2865=EDGE_CURVE('',#3421,#3396,#576,.T.);
#2866=EDGE_CURVE('',#3412,#3375,#266,.F.);
#2867=EDGE_CURVE('',#3394,#3380,#577,.T.);
#2868=EDGE_CURVE('',#3421,#3389,#578,.T.);
#2869=EDGE_CURVE('',#3411,#3317,#267,.F.);
#2870=EDGE_CURVE('',#3395,#3379,#579,.T.);
#2871=EDGE_CURVE('',#3410,#3392,#580,.T.);
#2872=EDGE_CURVE('',#3318,#3409,#581,.T.);
#2873=EDGE_CURVE('',#3390,#3379,#582,.T.);
#2874=EDGE_CURVE('',#3318,#3392,#583,.F.);
#2875=EDGE_CURVE('',#3391,#3378,#584,.T.);
#2876=EDGE_CURVE('',#3319,#3391,#585,.T.);
#2877=EDGE_CURVE('',#3347,#3494,#268,.F.);
#2878=EDGE_CURVE('',#3315,#3493,#269,.F.);
#2879=EDGE_CURVE('',#3460,#3492,#270,.F.);
#2880=EDGE_CURVE('',#3468,#3495,#586,.F.);
#2881=EDGE_CURVE('',#3461,#3491,#271,.F.);
#2882=EDGE_CURVE('',#3470,#3495,#587,.T.);
#2883=EDGE_CURVE('',#3468,#3470,#588,.T.);
#2884=EDGE_CURVE('',#3341,#3502,#272,.F.);
#2885=EDGE_CURVE('',#3467,#3490,#589,.T.);
#2886=EDGE_CURVE('',#3467,#3471,#590,.F.);
#2887=EDGE_CURVE('',#3469,#3496,#591,.F.);
#2888=EDGE_CURVE('',#3501,#3342,#592,.F.);
#2889=EDGE_CURVE('',#3490,#3471,#593,.T.);
#2890=EDGE_CURVE('',#3473,#3496,#594,.T.);
#2891=EDGE_CURVE('',#3469,#3473,#595,.T.);
#2892=EDGE_CURVE('',#3500,#3481,#596,.T.);
#2893=EDGE_CURVE('',#3481,#3342,#597,.F.);
#2894=EDGE_CURVE('',#3489,#3472,#598,.F.);
#2895=EDGE_CURVE('',#3472,#3474,#599,.F.);
#2896=EDGE_CURVE('',#3476,#3497,#600,.F.);
#2897=EDGE_CURVE('',#3498,#3480,#601,.T.);
#2898=EDGE_CURVE('',#3497,#3477,#602,.F.);
#2899=EDGE_CURVE('',#3499,#3482,#603,.F.);
#2900=EDGE_CURVE('',#3484,#3343,#604,.F.);
#2901=EDGE_CURVE('',#3489,#3474,#605,.T.);
#2902=EDGE_CURVE('',#3476,#3477,#606,.T.);
#2903=EDGE_CURVE('',#3480,#3482,#607,.F.);
#2904=EDGE_CURVE('',#3484,#3485,#608,.F.);
#2905=EDGE_CURVE('',#3488,#3475,#609,.F.);
#2906=EDGE_CURVE('',#3475,#3478,#610,.F.);
#2907=EDGE_CURVE('',#3479,#3483,#611,.F.);
#2908=EDGE_CURVE('',#3483,#3486,#612,.F.);
#2909=EDGE_CURVE('',#3478,#3488,#613,.F.);
#2910=EDGE_CURVE('',#3479,#3487,#614,.T.);
#2911=EDGE_CURVE('',#3429,#3509,#4140,.T.);
#2912=EDGE_CURVE('',#3277,#3508,#4141,.F.);
#2913=EDGE_CURVE('',#3565,#3430,#273,.T.);
#2914=EDGE_CURVE('',#3506,#3424,#4142,.T.);
#2915=EDGE_CURVE('',#3425,#3535,#274,.T.);
#2916=EDGE_CURVE('',#3278,#3507,#4143,.F.);
#2917=EDGE_CURVE('',#3570,#3571,#4144,.T.);
#2918=EDGE_CURVE('',#3570,#3572,#4145,.T.);
#2919=EDGE_CURVE('',#3573,#3572,#4146,.F.);
#2920=EDGE_CURVE('',#3573,#3571,#4147,.T.);
#2921=EDGE_CURVE('',#3574,#3575,#4148,.F.);
#2922=EDGE_CURVE('',#3575,#3576,#4149,.T.);
#2923=EDGE_CURVE('',#3577,#3576,#4150,.F.);
#2924=EDGE_CURVE('',#3577,#3578,#4151,.F.);
#2925=EDGE_CURVE('',#3579,#3578,#4152,.F.);
#2926=EDGE_CURVE('',#3580,#3579,#4153,.T.);
#2927=EDGE_CURVE('',#3580,#3581,#4154,.F.);
#2928=EDGE_CURVE('',#3581,#3574,#4155,.T.);
#2929=EDGE_CURVE('',#3582,#3583,#4156,.T.);
#2930=EDGE_CURVE('',#3584,#3583,#4157,.T.);
#2931=EDGE_CURVE('',#3585,#3584,#4158,.T.);
#2932=EDGE_CURVE('',#3582,#3585,#4159,.T.);
#2933=EDGE_CURVE('',#3586,#3587,#275,.F.);
#2934=EDGE_CURVE('',#3586,#3587,#4160,.T.);
#2935=EDGE_CURVE('',#3588,#3589,#4161,.T.);
#2936=EDGE_CURVE('',#3588,#3589,#276,.T.);
#2937=EDGE_CURVE('',#3590,#3591,#380,.T.);
#2938=EDGE_CURVE('',#3592,#3590,#381,.T.);
#2939=EDGE_CURVE('',#3592,#3591,#4162,.T.);
#2940=EDGE_CURVE('',#3593,#3594,#4163,.T.);
#2941=EDGE_CURVE('',#3595,#3594,#382,.F.);
#2942=EDGE_CURVE('',#3593,#3595,#383,.T.);
#2943=EDGE_CURVE('',#3596,#3597,#4164,.T.);
#2944=EDGE_CURVE('',#3597,#3598,#4165,.T.);
#2945=EDGE_CURVE('',#3599,#3598,#4166,.T.);
#2946=EDGE_CURVE('',#3600,#3599,#277,.T.);
#2947=EDGE_CURVE('',#3601,#3600,#4167,.T.);
#2948=EDGE_CURVE('',#3601,#3602,#4168,.T.);
#2949=EDGE_CURVE('',#3602,#3603,#4169,.T.);
#2950=EDGE_CURVE('',#3603,#3604,#278,.T.);
#2951=EDGE_CURVE('',#3604,#3596,#279,.T.);
#2952=EDGE_CURVE('',#3597,#3605,#280,.F.);
#2953=EDGE_CURVE('',#3606,#3596,#615,.F.);
#2954=EDGE_CURVE('',#3605,#3606,#4170,.F.);
#2955=EDGE_CURVE('',#3607,#3602,#281,.F.);
#2956=EDGE_CURVE('',#3608,#3607,#4171,.F.);
#2957=EDGE_CURVE('',#3608,#3603,#384,.T.);
#2958=EDGE_CURVE('',#3609,#3610,#282,.F.);
#2959=EDGE_CURVE('',#3609,#3611,#4172,.F.);
#2960=EDGE_CURVE('',#3611,#3612,#283,.F.);
#2961=EDGE_CURVE('',#3610,#3612,#284,.F.);
#2962=EDGE_CURVE('',#3613,#3614,#385,.T.);
#2963=EDGE_CURVE('',#3613,#3604,#386,.F.);
#2964=EDGE_CURVE('',#3614,#3608,#387,.T.);
#2965=EDGE_CURVE('',#3615,#3616,#388,.T.);
#2966=EDGE_CURVE('',#3616,#3617,#389,.F.);
#2967=EDGE_CURVE('',#3617,#3618,#390,.T.);
#2968=EDGE_CURVE('',#3618,#3573,#285,.T.);
#2969=EDGE_CURVE('',#3572,#3619,#286,.F.);
#2970=EDGE_CURVE('',#3615,#3619,#287,.T.);
#2971=EDGE_CURVE('',#3605,#3620,#4173,.T.);
#2972=EDGE_CURVE('',#3621,#3606,#4174,.T.);
#2973=EDGE_CURVE('',#3621,#3620,#4175,.T.);
#2974=EDGE_CURVE('',#3622,#3623,#391,.T.);
#2975=EDGE_CURVE('',#3624,#3623,#288,.T.);
#2976=EDGE_CURVE('',#3624,#3621,#289,.F.);
#2977=EDGE_CURVE('',#3606,#3613,#290,.T.);
#2978=EDGE_CURVE('',#3614,#3622,#392,.F.);
#2979=EDGE_CURVE('',#3625,#3626,#291,.T.);
#2980=EDGE_CURVE('',#3626,#3615,#4176,.T.);
#2981=EDGE_CURVE('',#3619,#3627,#4177,.T.);
#2982=EDGE_CURVE('',#3627,#3628,#616,.T.);
#2983=EDGE_CURVE('',#3629,#3628,#4178,.F.);
#2984=EDGE_CURVE('',#3629,#3630,#617,.F.);
#2985=EDGE_CURVE('',#3630,#3625,#4179,.T.);
#2986=EDGE_CURVE('',#3631,#3632,#4180,.T.);
#2987=EDGE_CURVE('',#3633,#3632,#4181,.T.);
#2988=EDGE_CURVE('',#3634,#3633,#4182,.T.);
#2989=EDGE_CURVE('',#3634,#3631,#4183,.T.);
#2990=EDGE_CURVE('',#3635,#3636,#4184,.F.);
#2991=EDGE_CURVE('',#3635,#3637,#4185,.T.);
#2992=EDGE_CURVE('',#3637,#3638,#4186,.T.);
#2993=EDGE_CURVE('',#3636,#3638,#4187,.F.);
#2994=EDGE_CURVE('',#3639,#3640,#4188,.T.);
#2995=EDGE_CURVE('',#3641,#3640,#4189,.T.);
#2996=EDGE_CURVE('',#3642,#3641,#4190,.F.);
#2997=EDGE_CURVE('',#3642,#3639,#4191,.F.);
#2998=EDGE_CURVE('',#3641,#3643,#4192,.T.);
#2999=EDGE_CURVE('',#3640,#3644,#4193,.T.);
#3000=EDGE_CURVE('',#3644,#3643,#4194,.F.);
#3001=EDGE_CURVE('',#3645,#3642,#4195,.T.);
#3002=EDGE_CURVE('',#3646,#3645,#4196,.T.);
#3003=EDGE_CURVE('',#3646,#3639,#4197,.T.);
#3004=EDGE_CURVE('',#3647,#3648,#4198,.T.);
#3005=EDGE_CURVE('',#3649,#3647,#4199,.F.);
#3006=EDGE_CURVE('',#3649,#3650,#4200,.T.);
#3007=EDGE_CURVE('',#3650,#3645,#4201,.F.);
#3008=EDGE_CURVE('',#3643,#3648,#4202,.F.);
#3009=EDGE_CURVE('',#3635,#3651,#4203,.T.);
#3010=EDGE_CURVE('',#3652,#3651,#4204,.F.);
#3011=EDGE_CURVE('',#3637,#3652,#4205,.F.);
#3012=EDGE_CURVE('',#3653,#3636,#4206,.F.);
#3013=EDGE_CURVE('',#3654,#3638,#4207,.F.);
#3014=EDGE_CURVE('',#3654,#3653,#4208,.F.);
#3015=EDGE_CURVE('',#3652,#3654,#4209,.T.);
#3016=EDGE_CURVE('',#3655,#3632,#4210,.T.);
#3017=EDGE_CURVE('',#3656,#3631,#4211,.T.);
#3018=EDGE_CURVE('',#3656,#3651,#4212,.T.);
#3019=EDGE_CURVE('',#3653,#3655,#4213,.T.);
#3020=EDGE_CURVE('',#3622,#3657,#393,.T.);
#3021=EDGE_CURVE('',#3657,#3623,#4214,.F.);
#3022=EDGE_CURVE('',#3626,#3616,#394,.T.);
#3023=EDGE_CURVE('',#3574,#3658,#4215,.T.);
#3024=EDGE_CURVE('',#3581,#3659,#4216,.T.);
#3025=EDGE_CURVE('',#3659,#3658,#292,.T.);
#3026=EDGE_CURVE('',#3660,#3634,#4217,.T.);
#3027=EDGE_CURVE('',#3656,#3660,#4218,.T.);
#3028=EDGE_CURVE('',#3659,#3600,#293,.T.);
#3029=EDGE_CURVE('',#3581,#3601,#4219,.T.);
#3030=EDGE_CURVE('',#3658,#3599,#4220,.T.);
#3031=EDGE_CURVE('',#3598,#3574,#4221,.T.);
#3032=EDGE_CURVE('',#3661,#3633,#4222,.T.);
#3033=EDGE_CURVE('',#3661,#3660,#4223,.F.);
#3034=EDGE_CURVE('',#3655,#3662,#4224,.T.);
#3035=EDGE_CURVE('',#3663,#3661,#4225,.T.);
#3036=EDGE_CURVE('',#3663,#3664,#4226,.T.);
#3037=EDGE_CURVE('',#3664,#3665,#4227,.T.);
#3038=EDGE_CURVE('',#3665,#3662,#4228,.T.);
#3039=EDGE_CURVE('',#3666,#3667,#4229,.T.);
#3040=EDGE_CURVE('',#3667,#3663,#618,.T.);
#3041=EDGE_CURVE('',#3668,#3662,#619,.F.);
#3042=EDGE_CURVE('',#3669,#3668,#4230,.T.);
#3043=EDGE_CURVE('',#3670,#3669,#620,.F.);
#3044=EDGE_CURVE('',#3670,#3650,#4231,.T.);
#3045=EDGE_CURVE('',#3649,#3671,#4232,.T.);
#3046=EDGE_CURVE('',#3671,#3672,#4233,.T.);
#3047=EDGE_CURVE('',#3672,#3673,#4234,.F.);
#3048=EDGE_CURVE('',#3673,#3666,#621,.F.);
#3049=EDGE_CURVE('',#3674,#3675,#294,.T.);
#3050=EDGE_CURVE('',#3676,#3674,#4235,.T.);
#3051=EDGE_CURVE('',#3677,#3676,#295,.T.);
#3052=EDGE_CURVE('',#3678,#3677,#4236,.F.);
#3053=EDGE_CURVE('',#3678,#3679,#622,.T.);
#3054=EDGE_CURVE('',#3679,#3680,#4237,.T.);
#3055=EDGE_CURVE('',#3680,#3681,#623,.F.);
#3056=EDGE_CURVE('',#3675,#3681,#4238,.T.);
#3057=EDGE_CURVE('',#3682,#3665,#624,.T.);
#3058=EDGE_CURVE('',#3682,#3668,#4239,.T.);
#3059=EDGE_CURVE('',#3608,#3683,#395,.F.);
#3060=EDGE_CURVE('',#3683,#3684,#396,.F.);
#3061=EDGE_CURVE('',#3657,#3684,#296,.T.);
#3062=EDGE_CURVE('',#3685,#3686,#4240,.T.);
#3063=EDGE_CURVE('',#3687,#3686,#4241,.T.);
#3064=EDGE_CURVE('',#3687,#3688,#4242,.T.);
#3065=EDGE_CURVE('',#3689,#3688,#397,.T.);
#3066=EDGE_CURVE('',#3625,#3689,#398,.F.);
#3067=EDGE_CURVE('',#3669,#3630,#4243,.F.);
#3068=EDGE_CURVE('',#3684,#3682,#4244,.T.);
#3069=EDGE_CURVE('',#3685,#3607,#4245,.T.);
#3070=EDGE_CURVE('',#3664,#3690,#625,.F.);
#3071=EDGE_CURVE('',#3690,#3624,#4246,.T.);
#3072=EDGE_CURVE('',#3591,#3691,#297,.T.);
#3073=EDGE_CURVE('',#3692,#3691,#399,.T.);
#3074=EDGE_CURVE('',#3692,#3693,#298,.T.);
#3075=EDGE_CURVE('',#3693,#3694,#400,.T.);
#3076=EDGE_CURVE('',#3694,#3695,#299,.T.);
#3077=EDGE_CURVE('',#3695,#3696,#401,.T.);
#3078=EDGE_CURVE('',#3696,#3592,#402,.T.);
#3079=EDGE_CURVE('',#3697,#3592,#4247,.T.);
#3080=EDGE_CURVE('',#3697,#3698,#4248,.T.);
#3081=EDGE_CURVE('',#3698,#3582,#4249,.T.);
#3082=EDGE_CURVE('',#3691,#3585,#300,.T.);
#3083=EDGE_CURVE('',#3699,#3681,#4250,.T.);
#3084=EDGE_CURVE('',#3700,#3699,#4251,.T.);
#3085=EDGE_CURVE('',#3675,#3700,#4252,.T.);
#3086=EDGE_CURVE('',#3697,#3701,#4253,.T.);
#3087=EDGE_CURVE('',#3702,#3701,#4254,.F.);
#3088=EDGE_CURVE('',#3702,#3698,#4255,.T.);
#3089=EDGE_CURVE('',#3609,#3703,#4256,.F.);
#3090=EDGE_CURVE('',#3704,#3703,#4257,.F.);
#3091=EDGE_CURVE('',#3611,#3704,#4258,.F.);
#3092=EDGE_CURVE('',#3692,#3584,#301,.T.);
#3093=EDGE_CURVE('',#3693,#3583,#302,.T.);
#3094=EDGE_CURVE('',#3588,#3582,#4259,.T.);
#3095=EDGE_CURVE('',#3589,#3694,#303,.T.);
#3096=EDGE_CURVE('',#3705,#3700,#304,.T.);
#3097=EDGE_CURVE('',#3674,#3705,#4260,.F.);
#3098=EDGE_CURVE('',#3706,#3680,#4261,.T.);
#3099=EDGE_CURVE('',#3706,#3699,#626,.F.);
#3100=EDGE_CURVE('',#3589,#3705,#4262,.T.);
#3101=EDGE_CURVE('',#3695,#3706,#4263,.T.);
#3102=EDGE_CURVE('',#3703,#3702,#4264,.F.);
#3103=EDGE_CURVE('',#3703,#3587,#4265,.F.);
#3104=EDGE_CURVE('',#3707,#3586,#4266,.T.);
#3105=EDGE_CURVE('',#3707,#3676,#4267,.F.);
#3106=EDGE_CURVE('',#3594,#3701,#4268,.T.);
#3107=EDGE_CURVE('',#3679,#3708,#4269,.F.);
#3108=EDGE_CURVE('',#3708,#3709,#4270,.F.);
#3109=EDGE_CURVE('',#3710,#3709,#403,.F.);
#3110=EDGE_CURVE('',#3594,#3710,#404,.F.);
#3111=EDGE_CURVE('',#3711,#3712,#4271,.F.);
#3112=EDGE_CURVE('',#3711,#3620,#4272,.F.);
#3113=EDGE_CURVE('',#3690,#3667,#4273,.F.);
#3114=EDGE_CURVE('',#3666,#3627,#4274,.T.);
#3115=EDGE_CURVE('',#3712,#3570,#4275,.F.);
#3116=EDGE_CURVE('',#3713,#3714,#4276,.T.);
#3117=EDGE_CURVE('',#3714,#3715,#4277,.T.);
#3118=EDGE_CURVE('',#3716,#3715,#4278,.T.);
#3119=EDGE_CURVE('',#3716,#3713,#4279,.T.);
#3120=EDGE_CURVE('',#3717,#3718,#4280,.F.);
#3121=EDGE_CURVE('',#3718,#3719,#4281,.F.);
#3122=EDGE_CURVE('',#3720,#3719,#4282,.F.);
#3123=EDGE_CURVE('',#3720,#3717,#4283,.F.);
#3124=EDGE_CURVE('',#3716,#3721,#4284,.T.);
#3125=EDGE_CURVE('',#3722,#3721,#4285,.T.);
#3126=EDGE_CURVE('',#3713,#3722,#4286,.T.);
#3127=EDGE_CURVE('',#3722,#3714,#4287,.T.);
#3128=EDGE_CURVE('',#3721,#3715,#4288,.T.);
#3129=EDGE_CURVE('',#3646,#3644,#4289,.T.);
#3130=EDGE_CURVE('',#3723,#3577,#4290,.F.);
#3131=EDGE_CURVE('',#3723,#3724,#305,.F.);
#3132=EDGE_CURVE('',#3724,#3578,#4291,.F.);
#3133=EDGE_CURVE('',#3671,#3725,#4292,.F.);
#3134=EDGE_CURVE('',#3647,#3725,#4293,.T.);
#3135=EDGE_CURVE('',#3726,#3648,#4294,.T.);
#3136=EDGE_CURVE('',#3725,#3726,#4295,.T.);
#3137=EDGE_CURVE('',#3727,#3728,#4296,.F.);
#3138=EDGE_CURVE('',#3728,#3578,#4297,.F.);
#3139=EDGE_CURVE('',#3727,#3724,#306,.F.);
#3140=EDGE_CURVE('',#3729,#3723,#4298,.F.);
#3141=EDGE_CURVE('',#3577,#3730,#4299,.F.);
#3142=EDGE_CURVE('',#3730,#3729,#4300,.F.);
#3143=EDGE_CURVE('',#3729,#3727,#307,.F.);
#3144=EDGE_CURVE('',#3726,#3672,#4301,.T.);
#3145=EDGE_CURVE('',#3670,#3629,#4302,.F.);
#3146=EDGE_CURVE('',#3628,#3673,#4303,.F.);
#3147=EDGE_CURVE('',#3731,#3730,#4304,.T.);
#3148=EDGE_CURVE('',#3731,#3732,#4305,.F.);
#3149=EDGE_CURVE('',#3732,#3733,#308,.T.);
#3150=EDGE_CURVE('',#3733,#3734,#309,.T.);
#3151=EDGE_CURVE('',#3734,#3735,#4306,.F.);
#3152=EDGE_CURVE('',#3728,#3735,#4307,.T.);
#3153=EDGE_CURVE('',#3688,#3617,#405,.T.);
#3154=EDGE_CURVE('',#3736,#3593,#310,.F.);
#3155=EDGE_CURVE('',#3709,#3737,#311,.F.);
#3156=EDGE_CURVE('',#3737,#3610,#406,.F.);
#3157=EDGE_CURVE('',#3736,#3612,#407,.F.);
#3158=EDGE_CURVE('',#3704,#3736,#312,.F.);
#3159=EDGE_CURVE('',#3738,#3677,#4308,.T.);
#3160=EDGE_CURVE('',#3739,#3738,#4309,.F.);
#3161=EDGE_CURVE('',#3678,#3739,#4310,.F.);
#3162=EDGE_CURVE('',#3737,#3586,#313,.F.);
#3163=EDGE_CURVE('',#3738,#3707,#314,.T.);
#3164=EDGE_CURVE('',#3739,#3708,#627,.T.);
#3165=EDGE_CURVE('',#3740,#3718,#4311,.F.);
#3166=EDGE_CURVE('',#3741,#3740,#4312,.F.);
#3167=EDGE_CURVE('',#3741,#3719,#4313,.F.);
#3168=EDGE_CURVE('',#3717,#3740,#4314,.F.);
#3169=EDGE_CURVE('',#3720,#3741,#4315,.F.);
#3170=EDGE_CURVE('',#3571,#3731,#315,.F.);
#3171=EDGE_CURVE('',#3732,#3573,#628,.F.);
#3172=EDGE_CURVE('',#3733,#3618,#408,.F.);
#3173=EDGE_CURVE('',#3734,#3688,#409,.F.);
#3174=EDGE_CURVE('',#3735,#3687,#316,.F.);
#3175=EDGE_CURVE('',#3742,#3580,#4316,.T.);
#3176=EDGE_CURVE('',#3742,#3685,#4317,.T.);
#3177=EDGE_CURVE('',#3743,#3576,#4318,.T.);
#3178=EDGE_CURVE('',#3743,#3712,#4319,.T.);
#3179=EDGE_CURVE('',#3686,#3744,#4320,.T.);
#3180=EDGE_CURVE('',#3744,#3579,#4321,.T.);
#3181=EDGE_CURVE('',#3711,#3745,#4322,.T.);
#3182=EDGE_CURVE('',#3745,#3575,#4323,.T.);
#3183=EDGE_CURVE('',#3743,#3745,#4324,.F.);
#3184=EDGE_CURVE('',#3742,#3744,#4325,.F.);
#3185=EDGE_CURVE('',#3746,#3747,#4326,.T.);
#3186=EDGE_CURVE('',#3748,#3746,#4327,.F.);
#3187=EDGE_CURVE('',#3748,#3749,#4328,.T.);
#3188=EDGE_CURVE('',#3747,#3749,#4329,.T.);
#3189=EDGE_CURVE('',#3750,#3751,#317,.T.);
#3190=EDGE_CURVE('',#3750,#3752,#318,.F.);
#3191=EDGE_CURVE('',#3752,#3753,#319,.F.);
#3192=EDGE_CURVE('',#3751,#3753,#4330,.T.);
#3193=EDGE_CURVE('',#3754,#3751,#4331,.F.);
#3194=EDGE_CURVE('',#3754,#3755,#320,.F.);
#3195=EDGE_CURVE('',#3750,#3755,#321,.T.);
#3196=EDGE_CURVE('',#3753,#3756,#4332,.T.);
#3197=EDGE_CURVE('',#3757,#3756,#4333,.T.);
#3198=EDGE_CURVE('',#3757,#3754,#4334,.T.);
#3199=EDGE_CURVE('',#3758,#3757,#4335,.T.);
#3200=EDGE_CURVE('',#3758,#3748,#4336,.T.);
#3201=EDGE_CURVE('',#3759,#3746,#4337,.T.);
#3202=EDGE_CURVE('',#3760,#3759,#4338,.T.);
#3203=EDGE_CURVE('',#3760,#3761,#4339,.T.);
#3204=EDGE_CURVE('',#3762,#3761,#4340,.T.);
#3205=EDGE_CURVE('',#3763,#3762,#322,.F.);
#3206=EDGE_CURVE('',#3763,#3755,#4341,.T.);
#3207=EDGE_CURVE('',#3764,#3765,#4342,.T.);
#3208=EDGE_CURVE('',#3766,#3764,#4343,.T.);
#3209=EDGE_CURVE('',#3767,#3766,#4344,.T.);
#3210=EDGE_CURVE('',#3767,#3747,#4345,.T.);
#3211=EDGE_CURVE('',#3768,#3749,#4346,.T.);
#3212=EDGE_CURVE('',#3756,#3768,#4347,.T.);
#3213=EDGE_CURVE('',#3769,#3752,#4348,.T.);
#3214=EDGE_CURVE('',#3765,#3769,#323,.F.);
#3215=EDGE_CURVE('',#3763,#3770,#324,.T.);
#3216=EDGE_CURVE('',#3770,#3769,#325,.T.);
#3217=EDGE_CURVE('',#3771,#3770,#326,.F.);
#3218=EDGE_CURVE('',#3765,#3771,#4349,.T.);
#3219=EDGE_CURVE('',#3771,#3762,#4350,.F.);
#3220=EDGE_CURVE('',#3764,#3761,#4351,.F.);
#3221=EDGE_CURVE('',#3768,#3758,#4352,.T.);
#3222=EDGE_CURVE('',#3766,#3760,#4353,.T.);
#3223=EDGE_CURVE('',#3759,#3767,#4354,.T.);
#3224=VERTEX_POINT('',#8399);
#3225=VERTEX_POINT('',#8400);
#3226=VERTEX_POINT('',#8402);
#3227=VERTEX_POINT('',#8404);
#3228=VERTEX_POINT('',#8406);
#3229=VERTEX_POINT('',#8410);
#3230=VERTEX_POINT('',#8412);
#3231=VERTEX_POINT('',#8416);
#3232=VERTEX_POINT('',#8418);
#3233=VERTEX_POINT('',#8423);
#3234=VERTEX_POINT('',#8427);
#3235=VERTEX_POINT('',#8428);
#3236=VERTEX_POINT('',#8430);
#3237=VERTEX_POINT('',#8432);
#3238=VERTEX_POINT('',#8434);
#3239=VERTEX_POINT('',#8436);
#3240=VERTEX_POINT('',#8440);
#3241=VERTEX_POINT('',#8441);
#3242=VERTEX_POINT('',#8443);
#3243=VERTEX_POINT('',#8445);
#3244=VERTEX_POINT('',#8449);
#3245=VERTEX_POINT('',#8450);
#3246=VERTEX_POINT('',#8452);
#3247=VERTEX_POINT('',#8454);
#3248=VERTEX_POINT('',#8458);
#3249=VERTEX_POINT('',#8459);
#3250=VERTEX_POINT('',#8461);
#3251=VERTEX_POINT('',#8463);
#3252=VERTEX_POINT('',#8467);
#3253=VERTEX_POINT('',#8468);
#3254=VERTEX_POINT('',#8470);
#3255=VERTEX_POINT('',#8472);
#3256=VERTEX_POINT('',#8476);
#3257=VERTEX_POINT('',#8477);
#3258=VERTEX_POINT('',#8479);
#3259=VERTEX_POINT('',#8481);
#3260=VERTEX_POINT('',#8485);
#3261=VERTEX_POINT('',#8486);
#3262=VERTEX_POINT('',#8488);
#3263=VERTEX_POINT('',#8490);
#3264=VERTEX_POINT('',#8494);
#3265=VERTEX_POINT('',#8496);
#3266=VERTEX_POINT('',#8500);
#3267=VERTEX_POINT('',#8501);
#3268=VERTEX_POINT('',#8503);
#3269=VERTEX_POINT('',#8505);
#3270=VERTEX_POINT('',#8509);
#3271=VERTEX_POINT('',#8511);
#3272=VERTEX_POINT('',#8513);
#3273=VERTEX_POINT('',#8518);
#3274=VERTEX_POINT('',#8520);
#3275=VERTEX_POINT('',#8525);
#3276=VERTEX_POINT('',#8526);
#3277=VERTEX_POINT('',#8528);
#3278=VERTEX_POINT('',#8530);
#3279=VERTEX_POINT('',#8533);
#3280=VERTEX_POINT('',#8535);
#3281=VERTEX_POINT('',#8537);
#3282=VERTEX_POINT('',#8539);
#3283=VERTEX_POINT('',#8541);
#3284=VERTEX_POINT('',#8543);
#3285=VERTEX_POINT('',#8545);
#3286=VERTEX_POINT('',#8550);
#3287=VERTEX_POINT('',#8552);
#3288=VERTEX_POINT('',#8554);
#3289=VERTEX_POINT('',#8556);
#3290=VERTEX_POINT('',#8558);
#3291=VERTEX_POINT('',#8560);
#3292=VERTEX_POINT('',#8565);
#3293=VERTEX_POINT('',#8567);
#3294=VERTEX_POINT('',#8569);
#3295=VERTEX_POINT('',#8571);
#3296=VERTEX_POINT('',#8573);
#3297=VERTEX_POINT('',#8575);
#3298=VERTEX_POINT('',#8577);
#3299=VERTEX_POINT('',#8582);
#3300=VERTEX_POINT('',#8584);
#3301=VERTEX_POINT('',#8586);
#3302=VERTEX_POINT('',#8588);
#3303=VERTEX_POINT('',#8590);
#3304=VERTEX_POINT('',#8592);
#3305=VERTEX_POINT('',#8594);
#3306=VERTEX_POINT('',#8597);
#3307=VERTEX_POINT('',#8598);
#3308=VERTEX_POINT('',#8602);
#3309=VERTEX_POINT('',#8604);
#3310=VERTEX_POINT('',#8612);
#3311=VERTEX_POINT('',#8614);
#3312=VERTEX_POINT('',#8618);
#3313=VERTEX_POINT('',#8620);
#3314=VERTEX_POINT('',#8624);
#3315=VERTEX_POINT('',#8625);
#3316=VERTEX_POINT('',#8627);
#3317=VERTEX_POINT('',#8630);
#3318=VERTEX_POINT('',#8632);
#3319=VERTEX_POINT('',#8634);
#3320=VERTEX_POINT('',#8636);
#3321=VERTEX_POINT('',#8638);
#3322=VERTEX_POINT('',#8640);
#3323=VERTEX_POINT('',#8642);
#3324=VERTEX_POINT('',#8644);
#3325=VERTEX_POINT('',#8646);
#3326=VERTEX_POINT('',#8648);
#3327=VERTEX_POINT('',#8650);
#3328=VERTEX_POINT('',#8652);
#3329=VERTEX_POINT('',#8654);
#3330=VERTEX_POINT('',#8657);
#3331=VERTEX_POINT('',#8659);
#3332=VERTEX_POINT('',#8661);
#3333=VERTEX_POINT('',#8663);
#3334=VERTEX_POINT('',#8665);
#3335=VERTEX_POINT('',#8667);
#3336=VERTEX_POINT('',#8670);
#3337=VERTEX_POINT('',#8672);
#3338=VERTEX_POINT('',#8674);
#3339=VERTEX_POINT('',#8676);
#3340=VERTEX_POINT('',#8678);
#3341=VERTEX_POINT('',#8680);
#3342=VERTEX_POINT('',#8682);
#3343=VERTEX_POINT('',#8684);
#3344=VERTEX_POINT('',#8686);
#3345=VERTEX_POINT('',#8688);
#3346=VERTEX_POINT('',#8690);
#3347=VERTEX_POINT('',#8692);
#3348=VERTEX_POINT('',#8697);
#3349=VERTEX_POINT('',#8698);
#3350=VERTEX_POINT('',#8700);
#3351=VERTEX_POINT('',#8702);
#3352=VERTEX_POINT('',#8705);
#3353=VERTEX_POINT('',#8706);
#3354=VERTEX_POINT('',#8708);
#3355=VERTEX_POINT('',#8710);
#3356=VERTEX_POINT('',#8713);
#3357=VERTEX_POINT('',#8714);
#3358=VERTEX_POINT('',#8717);
#3359=VERTEX_POINT('',#8719);
#3360=VERTEX_POINT('',#8721);
#3361=VERTEX_POINT('',#8723);
#3362=VERTEX_POINT('',#8727);
#3363=VERTEX_POINT('',#8729);
#3364=VERTEX_POINT('',#8733);
#3365=VERTEX_POINT('',#8737);
#3366=VERTEX_POINT('',#8739);
#3367=VERTEX_POINT('',#8745);
#3368=VERTEX_POINT('',#8747);
#3369=VERTEX_POINT('',#8751);
#3370=VERTEX_POINT('',#8755);
#3371=VERTEX_POINT('',#8762);
#3372=VERTEX_POINT('',#8764);
#3373=VERTEX_POINT('',#8768);
#3374=VERTEX_POINT('',#8772);
#3375=VERTEX_POINT('',#8780);
#3376=VERTEX_POINT('',#8784);
#3377=VERTEX_POINT('',#8786);
#3378=VERTEX_POINT('',#8793);
#3379=VERTEX_POINT('',#8795);
#3380=VERTEX_POINT('',#8797);
#3381=VERTEX_POINT('',#8799);
#3382=VERTEX_POINT('',#8801);
#3383=VERTEX_POINT('',#8803);
#3384=VERTEX_POINT('',#8805);
#3385=VERTEX_POINT('',#8813);
#3386=VERTEX_POINT('',#8815);
#3387=VERTEX_POINT('',#8817);
#3388=VERTEX_POINT('',#8819);
#3389=VERTEX_POINT('',#8823);
#3390=VERTEX_POINT('',#8824);
#3391=VERTEX_POINT('',#8826);
#3392=VERTEX_POINT('',#8828);
#3393=VERTEX_POINT('',#8832);
#3394=VERTEX_POINT('',#8833);
#3395=VERTEX_POINT('',#8835);
#3396=VERTEX_POINT('',#8837);
#3397=VERTEX_POINT('',#8841);
#3398=VERTEX_POINT('',#8842);
#3399=VERTEX_POINT('',#8844);
#3400=VERTEX_POINT('',#8846);
#3401=VERTEX_POINT('',#8850);
#3402=VERTEX_POINT('',#8851);
#3403=VERTEX_POINT('',#8853);
#3404=VERTEX_POINT('',#8855);
#3405=VERTEX_POINT('',#8859);
#3406=VERTEX_POINT('',#8860);
#3407=VERTEX_POINT('',#8862);
#3408=VERTEX_POINT('',#8864);
#3409=VERTEX_POINT('',#8868);
#3410=VERTEX_POINT('',#8869);
#3411=VERTEX_POINT('',#8871);
#3412=VERTEX_POINT('',#8873);
#3413=VERTEX_POINT('',#8875);
#3414=VERTEX_POINT('',#8877);
#3415=VERTEX_POINT('',#8879);
#3416=VERTEX_POINT('',#8881);
#3417=VERTEX_POINT('',#8883);
#3418=VERTEX_POINT('',#8885);
#3419=VERTEX_POINT('',#8887);
#3420=VERTEX_POINT('',#8889);
#3421=VERTEX_POINT('',#8891);
#3422=VERTEX_POINT('',#8905);
#3423=VERTEX_POINT('',#8907);
#3424=VERTEX_POINT('',#8911);
#3425=VERTEX_POINT('',#8912);
#3426=VERTEX_POINT('',#8914);
#3427=VERTEX_POINT('',#8916);
#3428=VERTEX_POINT('',#8920);
#3429=VERTEX_POINT('',#8923);
#3430=VERTEX_POINT('',#8925);
#3431=VERTEX_POINT('',#8927);
#3432=VERTEX_POINT('',#8929);
#3433=VERTEX_POINT('',#8931);
#3434=VERTEX_POINT('',#8933);
#3435=VERTEX_POINT('',#8935);
#3436=VERTEX_POINT('',#8937);
#3437=VERTEX_POINT('',#8939);
#3438=VERTEX_POINT('',#8941);
#3439=VERTEX_POINT('',#8943);
#3440=VERTEX_POINT('',#8948);
#3441=VERTEX_POINT('',#8950);
#3442=VERTEX_POINT('',#8952);
#3443=VERTEX_POINT('',#8954);
#3444=VERTEX_POINT('',#8956);
#3445=VERTEX_POINT('',#8959);
#3446=VERTEX_POINT('',#8961);
#3447=VERTEX_POINT('',#8963);
#3448=VERTEX_POINT('',#8965);
#3449=VERTEX_POINT('',#8967);
#3450=VERTEX_POINT('',#8972);
#3451=VERTEX_POINT('',#8974);
#3452=VERTEX_POINT('',#8976);
#3453=VERTEX_POINT('',#8978);
#3454=VERTEX_POINT('',#8980);
#3455=VERTEX_POINT('',#8982);
#3456=VERTEX_POINT('',#8984);
#3457=VERTEX_POINT('',#8986);
#3458=VERTEX_POINT('',#8988);
#3459=VERTEX_POINT('',#8992);
#3460=VERTEX_POINT('',#8994);
#3461=VERTEX_POINT('',#8996);
#3462=VERTEX_POINT('',#8998);
#3463=VERTEX_POINT('',#9000);
#3464=VERTEX_POINT('',#9002);
#3465=VERTEX_POINT('',#9004);
#3466=VERTEX_POINT('',#9006);
#3467=VERTEX_POINT('',#9023);
#3468=VERTEX_POINT('',#9025);
#3469=VERTEX_POINT('',#9029);
#3470=VERTEX_POINT('',#9030);
#3471=VERTEX_POINT('',#9032);
#3472=VERTEX_POINT('',#9034);
#3473=VERTEX_POINT('',#9038);
#3474=VERTEX_POINT('',#9039);
#3475=VERTEX_POINT('',#9041);
#3476=VERTEX_POINT('',#9043);
#3477=VERTEX_POINT('',#9047);
#3478=VERTEX_POINT('',#9048);
#3479=VERTEX_POINT('',#9050);
#3480=VERTEX_POINT('',#9052);
#3481=VERTEX_POINT('',#9056);
#3482=VERTEX_POINT('',#9057);
#3483=VERTEX_POINT('',#9059);
#3484=VERTEX_POINT('',#9061);
#3485=VERTEX_POINT('',#9070);
#3486=VERTEX_POINT('',#9072);
#3487=VERTEX_POINT('',#9074);
#3488=VERTEX_POINT('',#9076);
#3489=VERTEX_POINT('',#9078);
#3490=VERTEX_POINT('',#9080);
#3491=VERTEX_POINT('',#9084);
#3492=VERTEX_POINT('',#9085);
#3493=VERTEX_POINT('',#9087);
#3494=VERTEX_POINT('',#9089);
#3495=VERTEX_POINT('',#9091);
#3496=VERTEX_POINT('',#9093);
#3497=VERTEX_POINT('',#9095);
#3498=VERTEX_POINT('',#9097);
#3499=VERTEX_POINT('',#9099);
#3500=VERTEX_POINT('',#9101);
#3501=VERTEX_POINT('',#9103);
#3502=VERTEX_POINT('',#9105);
#3503=VERTEX_POINT('',#9109);
#3504=VERTEX_POINT('',#9113);
#3505=VERTEX_POINT('',#9114);
#3506=VERTEX_POINT('',#9116);
#3507=VERTEX_POINT('',#9118);
#3508=VERTEX_POINT('',#9120);
#3509=VERTEX_POINT('',#9122);
#3510=VERTEX_POINT('',#9131);
#3511=VERTEX_POINT('',#9134);
#3512=VERTEX_POINT('',#9154);
#3513=VERTEX_POINT('',#9168);
#3514=VERTEX_POINT('',#9169);
#3515=VERTEX_POINT('',#9177);
#3516=VERTEX_POINT('',#9196);
#3517=VERTEX_POINT('',#9200);
#3518=VERTEX_POINT('',#9206);
#3519=VERTEX_POINT('',#9211);
#3520=VERTEX_POINT('',#9215);
#3521=VERTEX_POINT('',#9217);
#3522=VERTEX_POINT('',#9219);
#3523=VERTEX_POINT('',#9221);
#3524=VERTEX_POINT('',#9226);
#3525=VERTEX_POINT('',#9239);
#3526=VERTEX_POINT('',#9240);
#3527=VERTEX_POINT('',#9250);
#3528=VERTEX_POINT('',#9256);
#3529=VERTEX_POINT('',#9274);
#3530=VERTEX_POINT('',#9283);
#3531=VERTEX_POINT('',#9294);
#3532=VERTEX_POINT('',#9295);
#3533=VERTEX_POINT('',#9320);
#3534=VERTEX_POINT('',#9325);
#3535=VERTEX_POINT('',#9332);
#3536=VERTEX_POINT('',#9348);
#3537=VERTEX_POINT('',#9353);
#3538=VERTEX_POINT('',#9375);
#3539=VERTEX_POINT('',#9385);
#3540=VERTEX_POINT('',#9437);
#3541=VERTEX_POINT('',#9438);
#3542=VERTEX_POINT('',#9447);
#3543=VERTEX_POINT('',#9450);
#3544=VERTEX_POINT('',#9457);
#3545=VERTEX_POINT('',#9461);
#3546=VERTEX_POINT('',#9468);
#3547=VERTEX_POINT('',#9473);
#3548=VERTEX_POINT('',#9477);
#3549=VERTEX_POINT('',#9482);
#3550=VERTEX_POINT('',#9484);
#3551=VERTEX_POINT('',#9486);
#3552=VERTEX_POINT('',#9488);
#3553=VERTEX_POINT('',#9492);
#3554=VERTEX_POINT('',#9493);
#3555=VERTEX_POINT('',#9507);
#3556=VERTEX_POINT('',#9508);
#3557=VERTEX_POINT('',#9513);
#3558=VERTEX_POINT('',#9519);
#3559=VERTEX_POINT('',#9545);
#3560=VERTEX_POINT('',#9554);
#3561=VERTEX_POINT('',#9562);
#3562=VERTEX_POINT('',#9563);
#3563=VERTEX_POINT('',#9588);
#3564=VERTEX_POINT('',#9592);
#3565=VERTEX_POINT('',#9600);
#3566=VERTEX_POINT('',#9616);
#3567=VERTEX_POINT('',#9621);
#3568=VERTEX_POINT('',#9643);
#3569=VERTEX_POINT('',#9653);
#3570=VERTEX_POINT('',#9879);
#3571=VERTEX_POINT('',#9880);
#3572=VERTEX_POINT('',#9882);
#3573=VERTEX_POINT('',#9884);
#3574=VERTEX_POINT('',#9888);
#3575=VERTEX_POINT('',#9889);
#3576=VERTEX_POINT('',#9891);
#3577=VERTEX_POINT('',#9893);
#3578=VERTEX_POINT('',#9895);
#3579=VERTEX_POINT('',#9897);
#3580=VERTEX_POINT('',#9899);
#3581=VERTEX_POINT('',#9901);
#3582=VERTEX_POINT('',#9905);
#3583=VERTEX_POINT('',#9906);
#3584=VERTEX_POINT('',#9908);
#3585=VERTEX_POINT('',#9910);
#3586=VERTEX_POINT('',#9914);
#3587=VERTEX_POINT('',#9915);
#3588=VERTEX_POINT('',#9919);
#3589=VERTEX_POINT('',#9920);
#3590=VERTEX_POINT('',#9927);
#3591=VERTEX_POINT('',#9928);
#3592=VERTEX_POINT('',#9933);
#3593=VERTEX_POINT('',#9937);
#3594=VERTEX_POINT('',#9938);
#3595=VERTEX_POINT('',#9943);
#3596=VERTEX_POINT('',#9950);
#3597=VERTEX_POINT('',#9951);
#3598=VERTEX_POINT('',#9953);
#3599=VERTEX_POINT('',#9955);
#3600=VERTEX_POINT('',#9957);
#3601=VERTEX_POINT('',#9959);
#3602=VERTEX_POINT('',#9961);
#3603=VERTEX_POINT('',#9963);
#3604=VERTEX_POINT('',#9965);
#3605=VERTEX_POINT('',#9969);
#3606=VERTEX_POINT('',#9971);
#3607=VERTEX_POINT('',#9975);
#3608=VERTEX_POINT('',#9977);
#3609=VERTEX_POINT('',#9984);
#3610=VERTEX_POINT('',#9985);
#3611=VERTEX_POINT('',#9987);
#3612=VERTEX_POINT('',#9989);
#3613=VERTEX_POINT('',#10058);
#3614=VERTEX_POINT('',#10059);
#3615=VERTEX_POINT('',#10074);
#3616=VERTEX_POINT('',#10075);
#3617=VERTEX_POINT('',#10080);
#3618=VERTEX_POINT('',#10085);
#3619=VERTEX_POINT('',#10088);
#3620=VERTEX_POINT('',#10092);
#3621=VERTEX_POINT('',#10094);
#3622=VERTEX_POINT('',#10101);
#3623=VERTEX_POINT('',#10102);
#3624=VERTEX_POINT('',#10104);
#3625=VERTEX_POINT('',#10113);
#3626=VERTEX_POINT('',#10114);
#3627=VERTEX_POINT('',#10117);
#3628=VERTEX_POINT('',#10119);
#3629=VERTEX_POINT('',#10121);
#3630=VERTEX_POINT('',#10123);
#3631=VERTEX_POINT('',#10127);
#3632=VERTEX_POINT('',#10128);
#3633=VERTEX_POINT('',#10130);
#3634=VERTEX_POINT('',#10132);
#3635=VERTEX_POINT('',#10136);
#3636=VERTEX_POINT('',#10137);
#3637=VERTEX_POINT('',#10139);
#3638=VERTEX_POINT('',#10141);
#3639=VERTEX_POINT('',#10145);
#3640=VERTEX_POINT('',#10146);
#3641=VERTEX_POINT('',#10148);
#3642=VERTEX_POINT('',#10150);
#3643=VERTEX_POINT('',#10154);
#3644=VERTEX_POINT('',#10156);
#3645=VERTEX_POINT('',#10160);
#3646=VERTEX_POINT('',#10162);
#3647=VERTEX_POINT('',#10166);
#3648=VERTEX_POINT('',#10167);
#3649=VERTEX_POINT('',#10169);
#3650=VERTEX_POINT('',#10171);
#3651=VERTEX_POINT('',#10176);
#3652=VERTEX_POINT('',#10178);
#3653=VERTEX_POINT('',#10182);
#3654=VERTEX_POINT('',#10184);
#3655=VERTEX_POINT('',#10190);
#3656=VERTEX_POINT('',#10192);
#3657=VERTEX_POINT('',#10220);
#3658=VERTEX_POINT('',#10249);
#3659=VERTEX_POINT('',#10251);
#3660=VERTEX_POINT('',#10255);
#3661=VERTEX_POINT('',#10266);
#3662=VERTEX_POINT('',#10270);
#3663=VERTEX_POINT('',#10272);
#3664=VERTEX_POINT('',#10274);
#3665=VERTEX_POINT('',#10276);
#3666=VERTEX_POINT('',#10280);
#3667=VERTEX_POINT('',#10281);
#3668=VERTEX_POINT('',#10284);
#3669=VERTEX_POINT('',#10286);
#3670=VERTEX_POINT('',#10288);
#3671=VERTEX_POINT('',#10291);
#3672=VERTEX_POINT('',#10293);
#3673=VERTEX_POINT('',#10295);
#3674=VERTEX_POINT('',#10298);
#3675=VERTEX_POINT('',#10299);
#3676=VERTEX_POINT('',#10301);
#3677=VERTEX_POINT('',#10303);
#3678=VERTEX_POINT('',#10305);
#3679=VERTEX_POINT('',#10307);
#3680=VERTEX_POINT('',#10309);
#3681=VERTEX_POINT('',#10311);
#3682=VERTEX_POINT('',#10315);
#3683=VERTEX_POINT('',#10322);
#3684=VERTEX_POINT('',#10327);
#3685=VERTEX_POINT('',#10331);
#3686=VERTEX_POINT('',#10332);
#3687=VERTEX_POINT('',#10334);
#3688=VERTEX_POINT('',#10336);
#3689=VERTEX_POINT('',#10341);
#3690=VERTEX_POINT('',#10351);
#3691=VERTEX_POINT('',#10355);
#3692=VERTEX_POINT('',#10360);
#3693=VERTEX_POINT('',#10362);
#3694=VERTEX_POINT('',#10367);
#3695=VERTEX_POINT('',#10369);
#3696=VERTEX_POINT('',#10374);
#3697=VERTEX_POINT('',#10381);
#3698=VERTEX_POINT('',#10383);
#3699=VERTEX_POINT('',#10388);
#3700=VERTEX_POINT('',#10390);
#3701=VERTEX_POINT('',#10394);
#3702=VERTEX_POINT('',#10396);
#3703=VERTEX_POINT('',#10400);
#3704=VERTEX_POINT('',#10402);
#3705=VERTEX_POINT('',#10413);
#3706=VERTEX_POINT('',#10417);
#3707=VERTEX_POINT('',#10426);
#3708=VERTEX_POINT('',#10431);
#3709=VERTEX_POINT('',#10433);
#3710=VERTEX_POINT('',#10438);
#3711=VERTEX_POINT('',#10445);
#3712=VERTEX_POINT('',#10446);
#3713=VERTEX_POINT('',#10452);
#3714=VERTEX_POINT('',#10453);
#3715=VERTEX_POINT('',#10455);
#3716=VERTEX_POINT('',#10457);
#3717=VERTEX_POINT('',#10460);
#3718=VERTEX_POINT('',#10461);
#3719=VERTEX_POINT('',#10463);
#3720=VERTEX_POINT('',#10465);
#3721=VERTEX_POINT('',#10469);
#3722=VERTEX_POINT('',#10471);
#3723=VERTEX_POINT('',#10498);
#3724=VERTEX_POINT('',#10500);
#3725=VERTEX_POINT('',#10504);
#3726=VERTEX_POINT('',#10508);
#3727=VERTEX_POINT('',#10512);
#3728=VERTEX_POINT('',#10513);
#3729=VERTEX_POINT('',#10518);
#3730=VERTEX_POINT('',#10520);
#3731=VERTEX_POINT('',#10531);
#3732=VERTEX_POINT('',#10533);
#3733=VERTEX_POINT('',#10535);
#3734=VERTEX_POINT('',#10537);
#3735=VERTEX_POINT('',#10539);
#3736=VERTEX_POINT('',#10550);
#3737=VERTEX_POINT('',#10552);
#3738=VERTEX_POINT('',#10565);
#3739=VERTEX_POINT('',#10567);
#3740=VERTEX_POINT('',#10579);
#3741=VERTEX_POINT('',#10581);
#3742=VERTEX_POINT('',#10634);
#3743=VERTEX_POINT('',#10638);
#3744=VERTEX_POINT('',#10642);
#3745=VERTEX_POINT('',#10646);
#3746=VERTEX_POINT('',#10656);
#3747=VERTEX_POINT('',#10657);
#3748=VERTEX_POINT('',#10659);
#3749=VERTEX_POINT('',#10661);
#3750=VERTEX_POINT('',#10665);
#3751=VERTEX_POINT('',#10666);
#3752=VERTEX_POINT('',#10668);
#3753=VERTEX_POINT('',#10670);
#3754=VERTEX_POINT('',#10674);
#3755=VERTEX_POINT('',#10676);
#3756=VERTEX_POINT('',#10680);
#3757=VERTEX_POINT('',#10682);
#3758=VERTEX_POINT('',#10686);
#3759=VERTEX_POINT('',#10689);
#3760=VERTEX_POINT('',#10691);
#3761=VERTEX_POINT('',#10693);
#3762=VERTEX_POINT('',#10695);
#3763=VERTEX_POINT('',#10697);
#3764=VERTEX_POINT('',#10701);
#3765=VERTEX_POINT('',#10702);
#3766=VERTEX_POINT('',#10704);
#3767=VERTEX_POINT('',#10706);
#3768=VERTEX_POINT('',#10709);
#3769=VERTEX_POINT('',#10712);
#3770=VERTEX_POINT('',#10716);
#3771=VERTEX_POINT('',#10720);
#3772=LINE('',#8398,#4355);
#3773=LINE('',#8403,#4356);
#3774=LINE('',#8405,#4357);
#3775=LINE('',#8407,#4358);
#3776=LINE('',#8409,#4359);
#3777=LINE('',#8411,#4360);
#3778=LINE('',#8413,#4361);
#3779=LINE('',#8415,#4362);
#3780=LINE('',#8417,#4363);
#3781=LINE('',#8419,#4364);
#3782=LINE('',#8422,#4365);
#3783=LINE('',#8424,#4366);
#3784=LINE('',#8426,#4367);
#3785=LINE('',#8431,#4368);
#3786=LINE('',#8435,#4369);
#3787=LINE('',#8439,#4370);
#3788=LINE('',#8442,#4371);
#3789=LINE('',#8444,#4372);
#3790=LINE('',#8446,#4373);
#3791=LINE('',#8448,#4374);
#3792=LINE('',#8451,#4375);
#3793=LINE('',#8453,#4376);
#3794=LINE('',#8455,#4377);
#3795=LINE('',#8457,#4378);
#3796=LINE('',#8460,#4379);
#3797=LINE('',#8462,#4380);
#3798=LINE('',#8464,#4381);
#3799=LINE('',#8466,#4382);
#3800=LINE('',#8469,#4383);
#3801=LINE('',#8471,#4384);
#3802=LINE('',#8473,#4385);
#3803=LINE('',#8475,#4386);
#3804=LINE('',#8478,#4387);
#3805=LINE('',#8480,#4388);
#3806=LINE('',#8482,#4389);
#3807=LINE('',#8484,#4390);
#3808=LINE('',#8487,#4391);
#3809=LINE('',#8489,#4392);
#3810=LINE('',#8491,#4393);
#3811=LINE('',#8493,#4394);
#3812=LINE('',#8495,#4395);
#3813=LINE('',#8497,#4396);
#3814=LINE('',#8499,#4397);
#3815=LINE('',#8502,#4398);
#3816=LINE('',#8504,#4399);
#3817=LINE('',#8506,#4400);
#3818=LINE('',#8508,#4401);
#3819=LINE('',#8510,#4402);
#3820=LINE('',#8512,#4403);
#3821=LINE('',#8514,#4404);
#3822=LINE('',#8515,#4405);
#3823=LINE('',#8516,#4406);
#3824=LINE('',#8517,#4407);
#3825=LINE('',#8519,#4408);
#3826=LINE('',#8521,#4409);
#3827=LINE('',#8522,#4410);
#3828=LINE('',#8524,#4411);
#3829=LINE('',#8527,#4412);
#3830=LINE('',#8529,#4413);
#3831=LINE('',#8531,#4414);
#3832=LINE('',#8534,#4415);
#3833=LINE('',#8538,#4416);
#3834=LINE('',#8542,#4417);
#3835=LINE('',#8551,#4418);
#3836=LINE('',#8555,#4419);
#3837=LINE('',#8557,#4420);
#3838=LINE('',#8559,#4421);
#3839=LINE('',#8561,#4422);
#3840=LINE('',#8562,#4423);
#3841=LINE('',#8563,#4424);
#3842=LINE('',#8564,#4425);
#3843=LINE('',#8566,#4426);
#3844=LINE('',#8568,#4427);
#3845=LINE('',#8570,#4428);
#3846=LINE('',#8572,#4429);
#3847=LINE('',#8576,#4430);
#3848=LINE('',#8585,#4431);
#3849=LINE('',#8589,#4432);
#3850=LINE('',#8593,#4433);
#3851=LINE('',#8596,#4434);
#3852=LINE('',#8599,#4435);
#3853=LINE('',#8600,#4436);
#3854=LINE('',#8601,#4437);
#3855=LINE('',#8603,#4438);
#3856=LINE('',#8605,#4439);
#3857=LINE('',#8607,#4440);
#3858=LINE('',#8609,#4441);
#3859=LINE('',#8611,#4442);
#3860=LINE('',#8613,#4443);
#3861=LINE('',#8615,#4444);
#3862=LINE('',#8617,#4445);
#3863=LINE('',#8619,#4446);
#3864=LINE('',#8621,#4447);
#3865=LINE('',#8623,#4448);
#3866=LINE('',#8628,#4449);
#3867=LINE('',#8629,#4450);
#3868=LINE('',#8631,#4451);
#3869=LINE('',#8633,#4452);
#3870=LINE('',#8637,#4453);
#3871=LINE('',#8641,#4454);
#3872=LINE('',#8643,#4455);
#3873=LINE('',#8645,#4456);
#3874=LINE('',#8647,#4457);
#3875=LINE('',#8651,#4458);
#3876=LINE('',#8655,#4459);
#3877=LINE('',#8656,#4460);
#3878=LINE('',#8658,#4461);
#3879=LINE('',#8660,#4462);
#3880=LINE('',#8662,#4463);
#3881=LINE('',#8664,#4464);
#3882=LINE('',#8666,#4465);
#3883=LINE('',#8668,#4466);
#3884=LINE('',#8669,#4467);
#3885=LINE('',#8673,#4468);
#3886=LINE('',#8677,#4469);
#3887=LINE('',#8679,#4470);
#3888=LINE('',#8681,#4471);
#3889=LINE('',#8683,#4472);
#3890=LINE('',#8687,#4473);
#3891=LINE('',#8691,#4474);
#3892=LINE('',#8693,#4475);
#3893=LINE('',#8695,#4476);
#3894=LINE('',#8696,#4477);
#3895=LINE('',#8699,#4478);
#3896=LINE('',#8701,#4479);
#3897=LINE('',#8703,#4480);
#3898=LINE('',#8704,#4481);
#3899=LINE('',#8707,#4482);
#3900=LINE('',#8709,#4483);
#3901=LINE('',#8711,#4484);
#3902=LINE('',#8712,#4485);
#3903=LINE('',#8715,#4486);
#3904=LINE('',#8716,#4487);
#3905=LINE('',#8718,#4488);
#3906=LINE('',#8720,#4489);
#3907=LINE('',#8722,#4490);
#3908=LINE('',#8724,#4491);
#3909=LINE('',#8726,#4492);
#3910=LINE('',#8730,#4493);
#3911=LINE('',#8732,#4494);
#3912=LINE('',#8734,#4495);
#3913=LINE('',#8736,#4496);
#3914=LINE('',#8738,#4497);
#3915=LINE('',#8740,#4498);
#3916=LINE('',#8742,#4499);
#3917=LINE('',#8744,#4500);
#3918=LINE('',#8746,#4501);
#3919=LINE('',#8748,#4502);
#3920=LINE('',#8750,#4503);
#3921=LINE('',#8752,#4504);
#3922=LINE('',#8754,#4505);
#3923=LINE('',#8756,#4506);
#3924=LINE('',#8758,#4507);
#3925=LINE('',#8761,#4508);
#3926=LINE('',#8763,#4509);
#3927=LINE('',#8765,#4510);
#3928=LINE('',#8767,#4511);
#3929=LINE('',#8769,#4512);
#3930=LINE('',#8771,#4513);
#3931=LINE('',#8773,#4514);
#3932=LINE('',#8775,#4515);
#3933=LINE('',#8779,#4516);
#3934=LINE('',#8781,#4517);
#3935=LINE('',#8783,#4518);
#3936=LINE('',#8785,#4519);
#3937=LINE('',#8787,#4520);
#3938=LINE('',#8794,#4521);
#3939=LINE('',#8796,#4522);
#3940=LINE('',#8798,#4523);
#3941=LINE('',#8800,#4524);
#3942=LINE('',#8804,#4525);
#3943=LINE('',#8811,#4526);
#3944=LINE('',#8812,#4527);
#3945=LINE('',#8816,#4528);
#3946=LINE('',#8820,#4529);
#3947=LINE('',#8822,#4530);
#3948=LINE('',#8825,#4531);
#3949=LINE('',#8827,#4532);
#3950=LINE('',#8829,#4533);
#3951=LINE('',#8831,#4534);
#3952=LINE('',#8834,#4535);
#3953=LINE('',#8836,#4536);
#3954=LINE('',#8838,#4537);
#3955=LINE('',#8840,#4538);
#3956=LINE('',#8843,#4539);
#3957=LINE('',#8845,#4540);
#3958=LINE('',#8847,#4541);
#3959=LINE('',#8849,#4542);
#3960=LINE('',#8852,#4543);
#3961=LINE('',#8854,#4544);
#3962=LINE('',#8856,#4545);
#3963=LINE('',#8858,#4546);
#3964=LINE('',#8861,#4547);
#3965=LINE('',#8863,#4548);
#3966=LINE('',#8865,#4549);
#3967=LINE('',#8870,#4550);
#3968=LINE('',#8872,#4551);
#3969=LINE('',#8874,#4552);
#3970=LINE('',#8876,#4553);
#3971=LINE('',#8878,#4554);
#3972=LINE('',#8882,#4555);
#3973=LINE('',#8886,#4556);
#3974=LINE('',#8888,#4557);
#3975=LINE('',#8890,#4558);
#3976=LINE('',#8892,#4559);
#3977=LINE('',#8894,#4560);
#3978=LINE('',#8896,#4561);
#3979=LINE('',#8897,#4562);
#3980=LINE('',#8900,#4563);
#3981=LINE('',#8901,#4564);
#3982=LINE('',#8904,#4565);
#3983=LINE('',#8906,#4566);
#3984=LINE('',#8908,#4567);
#3985=LINE('',#8910,#4568);
#3986=LINE('',#8915,#4569);
#3987=LINE('',#8918,#4570);
#3988=LINE('',#8919,#4571);
#3989=LINE('',#8924,#4572);
#3990=LINE('',#8926,#4573);
#3991=LINE('',#8928,#4574);
#3992=LINE('',#8930,#4575);
#3993=LINE('',#8932,#4576);
#3994=LINE('',#8934,#4577);
#3995=LINE('',#8936,#4578);
#3996=LINE('',#8938,#4579);
#3997=LINE('',#8940,#4580);
#3998=LINE('',#8942,#4581);
#3999=LINE('',#8949,#4582);
#4000=LINE('',#8951,#4583);
#4001=LINE('',#8953,#4584);
#4002=LINE('',#8955,#4585);
#4003=LINE('',#8957,#4586);
#4004=LINE('',#8958,#4587);
#4005=LINE('',#8960,#4588);
#4006=LINE('',#8962,#4589);
#4007=LINE('',#8964,#4590);
#4008=LINE('',#8966,#4591);
#4009=LINE('',#8973,#4592);
#4010=LINE('',#8975,#4593);
#4011=LINE('',#8977,#4594);
#4012=LINE('',#8979,#4595);
#4013=LINE('',#8981,#4596);
#4014=LINE('',#8983,#4597);
#4015=LINE('',#8985,#4598);
#4016=LINE('',#8987,#4599);
#4017=LINE('',#8989,#4600);
#4018=LINE('',#8993,#4601);
#4019=LINE('',#8995,#4602);
#4020=LINE('',#8997,#4603);
#4021=LINE('',#8999,#4604);
#4022=LINE('',#9003,#4605);
#4023=LINE('',#9007,#4606);
#4024=LINE('',#9009,#4607);
#4025=LINE('',#9010,#4608);
#4026=LINE('',#9012,#4609);
#4027=LINE('',#9013,#4610);
#4028=LINE('',#9016,#4611);
#4029=LINE('',#9019,#4612);
#4030=LINE('',#9020,#4613);
#4031=LINE('',#9022,#4614);
#4032=LINE('',#9024,#4615);
#4033=LINE('',#9026,#4616);
#4034=LINE('',#9028,#4617);
#4035=LINE('',#9031,#4618);
#4036=LINE('',#9033,#4619);
#4037=LINE('',#9035,#4620);
#4038=LINE('',#9037,#4621);
#4039=LINE('',#9040,#4622);
#4040=LINE('',#9042,#4623);
#4041=LINE('',#9044,#4624);
#4042=LINE('',#9046,#4625);
#4043=LINE('',#9049,#4626);
#4044=LINE('',#9051,#4627);
#4045=LINE('',#9053,#4628);
#4046=LINE('',#9055,#4629);
#4047=LINE('',#9058,#4630);
#4048=LINE('',#9060,#4631);
#4049=LINE('',#9062,#4632);
#4050=LINE('',#9064,#4633);
#4051=LINE('',#9071,#4634);
#4052=LINE('',#9075,#4635);
#4053=LINE('',#9077,#4636);
#4054=LINE('',#9079,#4637);
#4055=LINE('',#9081,#4638);
#4056=LINE('',#9083,#4639);
#4057=LINE('',#9086,#4640);
#4058=LINE('',#9088,#4641);
#4059=LINE('',#9090,#4642);
#4060=LINE('',#9092,#4643);
#4061=LINE('',#9094,#4644);
#4062=LINE('',#9096,#4645);
#4063=LINE('',#9100,#4646);
#4064=LINE('',#9104,#4647);
#4065=LINE('',#9106,#4648);
#4066=LINE('',#9108,#4649);
#4067=LINE('',#9110,#4650);
#4068=LINE('',#9112,#4651);
#4069=LINE('',#9117,#4652);
#4070=LINE('',#9119,#4653);
#4071=LINE('',#9121,#4654);
#4072=LINE('',#9127,#4655);
#4073=LINE('',#9128,#4656);
#4074=LINE('',#9130,#4657);
#4075=LINE('',#9133,#4658);
#4076=LINE('',#9160,#4659);
#4077=LINE('',#9161,#4660);
#4078=LINE('',#9162,#4661);
#4079=LINE('',#9170,#4662);
#4080=LINE('',#9171,#4663);
#4081=LINE('',#9197,#4664);
#4082=LINE('',#9201,#4665);
#4083=LINE('',#9203,#4666);
#4084=LINE('',#9205,#4667);
#4085=LINE('',#9212,#4668);
#4086=LINE('',#9214,#4669);
#4087=LINE('',#9216,#4670);
#4088=LINE('',#9218,#4671);
#4089=LINE('',#9220,#4672);
#4090=LINE('',#9227,#4673);
#4091=LINE('',#9238,#4674);
#4092=LINE('',#9251,#4675);
#4093=LINE('',#9273,#4676);
#4094=LINE('',#9293,#4677);
#4095=LINE('',#9296,#4678);
#4096=LINE('',#9297,#4679);
#4097=LINE('',#9319,#4680);
#4098=LINE('',#9321,#4681);
#4099=LINE('',#9323,#4682);
#4100=LINE('',#9324,#4683);
#4101=LINE('',#9328,#4684);
#4102=LINE('',#9331,#4685);
#4103=LINE('',#9333,#4686);
#4104=LINE('',#9386,#4687);
#4105=LINE('',#9429,#4688);
#4106=LINE('',#9430,#4689);
#4107=LINE('',#9431,#4690);
#4108=LINE('',#9439,#4691);
#4109=LINE('',#9440,#4692);
#4110=LINE('',#9448,#4693);
#4111=LINE('',#9451,#4694);
#4112=LINE('',#9458,#4695);
#4113=LINE('',#9460,#4696);
#4114=LINE('',#9463,#4697);
#4115=LINE('',#9465,#4698);
#4116=LINE('',#9467,#4699);
#4117=LINE('',#9474,#4700);
#4118=LINE('',#9476,#4701);
#4119=LINE('',#9483,#4702);
#4120=LINE('',#9485,#4703);
#4121=LINE('',#9487,#4704);
#4122=LINE('',#9489,#4705);
#4123=LINE('',#9491,#4706);
#4124=LINE('',#9494,#4707);
#4125=LINE('',#9495,#4708);
#4126=LINE('',#9506,#4709);
#4127=LINE('',#9518,#4710);
#4128=LINE('',#9555,#4711);
#4129=LINE('',#9561,#4712);
#4130=LINE('',#9564,#4713);
#4131=LINE('',#9565,#4714);
#4132=LINE('',#9587,#4715);
#4133=LINE('',#9589,#4716);
#4134=LINE('',#9593,#4717);
#4135=LINE('',#9594,#4718);
#4136=LINE('',#9596,#4719);
#4137=LINE('',#9599,#4720);
#4138=LINE('',#9601,#4721);
#4139=LINE('',#9654,#4722);
#4140=LINE('',#9839,#4723);
#4141=LINE('',#9840,#4724);
#4142=LINE('',#9843,#4725);
#4143=LINE('',#9845,#4726);
#4144=LINE('',#9878,#4727);
#4145=LINE('',#9881,#4728);
#4146=LINE('',#9883,#4729);
#4147=LINE('',#9885,#4730);
#4148=LINE('',#9887,#4731);
#4149=LINE('',#9890,#4732);
#4150=LINE('',#9892,#4733);
#4151=LINE('',#9894,#4734);
#4152=LINE('',#9896,#4735);
#4153=LINE('',#9898,#4736);
#4154=LINE('',#9900,#4737);
#4155=LINE('',#9902,#4738);
#4156=LINE('',#9904,#4739);
#4157=LINE('',#9907,#4740);
#4158=LINE('',#9909,#4741);
#4159=LINE('',#9911,#4742);
#4160=LINE('',#9916,#4743);
#4161=LINE('',#9918,#4744);
#4162=LINE('',#9934,#4745);
#4163=LINE('',#9936,#4746);
#4164=LINE('',#9949,#4747);
#4165=LINE('',#9952,#4748);
#4166=LINE('',#9954,#4749);
#4167=LINE('',#9958,#4750);
#4168=LINE('',#9960,#4751);
#4169=LINE('',#9962,#4752);
#4170=LINE('',#9972,#4753);
#4171=LINE('',#9976,#4754);
#4172=LINE('',#9986,#4755);
#4173=LINE('',#10091,#4756);
#4174=LINE('',#10093,#4757);
#4175=LINE('',#10095,#4758);
#4176=LINE('',#10115,#4759);
#4177=LINE('',#10116,#4760);
#4178=LINE('',#10120,#4761);
#4179=LINE('',#10124,#4762);
#4180=LINE('',#10126,#4763);
#4181=LINE('',#10129,#4764);
#4182=LINE('',#10131,#4765);
#4183=LINE('',#10133,#4766);
#4184=LINE('',#10135,#4767);
#4185=LINE('',#10138,#4768);
#4186=LINE('',#10140,#4769);
#4187=LINE('',#10142,#4770);
#4188=LINE('',#10144,#4771);
#4189=LINE('',#10147,#4772);
#4190=LINE('',#10149,#4773);
#4191=LINE('',#10151,#4774);
#4192=LINE('',#10153,#4775);
#4193=LINE('',#10155,#4776);
#4194=LINE('',#10157,#4777);
#4195=LINE('',#10159,#4778);
#4196=LINE('',#10161,#4779);
#4197=LINE('',#10163,#4780);
#4198=LINE('',#10165,#4781);
#4199=LINE('',#10168,#4782);
#4200=LINE('',#10170,#4783);
#4201=LINE('',#10172,#4784);
#4202=LINE('',#10173,#4785);
#4203=LINE('',#10175,#4786);
#4204=LINE('',#10177,#4787);
#4205=LINE('',#10179,#4788);
#4206=LINE('',#10181,#4789);
#4207=LINE('',#10183,#4790);
#4208=LINE('',#10185,#4791);
#4209=LINE('',#10187,#4792);
#4210=LINE('',#10189,#4793);
#4211=LINE('',#10191,#4794);
#4212=LINE('',#10193,#4795);
#4213=LINE('',#10194,#4796);
#4214=LINE('',#10221,#4797);
#4215=LINE('',#10248,#4798);
#4216=LINE('',#10250,#4799);
#4217=LINE('',#10254,#4800);
#4218=LINE('',#10256,#4801);
#4219=LINE('',#10259,#4802);
#4220=LINE('',#10261,#4803);
#4221=LINE('',#10262,#4804);
#4222=LINE('',#10265,#4805);
#4223=LINE('',#10267,#4806);
#4224=LINE('',#10269,#4807);
#4225=LINE('',#10271,#4808);
#4226=LINE('',#10273,#4809);
#4227=LINE('',#10275,#4810);
#4228=LINE('',#10277,#4811);
#4229=LINE('',#10279,#4812);
#4230=LINE('',#10285,#4813);
#4231=LINE('',#10289,#4814);
#4232=LINE('',#10290,#4815);
#4233=LINE('',#10292,#4816);
#4234=LINE('',#10294,#4817);
#4235=LINE('',#10300,#4818);
#4236=LINE('',#10304,#4819);
#4237=LINE('',#10308,#4820);
#4238=LINE('',#10312,#4821);
#4239=LINE('',#10316,#4822);
#4240=LINE('',#10330,#4823);
#4241=LINE('',#10333,#4824);
#4242=LINE('',#10335,#4825);
#4243=LINE('',#10346,#4826);
#4244=LINE('',#10347,#4827);
#4245=LINE('',#10348,#4828);
#4246=LINE('',#10352,#4829);
#4247=LINE('',#10380,#4830);
#4248=LINE('',#10382,#4831);
#4249=LINE('',#10384,#4832);
#4250=LINE('',#10387,#4833);
#4251=LINE('',#10389,#4834);
#4252=LINE('',#10391,#4835);
#4253=LINE('',#10393,#4836);
#4254=LINE('',#10395,#4837);
#4255=LINE('',#10397,#4838);
#4256=LINE('',#10399,#4839);
#4257=LINE('',#10401,#4840);
#4258=LINE('',#10403,#4841);
#4259=LINE('',#10409,#4842);
#4260=LINE('',#10414,#4843);
#4261=LINE('',#10416,#4844);
#4262=LINE('',#10420,#4845);
#4263=LINE('',#10421,#4846);
#4264=LINE('',#10423,#4847);
#4265=LINE('',#10424,#4848);
#4266=LINE('',#10425,#4849);
#4267=LINE('',#10427,#4850);
#4268=LINE('',#10429,#4851);
#4269=LINE('',#10430,#4852);
#4270=LINE('',#10432,#4853);
#4271=LINE('',#10444,#4854);
#4272=LINE('',#10447,#4855);
#4273=LINE('',#10448,#4856);
#4274=LINE('',#10449,#4857);
#4275=LINE('',#10450,#4858);
#4276=LINE('',#10451,#4859);
#4277=LINE('',#10454,#4860);
#4278=LINE('',#10456,#4861);
#4279=LINE('',#10458,#4862);
#4280=LINE('',#10459,#4863);
#4281=LINE('',#10462,#4864);
#4282=LINE('',#10464,#4865);
#4283=LINE('',#10466,#4866);
#4284=LINE('',#10468,#4867);
#4285=LINE('',#10470,#4868);
#4286=LINE('',#10472,#4869);
#4287=LINE('',#10474,#4870);
#4288=LINE('',#10476,#4871);
#4289=LINE('',#10495,#4872);
#4290=LINE('',#10497,#4873);
#4291=LINE('',#10501,#4874);
#4292=LINE('',#10503,#4875);
#4293=LINE('',#10505,#4876);
#4294=LINE('',#10507,#4877);
#4295=LINE('',#10509,#4878);
#4296=LINE('',#10511,#4879);
#4297=LINE('',#10514,#4880);
#4298=LINE('',#10517,#4881);
#4299=LINE('',#10519,#4882);
#4300=LINE('',#10521,#4883);
#4301=LINE('',#10525,#4884);
#4302=LINE('',#10527,#4885);
#4303=LINE('',#10528,#4886);
#4304=LINE('',#10530,#4887);
#4305=LINE('',#10532,#4888);
#4306=LINE('',#10538,#4889);
#4307=LINE('',#10540,#4890);
#4308=LINE('',#10564,#4891);
#4309=LINE('',#10566,#4892);
#4310=LINE('',#10568,#4893);
#4311=LINE('',#10578,#4894);
#4312=LINE('',#10580,#4895);
#4313=LINE('',#10582,#4896);
#4314=LINE('',#10584,#4897);
#4315=LINE('',#10586,#4898);
#4316=LINE('',#10633,#4899);
#4317=LINE('',#10635,#4900);
#4318=LINE('',#10637,#4901);
#4319=LINE('',#10639,#4902);
#4320=LINE('',#10641,#4903);
#4321=LINE('',#10643,#4904);
#4322=LINE('',#10645,#4905);
#4323=LINE('',#10647,#4906);
#4324=LINE('',#10649,#4907);
#4325=LINE('',#10652,#4908);
#4326=LINE('',#10655,#4909);
#4327=LINE('',#10658,#4910);
#4328=LINE('',#10660,#4911);
#4329=LINE('',#10662,#4912);
#4330=LINE('',#10671,#4913);
#4331=LINE('',#10673,#4914);
#4332=LINE('',#10679,#4915);
#4333=LINE('',#10681,#4916);
#4334=LINE('',#10683,#4917);
#4335=LINE('',#10685,#4918);
#4336=LINE('',#10687,#4919);
#4337=LINE('',#10688,#4920);
#4338=LINE('',#10690,#4921);
#4339=LINE('',#10692,#4922);
#4340=LINE('',#10694,#4923);
#4341=LINE('',#10698,#4924);
#4342=LINE('',#10700,#4925);
#4343=LINE('',#10703,#4926);
#4344=LINE('',#10705,#4927);
#4345=LINE('',#10707,#4928);
#4346=LINE('',#10708,#4929);
#4347=LINE('',#10710,#4930);
#4348=LINE('',#10711,#4931);
#4349=LINE('',#10721,#4932);
#4350=LINE('',#10723,#4933);
#4351=LINE('',#10725,#4934);
#4352=LINE('',#10727,#4935);
#4353=LINE('',#10730,#4936);
#4354=LINE('',#10732,#4937);
#4355=VECTOR('',#6713,1000.);
#4356=VECTOR('',#6716,1000.);
#4357=VECTOR('',#6717,1000.);
#4358=VECTOR('',#6718,1000.);
#4359=VECTOR('',#6721,1000.);
#4360=VECTOR('',#6722,1000.);
#4361=VECTOR('',#6723,1000.);
#4362=VECTOR('',#6726,1000.);
#4363=VECTOR('',#6727,1000.);
#4364=VECTOR('',#6728,1000.);
#4365=VECTOR('',#6733,1000.);
#4366=VECTOR('',#6734,1000.);
#4367=VECTOR('',#6737,1000.);
#4368=VECTOR('',#6740,1000.);
#4369=VECTOR('',#6743,1000.);
#4370=VECTOR('',#6748,1000.);
#4371=VECTOR('',#6749,1000.);
#4372=VECTOR('',#6750,1000.);
#4373=VECTOR('',#6751,1000.);
#4374=VECTOR('',#6754,1000.);
#4375=VECTOR('',#6755,1000.);
#4376=VECTOR('',#6756,1000.);
#4377=VECTOR('',#6757,1000.);
#4378=VECTOR('',#6760,1000.);
#4379=VECTOR('',#6761,1000.);
#4380=VECTOR('',#6762,1000.);
#4381=VECTOR('',#6763,1000.);
#4382=VECTOR('',#6766,1000.);
#4383=VECTOR('',#6767,1000.);
#4384=VECTOR('',#6768,1000.);
#4385=VECTOR('',#6769,1000.);
#4386=VECTOR('',#6772,1000.);
#4387=VECTOR('',#6773,1000.);
#4388=VECTOR('',#6774,1000.);
#4389=VECTOR('',#6775,1000.);
#4390=VECTOR('',#6778,1000.);
#4391=VECTOR('',#6779,1000.);
#4392=VECTOR('',#6780,1000.);
#4393=VECTOR('',#6781,1000.);
#4394=VECTOR('',#6784,1000.);
#4395=VECTOR('',#6785,1000.);
#4396=VECTOR('',#6786,1000.);
#4397=VECTOR('',#6789,1000.);
#4398=VECTOR('',#6790,1000.);
#4399=VECTOR('',#6791,1000.);
#4400=VECTOR('',#6792,1000.);
#4401=VECTOR('',#6795,1000.);
#4402=VECTOR('',#6796,1000.);
#4403=VECTOR('',#6797,1000.);
#4404=VECTOR('',#6798,1000.);
#4405=VECTOR('',#6799,1000.);
#4406=VECTOR('',#6800,1000.);
#4407=VECTOR('',#6801,1000.);
#4408=VECTOR('',#6802,1000.);
#4409=VECTOR('',#6803,1000.);
#4410=VECTOR('',#6804,1000.);
#4411=VECTOR('',#6807,1000.);
#4412=VECTOR('',#6808,1000.);
#4413=VECTOR('',#6809,1000.);
#4414=VECTOR('',#6810,1000.);
#4415=VECTOR('',#6813,1000.);
#4416=VECTOR('',#6816,1000.);
#4417=VECTOR('',#6819,1000.);
#4418=VECTOR('',#6822,1000.);
#4419=VECTOR('',#6825,1000.);
#4420=VECTOR('',#6826,1000.);
#4421=VECTOR('',#6827,1000.);
#4422=VECTOR('',#6828,1000.);
#4423=VECTOR('',#6829,1000.);
#4424=VECTOR('',#6830,1000.);
#4425=VECTOR('',#6831,1000.);
#4426=VECTOR('',#6832,1000.);
#4427=VECTOR('',#6833,1000.);
#4428=VECTOR('',#6834,1000.);
#4429=VECTOR('',#6835,1000.);
#4430=VECTOR('',#6838,1000.);
#4431=VECTOR('',#6841,1000.);
#4432=VECTOR('',#6844,1000.);
#4433=VECTOR('',#6847,1000.);
#4434=VECTOR('',#6850,1000.);
#4435=VECTOR('',#6851,1000.);
#4436=VECTOR('',#6852,1000.);
#4437=VECTOR('',#6853,1000.);
#4438=VECTOR('',#6854,1000.);
#4439=VECTOR('',#6855,1000.);
#4440=VECTOR('',#6858,1000.);
#4441=VECTOR('',#6861,1000.);
#4442=VECTOR('',#6864,1000.);
#4443=VECTOR('',#6865,1000.);
#4444=VECTOR('',#6866,1000.);
#4445=VECTOR('',#6869,1000.);
#4446=VECTOR('',#6870,1000.);
#4447=VECTOR('',#6871,1000.);
#4448=VECTOR('',#6874,1000.);
#4449=VECTOR('',#6877,1000.);
#4450=VECTOR('',#6878,1000.);
#4451=VECTOR('',#6879,1000.);
#4452=VECTOR('',#6880,1000.);
#4453=VECTOR('',#6883,1000.);
#4454=VECTOR('',#6886,1000.);
#4455=VECTOR('',#6887,1000.);
#4456=VECTOR('',#6888,1000.);
#4457=VECTOR('',#6889,1000.);
#4458=VECTOR('',#6892,1000.);
#4459=VECTOR('',#6895,1000.);
#4460=VECTOR('',#6896,1000.);
#4461=VECTOR('',#6897,1000.);
#4462=VECTOR('',#6898,1000.);
#4463=VECTOR('',#6899,1000.);
#4464=VECTOR('',#6900,1000.);
#4465=VECTOR('',#6901,1000.);
#4466=VECTOR('',#6902,1000.);
#4467=VECTOR('',#6903,1000.);
#4468=VECTOR('',#6906,1000.);
#4469=VECTOR('',#6909,1000.);
#4470=VECTOR('',#6910,1000.);
#4471=VECTOR('',#6911,1000.);
#4472=VECTOR('',#6912,1000.);
#4473=VECTOR('',#6915,1000.);
#4474=VECTOR('',#6918,1000.);
#4475=VECTOR('',#6919,1000.);
#4476=VECTOR('',#6922,1000.);
#4477=VECTOR('',#6923,1000.);
#4478=VECTOR('',#6924,1000.);
#4479=VECTOR('',#6925,1000.);
#4480=VECTOR('',#6926,1000.);
#4481=VECTOR('',#6927,1000.);
#4482=VECTOR('',#6928,1000.);
#4483=VECTOR('',#6929,1000.);
#4484=VECTOR('',#6930,1000.);
#4485=VECTOR('',#6931,1000.);
#4486=VECTOR('',#6932,1000.);
#4487=VECTOR('',#6933,1000.);
#4488=VECTOR('',#6934,1000.);
#4489=VECTOR('',#6935,1000.);
#4490=VECTOR('',#6936,1000.);
#4491=VECTOR('',#6937,1000.);
#4492=VECTOR('',#6940,1000.);
#4493=VECTOR('',#6943,1000.);
#4494=VECTOR('',#6946,1000.);
#4495=VECTOR('',#6947,1000.);
#4496=VECTOR('',#6950,1000.);
#4497=VECTOR('',#6951,1000.);
#4498=VECTOR('',#6952,1000.);
#4499=VECTOR('',#6955,1000.);
#4500=VECTOR('',#6958,1000.);
#4501=VECTOR('',#6959,1000.);
#4502=VECTOR('',#6960,1000.);
#4503=VECTOR('',#6963,1000.);
#4504=VECTOR('',#6964,1000.);
#4505=VECTOR('',#6967,1000.);
#4506=VECTOR('',#6968,1000.);
#4507=VECTOR('',#6971,1000.);
#4508=VECTOR('',#6976,1000.);
#4509=VECTOR('',#6977,1000.);
#4510=VECTOR('',#6978,1000.);
#4511=VECTOR('',#6981,1000.);
#4512=VECTOR('',#6982,1000.);
#4513=VECTOR('',#6985,1000.);
#4514=VECTOR('',#6986,1000.);
#4515=VECTOR('',#6989,1000.);
#4516=VECTOR('',#6996,1000.);
#4517=VECTOR('',#6997,1000.);
#4518=VECTOR('',#7000,1000.);
#4519=VECTOR('',#7001,1000.);
#4520=VECTOR('',#7002,1000.);
#4521=VECTOR('',#7005,1000.);
#4522=VECTOR('',#7006,1000.);
#4523=VECTOR('',#7007,1000.);
#4524=VECTOR('',#7008,1000.);
#4525=VECTOR('',#7011,1000.);
#4526=VECTOR('',#7014,1000.);
#4527=VECTOR('',#7015,1000.);
#4528=VECTOR('',#7018,1000.);
#4529=VECTOR('',#7021,1000.);
#4530=VECTOR('',#7024,1000.);
#4531=VECTOR('',#7025,1000.);
#4532=VECTOR('',#7026,1000.);
#4533=VECTOR('',#7027,1000.);
#4534=VECTOR('',#7030,1000.);
#4535=VECTOR('',#7031,1000.);
#4536=VECTOR('',#7032,1000.);
#4537=VECTOR('',#7033,1000.);
#4538=VECTOR('',#7036,1000.);
#4539=VECTOR('',#7037,1000.);
#4540=VECTOR('',#7038,1000.);
#4541=VECTOR('',#7039,1000.);
#4542=VECTOR('',#7042,1000.);
#4543=VECTOR('',#7043,1000.);
#4544=VECTOR('',#7044,1000.);
#4545=VECTOR('',#7045,1000.);
#4546=VECTOR('',#7048,1000.);
#4547=VECTOR('',#7049,1000.);
#4548=VECTOR('',#7050,1000.);
#4549=VECTOR('',#7051,1000.);
#4550=VECTOR('',#7056,1000.);
#4551=VECTOR('',#7057,1000.);
#4552=VECTOR('',#7058,1000.);
#4553=VECTOR('',#7059,1000.);
#4554=VECTOR('',#7060,1000.);
#4555=VECTOR('',#7063,1000.);
#4556=VECTOR('',#7066,1000.);
#4557=VECTOR('',#7067,1000.);
#4558=VECTOR('',#7068,1000.);
#4559=VECTOR('',#7069,1000.);
#4560=VECTOR('',#7072,1000.);
#4561=VECTOR('',#7075,1000.);
#4562=VECTOR('',#7076,1000.);
#4563=VECTOR('',#7081,1000.);
#4564=VECTOR('',#7082,1000.);
#4565=VECTOR('',#7087,1000.);
#4566=VECTOR('',#7088,1000.);
#4567=VECTOR('',#7089,1000.);
#4568=VECTOR('',#7092,1000.);
#4569=VECTOR('',#7095,1000.);
#4570=VECTOR('',#7098,1000.);
#4571=VECTOR('',#7099,1000.);
#4572=VECTOR('',#7104,1000.);
#4573=VECTOR('',#7105,1000.);
#4574=VECTOR('',#7106,1000.);
#4575=VECTOR('',#7107,1000.);
#4576=VECTOR('',#7108,1000.);
#4577=VECTOR('',#7109,1000.);
#4578=VECTOR('',#7110,1000.);
#4579=VECTOR('',#7111,1000.);
#4580=VECTOR('',#7112,1000.);
#4581=VECTOR('',#7113,1000.);
#4582=VECTOR('',#7114,1000.);
#4583=VECTOR('',#7115,1000.);
#4584=VECTOR('',#7116,1000.);
#4585=VECTOR('',#7117,1000.);
#4586=VECTOR('',#7118,1000.);
#4587=VECTOR('',#7119,1000.);
#4588=VECTOR('',#7120,1000.);
#4589=VECTOR('',#7121,1000.);
#4590=VECTOR('',#7122,1000.);
#4591=VECTOR('',#7123,1000.);
#4592=VECTOR('',#7124,1000.);
#4593=VECTOR('',#7125,1000.);
#4594=VECTOR('',#7126,1000.);
#4595=VECTOR('',#7127,1000.);
#4596=VECTOR('',#7128,1000.);
#4597=VECTOR('',#7129,1000.);
#4598=VECTOR('',#7130,1000.);
#4599=VECTOR('',#7131,1000.);
#4600=VECTOR('',#7132,1000.);
#4601=VECTOR('',#7137,1000.);
#4602=VECTOR('',#7138,1000.);
#4603=VECTOR('',#7139,1000.);
#4604=VECTOR('',#7140,1000.);
#4605=VECTOR('',#7143,1000.);
#4606=VECTOR('',#7146,1000.);
#4607=VECTOR('',#7149,1000.);
#4608=VECTOR('',#7150,1000.);
#4609=VECTOR('',#7153,1000.);
#4610=VECTOR('',#7154,1000.);
#4611=VECTOR('',#7159,1000.);
#4612=VECTOR('',#7164,1000.);
#4613=VECTOR('',#7165,1000.);
#4614=VECTOR('',#7168,1000.);
#4615=VECTOR('',#7169,1000.);
#4616=VECTOR('',#7170,1000.);
#4617=VECTOR('',#7173,1000.);
#4618=VECTOR('',#7174,1000.);
#4619=VECTOR('',#7175,1000.);
#4620=VECTOR('',#7176,1000.);
#4621=VECTOR('',#7179,1000.);
#4622=VECTOR('',#7180,1000.);
#4623=VECTOR('',#7181,1000.);
#4624=VECTOR('',#7182,1000.);
#4625=VECTOR('',#7185,1000.);
#4626=VECTOR('',#7186,1000.);
#4627=VECTOR('',#7187,1000.);
#4628=VECTOR('',#7188,1000.);
#4629=VECTOR('',#7191,1000.);
#4630=VECTOR('',#7192,1000.);
#4631=VECTOR('',#7193,1000.);
#4632=VECTOR('',#7194,1000.);
#4633=VECTOR('',#7197,1000.);
#4634=VECTOR('',#7200,1000.);
#4635=VECTOR('',#7203,1000.);
#4636=VECTOR('',#7204,1000.);
#4637=VECTOR('',#7205,1000.);
#4638=VECTOR('',#7206,1000.);
#4639=VECTOR('',#7209,1000.);
#4640=VECTOR('',#7210,1000.);
#4641=VECTOR('',#7211,1000.);
#4642=VECTOR('',#7212,1000.);
#4643=VECTOR('',#7213,1000.);
#4644=VECTOR('',#7214,1000.);
#4645=VECTOR('',#7215,1000.);
#4646=VECTOR('',#7218,1000.);
#4647=VECTOR('',#7221,1000.);
#4648=VECTOR('',#7222,1000.);
#4649=VECTOR('',#7225,1000.);
#4650=VECTOR('',#7226,1000.);
#4651=VECTOR('',#7229,1000.);
#4652=VECTOR('',#7232,1000.);
#4653=VECTOR('',#7233,1000.);
#4654=VECTOR('',#7234,1000.);
#4655=VECTOR('',#7243,1000.);
#4656=VECTOR('',#7244,1000.);
#4657=VECTOR('',#7247,1000.);
#4658=VECTOR('',#7250,1000.);
#4659=VECTOR('',#7255,1000.);
#4660=VECTOR('',#7256,1000.);
#4661=VECTOR('',#7257,1000.);
#4662=VECTOR('',#7260,1000.);
#4663=VECTOR('',#7261,1000.);
#4664=VECTOR('',#7266,1000.);
#4665=VECTOR('',#7271,1000.);
#4666=VECTOR('',#7274,1000.);
#4667=VECTOR('',#7277,1000.);
#4668=VECTOR('',#7278,1000.);
#4669=VECTOR('',#7281,1000.);
#4670=VECTOR('',#7282,1000.);
#4671=VECTOR('',#7283,1000.);
#4672=VECTOR('',#7284,1000.);
#4673=VECTOR('',#7285,1000.);
#4674=VECTOR('',#7286,1000.);
#4675=VECTOR('',#7287,1000.);
#4676=VECTOR('',#7288,1000.);
#4677=VECTOR('',#7291,1000.);
#4678=VECTOR('',#7292,1000.);
#4679=VECTOR('',#7293,1000.);
#4680=VECTOR('',#7296,1000.);
#4681=VECTOR('',#7297,1000.);
#4682=VECTOR('',#7300,1000.);
#4683=VECTOR('',#7301,1000.);
#4684=VECTOR('',#7306,1000.);
#4685=VECTOR('',#7311,1000.);
#4686=VECTOR('',#7312,1000.);
#4687=VECTOR('',#7317,1000.);
#4688=VECTOR('',#7340,1000.);
#4689=VECTOR('',#7341,1000.);
#4690=VECTOR('',#7342,1000.);
#4691=VECTOR('',#7345,1000.);
#4692=VECTOR('',#7346,1000.);
#4693=VECTOR('',#7349,1000.);
#4694=VECTOR('',#7352,1000.);
#4695=VECTOR('',#7355,1000.);
#4696=VECTOR('',#7358,1000.);
#4697=VECTOR('',#7361,1000.);
#4698=VECTOR('',#7364,1000.);
#4699=VECTOR('',#7367,1000.);
#4700=VECTOR('',#7368,1000.);
#4701=VECTOR('',#7371,1000.);
#4702=VECTOR('',#7372,1000.);
#4703=VECTOR('',#7373,1000.);
#4704=VECTOR('',#7374,1000.);
#4705=VECTOR('',#7375,1000.);
#4706=VECTOR('',#7378,1000.);
#4707=VECTOR('',#7379,1000.);
#4708=VECTOR('',#7380,1000.);
#4709=VECTOR('',#7381,1000.);
#4710=VECTOR('',#7382,1000.);
#4711=VECTOR('',#7383,1000.);
#4712=VECTOR('',#7386,1000.);
#4713=VECTOR('',#7387,1000.);
#4714=VECTOR('',#7388,1000.);
#4715=VECTOR('',#7391,1000.);
#4716=VECTOR('',#7392,1000.);
#4717=VECTOR('',#7397,1000.);
#4718=VECTOR('',#7398,1000.);
#4719=VECTOR('',#7401,1000.);
#4720=VECTOR('',#7406,1000.);
#4721=VECTOR('',#7407,1000.);
#4722=VECTOR('',#7412,1000.);
#4723=VECTOR('',#7719,1000.);
#4724=VECTOR('',#7720,1000.);
#4725=VECTOR('',#7725,1000.);
#4726=VECTOR('',#7728,1000.);
#4727=VECTOR('',#7777,1000.);
#4728=VECTOR('',#7778,1000.);
#4729=VECTOR('',#7779,1000.);
#4730=VECTOR('',#7780,1000.);
#4731=VECTOR('',#7783,1000.);
#4732=VECTOR('',#7784,1000.);
#4733=VECTOR('',#7785,1000.);
#4734=VECTOR('',#7786,1000.);
#4735=VECTOR('',#7787,1000.);
#4736=VECTOR('',#7788,1000.);
#4737=VECTOR('',#7789,1000.);
#4738=VECTOR('',#7790,1000.);
#4739=VECTOR('',#7793,1000.);
#4740=VECTOR('',#7794,1000.);
#4741=VECTOR('',#7795,1000.);
#4742=VECTOR('',#7796,1000.);
#4743=VECTOR('',#7801,1000.);
#4744=VECTOR('',#7804,1000.);
#4745=VECTOR('',#7809,1000.);
#4746=VECTOR('',#7812,1000.);
#4747=VECTOR('',#7815,1000.);
#4748=VECTOR('',#7816,1000.);
#4749=VECTOR('',#7817,1000.);
#4750=VECTOR('',#7820,1000.);
#4751=VECTOR('',#7821,1000.);
#4752=VECTOR('',#7822,1000.);
#4753=VECTOR('',#7833,1000.);
#4754=VECTOR('',#7838,1000.);
#4755=VECTOR('',#7843,1000.);
#4756=VECTOR('',#7858,1000.);
#4757=VECTOR('',#7859,1000.);
#4758=VECTOR('',#7860,1000.);
#4759=VECTOR('',#7873,1000.);
#4760=VECTOR('',#7874,1000.);
#4761=VECTOR('',#7877,1000.);
#4762=VECTOR('',#7880,1000.);
#4763=VECTOR('',#7883,1000.);
#4764=VECTOR('',#7884,1000.);
#4765=VECTOR('',#7885,1000.);
#4766=VECTOR('',#7886,1000.);
#4767=VECTOR('',#7889,1000.);
#4768=VECTOR('',#7890,1000.);
#4769=VECTOR('',#7891,1000.);
#4770=VECTOR('',#7892,1000.);
#4771=VECTOR('',#7895,1000.);
#4772=VECTOR('',#7896,1000.);
#4773=VECTOR('',#7897,1000.);
#4774=VECTOR('',#7898,1000.);
#4775=VECTOR('',#7901,1000.);
#4776=VECTOR('',#7902,1000.);
#4777=VECTOR('',#7903,1000.);
#4778=VECTOR('',#7906,1000.);
#4779=VECTOR('',#7907,1000.);
#4780=VECTOR('',#7908,1000.);
#4781=VECTOR('',#7911,1000.);
#4782=VECTOR('',#7912,1000.);
#4783=VECTOR('',#7913,1000.);
#4784=VECTOR('',#7914,1000.);
#4785=VECTOR('',#7915,1000.);
#4786=VECTOR('',#7918,1000.);
#4787=VECTOR('',#7919,1000.);
#4788=VECTOR('',#7920,1000.);
#4789=VECTOR('',#7923,1000.);
#4790=VECTOR('',#7924,1000.);
#4791=VECTOR('',#7925,1000.);
#4792=VECTOR('',#7928,1000.);
#4793=VECTOR('',#7931,1000.);
#4794=VECTOR('',#7932,1000.);
#4795=VECTOR('',#7933,1000.);
#4796=VECTOR('',#7934,1000.);
#4797=VECTOR('',#7935,1000.);
#4798=VECTOR('',#7938,1000.);
#4799=VECTOR('',#7939,1000.);
#4800=VECTOR('',#7944,1000.);
#4801=VECTOR('',#7945,1000.);
#4802=VECTOR('',#7950,1000.);
#4803=VECTOR('',#7953,1000.);
#4804=VECTOR('',#7954,1000.);
#4805=VECTOR('',#7959,1000.);
#4806=VECTOR('',#7960,1000.);
#4807=VECTOR('',#7963,1000.);
#4808=VECTOR('',#7964,1000.);
#4809=VECTOR('',#7965,1000.);
#4810=VECTOR('',#7966,1000.);
#4811=VECTOR('',#7967,1000.);
#4812=VECTOR('',#7970,1000.);
#4813=VECTOR('',#7975,1000.);
#4814=VECTOR('',#7978,1000.);
#4815=VECTOR('',#7979,1000.);
#4816=VECTOR('',#7980,1000.);
#4817=VECTOR('',#7981,1000.);
#4818=VECTOR('',#7986,1000.);
#4819=VECTOR('',#7989,1000.);
#4820=VECTOR('',#7992,1000.);
#4821=VECTOR('',#7995,1000.);
#4822=VECTOR('',#8000,1000.);
#4823=VECTOR('',#8007,1000.);
#4824=VECTOR('',#8008,1000.);
#4825=VECTOR('',#8009,1000.);
#4826=VECTOR('',#8010,1000.);
#4827=VECTOR('',#8011,1000.);
#4828=VECTOR('',#8012,1000.);
#4829=VECTOR('',#8017,1000.);
#4830=VECTOR('',#8028,1000.);
#4831=VECTOR('',#8029,1000.);
#4832=VECTOR('',#8030,1000.);
#4833=VECTOR('',#8035,1000.);
#4834=VECTOR('',#8036,1000.);
#4835=VECTOR('',#8037,1000.);
#4836=VECTOR('',#8040,1000.);
#4837=VECTOR('',#8041,1000.);
#4838=VECTOR('',#8042,1000.);
#4839=VECTOR('',#8045,1000.);
#4840=VECTOR('',#8046,1000.);
#4841=VECTOR('',#8047,1000.);
#4842=VECTOR('',#8058,1000.);
#4843=VECTOR('',#8065,1000.);
#4844=VECTOR('',#8068,1000.);
#4845=VECTOR('',#8073,1000.);
#4846=VECTOR('',#8074,1000.);
#4847=VECTOR('',#8077,1000.);
#4848=VECTOR('',#8078,1000.);
#4849=VECTOR('',#8079,1000.);
#4850=VECTOR('',#8080,1000.);
#4851=VECTOR('',#8083,1000.);
#4852=VECTOR('',#8084,1000.);
#4853=VECTOR('',#8085,1000.);
#4854=VECTOR('',#8088,1000.);
#4855=VECTOR('',#8089,1000.);
#4856=VECTOR('',#8090,1000.);
#4857=VECTOR('',#8091,1000.);
#4858=VECTOR('',#8092,1000.);
#4859=VECTOR('',#8093,1000.);
#4860=VECTOR('',#8094,1000.);
#4861=VECTOR('',#8095,1000.);
#4862=VECTOR('',#8096,1000.);
#4863=VECTOR('',#8097,1000.);
#4864=VECTOR('',#8098,1000.);
#4865=VECTOR('',#8099,1000.);
#4866=VECTOR('',#8100,1000.);
#4867=VECTOR('',#8103,1000.);
#4868=VECTOR('',#8104,1000.);
#4869=VECTOR('',#8105,1000.);
#4870=VECTOR('',#8108,1000.);
#4871=VECTOR('',#8111,1000.);
#4872=VECTOR('',#8118,1000.);
#4873=VECTOR('',#8121,1000.);
#4874=VECTOR('',#8124,1000.);
#4875=VECTOR('',#8127,1000.);
#4876=VECTOR('',#8128,1000.);
#4877=VECTOR('',#8131,1000.);
#4878=VECTOR('',#8132,1000.);
#4879=VECTOR('',#8135,1000.);
#4880=VECTOR('',#8136,1000.);
#4881=VECTOR('',#8141,1000.);
#4882=VECTOR('',#8142,1000.);
#4883=VECTOR('',#8143,1000.);
#4884=VECTOR('',#8150,1000.);
#4885=VECTOR('',#8153,1000.);
#4886=VECTOR('',#8154,1000.);
#4887=VECTOR('',#8157,1000.);
#4888=VECTOR('',#8158,1000.);
#4889=VECTOR('',#8163,1000.);
#4890=VECTOR('',#8164,1000.);
#4891=VECTOR('',#8181,1000.);
#4892=VECTOR('',#8182,1000.);
#4893=VECTOR('',#8183,1000.);
#4894=VECTOR('',#8202,1000.);
#4895=VECTOR('',#8203,1000.);
#4896=VECTOR('',#8204,1000.);
#4897=VECTOR('',#8207,1000.);
#4898=VECTOR('',#8210,1000.);
#4899=VECTOR('',#8227,1000.);
#4900=VECTOR('',#8228,1000.);
#4901=VECTOR('',#8231,1000.);
#4902=VECTOR('',#8232,1000.);
#4903=VECTOR('',#8235,1000.);
#4904=VECTOR('',#8236,1000.);
#4905=VECTOR('',#8239,1000.);
#4906=VECTOR('',#8240,1000.);
#4907=VECTOR('',#8243,1000.);
#4908=VECTOR('',#8248,1000.);
#4909=VECTOR('',#8253,1000.);
#4910=VECTOR('',#8254,1000.);
#4911=VECTOR('',#8255,1000.);
#4912=VECTOR('',#8256,1000.);
#4913=VECTOR('',#8265,1000.);
#4914=VECTOR('',#8268,1000.);
#4915=VECTOR('',#8275,1000.);
#4916=VECTOR('',#8276,1000.);
#4917=VECTOR('',#8277,1000.);
#4918=VECTOR('',#8280,1000.);
#4919=VECTOR('',#8281,1000.);
#4920=VECTOR('',#8282,1000.);
#4921=VECTOR('',#8283,1000.);
#4922=VECTOR('',#8284,1000.);
#4923=VECTOR('',#8285,1000.);
#4924=VECTOR('',#8288,1000.);
#4925=VECTOR('',#8291,1000.);
#4926=VECTOR('',#8292,1000.);
#4927=VECTOR('',#8293,1000.);
#4928=VECTOR('',#8294,1000.);
#4929=VECTOR('',#8295,1000.);
#4930=VECTOR('',#8296,1000.);
#4931=VECTOR('',#8297,1000.);
#4932=VECTOR('',#8310,1000.);
#4933=VECTOR('',#8313,1000.);
#4934=VECTOR('',#8316,1000.);
#4935=VECTOR('',#8319,1000.);
#4936=VECTOR('',#8324,1000.);
#4937=VECTOR('',#8327,1000.);
#4938=EDGE_LOOP('',(#629,#630,#631,#632,#633));
#4939=EDGE_LOOP('',(#634,#635,#636,#637));
#4940=EDGE_LOOP('',(#638,#639,#640,#641));
#4941=EDGE_LOOP('',(#642,#643,#644,#645,#646));
#4942=EDGE_LOOP('',(#647,#648,#649,#650,#651,#652));
#4943=EDGE_LOOP('',(#653,#654,#655,#656));
#4944=EDGE_LOOP('',(#657,#658,#659,#660));
#4945=EDGE_LOOP('',(#661,#662,#663,#664));
#4946=EDGE_LOOP('',(#665,#666,#667,#668));
#4947=EDGE_LOOP('',(#669,#670,#671,#672));
#4948=EDGE_LOOP('',(#673,#674,#675,#676));
#4949=EDGE_LOOP('',(#677,#678,#679,#680));
#4950=EDGE_LOOP('',(#681,#682,#683,#684));
#4951=EDGE_LOOP('',(#685,#686,#687,#688,#689,#690,#691,#692,#693,#694,#695,
#696,#697,#698,#699,#700));
#4952=EDGE_LOOP('',(#701,#702,#703,#704,#705,#706,#707,#708,#709,#710,#711,
#712,#713,#714,#715,#716,#717,#718,#719,#720,#721,#722,#723,#724,#725,#726,
#727,#728,#729,#730,#731,#732,#733,#734,#735,#736,#737,#738,#739,#740));
#4953=EDGE_LOOP('',(#741,#742,#743,#744));
#4954=EDGE_LOOP('',(#745,#746,#747,#748));
#4955=EDGE_LOOP('',(#749,#750,#751,#752));
#4956=EDGE_LOOP('',(#753,#754,#755,#756));
#4957=EDGE_LOOP('',(#757,#758,#759,#760));
#4958=EDGE_LOOP('',(#761,#762,#763,#764));
#4959=EDGE_LOOP('',(#765,#766,#767,#768,#769,#770,#771,#772,#773,#774,#775,
#776,#777,#778,#779,#780,#781,#782,#783,#784,#785,#786,#787,#788,#789,#790,
#791,#792,#793,#794,#795,#796,#797,#798,#799,#800,#801,#802,#803,#804,#805,
#806,#807,#808));
#4960=EDGE_LOOP('',(#809,#810,#811,#812));
#4961=EDGE_LOOP('',(#813,#814,#815,#816));
#4962=EDGE_LOOP('',(#817,#818,#819,#820));
#4963=EDGE_LOOP('',(#821,#822,#823,#824,#825,#826,#827,#828));
#4964=EDGE_LOOP('',(#829,#830,#831,#832,#833,#834));
#4965=EDGE_LOOP('',(#835,#836,#837,#838));
#4966=EDGE_LOOP('',(#839,#840,#841,#842));
#4967=EDGE_LOOP('',(#843,#844,#845,#846));
#4968=EDGE_LOOP('',(#847,#848,#849,#850));
#4969=EDGE_LOOP('',(#851,#852,#853,#854));
#4970=EDGE_LOOP('',(#855,#856,#857,#858));
#4971=EDGE_LOOP('',(#859,#860,#861,#862));
#4972=EDGE_LOOP('',(#863,#864,#865,#866));
#4973=EDGE_LOOP('',(#867,#868,#869,#870));
#4974=EDGE_LOOP('',(#871,#872,#873,#874));
#4975=EDGE_LOOP('',(#875,#876,#877,#878));
#4976=EDGE_LOOP('',(#879,#880,#881,#882));
#4977=EDGE_LOOP('',(#883,#884,#885,#886));
#4978=EDGE_LOOP('',(#887,#888,#889,#890));
#4979=EDGE_LOOP('',(#891,#892,#893,#894));
#4980=EDGE_LOOP('',(#895,#896,#897,#898));
#4981=EDGE_LOOP('',(#899,#900,#901,#902,#903,#904,#905,#906,#907));
#4982=EDGE_LOOP('',(#908,#909,#910,#911,#912,#913,#914,#915,#916,#917,#918));
#4983=EDGE_LOOP('',(#919,#920,#921,#922));
#4984=EDGE_LOOP('',(#923,#924,#925,#926));
#4985=EDGE_LOOP('',(#927,#928,#929,#930));
#4986=EDGE_LOOP('',(#931,#932,#933,#934));
#4987=EDGE_LOOP('',(#935,#936,#937,#938));
#4988=EDGE_LOOP('',(#939,#940,#941,#942,#943,#944,#945,#946,#947,#948,#949,
#950,#951));
#4989=EDGE_LOOP('',(#952,#953,#954,#955));
#4990=EDGE_LOOP('',(#956,#957,#958,#959));
#4991=EDGE_LOOP('',(#960,#961,#962,#963));
#4992=EDGE_LOOP('',(#964,#965,#966,#967,#968,#969,#970,#971));
#4993=EDGE_LOOP('',(#972,#973,#974,#975));
#4994=EDGE_LOOP('',(#976,#977,#978,#979));
#4995=EDGE_LOOP('',(#980,#981,#982,#983,#984,#985,#986,#987,#988,#989,#990,
#991,#992,#993,#994,#995,#996,#997,#998,#999,#1000,#1001,#1002,#1003,#1004,
#1005,#1006,#1007,#1008,#1009,#1010,#1011,#1012,#1013,#1014,#1015,#1016,
#1017,#1018,#1019,#1020,#1021,#1022,#1023,#1024,#1025));
#4996=EDGE_LOOP('',(#1026,#1027,#1028,#1029,#1030,#1031,#1032,#1033,#1034,
#1035,#1036));
#4997=EDGE_LOOP('',(#1037,#1038,#1039,#1040));
#4998=EDGE_LOOP('',(#1041,#1042,#1043,#1044));
#4999=EDGE_LOOP('',(#1045,#1046,#1047,#1048));
#5000=EDGE_LOOP('',(#1049,#1050,#1051,#1052,#1053,#1054,#1055,#1056));
#5001=EDGE_LOOP('',(#1057,#1058,#1059,#1060));
#5002=EDGE_LOOP('',(#1061,#1062,#1063,#1064));
#5003=EDGE_LOOP('',(#1065,#1066,#1067,#1068));
#5004=EDGE_LOOP('',(#1069,#1070,#1071,#1072));
#5005=EDGE_LOOP('',(#1073,#1074,#1075,#1076));
#5006=EDGE_LOOP('',(#1077,#1078,#1079,#1080));
#5007=EDGE_LOOP('',(#1081,#1082,#1083,#1084));
#5008=EDGE_LOOP('',(#1085,#1086,#1087,#1088));
#5009=EDGE_LOOP('',(#1089,#1090,#1091,#1092,#1093,#1094,#1095,#1096));
#5010=EDGE_LOOP('',(#1097,#1098,#1099,#1100,#1101,#1102,#1103,#1104,#1105,
#1106,#1107,#1108));
#5011=EDGE_LOOP('',(#1109,#1110,#1111,#1112));
#5012=EDGE_LOOP('',(#1113,#1114,#1115,#1116,#1117,#1118,#1119,#1120,#1121,
#1122,#1123,#1124));
#5013=EDGE_LOOP('',(#1125,#1126,#1127,#1128));
#5014=EDGE_LOOP('',(#1129,#1130,#1131,#1132,#1133,#1134));
#5015=EDGE_LOOP('',(#1135,#1136,#1137));
#5016=EDGE_LOOP('',(#1138,#1139,#1140,#1141,#1142,#1143));
#5017=EDGE_LOOP('',(#1144,#1145,#1146,#1147));
#5018=EDGE_LOOP('',(#1148,#1149,#1150));
#5019=EDGE_LOOP('',(#1151,#1152,#1153));
#5020=EDGE_LOOP('',(#1154,#1155,#1156,#1157,#1158,#1159));
#5021=EDGE_LOOP('',(#1160,#1161,#1162,#1163));
#5022=EDGE_LOOP('',(#1164,#1165,#1166,#1167));
#5023=EDGE_LOOP('',(#1168,#1169,#1170,#1171,#1172,#1173,#1174));
#5024=EDGE_LOOP('',(#1175,#1176,#1177,#1178,#1179));
#5025=EDGE_LOOP('',(#1180,#1181,#1182,#1183,#1184,#1185,#1186,#1187,#1188,
#1189));
#5026=EDGE_LOOP('',(#1190,#1191,#1192,#1193,#1194));
#5027=EDGE_LOOP('',(#1195,#1196,#1197,#1198));
#5028=EDGE_LOOP('',(#1199,#1200,#1201,#1202));
#5029=EDGE_LOOP('',(#1203,#1204,#1205,#1206,#1207,#1208));
#5030=EDGE_LOOP('',(#1209,#1210,#1211,#1212));
#5031=EDGE_LOOP('',(#1213,#1214,#1215,#1216,#1217));
#5032=EDGE_LOOP('',(#1218,#1219,#1220,#1221,#1222,#1223,#1224));
#5033=EDGE_LOOP('',(#1225,#1226,#1227,#1228));
#5034=EDGE_LOOP('',(#1229,#1230,#1231,#1232,#1233,#1234,#1235,#1236));
#5035=EDGE_LOOP('',(#1237,#1238,#1239,#1240,#1241));
#5036=EDGE_LOOP('',(#1242,#1243,#1244,#1245));
#5037=EDGE_LOOP('',(#1246,#1247,#1248,#1249,#1250,#1251));
#5038=EDGE_LOOP('',(#1252,#1253,#1254));
#5039=EDGE_LOOP('',(#1255,#1256,#1257,#1258));
#5040=EDGE_LOOP('',(#1259,#1260,#1261,#1262,#1263));
#5041=EDGE_LOOP('',(#1264,#1265,#1266,#1267));
#5042=EDGE_LOOP('',(#1268,#1269,#1270,#1271));
#5043=EDGE_LOOP('',(#1272,#1273,#1274,#1275));
#5044=EDGE_LOOP('',(#1276,#1277,#1278,#1279));
#5045=EDGE_LOOP('',(#1280,#1281,#1282,#1283,#1284,#1285));
#5046=EDGE_LOOP('',(#1286,#1287,#1288,#1289));
#5047=EDGE_LOOP('',(#1290,#1291,#1292,#1293,#1294,#1295));
#5048=EDGE_LOOP('',(#1296,#1297,#1298));
#5049=EDGE_LOOP('',(#1299,#1300,#1301,#1302,#1303,#1304));
#5050=EDGE_LOOP('',(#1305,#1306,#1307,#1308));
#5051=EDGE_LOOP('',(#1309,#1310,#1311,#1312));
#5052=EDGE_LOOP('',(#1313,#1314,#1315,#1316,#1317,#1318,#1319));
#5053=EDGE_LOOP('',(#1320,#1321,#1322,#1323));
#5054=EDGE_LOOP('',(#1324,#1325,#1326,#1327,#1328));
#5055=EDGE_LOOP('',(#1329,#1330,#1331,#1332,#1333,#1334,#1335,#1336,#1337,
#1338));
#5056=EDGE_LOOP('',(#1339,#1340,#1341,#1342,#1343));
#5057=EDGE_LOOP('',(#1344,#1345,#1346,#1347));
#5058=EDGE_LOOP('',(#1348,#1349,#1350,#1351));
#5059=EDGE_LOOP('',(#1352,#1353,#1354,#1355,#1356,#1357));
#5060=EDGE_LOOP('',(#1358,#1359,#1360,#1361));
#5061=EDGE_LOOP('',(#1362,#1363,#1364,#1365,#1366));
#5062=EDGE_LOOP('',(#1367,#1368,#1369,#1370,#1371,#1372,#1373));
#5063=EDGE_LOOP('',(#1374,#1375,#1376,#1377));
#5064=EDGE_LOOP('',(#1378,#1379,#1380,#1381,#1382,#1383,#1384,#1385));
#5065=EDGE_LOOP('',(#1386,#1387,#1388,#1389,#1390));
#5066=EDGE_LOOP('',(#1391,#1392,#1393,#1394));
#5067=EDGE_LOOP('',(#1395,#1396,#1397,#1398,#1399,#1400));
#5068=EDGE_LOOP('',(#1401,#1402,#1403));
#5069=EDGE_LOOP('',(#1404,#1405,#1406,#1407));
#5070=EDGE_LOOP('',(#1408,#1409,#1410,#1411,#1412));
#5071=EDGE_LOOP('',(#1413,#1414,#1415,#1416));
#5072=EDGE_LOOP('',(#1417,#1418,#1419,#1420));
#5073=EDGE_LOOP('',(#1421,#1422,#1423,#1424));
#5074=EDGE_LOOP('',(#1425,#1426,#1427,#1428));
#5075=EDGE_LOOP('',(#1429,#1430,#1431,#1432,#1433));
#5076=EDGE_LOOP('',(#1434,#1435,#1436,#1437,#1438));
#5077=EDGE_LOOP('',(#1439,#1440,#1441,#1442));
#5078=EDGE_LOOP('',(#1443,#1444,#1445,#1446));
#5079=EDGE_LOOP('',(#1447,#1448,#1449,#1450));
#5080=EDGE_LOOP('',(#1451,#1452,#1453,#1454));
#5081=EDGE_LOOP('',(#1455,#1456,#1457,#1458));
#5082=EDGE_LOOP('',(#1459,#1460,#1461,#1462));
#5083=EDGE_LOOP('',(#1463,#1464,#1465,#1466));
#5084=EDGE_LOOP('',(#1467,#1468,#1469,#1470));
#5085=EDGE_LOOP('',(#1471,#1472,#1473,#1474));
#5086=EDGE_LOOP('',(#1475,#1476,#1477,#1478));
#5087=EDGE_LOOP('',(#1479,#1480,#1481,#1482));
#5088=EDGE_LOOP('',(#1483,#1484,#1485,#1486));
#5089=EDGE_LOOP('',(#1487,#1488,#1489,#1490));
#5090=EDGE_LOOP('',(#1491,#1492,#1493,#1494));
#5091=EDGE_LOOP('',(#1495,#1496,#1497));
#5092=EDGE_LOOP('',(#1498,#1499,#1500,#1501));
#5093=EDGE_LOOP('',(#1502,#1503,#1504,#1505));
#5094=EDGE_LOOP('',(#1506,#1507,#1508,#1509));
#5095=EDGE_LOOP('',(#1510,#1511,#1512,#1513));
#5096=EDGE_LOOP('',(#1514,#1515,#1516));
#5097=EDGE_LOOP('',(#1517,#1518,#1519));
#5098=EDGE_LOOP('',(#1520,#1521,#1522,#1523));
#5099=EDGE_LOOP('',(#1524,#1525,#1526,#1527));
#5100=EDGE_LOOP('',(#1528,#1529,#1530,#1531));
#5101=EDGE_LOOP('',(#1532,#1533,#1534,#1535));
#5102=EDGE_LOOP('',(#1536,#1537,#1538));
#5103=EDGE_LOOP('',(#1539,#1540,#1541));
#5104=EDGE_LOOP('',(#1542,#1543,#1544,#1545));
#5105=EDGE_LOOP('',(#1546,#1547,#1548,#1549));
#5106=EDGE_LOOP('',(#1550,#1551,#1552,#1553));
#5107=EDGE_LOOP('',(#1554,#1555,#1556,#1557));
#5108=EDGE_LOOP('',(#1558,#1559,#1560));
#5109=EDGE_LOOP('',(#1561,#1562,#1563,#1564));
#5110=EDGE_LOOP('',(#1565,#1566,#1567,#1568));
#5111=EDGE_LOOP('',(#1569,#1570,#1571,#1572));
#5112=EDGE_LOOP('',(#1573,#1574,#1575,#1576));
#5113=EDGE_LOOP('',(#1577,#1578,#1579,#1580));
#5114=EDGE_LOOP('',(#1581,#1582,#1583,#1584));
#5115=EDGE_LOOP('',(#1585,#1586,#1587,#1588));
#5116=EDGE_LOOP('',(#1589,#1590,#1591,#1592));
#5117=EDGE_LOOP('',(#1593,#1594,#1595));
#5118=EDGE_LOOP('',(#1596,#1597,#1598,#1599));
#5119=EDGE_LOOP('',(#1600,#1601,#1602,#1603));
#5120=EDGE_LOOP('',(#1604,#1605,#1606,#1607));
#5121=EDGE_LOOP('',(#1608,#1609,#1610,#1611));
#5122=EDGE_LOOP('',(#1612,#1613,#1614,#1615));
#5123=EDGE_LOOP('',(#1616,#1617,#1618));
#5124=EDGE_LOOP('',(#1619,#1620,#1621));
#5125=EDGE_LOOP('',(#1622,#1623,#1624,#1625));
#5126=EDGE_LOOP('',(#1626,#1627,#1628,#1629));
#5127=EDGE_LOOP('',(#1630,#1631,#1632,#1633));
#5128=EDGE_LOOP('',(#1634,#1635,#1636,#1637));
#5129=EDGE_LOOP('',(#1638,#1639,#1640,#1641));
#5130=EDGE_LOOP('',(#1642,#1643,#1644,#1645));
#5131=EDGE_LOOP('',(#1646,#1647,#1648,#1649));
#5132=EDGE_LOOP('',(#1650,#1651,#1652));
#5133=EDGE_LOOP('',(#1653,#1654,#1655));
#5134=EDGE_LOOP('',(#1656,#1657,#1658,#1659));
#5135=EDGE_LOOP('',(#1660,#1661,#1662,#1663));
#5136=EDGE_LOOP('',(#1664,#1665,#1666,#1667));
#5137=EDGE_LOOP('',(#1668,#1669,#1670,#1671));
#5138=EDGE_LOOP('',(#1672,#1673,#1674,#1675));
#5139=EDGE_LOOP('',(#1676,#1677,#1678,#1679));
#5140=EDGE_LOOP('',(#1680,#1681,#1682));
#5141=EDGE_LOOP('',(#1683,#1684,#1685,#1686));
#5142=EDGE_LOOP('',(#1687,#1688,#1689,#1690));
#5143=EDGE_LOOP('',(#1691,#1692,#1693,#1694));
#5144=EDGE_LOOP('',(#1695,#1696,#1697,#1698));
#5145=EDGE_LOOP('',(#1699,#1700,#1701,#1702,#1703,#1704,#1705,#1706));
#5146=EDGE_LOOP('',(#1707,#1708,#1709,#1710,#1711,#1712,#1713,#1714));
#5147=EDGE_LOOP('',(#1715,#1716,#1717,#1718));
#5148=EDGE_LOOP('',(#1719,#1720,#1721,#1722));
#5149=EDGE_LOOP('',(#1723,#1724,#1725,#1726));
#5150=EDGE_LOOP('',(#1727,#1728,#1729,#1730));
#5151=EDGE_LOOP('',(#1731,#1732,#1733,#1734));
#5152=EDGE_LOOP('',(#1735,#1736,#1737,#1738));
#5153=EDGE_LOOP('',(#1739,#1740,#1741,#1742,#1743,#1744));
#5154=EDGE_LOOP('',(#1745,#1746,#1747,#1748));
#5155=EDGE_LOOP('',(#1749,#1750,#1751,#1752,#1753,#1754,#1755,#1756));
#5156=EDGE_LOOP('',(#1757,#1758,#1759,#1760));
#5157=EDGE_LOOP('',(#1761,#1762));
#5158=EDGE_LOOP('',(#1763,#1764));
#5159=EDGE_LOOP('',(#1765,#1766,#1767));
#5160=EDGE_LOOP('',(#1768,#1769,#1770));
#5161=EDGE_LOOP('',(#1771,#1772,#1773,#1774,#1775,#1776,#1777,#1778,#1779));
#5162=EDGE_LOOP('',(#1780,#1781,#1782,#1783));
#5163=EDGE_LOOP('',(#1784,#1785,#1786,#1787));
#5164=EDGE_LOOP('',(#1788,#1789,#1790,#1791));
#5165=EDGE_LOOP('',(#1792,#1793,#1794,#1795,#1796));
#5166=EDGE_LOOP('',(#1797,#1798,#1799,#1800,#1801,#1802,#1803));
#5167=EDGE_LOOP('',(#1804,#1805,#1806,#1807));
#5168=EDGE_LOOP('',(#1808,#1809,#1810,#1811,#1812,#1813,#1814));
#5169=EDGE_LOOP('',(#1815,#1816,#1817,#1818,#1819,#1820,#1821,#1822));
#5170=EDGE_LOOP('',(#1823,#1824,#1825,#1826));
#5171=EDGE_LOOP('',(#1827,#1828,#1829,#1830));
#5172=EDGE_LOOP('',(#1831,#1832,#1833,#1834));
#5173=EDGE_LOOP('',(#1835,#1836,#1837,#1838));
#5174=EDGE_LOOP('',(#1839,#1840,#1841,#1842));
#5175=EDGE_LOOP('',(#1843,#1844,#1845,#1846,#1847,#1848,#1849,#1850));
#5176=EDGE_LOOP('',(#1851,#1852,#1853,#1854));
#5177=EDGE_LOOP('',(#1855,#1856,#1857,#1858));
#5178=EDGE_LOOP('',(#1859,#1860,#1861,#1862));
#5179=EDGE_LOOP('',(#1863,#1864,#1865,#1866,#1867,#1868,#1869,#1870));
#5180=EDGE_LOOP('',(#1871,#1872,#1873));
#5181=EDGE_LOOP('',(#1874,#1875,#1876));
#5182=EDGE_LOOP('',(#1877,#1878,#1879,#1880));
#5183=EDGE_LOOP('',(#1881,#1882,#1883,#1884));
#5184=EDGE_LOOP('',(#1885,#1886,#1887,#1888));
#5185=EDGE_LOOP('',(#1889,#1890,#1891,#1892));
#5186=EDGE_LOOP('',(#1893,#1894,#1895,#1896));
#5187=EDGE_LOOP('',(#1897,#1898,#1899,#1900));
#5188=EDGE_LOOP('',(#1901,#1902,#1903,#1904,#1905,#1906,#1907,#1908,#1909,
#1910,#1911,#1912));
#5189=EDGE_LOOP('',(#1913,#1914,#1915,#1916,#1917,#1918,#1919,#1920,#1921,
#1922,#1923,#1924,#1925,#1926,#1927,#1928));
#5190=EDGE_LOOP('',(#1929,#1930,#1931,#1932,#1933,#1934,#1935,#1936));
#5191=EDGE_LOOP('',(#1937,#1938,#1939,#1940));
#5192=EDGE_LOOP('',(#1941,#1942,#1943,#1944,#1945,#1946));
#5193=EDGE_LOOP('',(#1947,#1948,#1949,#1950,#1951,#1952,#1953,#1954,#1955,
#1956,#1957,#1958,#1959,#1960));
#5194=EDGE_LOOP('',(#1961,#1962,#1963,#1964,#1965,#1966,#1967,#1968));
#5195=EDGE_LOOP('',(#1969,#1970,#1971,#1972,#1973,#1974,#1975,#1976,#1977));
#5196=EDGE_LOOP('',(#1978,#1979,#1980,#1981,#1982,#1983,#1984));
#5197=EDGE_LOOP('',(#1985,#1986,#1987,#1988));
#5198=EDGE_LOOP('',(#1989,#1990,#1991,#1992));
#5199=EDGE_LOOP('',(#1993,#1994,#1995,#1996));
#5200=EDGE_LOOP('',(#1997,#1998,#1999,#2000));
#5201=EDGE_LOOP('',(#2001,#2002,#2003,#2004));
#5202=EDGE_LOOP('',(#2005,#2006,#2007,#2008,#2009,#2010));
#5203=EDGE_LOOP('',(#2011,#2012,#2013,#2014));
#5204=EDGE_LOOP('',(#2015,#2016,#2017,#2018));
#5205=EDGE_LOOP('',(#2019,#2020,#2021,#2022,#2023,#2024,#2025));
#5206=EDGE_LOOP('',(#2026,#2027,#2028,#2029,#2030,#2031,#2032,#2033,#2034,
#2035,#2036,#2037));
#5207=EDGE_LOOP('',(#2038,#2039,#2040,#2041,#2042,#2043,#2044,#2045,#2046,
#2047,#2048,#2049));
#5208=EDGE_LOOP('',(#2050,#2051,#2052,#2053,#2054,#2055,#2056,#2057,#2058,
#2059,#2060,#2061));
#5209=EDGE_LOOP('',(#2062,#2063,#2064,#2065));
#5210=EDGE_LOOP('',(#2066,#2067,#2068,#2069));
#5211=EDGE_LOOP('',(#2070,#2071,#2072,#2073));
#5212=EDGE_LOOP('',(#2074,#2075,#2076));
#5213=EDGE_LOOP('',(#2077,#2078,#2079));
#5214=EDGE_LOOP('',(#2080,#2081,#2082,#2083));
#5215=EDGE_LOOP('',(#2084,#2085,#2086,#2087));
#5216=EDGE_LOOP('',(#2088,#2089,#2090,#2091));
#5217=EDGE_LOOP('',(#2092,#2093,#2094,#2095));
#5218=EDGE_LOOP('',(#2096,#2097,#2098,#2099));
#5219=EDGE_LOOP('',(#2100,#2101,#2102,#2103));
#5220=EDGE_LOOP('',(#2104,#2105,#2106,#2107));
#5221=EDGE_LOOP('',(#2108,#2109,#2110,#2111));
#5222=EDGE_LOOP('',(#2112,#2113,#2114,#2115));
#5223=EDGE_LOOP('',(#2116,#2117,#2118,#2119));
#5224=EDGE_LOOP('',(#2120,#2121,#2122,#2123));
#5225=EDGE_LOOP('',(#2124,#2125,#2126,#2127,#2128,#2129,#2130,#2131,#2132,
#2133,#2134,#2135));
#5226=EDGE_LOOP('',(#2136,#2137,#2138,#2139,#2140,#2141,#2142,#2143,#2144));
#5227=EDGE_LOOP('',(#2145,#2146,#2147,#2148));
#5228=EDGE_LOOP('',(#2149,#2150,#2151,#2152,#2153,#2154));
#5229=EDGE_LOOP('',(#2155,#2156,#2157,#2158,#2159,#2160,#2161,#2162,#2163));
#5230=EDGE_LOOP('',(#2164,#2165,#2166,#2167,#2168,#2169,#2170));
#5231=EDGE_LOOP('',(#2171,#2172,#2173,#2174));
#5232=EDGE_LOOP('',(#2175,#2176,#2177,#2178));
#5233=EDGE_LOOP('',(#2179,#2180,#2181,#2182,#2183,#2184));
#5234=EDGE_LOOP('',(#2185,#2186,#2187,#2188));
#5235=EDGE_LOOP('',(#2189,#2190,#2191,#2192));
#5236=EDGE_LOOP('',(#2193,#2194,#2195,#2196,#2197,#2198,#2199));
#5237=EDGE_LOOP('',(#2200,#2201,#2202,#2203));
#5238=EDGE_LOOP('',(#2204,#2205,#2206));
#5239=EDGE_LOOP('',(#2207,#2208,#2209));
#5240=EDGE_LOOP('',(#2210,#2211,#2212,#2213));
#5241=EDGE_LOOP('',(#2214,#2215,#2216,#2217));
#5242=EDGE_LOOP('',(#2218,#2219,#2220,#2221));
#5243=EDGE_LOOP('',(#2222,#2223,#2224,#2225));
#5244=EDGE_LOOP('',(#2226,#2227,#2228,#2229,#2230));
#5245=EDGE_LOOP('',(#2231,#2232,#2233,#2234));
#5246=EDGE_LOOP('',(#2235,#2236,#2237,#2238,#2239,#2240,#2241));
#5247=EDGE_LOOP('',(#2242,#2243,#2244,#2245,#2246,#2247,#2248,#2249));
#5248=EDGE_LOOP('',(#2250,#2251,#2252,#2253,#2254,#2255,#2256));
#5249=EDGE_LOOP('',(#2257,#2258,#2259,#2260,#2261,#2262,#2263,#2264));
#5250=EDGE_LOOP('',(#2265,#2266,#2267,#2268));
#5251=EDGE_LOOP('',(#2269,#2270,#2271,#2272));
#5252=EDGE_LOOP('',(#2273,#2274,#2275,#2276));
#5253=EDGE_LOOP('',(#2277,#2278,#2279,#2280));
#5254=EDGE_LOOP('',(#2281,#2282,#2283,#2284));
#5255=EDGE_LOOP('',(#2285,#2286,#2287,#2288));
#5256=EDGE_LOOP('',(#2289,#2290,#2291,#2292));
#5257=EDGE_LOOP('',(#2293,#2294,#2295,#2296,#2297));
#5258=EDGE_LOOP('',(#2298,#2299,#2300,#2301,#2302,#2303,#2304,#2305,#2306,
#2307,#2308));
#5259=EDGE_LOOP('',(#2309,#2310,#2311,#2312,#2313,#2314,#2315,#2316,#2317,
#2318,#2319));
#5260=EDGE_LOOP('',(#2320,#2321,#2322,#2323,#2324,#2325));
#5261=EDGE_LOOP('',(#2326,#2327,#2328,#2329));
#5262=EDGE_LOOP('',(#2330,#2331,#2332,#2333));
#5263=EDGE_LOOP('',(#2334,#2335,#2336,#2337,#2338));
#5264=EDGE_LOOP('',(#2339,#2340,#2341,#2342));
#5265=EDGE_LOOP('',(#2343,#2344,#2345,#2346));
#5266=EDGE_LOOP('',(#2347,#2348,#2349,#2350));
#5267=EDGE_LOOP('',(#2351,#2352,#2353,#2354));
#5268=EDGE_LOOP('',(#2355,#2356,#2357,#2358));
#5269=FACE_BOUND('',#4938,.T.);
#5270=FACE_BOUND('',#4939,.T.);
#5271=FACE_BOUND('',#4940,.T.);
#5272=FACE_BOUND('',#4941,.T.);
#5273=FACE_BOUND('',#4942,.T.);
#5274=FACE_BOUND('',#4943,.T.);
#5275=FACE_BOUND('',#4944,.T.);
#5276=FACE_BOUND('',#4945,.T.);
#5277=FACE_BOUND('',#4946,.T.);
#5278=FACE_BOUND('',#4947,.T.);
#5279=FACE_BOUND('',#4948,.T.);
#5280=FACE_BOUND('',#4949,.T.);
#5281=FACE_BOUND('',#4950,.T.);
#5282=FACE_BOUND('',#4951,.T.);
#5283=FACE_BOUND('',#4952,.T.);
#5284=FACE_BOUND('',#4953,.T.);
#5285=FACE_BOUND('',#4954,.T.);
#5286=FACE_BOUND('',#4955,.T.);
#5287=FACE_BOUND('',#4956,.T.);
#5288=FACE_BOUND('',#4957,.T.);
#5289=FACE_BOUND('',#4958,.T.);
#5290=FACE_BOUND('',#4959,.T.);
#5291=FACE_BOUND('',#4960,.T.);
#5292=FACE_BOUND('',#4961,.T.);
#5293=FACE_BOUND('',#4962,.T.);
#5294=FACE_BOUND('',#4963,.T.);
#5295=FACE_BOUND('',#4964,.T.);
#5296=FACE_BOUND('',#4965,.T.);
#5297=FACE_BOUND('',#4966,.T.);
#5298=FACE_BOUND('',#4967,.T.);
#5299=FACE_BOUND('',#4968,.T.);
#5300=FACE_BOUND('',#4969,.T.);
#5301=FACE_BOUND('',#4970,.T.);
#5302=FACE_BOUND('',#4971,.T.);
#5303=FACE_BOUND('',#4972,.T.);
#5304=FACE_BOUND('',#4973,.T.);
#5305=FACE_BOUND('',#4974,.T.);
#5306=FACE_BOUND('',#4975,.T.);
#5307=FACE_BOUND('',#4976,.T.);
#5308=FACE_BOUND('',#4977,.T.);
#5309=FACE_BOUND('',#4978,.T.);
#5310=FACE_BOUND('',#4979,.T.);
#5311=FACE_BOUND('',#4980,.T.);
#5312=FACE_BOUND('',#4981,.T.);
#5313=FACE_BOUND('',#4982,.T.);
#5314=FACE_BOUND('',#4983,.T.);
#5315=FACE_BOUND('',#4984,.T.);
#5316=FACE_BOUND('',#4985,.T.);
#5317=FACE_BOUND('',#4986,.T.);
#5318=FACE_BOUND('',#4987,.T.);
#5319=FACE_BOUND('',#4988,.T.);
#5320=FACE_BOUND('',#4989,.T.);
#5321=FACE_BOUND('',#4990,.T.);
#5322=FACE_BOUND('',#4991,.T.);
#5323=FACE_BOUND('',#4992,.T.);
#5324=FACE_BOUND('',#4993,.T.);
#5325=FACE_BOUND('',#4994,.T.);
#5326=FACE_BOUND('',#4995,.T.);
#5327=FACE_BOUND('',#4996,.T.);
#5328=FACE_BOUND('',#4997,.T.);
#5329=FACE_BOUND('',#4998,.T.);
#5330=FACE_BOUND('',#4999,.T.);
#5331=FACE_BOUND('',#5000,.T.);
#5332=FACE_BOUND('',#5001,.T.);
#5333=FACE_BOUND('',#5002,.T.);
#5334=FACE_BOUND('',#5003,.T.);
#5335=FACE_BOUND('',#5004,.T.);
#5336=FACE_BOUND('',#5005,.T.);
#5337=FACE_BOUND('',#5006,.T.);
#5338=FACE_BOUND('',#5007,.T.);
#5339=FACE_BOUND('',#5008,.T.);
#5340=FACE_BOUND('',#5009,.T.);
#5341=FACE_BOUND('',#5010,.T.);
#5342=FACE_BOUND('',#5011,.T.);
#5343=FACE_BOUND('',#5012,.T.);
#5344=FACE_BOUND('',#5013,.T.);
#5345=FACE_BOUND('',#5014,.T.);
#5346=FACE_BOUND('',#5015,.T.);
#5347=FACE_BOUND('',#5016,.T.);
#5348=FACE_BOUND('',#5017,.T.);
#5349=FACE_BOUND('',#5018,.T.);
#5350=FACE_BOUND('',#5019,.T.);
#5351=FACE_BOUND('',#5020,.T.);
#5352=FACE_BOUND('',#5021,.T.);
#5353=FACE_BOUND('',#5022,.T.);
#5354=FACE_BOUND('',#5023,.T.);
#5355=FACE_BOUND('',#5024,.T.);
#5356=FACE_BOUND('',#5025,.T.);
#5357=FACE_BOUND('',#5026,.T.);
#5358=FACE_BOUND('',#5027,.T.);
#5359=FACE_BOUND('',#5028,.T.);
#5360=FACE_BOUND('',#5029,.T.);
#5361=FACE_BOUND('',#5030,.T.);
#5362=FACE_BOUND('',#5031,.T.);
#5363=FACE_BOUND('',#5032,.T.);
#5364=FACE_BOUND('',#5033,.T.);
#5365=FACE_BOUND('',#5034,.T.);
#5366=FACE_BOUND('',#5035,.T.);
#5367=FACE_BOUND('',#5036,.T.);
#5368=FACE_BOUND('',#5037,.T.);
#5369=FACE_BOUND('',#5038,.T.);
#5370=FACE_BOUND('',#5039,.T.);
#5371=FACE_BOUND('',#5040,.T.);
#5372=FACE_BOUND('',#5041,.T.);
#5373=FACE_BOUND('',#5042,.T.);
#5374=FACE_BOUND('',#5043,.T.);
#5375=FACE_BOUND('',#5044,.T.);
#5376=FACE_BOUND('',#5045,.T.);
#5377=FACE_BOUND('',#5046,.T.);
#5378=FACE_BOUND('',#5047,.T.);
#5379=FACE_BOUND('',#5048,.T.);
#5380=FACE_BOUND('',#5049,.T.);
#5381=FACE_BOUND('',#5050,.T.);
#5382=FACE_BOUND('',#5051,.T.);
#5383=FACE_BOUND('',#5052,.T.);
#5384=FACE_BOUND('',#5053,.T.);
#5385=FACE_BOUND('',#5054,.T.);
#5386=FACE_BOUND('',#5055,.T.);
#5387=FACE_BOUND('',#5056,.T.);
#5388=FACE_BOUND('',#5057,.T.);
#5389=FACE_BOUND('',#5058,.T.);
#5390=FACE_BOUND('',#5059,.T.);
#5391=FACE_BOUND('',#5060,.T.);
#5392=FACE_BOUND('',#5061,.T.);
#5393=FACE_BOUND('',#5062,.T.);
#5394=FACE_BOUND('',#5063,.T.);
#5395=FACE_BOUND('',#5064,.T.);
#5396=FACE_BOUND('',#5065,.T.);
#5397=FACE_BOUND('',#5066,.T.);
#5398=FACE_BOUND('',#5067,.T.);
#5399=FACE_BOUND('',#5068,.T.);
#5400=FACE_BOUND('',#5069,.T.);
#5401=FACE_BOUND('',#5070,.T.);
#5402=FACE_BOUND('',#5071,.T.);
#5403=FACE_BOUND('',#5072,.T.);
#5404=FACE_BOUND('',#5073,.T.);
#5405=FACE_BOUND('',#5074,.T.);
#5406=FACE_BOUND('',#5075,.T.);
#5407=FACE_BOUND('',#5076,.T.);
#5408=FACE_BOUND('',#5077,.T.);
#5409=FACE_BOUND('',#5078,.T.);
#5410=FACE_BOUND('',#5079,.T.);
#5411=FACE_BOUND('',#5080,.T.);
#5412=FACE_BOUND('',#5081,.T.);
#5413=FACE_BOUND('',#5082,.T.);
#5414=FACE_BOUND('',#5083,.T.);
#5415=FACE_BOUND('',#5084,.T.);
#5416=FACE_BOUND('',#5085,.T.);
#5417=FACE_BOUND('',#5086,.T.);
#5418=FACE_BOUND('',#5087,.T.);
#5419=FACE_BOUND('',#5088,.T.);
#5420=FACE_BOUND('',#5089,.T.);
#5421=FACE_BOUND('',#5090,.T.);
#5422=FACE_BOUND('',#5091,.T.);
#5423=FACE_BOUND('',#5092,.T.);
#5424=FACE_BOUND('',#5093,.T.);
#5425=FACE_BOUND('',#5094,.T.);
#5426=FACE_BOUND('',#5095,.T.);
#5427=FACE_BOUND('',#5096,.T.);
#5428=FACE_BOUND('',#5097,.T.);
#5429=FACE_BOUND('',#5098,.T.);
#5430=FACE_BOUND('',#5099,.T.);
#5431=FACE_BOUND('',#5100,.T.);
#5432=FACE_BOUND('',#5101,.T.);
#5433=FACE_BOUND('',#5102,.T.);
#5434=FACE_BOUND('',#5103,.T.);
#5435=FACE_BOUND('',#5104,.T.);
#5436=FACE_BOUND('',#5105,.T.);
#5437=FACE_BOUND('',#5106,.T.);
#5438=FACE_BOUND('',#5107,.T.);
#5439=FACE_BOUND('',#5108,.T.);
#5440=FACE_BOUND('',#5109,.T.);
#5441=FACE_BOUND('',#5110,.T.);
#5442=FACE_BOUND('',#5111,.T.);
#5443=FACE_BOUND('',#5112,.T.);
#5444=FACE_BOUND('',#5113,.T.);
#5445=FACE_BOUND('',#5114,.T.);
#5446=FACE_BOUND('',#5115,.T.);
#5447=FACE_BOUND('',#5116,.T.);
#5448=FACE_BOUND('',#5117,.T.);
#5449=FACE_BOUND('',#5118,.T.);
#5450=FACE_BOUND('',#5119,.T.);
#5451=FACE_BOUND('',#5120,.T.);
#5452=FACE_BOUND('',#5121,.T.);
#5453=FACE_BOUND('',#5122,.T.);
#5454=FACE_BOUND('',#5123,.T.);
#5455=FACE_BOUND('',#5124,.T.);
#5456=FACE_BOUND('',#5125,.T.);
#5457=FACE_BOUND('',#5126,.T.);
#5458=FACE_BOUND('',#5127,.T.);
#5459=FACE_BOUND('',#5128,.T.);
#5460=FACE_BOUND('',#5129,.T.);
#5461=FACE_BOUND('',#5130,.T.);
#5462=FACE_BOUND('',#5131,.T.);
#5463=FACE_BOUND('',#5132,.T.);
#5464=FACE_BOUND('',#5133,.T.);
#5465=FACE_BOUND('',#5134,.T.);
#5466=FACE_BOUND('',#5135,.T.);
#5467=FACE_BOUND('',#5136,.T.);
#5468=FACE_BOUND('',#5137,.T.);
#5469=FACE_BOUND('',#5138,.T.);
#5470=FACE_BOUND('',#5139,.T.);
#5471=FACE_BOUND('',#5140,.T.);
#5472=FACE_BOUND('',#5141,.T.);
#5473=FACE_BOUND('',#5142,.T.);
#5474=FACE_BOUND('',#5143,.T.);
#5475=FACE_BOUND('',#5144,.T.);
#5476=FACE_BOUND('',#5145,.T.);
#5477=FACE_BOUND('',#5146,.T.);
#5478=FACE_BOUND('',#5147,.T.);
#5479=FACE_BOUND('',#5148,.T.);
#5480=FACE_BOUND('',#5149,.T.);
#5481=FACE_BOUND('',#5150,.T.);
#5482=FACE_BOUND('',#5151,.T.);
#5483=FACE_BOUND('',#5152,.T.);
#5484=FACE_BOUND('',#5153,.T.);
#5485=FACE_BOUND('',#5154,.T.);
#5486=FACE_BOUND('',#5155,.T.);
#5487=FACE_BOUND('',#5156,.T.);
#5488=FACE_BOUND('',#5157,.T.);
#5489=FACE_BOUND('',#5158,.T.);
#5490=FACE_BOUND('',#5159,.T.);
#5491=FACE_BOUND('',#5160,.T.);
#5492=FACE_BOUND('',#5161,.T.);
#5493=FACE_BOUND('',#5162,.T.);
#5494=FACE_BOUND('',#5163,.T.);
#5495=FACE_BOUND('',#5164,.T.);
#5496=FACE_BOUND('',#5165,.T.);
#5497=FACE_BOUND('',#5166,.T.);
#5498=FACE_BOUND('',#5167,.T.);
#5499=FACE_BOUND('',#5168,.T.);
#5500=FACE_BOUND('',#5169,.T.);
#5501=FACE_BOUND('',#5170,.T.);
#5502=FACE_BOUND('',#5171,.T.);
#5503=FACE_BOUND('',#5172,.T.);
#5504=FACE_BOUND('',#5173,.T.);
#5505=FACE_BOUND('',#5174,.T.);
#5506=FACE_BOUND('',#5175,.T.);
#5507=FACE_BOUND('',#5176,.T.);
#5508=FACE_BOUND('',#5177,.T.);
#5509=FACE_BOUND('',#5178,.T.);
#5510=FACE_BOUND('',#5179,.T.);
#5511=FACE_BOUND('',#5180,.T.);
#5512=FACE_BOUND('',#5181,.T.);
#5513=FACE_BOUND('',#5182,.T.);
#5514=FACE_BOUND('',#5183,.T.);
#5515=FACE_BOUND('',#5184,.T.);
#5516=FACE_BOUND('',#5185,.T.);
#5517=FACE_BOUND('',#5186,.T.);
#5518=FACE_BOUND('',#5187,.T.);
#5519=FACE_BOUND('',#5188,.T.);
#5520=FACE_BOUND('',#5189,.T.);
#5521=FACE_BOUND('',#5190,.T.);
#5522=FACE_BOUND('',#5191,.T.);
#5523=FACE_BOUND('',#5192,.T.);
#5524=FACE_BOUND('',#5193,.T.);
#5525=FACE_BOUND('',#5194,.T.);
#5526=FACE_BOUND('',#5195,.T.);
#5527=FACE_BOUND('',#5196,.T.);
#5528=FACE_BOUND('',#5197,.T.);
#5529=FACE_BOUND('',#5198,.T.);
#5530=FACE_BOUND('',#5199,.T.);
#5531=FACE_BOUND('',#5200,.T.);
#5532=FACE_BOUND('',#5201,.T.);
#5533=FACE_BOUND('',#5202,.T.);
#5534=FACE_BOUND('',#5203,.T.);
#5535=FACE_BOUND('',#5204,.T.);
#5536=FACE_BOUND('',#5205,.T.);
#5537=FACE_BOUND('',#5206,.T.);
#5538=FACE_BOUND('',#5207,.T.);
#5539=FACE_BOUND('',#5208,.T.);
#5540=FACE_BOUND('',#5209,.T.);
#5541=FACE_BOUND('',#5210,.T.);
#5542=FACE_BOUND('',#5211,.T.);
#5543=FACE_BOUND('',#5212,.T.);
#5544=FACE_BOUND('',#5213,.T.);
#5545=FACE_BOUND('',#5214,.T.);
#5546=FACE_BOUND('',#5215,.T.);
#5547=FACE_BOUND('',#5216,.T.);
#5548=FACE_BOUND('',#5217,.T.);
#5549=FACE_BOUND('',#5218,.T.);
#5550=FACE_BOUND('',#5219,.T.);
#5551=FACE_BOUND('',#5220,.T.);
#5552=FACE_BOUND('',#5221,.T.);
#5553=FACE_BOUND('',#5222,.T.);
#5554=FACE_BOUND('',#5223,.T.);
#5555=FACE_BOUND('',#5224,.T.);
#5556=FACE_BOUND('',#5225,.T.);
#5557=FACE_BOUND('',#5226,.T.);
#5558=FACE_BOUND('',#5227,.T.);
#5559=FACE_BOUND('',#5228,.T.);
#5560=FACE_BOUND('',#5229,.T.);
#5561=FACE_BOUND('',#5230,.T.);
#5562=FACE_BOUND('',#5231,.T.);
#5563=FACE_BOUND('',#5232,.T.);
#5564=FACE_BOUND('',#5233,.T.);
#5565=FACE_BOUND('',#5234,.T.);
#5566=FACE_BOUND('',#5235,.T.);
#5567=FACE_BOUND('',#5236,.T.);
#5568=FACE_BOUND('',#5237,.T.);
#5569=FACE_BOUND('',#5238,.T.);
#5570=FACE_BOUND('',#5239,.T.);
#5571=FACE_BOUND('',#5240,.T.);
#5572=FACE_BOUND('',#5241,.T.);
#5573=FACE_BOUND('',#5242,.T.);
#5574=FACE_BOUND('',#5243,.T.);
#5575=FACE_BOUND('',#5244,.T.);
#5576=FACE_BOUND('',#5245,.T.);
#5577=FACE_BOUND('',#5246,.T.);
#5578=FACE_BOUND('',#5247,.T.);
#5579=FACE_BOUND('',#5248,.T.);
#5580=FACE_BOUND('',#5249,.T.);
#5581=FACE_BOUND('',#5250,.T.);
#5582=FACE_BOUND('',#5251,.T.);
#5583=FACE_BOUND('',#5252,.T.);
#5584=FACE_BOUND('',#5253,.T.);
#5585=FACE_BOUND('',#5254,.T.);
#5586=FACE_BOUND('',#5255,.T.);
#5587=FACE_BOUND('',#5256,.T.);
#5588=FACE_BOUND('',#5257,.T.);
#5589=FACE_BOUND('',#5258,.T.);
#5590=FACE_BOUND('',#5259,.T.);
#5591=FACE_BOUND('',#5260,.T.);
#5592=FACE_BOUND('',#5261,.T.);
#5593=FACE_BOUND('',#5262,.T.);
#5594=FACE_BOUND('',#5263,.T.);
#5595=FACE_BOUND('',#5264,.T.);
#5596=FACE_BOUND('',#5265,.T.);
#5597=FACE_BOUND('',#5266,.T.);
#5598=FACE_BOUND('',#5267,.T.);
#5599=FACE_BOUND('',#5268,.T.);
#5600=PLANE('',#6158);
#5601=PLANE('',#6160);
#5602=PLANE('',#6161);
#5603=PLANE('',#6162);
#5604=PLANE('',#6168);
#5605=PLANE('',#6169);
#5606=PLANE('',#6170);
#5607=PLANE('',#6171);
#5608=PLANE('',#6172);
#5609=PLANE('',#6173);
#5610=PLANE('',#6174);
#5611=PLANE('',#6175);
#5612=PLANE('',#6176);
#5613=PLANE('',#6177);
#5614=PLANE('',#6188);
#5615=PLANE('',#6189);
#5616=PLANE('',#6190);
#5617=PLANE('',#6191);
#5618=PLANE('',#6192);
#5619=PLANE('',#6202);
#5620=PLANE('',#6203);
#5621=PLANE('',#6205);
#5622=PLANE('',#6206);
#5623=PLANE('',#6207);
#5624=PLANE('',#6208);
#5625=PLANE('',#6209);
#5626=PLANE('',#6210);
#5627=PLANE('',#6211);
#5628=PLANE('',#6212);
#5629=PLANE('',#6213);
#5630=PLANE('',#6214);
#5631=PLANE('',#6215);
#5632=PLANE('',#6216);
#5633=PLANE('',#6217);
#5634=PLANE('',#6218);
#5635=PLANE('',#6219);
#5636=PLANE('',#6220);
#5637=PLANE('',#6221);
#5638=PLANE('',#6223);
#5639=PLANE('',#6226);
#5640=PLANE('',#6227);
#5641=PLANE('',#6228);
#5642=PLANE('',#6229);
#5643=PLANE('',#6230);
#5644=PLANE('',#6231);
#5645=PLANE('',#6235);
#5646=PLANE('',#6236);
#5647=PLANE('',#6238);
#5648=PLANE('',#6240);
#5649=PLANE('',#6241);
#5650=PLANE('',#6246);
#5651=PLANE('',#6250);
#5652=PLANE('',#6251);
#5653=PLANE('',#6253);
#5654=PLANE('',#6255);
#5655=PLANE('',#6256);
#5656=PLANE('',#6257);
#5657=PLANE('',#6258);
#5658=PLANE('',#6259);
#5659=PLANE('',#6260);
#5660=PLANE('',#6261);
#5661=PLANE('',#6262);
#5662=PLANE('',#6264);
#5663=PLANE('',#6267);
#5664=PLANE('',#6268);
#5665=PLANE('',#6273);
#5666=PLANE('',#6274);
#5667=PLANE('',#6276);
#5668=PLANE('',#6277);
#5669=PLANE('',#6278);
#5670=PLANE('',#6279);
#5671=PLANE('',#6280);
#5672=PLANE('',#6281);
#5673=PLANE('',#6283);
#5674=PLANE('',#6284);
#5675=PLANE('',#6285);
#5676=PLANE('',#6286);
#5677=PLANE('',#6287);
#5678=PLANE('',#6288);
#5679=PLANE('',#6290);
#5680=PLANE('',#6291);
#5681=PLANE('',#6292);
#5682=PLANE('',#6294);
#5683=PLANE('',#6305);
#5684=PLANE('',#6306);
#5685=PLANE('',#6307);
#5686=PLANE('',#6309);
#5687=PLANE('',#6310);
#5688=PLANE('',#6312);
#5689=PLANE('',#6313);
#5690=PLANE('',#6314);
#5691=PLANE('',#6315);
#5692=PLANE('',#6316);
#5693=PLANE('',#6317);
#5694=PLANE('',#6318);
#5695=PLANE('',#6320);
#5696=PLANE('',#6321);
#5697=PLANE('',#6322);
#5698=PLANE('',#6324);
#5699=PLANE('',#6335);
#5700=PLANE('',#6336);
#5701=PLANE('',#6337);
#5702=PLANE('',#6338);
#5703=PLANE('',#6339);
#5704=PLANE('',#6477);
#5705=PLANE('',#6479);
#5706=PLANE('',#6481);
#5707=PLANE('',#6504);
#5708=PLANE('',#6505);
#5709=PLANE('',#6506);
#5710=PLANE('',#6507);
#5711=PLANE('',#6509);
#5712=PLANE('',#6511);
#5713=PLANE('',#6512);
#5714=PLANE('',#6513);
#5715=PLANE('',#6522);
#5716=PLANE('',#6530);
#5717=PLANE('',#6535);
#5718=PLANE('',#6539);
#5719=PLANE('',#6540);
#5720=PLANE('',#6541);
#5721=PLANE('',#6542);
#5722=PLANE('',#6543);
#5723=PLANE('',#6544);
#5724=PLANE('',#6545);
#5725=PLANE('',#6546);
#5726=PLANE('',#6547);
#5727=PLANE('',#6548);
#5728=PLANE('',#6549);
#5729=PLANE('',#6551);
#5730=PLANE('',#6552);
#5731=PLANE('',#6554);
#5732=PLANE('',#6556);
#5733=PLANE('',#6557);
#5734=PLANE('',#6558);
#5735=PLANE('',#6571);
#5736=PLANE('',#6572);
#5737=PLANE('',#6578);
#5738=PLANE('',#6580);
#5739=PLANE('',#6581);
#5740=PLANE('',#6582);
#5741=PLANE('',#6585);
#5742=PLANE('',#6593);
#5743=PLANE('',#6594);
#5744=PLANE('',#6595);
#5745=PLANE('',#6596);
#5746=PLANE('',#6597);
#5747=PLANE('',#6598);
#5748=PLANE('',#6599);
#5749=PLANE('',#6600);
#5750=PLANE('',#6602);
#5751=PLANE('',#6603);
#5752=PLANE('',#6605);
#5753=PLANE('',#6606);
#5754=PLANE('',#6607);
#5755=PLANE('',#6609);
#5756=PLANE('',#6612);
#5757=PLANE('',#6613);
#5758=PLANE('',#6614);
#5759=PLANE('',#6622);
#5760=PLANE('',#6624);
#5761=PLANE('',#6632);
#5762=PLANE('',#6633);
#5763=PLANE('',#6634);
#5764=PLANE('',#6635);
#5765=PLANE('',#6636);
#5766=PLANE('',#6643);
#5767=PLANE('',#6644);
#5768=PLANE('',#6645);
#5769=PLANE('',#6646);
#5770=PLANE('',#6647);
#5771=PLANE('',#6648);
#5772=PLANE('',#6649);
#5773=PLANE('',#6650);
#5774=PLANE('',#6651);
#5775=PLANE('',#6659);
#5776=PLANE('',#6660);
#5777=PLANE('',#6662);
#5778=PLANE('',#6664);
#5779=PLANE('',#6670);
#5780=PLANE('',#6671);
#5781=PLANE('',#6672);
#5782=PLANE('',#6673);
#5783=PLANE('',#6674);
#5784=PLANE('',#6675);
#5785=ADVANCED_FACE('',(#5269),#5600,.F.);
#5786=ADVANCED_FACE('',(#5270),#5601,.T.);
#5787=ADVANCED_FACE('',(#5271),#5602,.F.);
#5788=ADVANCED_FACE('',(#5272),#5603,.F.);
#5789=ADVANCED_FACE('',(#5273),#410,.T.);
#5790=ADVANCED_FACE('',(#5274),#5604,.T.);
#5791=ADVANCED_FACE('',(#5275),#5605,.F.);
#5792=ADVANCED_FACE('',(#5276),#5606,.T.);
#5793=ADVANCED_FACE('',(#5277),#5607,.T.);
#5794=ADVANCED_FACE('',(#5278),#5608,.T.);
#5795=ADVANCED_FACE('',(#5279),#5609,.T.);
#5796=ADVANCED_FACE('',(#5280),#5610,.T.);
#5797=ADVANCED_FACE('',(#5281),#5611,.T.);
#5798=ADVANCED_FACE('',(#5282),#5612,.F.);
#5799=ADVANCED_FACE('',(#5283,#5284,#5285),#5613,.T.);
#5800=ADVANCED_FACE('',(#5286),#5614,.T.);
#5801=ADVANCED_FACE('',(#5287),#5615,.T.);
#5802=ADVANCED_FACE('',(#5288),#5616,.F.);
#5803=ADVANCED_FACE('',(#5289),#5617,.T.);
#5804=ADVANCED_FACE('',(#5290),#5618,.T.);
#5805=ADVANCED_FACE('',(#5291,#5292,#5293,#5294),#5619,.F.);
#5806=ADVANCED_FACE('',(#5295),#5620,.T.);
#5807=ADVANCED_FACE('',(#5296),#5621,.T.);
#5808=ADVANCED_FACE('',(#5297),#5622,.T.);
#5809=ADVANCED_FACE('',(#5298),#5623,.T.);
#5810=ADVANCED_FACE('',(#5299),#5624,.F.);
#5811=ADVANCED_FACE('',(#5300),#5625,.F.);
#5812=ADVANCED_FACE('',(#5301),#5626,.F.);
#5813=ADVANCED_FACE('',(#5302),#5627,.F.);
#5814=ADVANCED_FACE('',(#5303),#5628,.T.);
#5815=ADVANCED_FACE('',(#5304),#5629,.F.);
#5816=ADVANCED_FACE('',(#5305),#5630,.F.);
#5817=ADVANCED_FACE('',(#5306),#5631,.F.);
#5818=ADVANCED_FACE('',(#5307),#5632,.F.);
#5819=ADVANCED_FACE('',(#5308),#5633,.T.);
#5820=ADVANCED_FACE('',(#5309),#5634,.F.);
#5821=ADVANCED_FACE('',(#5310),#5635,.F.);
#5822=ADVANCED_FACE('',(#5311),#5636,.F.);
#5823=ADVANCED_FACE('',(#5312),#5637,.T.);
#5824=ADVANCED_FACE('',(#5313),#5638,.F.);
#5825=ADVANCED_FACE('',(#5314),#5639,.F.);
#5826=ADVANCED_FACE('',(#5315),#5640,.F.);
#5827=ADVANCED_FACE('',(#5316),#5641,.F.);
#5828=ADVANCED_FACE('',(#5317),#5642,.F.);
#5829=ADVANCED_FACE('',(#5318),#5643,.F.);
#5830=ADVANCED_FACE('',(#5319),#5644,.F.);
#5831=ADVANCED_FACE('',(#5320),#5645,.F.);
#5832=ADVANCED_FACE('',(#5321),#5646,.F.);
#5833=ADVANCED_FACE('',(#5322),#411,.T.);
#5834=ADVANCED_FACE('',(#5323),#5647,.T.);
#5835=ADVANCED_FACE('',(#5324),#412,.T.);
#5836=ADVANCED_FACE('',(#5325),#5648,.F.);
#5837=ADVANCED_FACE('',(#5326),#5649,.T.);
#5838=ADVANCED_FACE('',(#5327),#5650,.T.);
#5839=ADVANCED_FACE('',(#5328),#5651,.T.);
#5840=ADVANCED_FACE('',(#5329),#5652,.T.);
#5841=ADVANCED_FACE('',(#5330),#413,.T.);
#5842=ADVANCED_FACE('',(#5331),#5653,.T.);
#5843=ADVANCED_FACE('',(#5332),#414,.T.);
#5844=ADVANCED_FACE('',(#5333),#5654,.T.);
#5845=ADVANCED_FACE('',(#5334),#5655,.T.);
#5846=ADVANCED_FACE('',(#5335),#5656,.T.);
#5847=ADVANCED_FACE('',(#5336),#5657,.T.);
#5848=ADVANCED_FACE('',(#5337),#5658,.T.);
#5849=ADVANCED_FACE('',(#5338),#5659,.T.);
#5850=ADVANCED_FACE('',(#5339),#5660,.T.);
#5851=ADVANCED_FACE('',(#5340),#5661,.F.);
#5852=ADVANCED_FACE('',(#5341),#5662,.T.);
#5853=ADVANCED_FACE('',(#5342),#5663,.T.);
#5854=ADVANCED_FACE('',(#5343),#5664,.T.);
#5855=ADVANCED_FACE('',(#5344),#5665,.T.);
#5856=ADVANCED_FACE('',(#5345),#5666,.F.);
#5857=ADVANCED_FACE('',(#5346),#5667,.F.);
#5858=ADVANCED_FACE('',(#5347),#5668,.F.);
#5859=ADVANCED_FACE('',(#5348),#5669,.F.);
#5860=ADVANCED_FACE('',(#5349),#5670,.F.);
#5861=ADVANCED_FACE('',(#5350),#5671,.F.);
#5862=ADVANCED_FACE('',(#5351),#5672,.F.);
#5863=ADVANCED_FACE('',(#5352),#5673,.F.);
#5864=ADVANCED_FACE('',(#5353),#5674,.F.);
#5865=ADVANCED_FACE('',(#5354),#5675,.F.);
#5866=ADVANCED_FACE('',(#5355),#245,.F.);
#5867=ADVANCED_FACE('',(#5356),#246,.F.);
#5868=ADVANCED_FACE('',(#5357),#5676,.F.);
#5869=ADVANCED_FACE('',(#5358),#247,.F.);
#5870=ADVANCED_FACE('',(#5359),#5677,.T.);
#5871=ADVANCED_FACE('',(#5360),#5678,.T.);
#5872=ADVANCED_FACE('',(#5361),#5679,.T.);
#5873=ADVANCED_FACE('',(#5362),#5680,.T.);
#5874=ADVANCED_FACE('',(#5363),#5681,.F.);
#5875=ADVANCED_FACE('',(#5364),#248,.F.);
#5876=ADVANCED_FACE('',(#5365),#249,.T.);
#5877=ADVANCED_FACE('',(#5366),#5682,.F.);
#5878=ADVANCED_FACE('',(#5367),#238,.F.);
#5879=ADVANCED_FACE('',(#5368),#239,.F.);
#5880=ADVANCED_FACE('',(#5369),#224,.F.);
#5881=ADVANCED_FACE('',(#5370),#415,.F.);
#5882=ADVANCED_FACE('',(#5371),#416,.F.);
#5883=ADVANCED_FACE('',(#5372),#417,.F.);
#5884=ADVANCED_FACE('',(#5373),#418,.T.);
#5885=ADVANCED_FACE('',(#5374),#419,.T.);
#5886=ADVANCED_FACE('',(#5375),#420,.T.);
#5887=ADVANCED_FACE('',(#5376),#5683,.F.);
#5888=ADVANCED_FACE('',(#5377),#5684,.F.);
#5889=ADVANCED_FACE('',(#5378),#5685,.F.);
#5890=ADVANCED_FACE('',(#5379),#5686,.F.);
#5891=ADVANCED_FACE('',(#5380),#5687,.F.);
#5892=ADVANCED_FACE('',(#5381),#5688,.F.);
#5893=ADVANCED_FACE('',(#5382),#5689,.F.);
#5894=ADVANCED_FACE('',(#5383),#5690,.F.);
#5895=ADVANCED_FACE('',(#5384),#5691,.F.);
#5896=ADVANCED_FACE('',(#5385),#250,.T.);
#5897=ADVANCED_FACE('',(#5386),#251,.T.);
#5898=ADVANCED_FACE('',(#5387),#5692,.F.);
#5899=ADVANCED_FACE('',(#5388),#252,.T.);
#5900=ADVANCED_FACE('',(#5389),#5693,.T.);
#5901=ADVANCED_FACE('',(#5390),#5694,.T.);
#5902=ADVANCED_FACE('',(#5391),#5695,.T.);
#5903=ADVANCED_FACE('',(#5392),#5696,.T.);
#5904=ADVANCED_FACE('',(#5393),#5697,.F.);
#5905=ADVANCED_FACE('',(#5394),#253,.T.);
#5906=ADVANCED_FACE('',(#5395),#254,.F.);
#5907=ADVANCED_FACE('',(#5396),#5698,.F.);
#5908=ADVANCED_FACE('',(#5397),#240,.F.);
#5909=ADVANCED_FACE('',(#5398),#241,.F.);
#5910=ADVANCED_FACE('',(#5399),#225,.F.);
#5911=ADVANCED_FACE('',(#5400),#421,.F.);
#5912=ADVANCED_FACE('',(#5401),#422,.F.);
#5913=ADVANCED_FACE('',(#5402),#423,.F.);
#5914=ADVANCED_FACE('',(#5403),#424,.T.);
#5915=ADVANCED_FACE('',(#5404),#425,.T.);
#5916=ADVANCED_FACE('',(#5405),#426,.T.);
#5917=ADVANCED_FACE('',(#5406),#5699,.T.);
#5918=ADVANCED_FACE('',(#5407),#5700,.T.);
#5919=ADVANCED_FACE('',(#5408),#5701,.T.);
#5920=ADVANCED_FACE('',(#5409),#5702,.T.);
#5921=ADVANCED_FACE('',(#5410),#5703,.T.);
#5922=ADVANCED_FACE('',(#5411),#427,.F.);
#5923=ADVANCED_FACE('',(#5412),#428,.T.);
#5924=ADVANCED_FACE('',(#5413),#429,.T.);
#5925=ADVANCED_FACE('',(#5414),#430,.T.);
#5926=ADVANCED_FACE('',(#5415),#214,.T.);
#5927=ADVANCED_FACE('',(#5416),#215,.F.);
#5928=ADVANCED_FACE('',(#5417),#431,.T.);
#5929=ADVANCED_FACE('',(#5418),#432,.T.);
#5930=ADVANCED_FACE('',(#5419),#433,.T.);
#5931=ADVANCED_FACE('',(#5420),#434,.F.);
#5932=ADVANCED_FACE('',(#5421),#216,.T.);
#5933=ADVANCED_FACE('',(#5422),#226,.T.);
#5934=ADVANCED_FACE('',(#5423),#217,.T.);
#5935=ADVANCED_FACE('',(#5424),#435,.T.);
#5936=ADVANCED_FACE('',(#5425),#436,.T.);
#5937=ADVANCED_FACE('',(#5426),#437,.T.);
#5938=ADVANCED_FACE('',(#5427),#227,.T.);
#5939=ADVANCED_FACE('',(#5428),#228,.T.);
#5940=ADVANCED_FACE('',(#5429),#438,.T.);
#5941=ADVANCED_FACE('',(#5430),#439,.T.);
#5942=ADVANCED_FACE('',(#5431),#440,.T.);
#5943=ADVANCED_FACE('',(#5432),#441,.T.);
#5944=ADVANCED_FACE('',(#5433),#229,.T.);
#5945=ADVANCED_FACE('',(#5434),#230,.T.);
#5946=ADVANCED_FACE('',(#5435),#442,.T.);
#5947=ADVANCED_FACE('',(#5436),#443,.T.);
#5948=ADVANCED_FACE('',(#5437),#444,.T.);
#5949=ADVANCED_FACE('',(#5438),#445,.T.);
#5950=ADVANCED_FACE('',(#5439),#231,.T.);
#5951=ADVANCED_FACE('',(#5440),#218,.T.);
#5952=ADVANCED_FACE('',(#5441),#446,.T.);
#5953=ADVANCED_FACE('',(#5442),#447,.F.);
#5954=ADVANCED_FACE('',(#5443),#219,.F.);
#5955=ADVANCED_FACE('',(#5444),#448,.T.);
#5956=ADVANCED_FACE('',(#5445),#449,.T.);
#5957=ADVANCED_FACE('',(#5446),#450,.T.);
#5958=ADVANCED_FACE('',(#5447),#451,.T.);
#5959=ADVANCED_FACE('',(#5448),#232,.T.);
#5960=ADVANCED_FACE('',(#5449),#452,.T.);
#5961=ADVANCED_FACE('',(#5450),#453,.T.);
#5962=ADVANCED_FACE('',(#5451),#454,.T.);
#5963=ADVANCED_FACE('',(#5452),#455,.T.);
#5964=ADVANCED_FACE('',(#5453),#456,.T.);
#5965=ADVANCED_FACE('',(#5454),#233,.T.);
#5966=ADVANCED_FACE('',(#5455),#234,.T.);
#5967=ADVANCED_FACE('',(#5456),#220,.T.);
#5968=ADVANCED_FACE('',(#5457),#457,.T.);
#5969=ADVANCED_FACE('',(#5458),#458,.T.);
#5970=ADVANCED_FACE('',(#5459),#459,.T.);
#5971=ADVANCED_FACE('',(#5460),#460,.T.);
#5972=ADVANCED_FACE('',(#5461),#461,.T.);
#5973=ADVANCED_FACE('',(#5462),#462,.F.);
#5974=ADVANCED_FACE('',(#5463),#235,.T.);
#5975=ADVANCED_FACE('',(#5464),#236,.T.);
#5976=ADVANCED_FACE('',(#5465),#221,.T.);
#5977=ADVANCED_FACE('',(#5466),#222,.F.);
#5978=ADVANCED_FACE('',(#5467),#463,.T.);
#5979=ADVANCED_FACE('',(#5468),#464,.T.);
#5980=ADVANCED_FACE('',(#5469),#465,.F.);
#5981=ADVANCED_FACE('',(#5470),#466,.T.);
#5982=ADVANCED_FACE('',(#5471),#237,.T.);
#5983=ADVANCED_FACE('',(#5472),#223,.T.);
#5984=ADVANCED_FACE('',(#5473),#467,.T.);
#5985=ADVANCED_FACE('',(#5474),#468,.T.);
#5986=ADVANCED_FACE('',(#5475),#469,.T.);
#5987=ADVANCED_FACE('',(#5476),#5704,.F.);
#5988=ADVANCED_FACE('',(#5477),#5705,.F.);
#5989=ADVANCED_FACE('',(#5478),#5706,.F.);
#5990=ADVANCED_FACE('',(#5479),#470,.F.);
#5991=ADVANCED_FACE('',(#5480),#471,.F.);
#5992=ADVANCED_FACE('',(#5481),#472,.T.);
#5993=ADVANCED_FACE('',(#5482),#473,.T.);
#5994=ADVANCED_FACE('',(#5483,#5484),#474,.T.);
#5995=ADVANCED_FACE('',(#5485),#5707,.T.);
#5996=ADVANCED_FACE('',(#5486),#5708,.F.);
#5997=ADVANCED_FACE('',(#5487),#5709,.T.);
#5998=ADVANCED_FACE('',(#5488),#5710,.F.);
#5999=ADVANCED_FACE('',(#5489),#5711,.F.);
#6000=ADVANCED_FACE('',(#5490),#5712,.T.);
#6001=ADVANCED_FACE('',(#5491),#5713,.T.);
#6002=ADVANCED_FACE('',(#5492),#5714,.T.);
#6003=ADVANCED_FACE('',(#5493),#475,.T.);
#6004=ADVANCED_FACE('',(#5494),#476,.T.);
#6005=ADVANCED_FACE('',(#5495),#5715,.F.);
#6006=ADVANCED_FACE('',(#5496),#255,.T.);
#6007=ADVANCED_FACE('',(#5497),#477,.T.);
#6008=ADVANCED_FACE('',(#5498),#5716,.T.);
#6009=ADVANCED_FACE('',(#5499),#478,.T.);
#6010=ADVANCED_FACE('',(#5500),#5717,.F.);
#6011=ADVANCED_FACE('',(#5501),#5718,.T.);
#6012=ADVANCED_FACE('',(#5502),#5719,.T.);
#6013=ADVANCED_FACE('',(#5503),#5720,.T.);
#6014=ADVANCED_FACE('',(#5504),#5721,.T.);
#6015=ADVANCED_FACE('',(#5505),#5722,.T.);
#6016=ADVANCED_FACE('',(#5506),#5723,.T.);
#6017=ADVANCED_FACE('',(#5507),#5724,.F.);
#6018=ADVANCED_FACE('',(#5508),#5725,.F.);
#6019=ADVANCED_FACE('',(#5509),#5726,.T.);
#6020=ADVANCED_FACE('',(#5510),#5727,.T.);
#6021=ADVANCED_FACE('',(#5511),#256,.F.);
#6022=ADVANCED_FACE('',(#5512),#257,.T.);
#6023=ADVANCED_FACE('',(#5513),#5728,.T.);
#6024=ADVANCED_FACE('',(#5514),#5729,.F.);
#6025=ADVANCED_FACE('',(#5515),#5730,.F.);
#6026=ADVANCED_FACE('',(#5516),#5731,.F.);
#6027=ADVANCED_FACE('',(#5517),#479,.F.);
#6028=ADVANCED_FACE('',(#5518),#5732,.F.);
#6029=ADVANCED_FACE('',(#5519),#5733,.T.);
#6030=ADVANCED_FACE('',(#5520,#5521),#5734,.T.);
#6031=ADVANCED_FACE('',(#5522),#480,.T.);
#6032=ADVANCED_FACE('',(#5523),#22,.T.);
#6033=ADVANCED_FACE('',(#5524),#5735,.T.);
#6034=ADVANCED_FACE('',(#5525),#5736,.F.);
#6035=ADVANCED_FACE('',(#5526),#23,.F.);
#6036=ADVANCED_FACE('',(#5527),#5737,.F.);
#6037=ADVANCED_FACE('',(#5528),#5738,.F.);
#6038=ADVANCED_FACE('',(#5529),#5739,.F.);
#6039=ADVANCED_FACE('',(#5530),#5740,.T.);
#6040=ADVANCED_FACE('',(#5531),#481,.T.);
#6041=ADVANCED_FACE('',(#5532),#5741,.F.);
#6042=ADVANCED_FACE('',(#5533),#482,.F.);
#6043=ADVANCED_FACE('',(#5534),#483,.F.);
#6044=ADVANCED_FACE('',(#5535),#484,.F.);
#6045=ADVANCED_FACE('',(#5536),#5742,.T.);
#6046=ADVANCED_FACE('',(#5537),#5743,.F.);
#6047=ADVANCED_FACE('',(#5538),#5744,.F.);
#6048=ADVANCED_FACE('',(#5539,#5540,#5541),#5745,.T.);
#6049=ADVANCED_FACE('',(#5542),#5746,.T.);
#6050=ADVANCED_FACE('',(#5543),#5747,.T.);
#6051=ADVANCED_FACE('',(#5544),#5748,.F.);
#6052=ADVANCED_FACE('',(#5545),#5749,.T.);
#6053=ADVANCED_FACE('',(#5546),#485,.T.);
#6054=ADVANCED_FACE('',(#5547),#242,.T.);
#6055=ADVANCED_FACE('',(#5548),#5750,.T.);
#6056=ADVANCED_FACE('',(#5549),#5751,.T.);
#6057=ADVANCED_FACE('',(#5550),#5752,.T.);
#6058=ADVANCED_FACE('',(#5551),#5753,.F.);
#6059=ADVANCED_FACE('',(#5552),#5754,.F.);
#6060=ADVANCED_FACE('',(#5553),#5755,.F.);
#6061=ADVANCED_FACE('',(#5554),#486,.F.);
#6062=ADVANCED_FACE('',(#5555),#5756,.F.);
#6063=ADVANCED_FACE('',(#5556),#5757,.T.);
#6064=ADVANCED_FACE('',(#5557),#5758,.T.);
#6065=ADVANCED_FACE('',(#5558),#487,.T.);
#6066=ADVANCED_FACE('',(#5559),#24,.T.);
#6067=ADVANCED_FACE('',(#5560),#25,.F.);
#6068=ADVANCED_FACE('',(#5561),#5759,.F.);
#6069=ADVANCED_FACE('',(#5562),#5760,.F.);
#6070=ADVANCED_FACE('',(#5563),#488,.T.);
#6071=ADVANCED_FACE('',(#5564),#489,.F.);
#6072=ADVANCED_FACE('',(#5565),#490,.F.);
#6073=ADVANCED_FACE('',(#5566),#491,.F.);
#6074=ADVANCED_FACE('',(#5567),#5761,.T.);
#6075=ADVANCED_FACE('',(#5568),#5762,.T.);
#6076=ADVANCED_FACE('',(#5569),#5763,.T.);
#6077=ADVANCED_FACE('',(#5570),#5764,.F.);
#6078=ADVANCED_FACE('',(#5571),#5765,.T.);
#6079=ADVANCED_FACE('',(#5572),#492,.T.);
#6080=ADVANCED_FACE('',(#5573),#493,.T.);
#6081=ADVANCED_FACE('',(#5574),#243,.T.);
#6082=ADVANCED_FACE('',(#5575),#244,.T.);
#6083=ADVANCED_FACE('',(#5576),#494,.T.);
#6084=ADVANCED_FACE('',(#5577),#5766,.F.);
#6085=ADVANCED_FACE('',(#5578),#5767,.F.);
#6086=ADVANCED_FACE('',(#5579),#5768,.F.);
#6087=ADVANCED_FACE('',(#5580),#5769,.F.);
#6088=ADVANCED_FACE('',(#5581),#5770,.F.);
#6089=ADVANCED_FACE('',(#5582),#5771,.T.);
#6090=ADVANCED_FACE('',(#5583),#5772,.T.);
#6091=ADVANCED_FACE('',(#5584),#5773,.F.);
#6092=ADVANCED_FACE('',(#5585),#5774,.T.);
#6093=ADVANCED_FACE('',(#5586),#495,.T.);
#6094=ADVANCED_FACE('',(#5587),#496,.T.);
#6095=ADVANCED_FACE('',(#5588),#5775,.T.);
#6096=ADVANCED_FACE('',(#5589),#5776,.T.);
#6097=ADVANCED_FACE('',(#5590),#5777,.T.);
#6098=ADVANCED_FACE('',(#5591),#5778,.T.);
#6099=ADVANCED_FACE('',(#5592),#497,.T.);
#6100=ADVANCED_FACE('',(#5593),#498,.T.);
#6101=ADVANCED_FACE('',(#5594),#5779,.T.);
#6102=ADVANCED_FACE('',(#5595),#5780,.F.);
#6103=ADVANCED_FACE('',(#5596),#5781,.T.);
#6104=ADVANCED_FACE('',(#5597),#5782,.F.);
#6105=ADVANCED_FACE('',(#5598),#5783,.F.);
#6106=ADVANCED_FACE('',(#5599),#5784,.T.);
#6107=CLOSED_SHELL('',(#5785,#5786,#5787,#5788,#5789,#5790,#5791,#5792,
#5793,#5794,#5795,#5796,#5797,#5798,#5799,#5800,#5801,#5802,#5803,#5804,
#5805,#5806,#5807,#5808,#5809,#5810,#5811,#5812,#5813,#5814,#5815,#5816,
#5817,#5818,#5819,#5820,#5821,#5822,#5823,#5824,#5825,#5826,#5827,#5828,
#5829,#5830,#5831,#5832,#5833,#5834,#5835,#5836,#5837,#5838,#5839,#5840,
#5841,#5842,#5843,#5844,#5845,#5846,#5847,#5848,#5849,#5850,#5851,#5852,
#5853,#5854,#5855,#5856,#5857,#5858,#5859,#5860,#5861,#5862,#5863,#5864,
#5865,#5866,#5867,#5868,#5869,#5870,#5871,#5872,#5873,#5874,#5875,#5876,
#5877,#5878,#5879,#5880,#5881,#5882,#5883,#5884,#5885,#5886,#5887,#5888,
#5889,#5890,#5891,#5892,#5893,#5894,#5895,#5896,#5897,#5898,#5899,#5900,
#5901,#5902,#5903,#5904,#5905,#5906,#5907,#5908,#5909,#5910,#5911,#5912,
#5913,#5914,#5915,#5916,#5917,#5918,#5919,#5920,#5921,#5922,#5923,#5924,
#5925,#5926,#5927,#5928,#5929,#5930,#5931,#5932,#5933,#5934,#5935,#5936,
#5937,#5938,#5939,#5940,#5941,#5942,#5943,#5944,#5945,#5946,#5947,#5948,
#5949,#5950,#5951,#5952,#5953,#5954,#5955,#5956,#5957,#5958,#5959,#5960,
#5961,#5962,#5963,#5964,#5965,#5966,#5967,#5968,#5969,#5970,#5971,#5972,
#5973,#5974,#5975,#5976,#5977,#5978,#5979,#5980,#5981,#5982,#5983,#5984,
#5985,#5986,#5987,#5988,#5989,#5990,#5991,#5992,#5993,#5994));
#6108=CLOSED_SHELL('',(#5995,#5996,#5997,#5998,#5999,#6000,#6001,#6002,
#6003,#6004,#6005,#6006,#6007,#6008,#6009,#6010,#6011,#6012,#6013,#6014,
#6015,#6016,#6017,#6018,#6019,#6020,#6021,#6022,#6023,#6024,#6025,#6026,
#6027,#6028,#6029,#6030,#6031,#6032,#6033,#6034,#6035,#6036,#6037,#6038,
#6039,#6040,#6041,#6042,#6043,#6044,#6045,#6046,#6047,#6048,#6049,#6050,
#6051,#6052,#6053,#6054,#6055,#6056,#6057,#6058,#6059,#6060,#6061,#6062,
#6063,#6064,#6065,#6066,#6067,#6068,#6069,#6070,#6071,#6072,#6073,#6074,
#6075,#6076,#6077,#6078,#6079,#6080,#6081,#6082,#6083,#6084,#6085,#6086,
#6087,#6088,#6089,#6090,#6091));
#6109=CLOSED_SHELL('',(#6092,#6093,#6094,#6095,#6096,#6097,#6098,#6099,
#6100,#6101,#6102,#6103,#6104,#6105,#6106));
#6110=STYLED_ITEM('',(#6114),#6148);
#6111=STYLED_ITEM('',(#6115),#6149);
#6112=STYLED_ITEM('',(#6116),#6150);
#6113=STYLED_ITEM('',(#6118),#137);
#6114=PRESENTATION_STYLE_ASSIGNMENT((#6120));
#6115=PRESENTATION_STYLE_ASSIGNMENT((#6121));
#6116=PRESENTATION_STYLE_ASSIGNMENT((#6122));
#6117=PRESENTATION_STYLE_ASSIGNMENT((#6123));
#6118=PRESENTATION_STYLE_ASSIGNMENT((NULL_STYLE(.NULL.)));
#6119=PRESENTATION_STYLE_ASSIGNMENT((#6124));
#6120=SURFACE_STYLE_USAGE(.BOTH.,#6125);
#6121=SURFACE_STYLE_USAGE(.BOTH.,#6126);
#6122=SURFACE_STYLE_USAGE(.BOTH.,#6127);
#6123=SURFACE_STYLE_USAGE(.BOTH.,#6128);
#6124=SURFACE_STYLE_USAGE(.BOTH.,#6129);
#6125=SURFACE_SIDE_STYLE('',(#6130));
#6126=SURFACE_SIDE_STYLE('',(#6131));
#6127=SURFACE_SIDE_STYLE('',(#6132));
#6128=SURFACE_SIDE_STYLE('',(#6133));
#6129=SURFACE_SIDE_STYLE('',(#6134,#10));
#6130=SURFACE_STYLE_FILL_AREA(#6135);
#6131=SURFACE_STYLE_FILL_AREA(#6136);
#6132=SURFACE_STYLE_FILL_AREA(#6137);
#6133=SURFACE_STYLE_FILL_AREA(#6138);
#6134=SURFACE_STYLE_FILL_AREA(#6139);
#6135=FILL_AREA_STYLE('',(#6140));
#6136=FILL_AREA_STYLE('',(#6141));
#6137=FILL_AREA_STYLE('',(#6142));
#6138=FILL_AREA_STYLE('',(#6143));
#6139=FILL_AREA_STYLE('',(#6144));
#6140=FILL_AREA_STYLE_COLOUR('',#6145);
#6141=FILL_AREA_STYLE_COLOUR('',#6145);
#6142=FILL_AREA_STYLE_COLOUR('',#6145);
#6143=FILL_AREA_STYLE_COLOUR('',#6146);
#6144=FILL_AREA_STYLE_COLOUR('',#6147);
#6145=COLOUR_RGB('',0.611764705882353,0.658823529411765,0.670588235294118);
#6146=COLOUR_RGB('',0.200000002980232,0.200000002980232,0.200000002980232);
#6147=COLOUR_RGB('',0.0470588244497776,0.0470588244497776,0.0470588244497776);
#6148=MANIFOLD_SOLID_BREP('Body (1)',#6107);
#6149=MANIFOLD_SOLID_BREP('Body (1)',#6108);
#6150=MANIFOLD_SOLID_BREP('Split Body (66)',#6109);
#6151=SHAPE_DEFINITION_REPRESENTATION(#10794,#6154);
#6152=SHAPE_DEFINITION_REPRESENTATION(#10795,#6155);
#6153=SHAPE_DEFINITION_REPRESENTATION(#10797,#6156);
#6154=SHAPE_REPRESENTATION('Cliff_Bumper_Sensor_Assembly3',(#6157,#6503,
#6692),#10785);
#6155=SHAPE_REPRESENTATION('inner_part',(#6157),#10786);
#6156=SHAPE_REPRESENTATION('transparent_cover',(#6157),#10787);
#6157=AXIS2_PLACEMENT_3D('',#8396,#6709,#6710);
#6158=AXIS2_PLACEMENT_3D('',#8397,#6711,#6712);
#6159=AXIS2_PLACEMENT_3D('',#8401,#6714,#6715);
#6160=AXIS2_PLACEMENT_3D('',#8408,#6719,#6720);
#6161=AXIS2_PLACEMENT_3D('',#8414,#6724,#6725);
#6162=AXIS2_PLACEMENT_3D('',#8420,#6729,#6730);
#6163=AXIS2_PLACEMENT_3D('',#8421,#6731,#6732);
#6164=AXIS2_PLACEMENT_3D('',#8425,#6735,#6736);
#6165=AXIS2_PLACEMENT_3D('',#8429,#6738,#6739);
#6166=AXIS2_PLACEMENT_3D('',#8433,#6741,#6742);
#6167=AXIS2_PLACEMENT_3D('',#8437,#6744,#6745);
#6168=AXIS2_PLACEMENT_3D('',#8438,#6746,#6747);
#6169=AXIS2_PLACEMENT_3D('',#8447,#6752,#6753);
#6170=AXIS2_PLACEMENT_3D('',#8456,#6758,#6759);
#6171=AXIS2_PLACEMENT_3D('',#8465,#6764,#6765);
#6172=AXIS2_PLACEMENT_3D('',#8474,#6770,#6771);
#6173=AXIS2_PLACEMENT_3D('',#8483,#6776,#6777);
#6174=AXIS2_PLACEMENT_3D('',#8492,#6782,#6783);
#6175=AXIS2_PLACEMENT_3D('',#8498,#6787,#6788);
#6176=AXIS2_PLACEMENT_3D('',#8507,#6793,#6794);
#6177=AXIS2_PLACEMENT_3D('',#8523,#6805,#6806);
#6178=AXIS2_PLACEMENT_3D('',#8532,#6811,#6812);
#6179=AXIS2_PLACEMENT_3D('',#8536,#6814,#6815);
#6180=AXIS2_PLACEMENT_3D('',#8540,#6817,#6818);
#6181=AXIS2_PLACEMENT_3D('',#8544,#6820,#6821);
#6182=AXIS2_PLACEMENT_3D('',#8553,#6823,#6824);
#6183=AXIS2_PLACEMENT_3D('',#8574,#6836,#6837);
#6184=AXIS2_PLACEMENT_3D('',#8583,#6839,#6840);
#6185=AXIS2_PLACEMENT_3D('',#8587,#6842,#6843);
#6186=AXIS2_PLACEMENT_3D('',#8591,#6845,#6846);
#6187=AXIS2_PLACEMENT_3D('',#8595,#6848,#6849);
#6188=AXIS2_PLACEMENT_3D('',#8606,#6856,#6857);
#6189=AXIS2_PLACEMENT_3D('',#8608,#6859,#6860);
#6190=AXIS2_PLACEMENT_3D('',#8610,#6862,#6863);
#6191=AXIS2_PLACEMENT_3D('',#8616,#6867,#6868);
#6192=AXIS2_PLACEMENT_3D('',#8622,#6872,#6873);
#6193=AXIS2_PLACEMENT_3D('',#8626,#6875,#6876);
#6194=AXIS2_PLACEMENT_3D('',#8635,#6881,#6882);
#6195=AXIS2_PLACEMENT_3D('',#8639,#6884,#6885);
#6196=AXIS2_PLACEMENT_3D('',#8649,#6890,#6891);
#6197=AXIS2_PLACEMENT_3D('',#8653,#6893,#6894);
#6198=AXIS2_PLACEMENT_3D('',#8671,#6904,#6905);
#6199=AXIS2_PLACEMENT_3D('',#8675,#6907,#6908);
#6200=AXIS2_PLACEMENT_3D('',#8685,#6913,#6914);
#6201=AXIS2_PLACEMENT_3D('',#8689,#6916,#6917);
#6202=AXIS2_PLACEMENT_3D('',#8694,#6920,#6921);
#6203=AXIS2_PLACEMENT_3D('',#8725,#6938,#6939);
#6204=AXIS2_PLACEMENT_3D('',#8728,#6941,#6942);
#6205=AXIS2_PLACEMENT_3D('',#8731,#6944,#6945);
#6206=AXIS2_PLACEMENT_3D('',#8735,#6948,#6949);
#6207=AXIS2_PLACEMENT_3D('',#8741,#6953,#6954);
#6208=AXIS2_PLACEMENT_3D('',#8743,#6956,#6957);
#6209=AXIS2_PLACEMENT_3D('',#8749,#6961,#6962);
#6210=AXIS2_PLACEMENT_3D('',#8753,#6965,#6966);
#6211=AXIS2_PLACEMENT_3D('',#8757,#6969,#6970);
#6212=AXIS2_PLACEMENT_3D('',#8759,#6972,#6973);
#6213=AXIS2_PLACEMENT_3D('',#8760,#6974,#6975);
#6214=AXIS2_PLACEMENT_3D('',#8766,#6979,#6980);
#6215=AXIS2_PLACEMENT_3D('',#8770,#6983,#6984);
#6216=AXIS2_PLACEMENT_3D('',#8774,#6987,#6988);
#6217=AXIS2_PLACEMENT_3D('',#8776,#6990,#6991);
#6218=AXIS2_PLACEMENT_3D('',#8777,#6992,#6993);
#6219=AXIS2_PLACEMENT_3D('',#8778,#6994,#6995);
#6220=AXIS2_PLACEMENT_3D('',#8782,#6998,#6999);
#6221=AXIS2_PLACEMENT_3D('',#8788,#7003,#7004);
#6222=AXIS2_PLACEMENT_3D('',#8802,#7009,#7010);
#6223=AXIS2_PLACEMENT_3D('',#8810,#7012,#7013);
#6224=AXIS2_PLACEMENT_3D('',#8814,#7016,#7017);
#6225=AXIS2_PLACEMENT_3D('',#8818,#7019,#7020);
#6226=AXIS2_PLACEMENT_3D('',#8821,#7022,#7023);
#6227=AXIS2_PLACEMENT_3D('',#8830,#7028,#7029);
#6228=AXIS2_PLACEMENT_3D('',#8839,#7034,#7035);
#6229=AXIS2_PLACEMENT_3D('',#8848,#7040,#7041);
#6230=AXIS2_PLACEMENT_3D('',#8857,#7046,#7047);
#6231=AXIS2_PLACEMENT_3D('',#8866,#7052,#7053);
#6232=AXIS2_PLACEMENT_3D('',#8867,#7054,#7055);
#6233=AXIS2_PLACEMENT_3D('',#8880,#7061,#7062);
#6234=AXIS2_PLACEMENT_3D('',#8884,#7064,#7065);
#6235=AXIS2_PLACEMENT_3D('',#8893,#7070,#7071);
#6236=AXIS2_PLACEMENT_3D('',#8895,#7073,#7074);
#6237=AXIS2_PLACEMENT_3D('',#8898,#7077,#7078);
#6238=AXIS2_PLACEMENT_3D('',#8899,#7079,#7080);
#6239=AXIS2_PLACEMENT_3D('',#8902,#7083,#7084);
#6240=AXIS2_PLACEMENT_3D('',#8903,#7085,#7086);
#6241=AXIS2_PLACEMENT_3D('',#8909,#7090,#7091);
#6242=AXIS2_PLACEMENT_3D('',#8913,#7093,#7094);
#6243=AXIS2_PLACEMENT_3D('',#8917,#7096,#7097);
#6244=AXIS2_PLACEMENT_3D('',#8921,#7100,#7101);
#6245=AXIS2_PLACEMENT_3D('',#8922,#7102,#7103);
#6246=AXIS2_PLACEMENT_3D('',#8990,#7133,#7134);
#6247=AXIS2_PLACEMENT_3D('',#8991,#7135,#7136);
#6248=AXIS2_PLACEMENT_3D('',#9001,#7141,#7142);
#6249=AXIS2_PLACEMENT_3D('',#9005,#7144,#7145);
#6250=AXIS2_PLACEMENT_3D('',#9008,#7147,#7148);
#6251=AXIS2_PLACEMENT_3D('',#9011,#7151,#7152);
#6252=AXIS2_PLACEMENT_3D('',#9014,#7155,#7156);
#6253=AXIS2_PLACEMENT_3D('',#9015,#7157,#7158);
#6254=AXIS2_PLACEMENT_3D('',#9017,#7160,#7161);
#6255=AXIS2_PLACEMENT_3D('',#9018,#7162,#7163);
#6256=AXIS2_PLACEMENT_3D('',#9021,#7166,#7167);
#6257=AXIS2_PLACEMENT_3D('',#9027,#7171,#7172);
#6258=AXIS2_PLACEMENT_3D('',#9036,#7177,#7178);
#6259=AXIS2_PLACEMENT_3D('',#9045,#7183,#7184);
#6260=AXIS2_PLACEMENT_3D('',#9054,#7189,#7190);
#6261=AXIS2_PLACEMENT_3D('',#9063,#7195,#7196);
#6262=AXIS2_PLACEMENT_3D('',#9065,#7198,#7199);
#6263=AXIS2_PLACEMENT_3D('',#9073,#7201,#7202);
#6264=AXIS2_PLACEMENT_3D('',#9082,#7207,#7208);
#6265=AXIS2_PLACEMENT_3D('',#9098,#7216,#7217);
#6266=AXIS2_PLACEMENT_3D('',#9102,#7219,#7220);
#6267=AXIS2_PLACEMENT_3D('',#9107,#7223,#7224);
#6268=AXIS2_PLACEMENT_3D('',#9111,#7227,#7228);
#6269=AXIS2_PLACEMENT_3D('',#9115,#7230,#7231);
#6270=AXIS2_PLACEMENT_3D('',#9123,#7235,#7236);
#6271=AXIS2_PLACEMENT_3D('',#9124,#7237,#7238);
#6272=AXIS2_PLACEMENT_3D('',#9125,#7239,#7240);
#6273=AXIS2_PLACEMENT_3D('',#9126,#7241,#7242);
#6274=AXIS2_PLACEMENT_3D('',#9129,#7245,#7246);
#6275=AXIS2_PLACEMENT_3D('',#9132,#7248,#7249);
#6276=AXIS2_PLACEMENT_3D('',#9140,#7251,#7252);
#6277=AXIS2_PLACEMENT_3D('',#9159,#7253,#7254);
#6278=AXIS2_PLACEMENT_3D('',#9163,#7258,#7259);
#6279=AXIS2_PLACEMENT_3D('',#9172,#7262,#7263);
#6280=AXIS2_PLACEMENT_3D('',#9191,#7264,#7265);
#6281=AXIS2_PLACEMENT_3D('',#9198,#7267,#7268);
#6282=AXIS2_PLACEMENT_3D('',#9199,#7269,#7270);
#6283=AXIS2_PLACEMENT_3D('',#9202,#7272,#7273);
#6284=AXIS2_PLACEMENT_3D('',#9204,#7275,#7276);
#6285=AXIS2_PLACEMENT_3D('',#9213,#7279,#7280);
#6286=AXIS2_PLACEMENT_3D('',#9292,#7289,#7290);
#6287=AXIS2_PLACEMENT_3D('',#9318,#7294,#7295);
#6288=AXIS2_PLACEMENT_3D('',#9322,#7298,#7299);
#6289=AXIS2_PLACEMENT_3D('',#9326,#7302,#7303);
#6290=AXIS2_PLACEMENT_3D('',#9327,#7304,#7305);
#6291=AXIS2_PLACEMENT_3D('',#9329,#7307,#7308);
#6292=AXIS2_PLACEMENT_3D('',#9330,#7309,#7310);
#6293=AXIS2_PLACEMENT_3D('',#9334,#7313,#7314);
#6294=AXIS2_PLACEMENT_3D('',#9380,#7315,#7316);
#6295=AXIS2_PLACEMENT_3D('',#9402,#7318,#7319);
#6296=AXIS2_PLACEMENT_3D('',#9415,#7320,#7321);
#6297=AXIS2_PLACEMENT_3D('',#9420,#7322,#7323);
#6298=AXIS2_PLACEMENT_3D('',#9421,#7324,#7325);
#6299=AXIS2_PLACEMENT_3D('',#9422,#7326,#7327);
#6300=AXIS2_PLACEMENT_3D('',#9423,#7328,#7329);
#6301=AXIS2_PLACEMENT_3D('',#9424,#7330,#7331);
#6302=AXIS2_PLACEMENT_3D('',#9425,#7332,#7333);
#6303=AXIS2_PLACEMENT_3D('',#9426,#7334,#7335);
#6304=AXIS2_PLACEMENT_3D('',#9427,#7336,#7337);
#6305=AXIS2_PLACEMENT_3D('',#9428,#7338,#7339);
#6306=AXIS2_PLACEMENT_3D('',#9432,#7343,#7344);
#6307=AXIS2_PLACEMENT_3D('',#9441,#7347,#7348);
#6308=AXIS2_PLACEMENT_3D('',#9449,#7350,#7351);
#6309=AXIS2_PLACEMENT_3D('',#9452,#7353,#7354);
#6310=AXIS2_PLACEMENT_3D('',#9459,#7356,#7357);
#6311=AXIS2_PLACEMENT_3D('',#9462,#7359,#7360);
#6312=AXIS2_PLACEMENT_3D('',#9464,#7362,#7363);
#6313=AXIS2_PLACEMENT_3D('',#9466,#7365,#7366);
#6314=AXIS2_PLACEMENT_3D('',#9475,#7369,#7370);
#6315=AXIS2_PLACEMENT_3D('',#9490,#7376,#7377);
#6316=AXIS2_PLACEMENT_3D('',#9560,#7384,#7385);
#6317=AXIS2_PLACEMENT_3D('',#9586,#7389,#7390);
#6318=AXIS2_PLACEMENT_3D('',#9590,#7393,#7394);
#6319=AXIS2_PLACEMENT_3D('',#9591,#7395,#7396);
#6320=AXIS2_PLACEMENT_3D('',#9595,#7399,#7400);
#6321=AXIS2_PLACEMENT_3D('',#9597,#7402,#7403);
#6322=AXIS2_PLACEMENT_3D('',#9598,#7404,#7405);
#6323=AXIS2_PLACEMENT_3D('',#9602,#7408,#7409);
#6324=AXIS2_PLACEMENT_3D('',#9648,#7410,#7411);
#6325=AXIS2_PLACEMENT_3D('',#9670,#7413,#7414);
#6326=AXIS2_PLACEMENT_3D('',#9687,#7415,#7416);
#6327=AXIS2_PLACEMENT_3D('',#9688,#7417,#7418);
#6328=AXIS2_PLACEMENT_3D('',#9689,#7419,#7420);
#6329=AXIS2_PLACEMENT_3D('',#9690,#7421,#7422);
#6330=AXIS2_PLACEMENT_3D('',#9691,#7423,#7424);
#6331=AXIS2_PLACEMENT_3D('',#9692,#7425,#7426);
#6332=AXIS2_PLACEMENT_3D('',#9693,#7427,#7428);
#6333=AXIS2_PLACEMENT_3D('',#9694,#7429,#7430);
#6334=AXIS2_PLACEMENT_3D('',#9695,#7431,#7432);
#6335=AXIS2_PLACEMENT_3D('',#9696,#7433,#7434);
#6336=AXIS2_PLACEMENT_3D('',#9697,#7435,#7436);
#6337=AXIS2_PLACEMENT_3D('',#9698,#7437,#7438);
#6338=AXIS2_PLACEMENT_3D('',#9699,#7439,#7440);
#6339=AXIS2_PLACEMENT_3D('',#9700,#7441,#7442);
#6340=AXIS2_PLACEMENT_3D('',#9701,#7443,#7444);
#6341=AXIS2_PLACEMENT_3D('',#9702,#7445,#7446);
#6342=AXIS2_PLACEMENT_3D('',#9703,#7447,#7448);
#6343=AXIS2_PLACEMENT_3D('',#9704,#7449,#7450);
#6344=AXIS2_PLACEMENT_3D('',#9705,#7451,#7452);
#6345=AXIS2_PLACEMENT_3D('',#9706,#7453,#7454);
#6346=AXIS2_PLACEMENT_3D('',#9707,#7455,#7456);
#6347=AXIS2_PLACEMENT_3D('',#9708,#7457,#7458);
#6348=AXIS2_PLACEMENT_3D('',#9709,#7459,#7460);
#6349=AXIS2_PLACEMENT_3D('',#9710,#7461,#7462);
#6350=AXIS2_PLACEMENT_3D('',#9711,#7463,#7464);
#6351=AXIS2_PLACEMENT_3D('',#9712,#7465,#7466);
#6352=AXIS2_PLACEMENT_3D('',#9713,#7467,#7468);
#6353=AXIS2_PLACEMENT_3D('',#9714,#7469,#7470);
#6354=AXIS2_PLACEMENT_3D('',#9715,#7471,#7472);
#6355=AXIS2_PLACEMENT_3D('',#9716,#7473,#7474);
#6356=AXIS2_PLACEMENT_3D('',#9717,#7475,#7476);
#6357=AXIS2_PLACEMENT_3D('',#9718,#7477,#7478);
#6358=AXIS2_PLACEMENT_3D('',#9719,#7479,#7480);
#6359=AXIS2_PLACEMENT_3D('',#9720,#7481,#7482);
#6360=AXIS2_PLACEMENT_3D('',#9721,#7483,#7484);
#6361=AXIS2_PLACEMENT_3D('',#9722,#7485,#7486);
#6362=AXIS2_PLACEMENT_3D('',#9723,#7487,#7488);
#6363=AXIS2_PLACEMENT_3D('',#9724,#7489,#7490);
#6364=AXIS2_PLACEMENT_3D('',#9725,#7491,#7492);
#6365=AXIS2_PLACEMENT_3D('',#9726,#7493,#7494);
#6366=AXIS2_PLACEMENT_3D('',#9727,#7495,#7496);
#6367=AXIS2_PLACEMENT_3D('',#9728,#7497,#7498);
#6368=AXIS2_PLACEMENT_3D('',#9729,#7499,#7500);
#6369=AXIS2_PLACEMENT_3D('',#9730,#7501,#7502);
#6370=AXIS2_PLACEMENT_3D('',#9731,#7503,#7504);
#6371=AXIS2_PLACEMENT_3D('',#9732,#7505,#7506);
#6372=AXIS2_PLACEMENT_3D('',#9733,#7507,#7508);
#6373=AXIS2_PLACEMENT_3D('',#9734,#7509,#7510);
#6374=AXIS2_PLACEMENT_3D('',#9735,#7511,#7512);
#6375=AXIS2_PLACEMENT_3D('',#9736,#7513,#7514);
#6376=AXIS2_PLACEMENT_3D('',#9737,#7515,#7516);
#6377=AXIS2_PLACEMENT_3D('',#9738,#7517,#7518);
#6378=AXIS2_PLACEMENT_3D('',#9739,#7519,#7520);
#6379=AXIS2_PLACEMENT_3D('',#9740,#7521,#7522);
#6380=AXIS2_PLACEMENT_3D('',#9741,#7523,#7524);
#6381=AXIS2_PLACEMENT_3D('',#9742,#7525,#7526);
#6382=AXIS2_PLACEMENT_3D('',#9743,#7527,#7528);
#6383=AXIS2_PLACEMENT_3D('',#9744,#7529,#7530);
#6384=AXIS2_PLACEMENT_3D('',#9745,#7531,#7532);
#6385=AXIS2_PLACEMENT_3D('',#9746,#7533,#7534);
#6386=AXIS2_PLACEMENT_3D('',#9747,#7535,#7536);
#6387=AXIS2_PLACEMENT_3D('',#9748,#7537,#7538);
#6388=AXIS2_PLACEMENT_3D('',#9749,#7539,#7540);
#6389=AXIS2_PLACEMENT_3D('',#9750,#7541,#7542);
#6390=AXIS2_PLACEMENT_3D('',#9751,#7543,#7544);
#6391=AXIS2_PLACEMENT_3D('',#9752,#7545,#7546);
#6392=AXIS2_PLACEMENT_3D('',#9753,#7547,#7548);
#6393=AXIS2_PLACEMENT_3D('',#9754,#7549,#7550);
#6394=AXIS2_PLACEMENT_3D('',#9755,#7551,#7552);
#6395=AXIS2_PLACEMENT_3D('',#9756,#7553,#7554);
#6396=AXIS2_PLACEMENT_3D('',#9757,#7555,#7556);
#6397=AXIS2_PLACEMENT_3D('',#9758,#7557,#7558);
#6398=AXIS2_PLACEMENT_3D('',#9759,#7559,#7560);
#6399=AXIS2_PLACEMENT_3D('',#9760,#7561,#7562);
#6400=AXIS2_PLACEMENT_3D('',#9761,#7563,#7564);
#6401=AXIS2_PLACEMENT_3D('',#9762,#7565,#7566);
#6402=AXIS2_PLACEMENT_3D('',#9763,#7567,#7568);
#6403=AXIS2_PLACEMENT_3D('',#9764,#7569,#7570);
#6404=AXIS2_PLACEMENT_3D('',#9765,#7571,#7572);
#6405=AXIS2_PLACEMENT_3D('',#9766,#7573,#7574);
#6406=AXIS2_PLACEMENT_3D('',#9767,#7575,#7576);
#6407=AXIS2_PLACEMENT_3D('',#9768,#7577,#7578);
#6408=AXIS2_PLACEMENT_3D('',#9769,#7579,#7580);
#6409=AXIS2_PLACEMENT_3D('',#9770,#7581,#7582);
#6410=AXIS2_PLACEMENT_3D('',#9771,#7583,#7584);
#6411=AXIS2_PLACEMENT_3D('',#9772,#7585,#7586);
#6412=AXIS2_PLACEMENT_3D('',#9773,#7587,#7588);
#6413=AXIS2_PLACEMENT_3D('',#9774,#7589,#7590);
#6414=AXIS2_PLACEMENT_3D('',#9775,#7591,#7592);
#6415=AXIS2_PLACEMENT_3D('',#9776,#7593,#7594);
#6416=AXIS2_PLACEMENT_3D('',#9777,#7595,#7596);
#6417=AXIS2_PLACEMENT_3D('',#9778,#7597,#7598);
#6418=AXIS2_PLACEMENT_3D('',#9779,#7599,#7600);
#6419=AXIS2_PLACEMENT_3D('',#9780,#7601,#7602);
#6420=AXIS2_PLACEMENT_3D('',#9781,#7603,#7604);
#6421=AXIS2_PLACEMENT_3D('',#9782,#7605,#7606);
#6422=AXIS2_PLACEMENT_3D('',#9783,#7607,#7608);
#6423=AXIS2_PLACEMENT_3D('',#9784,#7609,#7610);
#6424=AXIS2_PLACEMENT_3D('',#9785,#7611,#7612);
#6425=AXIS2_PLACEMENT_3D('',#9786,#7613,#7614);
#6426=AXIS2_PLACEMENT_3D('',#9787,#7615,#7616);
#6427=AXIS2_PLACEMENT_3D('',#9788,#7617,#7618);
#6428=AXIS2_PLACEMENT_3D('',#9789,#7619,#7620);
#6429=AXIS2_PLACEMENT_3D('',#9790,#7621,#7622);
#6430=AXIS2_PLACEMENT_3D('',#9791,#7623,#7624);
#6431=AXIS2_PLACEMENT_3D('',#9792,#7625,#7626);
#6432=AXIS2_PLACEMENT_3D('',#9793,#7627,#7628);
#6433=AXIS2_PLACEMENT_3D('',#9794,#7629,#7630);
#6434=AXIS2_PLACEMENT_3D('',#9795,#7631,#7632);
#6435=AXIS2_PLACEMENT_3D('',#9796,#7633,#7634);
#6436=AXIS2_PLACEMENT_3D('',#9797,#7635,#7636);
#6437=AXIS2_PLACEMENT_3D('',#9798,#7637,#7638);
#6438=AXIS2_PLACEMENT_3D('',#9799,#7639,#7640);
#6439=AXIS2_PLACEMENT_3D('',#9800,#7641,#7642);
#6440=AXIS2_PLACEMENT_3D('',#9801,#7643,#7644);
#6441=AXIS2_PLACEMENT_3D('',#9802,#7645,#7646);
#6442=AXIS2_PLACEMENT_3D('',#9803,#7647,#7648);
#6443=AXIS2_PLACEMENT_3D('',#9804,#7649,#7650);
#6444=AXIS2_PLACEMENT_3D('',#9805,#7651,#7652);
#6445=AXIS2_PLACEMENT_3D('',#9806,#7653,#7654);
#6446=AXIS2_PLACEMENT_3D('',#9807,#7655,#7656);
#6447=AXIS2_PLACEMENT_3D('',#9808,#7657,#7658);
#6448=AXIS2_PLACEMENT_3D('',#9809,#7659,#7660);
#6449=AXIS2_PLACEMENT_3D('',#9810,#7661,#7662);
#6450=AXIS2_PLACEMENT_3D('',#9811,#7663,#7664);
#6451=AXIS2_PLACEMENT_3D('',#9812,#7665,#7666);
#6452=AXIS2_PLACEMENT_3D('',#9813,#7667,#7668);
#6453=AXIS2_PLACEMENT_3D('',#9814,#7669,#7670);
#6454=AXIS2_PLACEMENT_3D('',#9815,#7671,#7672);
#6455=AXIS2_PLACEMENT_3D('',#9816,#7673,#7674);
#6456=AXIS2_PLACEMENT_3D('',#9817,#7675,#7676);
#6457=AXIS2_PLACEMENT_3D('',#9818,#7677,#7678);
#6458=AXIS2_PLACEMENT_3D('',#9819,#7679,#7680);
#6459=AXIS2_PLACEMENT_3D('',#9820,#7681,#7682);
#6460=AXIS2_PLACEMENT_3D('',#9821,#7683,#7684);
#6461=AXIS2_PLACEMENT_3D('',#9822,#7685,#7686);
#6462=AXIS2_PLACEMENT_3D('',#9823,#7687,#7688);
#6463=AXIS2_PLACEMENT_3D('',#9824,#7689,#7690);
#6464=AXIS2_PLACEMENT_3D('',#9825,#7691,#7692);
#6465=AXIS2_PLACEMENT_3D('',#9826,#7693,#7694);
#6466=AXIS2_PLACEMENT_3D('',#9827,#7695,#7696);
#6467=AXIS2_PLACEMENT_3D('',#9828,#7697,#7698);
#6468=AXIS2_PLACEMENT_3D('',#9829,#7699,#7700);
#6469=AXIS2_PLACEMENT_3D('',#9830,#7701,#7702);
#6470=AXIS2_PLACEMENT_3D('',#9831,#7703,#7704);
#6471=AXIS2_PLACEMENT_3D('',#9832,#7705,#7706);
#6472=AXIS2_PLACEMENT_3D('',#9833,#7707,#7708);
#6473=AXIS2_PLACEMENT_3D('',#9834,#7709,#7710);
#6474=AXIS2_PLACEMENT_3D('',#9835,#7711,#7712);
#6475=AXIS2_PLACEMENT_3D('',#9836,#7713,#7714);
#6476=AXIS2_PLACEMENT_3D('',#9837,#7715,#7716);
#6477=AXIS2_PLACEMENT_3D('',#9838,#7717,#7718);
#6478=AXIS2_PLACEMENT_3D('',#9841,#7721,#7722);
#6479=AXIS2_PLACEMENT_3D('',#9842,#7723,#7724);
#6480=AXIS2_PLACEMENT_3D('',#9844,#7726,#7727);
#6481=AXIS2_PLACEMENT_3D('',#9846,#7729,#7730);
#6482=AXIS2_PLACEMENT_3D('',#9847,#7731,#7732);
#6483=AXIS2_PLACEMENT_3D('',#9848,#7733,#7734);
#6484=AXIS2_PLACEMENT_3D('',#9849,#7735,#7736);
#6485=AXIS2_PLACEMENT_3D('',#9850,#7737,#7738);
#6486=AXIS2_PLACEMENT_3D('',#9851,#7739,#7740);
#6487=AXIS2_PLACEMENT_3D('',#9852,#7741,#7742);
#6488=AXIS2_PLACEMENT_3D('',#9854,#7743,#7744);
#6489=AXIS2_PLACEMENT_3D('',#9855,#7745,#7746);
#6490=AXIS2_PLACEMENT_3D('',#9857,#7747,#7748);
#6491=AXIS2_PLACEMENT_3D('',#9858,#7749,#7750);
#6492=AXIS2_PLACEMENT_3D('',#9860,#7751,#7752);
#6493=AXIS2_PLACEMENT_3D('',#9861,#7753,#7754);
#6494=AXIS2_PLACEMENT_3D('',#9863,#7755,#7756);
#6495=AXIS2_PLACEMENT_3D('',#9864,#7757,#7758);
#6496=AXIS2_PLACEMENT_3D('',#9866,#7759,#7760);
#6497=AXIS2_PLACEMENT_3D('',#9867,#7761,#7762);
#6498=AXIS2_PLACEMENT_3D('',#9869,#7763,#7764);
#6499=AXIS2_PLACEMENT_3D('',#9870,#7765,#7766);
#6500=AXIS2_PLACEMENT_3D('',#9872,#7767,#7768);
#6501=AXIS2_PLACEMENT_3D('',#9873,#7769,#7770);
#6502=AXIS2_PLACEMENT_3D('',#9875,#7771,#7772);
#6503=AXIS2_PLACEMENT_3D('',#9876,#7773,#7774);
#6504=AXIS2_PLACEMENT_3D('',#9877,#7775,#7776);
#6505=AXIS2_PLACEMENT_3D('',#9886,#7781,#7782);
#6506=AXIS2_PLACEMENT_3D('',#9903,#7791,#7792);
#6507=AXIS2_PLACEMENT_3D('',#9912,#7797,#7798);
#6508=AXIS2_PLACEMENT_3D('',#9913,#7799,#7800);
#6509=AXIS2_PLACEMENT_3D('',#9917,#7802,#7803);
#6510=AXIS2_PLACEMENT_3D('',#9921,#7805,#7806);
#6511=AXIS2_PLACEMENT_3D('',#9922,#7807,#7808);
#6512=AXIS2_PLACEMENT_3D('',#9935,#7810,#7811);
#6513=AXIS2_PLACEMENT_3D('',#9948,#7813,#7814);
#6514=AXIS2_PLACEMENT_3D('',#9956,#7818,#7819);
#6515=AXIS2_PLACEMENT_3D('',#9964,#7823,#7824);
#6516=AXIS2_PLACEMENT_3D('',#9966,#7825,#7826);
#6517=AXIS2_PLACEMENT_3D('',#9967,#7827,#7828);
#6518=AXIS2_PLACEMENT_3D('',#9968,#7829,#7830);
#6519=AXIS2_PLACEMENT_3D('',#9970,#7831,#7832);
#6520=AXIS2_PLACEMENT_3D('',#9973,#7834,#7835);
#6521=AXIS2_PLACEMENT_3D('',#9974,#7836,#7837);
#6522=AXIS2_PLACEMENT_3D('',#9982,#7839,#7840);
#6523=AXIS2_PLACEMENT_3D('',#9983,#7841,#7842);
#6524=AXIS2_PLACEMENT_3D('',#9988,#7844,#7845);
#6525=AXIS2_PLACEMENT_3D('',#9990,#7846,#7847);
#6526=AXIS2_PLACEMENT_3D('',#10069,#7848,#7849);
#6527=AXIS2_PLACEMENT_3D('',#10086,#7850,#7851);
#6528=AXIS2_PLACEMENT_3D('',#10087,#7852,#7853);
#6529=AXIS2_PLACEMENT_3D('',#10089,#7854,#7855);
#6530=AXIS2_PLACEMENT_3D('',#10090,#7856,#7857);
#6531=AXIS2_PLACEMENT_3D('',#10096,#7861,#7862);
#6532=AXIS2_PLACEMENT_3D('',#10103,#7863,#7864);
#6533=AXIS2_PLACEMENT_3D('',#10105,#7865,#7866);
#6534=AXIS2_PLACEMENT_3D('',#10106,#7867,#7868);
#6535=AXIS2_PLACEMENT_3D('',#10111,#7869,#7870);
#6536=AXIS2_PLACEMENT_3D('',#10112,#7871,#7872);
#6537=AXIS2_PLACEMENT_3D('',#10118,#7875,#7876);
#6538=AXIS2_PLACEMENT_3D('',#10122,#7878,#7879);
#6539=AXIS2_PLACEMENT_3D('',#10125,#7881,#7882);
#6540=AXIS2_PLACEMENT_3D('',#10134,#7887,#7888);
#6541=AXIS2_PLACEMENT_3D('',#10143,#7893,#7894);
#6542=AXIS2_PLACEMENT_3D('',#10152,#7899,#7900);
#6543=AXIS2_PLACEMENT_3D('',#10158,#7904,#7905);
#6544=AXIS2_PLACEMENT_3D('',#10164,#7909,#7910);
#6545=AXIS2_PLACEMENT_3D('',#10174,#7916,#7917);
#6546=AXIS2_PLACEMENT_3D('',#10180,#7921,#7922);
#6547=AXIS2_PLACEMENT_3D('',#10186,#7926,#7927);
#6548=AXIS2_PLACEMENT_3D('',#10188,#7929,#7930);
#6549=AXIS2_PLACEMENT_3D('',#10247,#7936,#7937);
#6550=AXIS2_PLACEMENT_3D('',#10252,#7940,#7941);
#6551=AXIS2_PLACEMENT_3D('',#10253,#7942,#7943);
#6552=AXIS2_PLACEMENT_3D('',#10257,#7946,#7947);
#6553=AXIS2_PLACEMENT_3D('',#10258,#7948,#7949);
#6554=AXIS2_PLACEMENT_3D('',#10260,#7951,#7952);
#6555=AXIS2_PLACEMENT_3D('',#10263,#7955,#7956);
#6556=AXIS2_PLACEMENT_3D('',#10264,#7957,#7958);
#6557=AXIS2_PLACEMENT_3D('',#10268,#7961,#7962);
#6558=AXIS2_PLACEMENT_3D('',#10278,#7968,#7969);
#6559=AXIS2_PLACEMENT_3D('',#10282,#7971,#7972);
#6560=AXIS2_PLACEMENT_3D('',#10283,#7973,#7974);
#6561=AXIS2_PLACEMENT_3D('',#10287,#7976,#7977);
#6562=AXIS2_PLACEMENT_3D('',#10296,#7982,#7983);
#6563=AXIS2_PLACEMENT_3D('',#10297,#7984,#7985);
#6564=AXIS2_PLACEMENT_3D('',#10302,#7987,#7988);
#6565=AXIS2_PLACEMENT_3D('',#10306,#7990,#7991);
#6566=AXIS2_PLACEMENT_3D('',#10310,#7993,#7994);
#6567=AXIS2_PLACEMENT_3D('',#10313,#7996,#7997);
#6568=AXIS2_PLACEMENT_3D('',#10314,#7998,#7999);
#6569=AXIS2_PLACEMENT_3D('',#10317,#8001,#8002);
#6570=AXIS2_PLACEMENT_3D('',#10328,#8003,#8004);
#6571=AXIS2_PLACEMENT_3D('',#10329,#8005,#8006);
#6572=AXIS2_PLACEMENT_3D('',#10349,#8013,#8014);
#6573=AXIS2_PLACEMENT_3D('',#10350,#8015,#8016);
#6574=AXIS2_PLACEMENT_3D('',#10353,#8018,#8019);
#6575=AXIS2_PLACEMENT_3D('',#10354,#8020,#8021);
#6576=AXIS2_PLACEMENT_3D('',#10361,#8022,#8023);
#6577=AXIS2_PLACEMENT_3D('',#10368,#8024,#8025);
#6578=AXIS2_PLACEMENT_3D('',#10379,#8026,#8027);
#6579=AXIS2_PLACEMENT_3D('',#10385,#8031,#8032);
#6580=AXIS2_PLACEMENT_3D('',#10386,#8033,#8034);
#6581=AXIS2_PLACEMENT_3D('',#10392,#8038,#8039);
#6582=AXIS2_PLACEMENT_3D('',#10398,#8043,#8044);
#6583=AXIS2_PLACEMENT_3D('',#10404,#8048,#8049);
#6584=AXIS2_PLACEMENT_3D('',#10405,#8050,#8051);
#6585=AXIS2_PLACEMENT_3D('',#10406,#8052,#8053);
#6586=AXIS2_PLACEMENT_3D('',#10407,#8054,#8055);
#6587=AXIS2_PLACEMENT_3D('',#10408,#8056,#8057);
#6588=AXIS2_PLACEMENT_3D('',#10410,#8059,#8060);
#6589=AXIS2_PLACEMENT_3D('',#10411,#8061,#8062);
#6590=AXIS2_PLACEMENT_3D('',#10412,#8063,#8064);
#6591=AXIS2_PLACEMENT_3D('',#10415,#8066,#8067);
#6592=AXIS2_PLACEMENT_3D('',#10418,#8069,#8070);
#6593=AXIS2_PLACEMENT_3D('',#10419,#8071,#8072);
#6594=AXIS2_PLACEMENT_3D('',#10422,#8075,#8076);
#6595=AXIS2_PLACEMENT_3D('',#10428,#8081,#8082);
#6596=AXIS2_PLACEMENT_3D('',#10443,#8086,#8087);
#6597=AXIS2_PLACEMENT_3D('',#10467,#8101,#8102);
#6598=AXIS2_PLACEMENT_3D('',#10473,#8106,#8107);
#6599=AXIS2_PLACEMENT_3D('',#10475,#8109,#8110);
#6600=AXIS2_PLACEMENT_3D('',#10477,#8112,#8113);
#6601=AXIS2_PLACEMENT_3D('',#10478,#8114,#8115);
#6602=AXIS2_PLACEMENT_3D('',#10494,#8116,#8117);
#6603=AXIS2_PLACEMENT_3D('',#10496,#8119,#8120);
#6604=AXIS2_PLACEMENT_3D('',#10499,#8122,#8123);
#6605=AXIS2_PLACEMENT_3D('',#10502,#8125,#8126);
#6606=AXIS2_PLACEMENT_3D('',#10506,#8129,#8130);
#6607=AXIS2_PLACEMENT_3D('',#10510,#8133,#8134);
#6608=AXIS2_PLACEMENT_3D('',#10515,#8137,#8138);
#6609=AXIS2_PLACEMENT_3D('',#10516,#8139,#8140);
#6610=AXIS2_PLACEMENT_3D('',#10522,#8144,#8145);
#6611=AXIS2_PLACEMENT_3D('',#10523,#8146,#8147);
#6612=AXIS2_PLACEMENT_3D('',#10524,#8148,#8149);
#6613=AXIS2_PLACEMENT_3D('',#10526,#8151,#8152);
#6614=AXIS2_PLACEMENT_3D('',#10529,#8155,#8156);
#6615=AXIS2_PLACEMENT_3D('',#10534,#8159,#8160);
#6616=AXIS2_PLACEMENT_3D('',#10536,#8161,#8162);
#6617=AXIS2_PLACEMENT_3D('',#10541,#8165,#8166);
#6618=AXIS2_PLACEMENT_3D('',#10542,#8167,#8168);
#6619=AXIS2_PLACEMENT_3D('',#10548,#8169,#8170);
#6620=AXIS2_PLACEMENT_3D('',#10549,#8171,#8172);
#6621=AXIS2_PLACEMENT_3D('',#10551,#8173,#8174);
#6622=AXIS2_PLACEMENT_3D('',#10561,#8175,#8176);
#6623=AXIS2_PLACEMENT_3D('',#10562,#8177,#8178);
#6624=AXIS2_PLACEMENT_3D('',#10563,#8179,#8180);
#6625=AXIS2_PLACEMENT_3D('',#10569,#8184,#8185);
#6626=AXIS2_PLACEMENT_3D('',#10570,#8186,#8187);
#6627=AXIS2_PLACEMENT_3D('',#10571,#8188,#8189);
#6628=AXIS2_PLACEMENT_3D('',#10572,#8190,#8191);
#6629=AXIS2_PLACEMENT_3D('',#10573,#8192,#8193);
#6630=AXIS2_PLACEMENT_3D('',#10574,#8194,#8195);
#6631=AXIS2_PLACEMENT_3D('',#10575,#8196,#8197);
#6632=AXIS2_PLACEMENT_3D('',#10576,#8198,#8199);
#6633=AXIS2_PLACEMENT_3D('',#10577,#8200,#8201);
#6634=AXIS2_PLACEMENT_3D('',#10583,#8205,#8206);
#6635=AXIS2_PLACEMENT_3D('',#10585,#8208,#8209);
#6636=AXIS2_PLACEMENT_3D('',#10587,#8211,#8212);
#6637=AXIS2_PLACEMENT_3D('',#10588,#8213,#8214);
#6638=AXIS2_PLACEMENT_3D('',#10589,#8215,#8216);
#6639=AXIS2_PLACEMENT_3D('',#10590,#8217,#8218);
#6640=AXIS2_PLACEMENT_3D('',#10591,#8219,#8220);
#6641=AXIS2_PLACEMENT_3D('',#10630,#8221,#8222);
#6642=AXIS2_PLACEMENT_3D('',#10631,#8223,#8224);
#6643=AXIS2_PLACEMENT_3D('',#10632,#8225,#8226);
#6644=AXIS2_PLACEMENT_3D('',#10636,#8229,#8230);
#6645=AXIS2_PLACEMENT_3D('',#10640,#8233,#8234);
#6646=AXIS2_PLACEMENT_3D('',#10644,#8237,#8238);
#6647=AXIS2_PLACEMENT_3D('',#10648,#8241,#8242);
#6648=AXIS2_PLACEMENT_3D('',#10650,#8244,#8245);
#6649=AXIS2_PLACEMENT_3D('',#10651,#8246,#8247);
#6650=AXIS2_PLACEMENT_3D('',#10653,#8249,#8250);
#6651=AXIS2_PLACEMENT_3D('',#10654,#8251,#8252);
#6652=AXIS2_PLACEMENT_3D('',#10663,#8257,#8258);
#6653=AXIS2_PLACEMENT_3D('',#10664,#8259,#8260);
#6654=AXIS2_PLACEMENT_3D('',#10667,#8261,#8262);
#6655=AXIS2_PLACEMENT_3D('',#10669,#8263,#8264);
#6656=AXIS2_PLACEMENT_3D('',#10672,#8266,#8267);
#6657=AXIS2_PLACEMENT_3D('',#10675,#8269,#8270);
#6658=AXIS2_PLACEMENT_3D('',#10677,#8271,#8272);
#6659=AXIS2_PLACEMENT_3D('',#10678,#8273,#8274);
#6660=AXIS2_PLACEMENT_3D('',#10684,#8278,#8279);
#6661=AXIS2_PLACEMENT_3D('',#10696,#8286,#8287);
#6662=AXIS2_PLACEMENT_3D('',#10699,#8289,#8290);
#6663=AXIS2_PLACEMENT_3D('',#10713,#8298,#8299);
#6664=AXIS2_PLACEMENT_3D('',#10714,#8300,#8301);
#6665=AXIS2_PLACEMENT_3D('',#10715,#8302,#8303);
#6666=AXIS2_PLACEMENT_3D('',#10717,#8304,#8305);
#6667=AXIS2_PLACEMENT_3D('',#10718,#8306,#8307);
#6668=AXIS2_PLACEMENT_3D('',#10719,#8308,#8309);
#6669=AXIS2_PLACEMENT_3D('',#10722,#8311,#8312);
#6670=AXIS2_PLACEMENT_3D('',#10724,#8314,#8315);
#6671=AXIS2_PLACEMENT_3D('',#10726,#8317,#8318);
#6672=AXIS2_PLACEMENT_3D('',#10728,#8320,#8321);
#6673=AXIS2_PLACEMENT_3D('',#10729,#8322,#8323);
#6674=AXIS2_PLACEMENT_3D('',#10731,#8325,#8326);
#6675=AXIS2_PLACEMENT_3D('',#10733,#8328,#8329);
#6676=AXIS2_PLACEMENT_3D('',#10734,#8330,#8331);
#6677=AXIS2_PLACEMENT_3D('',#10736,#8332,#8333);
#6678=AXIS2_PLACEMENT_3D('',#10737,#8334,#8335);
#6679=AXIS2_PLACEMENT_3D('',#10739,#8336,#8337);
#6680=AXIS2_PLACEMENT_3D('',#10740,#8338,#8339);
#6681=AXIS2_PLACEMENT_3D('',#10742,#8340,#8341);
#6682=AXIS2_PLACEMENT_3D('',#10743,#8342,#8343);
#6683=AXIS2_PLACEMENT_3D('',#10745,#8344,#8345);
#6684=AXIS2_PLACEMENT_3D('',#10746,#8346,#8347);
#6685=AXIS2_PLACEMENT_3D('',#10748,#8348,#8349);
#6686=AXIS2_PLACEMENT_3D('',#10749,#8350,#8351);
#6687=AXIS2_PLACEMENT_3D('',#10751,#8352,#8353);
#6688=AXIS2_PLACEMENT_3D('',#10752,#8354,#8355);
#6689=AXIS2_PLACEMENT_3D('',#10754,#8356,#8357);
#6690=AXIS2_PLACEMENT_3D('',#10755,#8358,#8359);
#6691=AXIS2_PLACEMENT_3D('',#10757,#8360,#8361);
#6692=AXIS2_PLACEMENT_3D('',#10758,#8362,#8363);
#6693=AXIS2_PLACEMENT_3D('',#10760,#8364,#8365);
#6694=AXIS2_PLACEMENT_3D('',#10762,#8366,#8367);
#6695=AXIS2_PLACEMENT_3D('',#10763,#8368,#8369);
#6696=AXIS2_PLACEMENT_3D('',#10765,#8370,#8371);
#6697=AXIS2_PLACEMENT_3D('',#10766,#8372,#8373);
#6698=AXIS2_PLACEMENT_3D('',#10768,#8374,#8375);
#6699=AXIS2_PLACEMENT_3D('',#10769,#8376,#8377);
#6700=AXIS2_PLACEMENT_3D('',#10771,#8378,#8379);
#6701=AXIS2_PLACEMENT_3D('',#10772,#8380,#8381);
#6702=AXIS2_PLACEMENT_3D('',#10774,#8382,#8383);
#6703=AXIS2_PLACEMENT_3D('',#10775,#8384,#8385);
#6704=AXIS2_PLACEMENT_3D('',#10777,#8386,#8387);
#6705=AXIS2_PLACEMENT_3D('',#10778,#8388,#8389);
#6706=AXIS2_PLACEMENT_3D('',#10780,#8390,#8391);
#6707=AXIS2_PLACEMENT_3D('',#10781,#8392,#8393);
#6708=AXIS2_PLACEMENT_3D('',#10783,#8394,#8395);
#6709=DIRECTION('',(0.,0.,1.));
#6710=DIRECTION('',(1.,0.,0.));
#6711=DIRECTION('',(0.,1.,0.));
#6712=DIRECTION('',(0.,0.,1.));
#6713=DIRECTION('',(-1.,0.,0.));
#6714=DIRECTION('',(0.,1.,0.));
#6715=DIRECTION('',(0.,0.,1.));
#6716=DIRECTION('',(0.,0.,1.));
#6717=DIRECTION('',(1.,0.,0.));
#6718=DIRECTION('',(0.,0.,1.));
#6719=DIRECTION('',(0.,0.,1.));
#6720=DIRECTION('',(1.,0.,0.));
#6721=DIRECTION('',(-9.91270557701032E-16,-1.,0.));
#6722=DIRECTION('',(0.,-1.,0.));
#6723=DIRECTION('',(1.,0.,0.));
#6724=DIRECTION('',(1.,0.,0.));
#6725=DIRECTION('',(0.,0.,-1.));
#6726=DIRECTION('',(-9.91270557701032E-16,-1.,0.));
#6727=DIRECTION('',(0.,0.,1.));
#6728=DIRECTION('',(0.,-1.,0.));
#6729=DIRECTION('',(0.,-1.,0.));
#6730=DIRECTION('',(0.,0.,-1.));
#6731=DIRECTION('',(0.,-1.,0.));
#6732=DIRECTION('',(0.,0.,-1.));
#6733=DIRECTION('',(0.,0.,1.));
#6734=DIRECTION('',(-1.,0.,0.));
#6735=DIRECTION('',(0.,1.,0.));
#6736=DIRECTION('',(0.,0.,1.));
#6737=DIRECTION('',(0.,-1.,0.));
#6738=DIRECTION('',(0.,1.,-3.36814359860181E-15));
#6739=DIRECTION('',(0.,3.36814359860181E-15,1.));
#6740=DIRECTION('',(0.,1.,0.));
#6741=DIRECTION('',(0.,1.,0.));
#6742=DIRECTION('',(0.,0.,1.));
#6743=DIRECTION('',(0.,1.,0.));
#6744=DIRECTION('',(-1.08420217248551E-15,-1.,0.));
#6745=DIRECTION('',(1.,-1.08420217248551E-15,0.));
#6746=DIRECTION('',(0.,1.,0.));
#6747=DIRECTION('',(0.,0.,1.));
#6748=DIRECTION('',(-1.,0.,0.));
#6749=DIRECTION('',(0.,0.,-1.));
#6750=DIRECTION('',(1.,0.,0.));
#6751=DIRECTION('',(0.,0.,-1.));
#6752=DIRECTION('',(-0.857167300702113,-0.515038074910053,0.));
#6753=DIRECTION('',(0.515038074910053,-0.857167300702113,0.));
#6754=DIRECTION('',(0.,0.,1.));
#6755=DIRECTION('',(-0.447668650696838,0.745045750246292,0.494469017455302));
#6756=DIRECTION('',(0.,0.,1.));
#6757=DIRECTION('',(0.515038074910053,-0.857167300702113,0.));
#6758=DIRECTION('',(-1.01207635399237E-15,-1.,0.));
#6759=DIRECTION('',(1.,-1.01207635399237E-15,0.));
#6760=DIRECTION('',(0.,0.,1.));
#6761=DIRECTION('',(1.,-1.01207635399237E-15,0.));
#6762=DIRECTION('',(0.,0.,1.));
#6763=DIRECTION('',(1.,-1.01207635399237E-15,0.));
#6764=DIRECTION('',(0.,1.,0.));
#6765=DIRECTION('',(0.,0.,1.));
#6766=DIRECTION('',(-1.,0.,0.));
#6767=DIRECTION('',(0.,0.,1.));
#6768=DIRECTION('',(-1.,0.,0.));
#6769=DIRECTION('',(0.,0.,1.));
#6770=DIRECTION('',(0.,1.,0.));
#6771=DIRECTION('',(0.,0.,1.));
#6772=DIRECTION('',(0.,0.,1.));
#6773=DIRECTION('',(-1.,0.,0.));
#6774=DIRECTION('',(0.,0.,1.));
#6775=DIRECTION('',(-1.,0.,0.));
#6776=DIRECTION('',(1.0545360956016E-15,1.,0.));
#6777=DIRECTION('',(-1.,1.0545360956016E-15,0.));
#6778=DIRECTION('',(-1.,1.0545360956016E-15,0.));
#6779=DIRECTION('',(0.,0.,1.));
#6780=DIRECTION('',(-1.,1.0545360956016E-15,0.));
#6781=DIRECTION('',(0.,0.,1.));
#6782=DIRECTION('',(1.,-1.03388810646882E-15,0.));
#6783=DIRECTION('',(1.03388810646882E-15,1.,0.));
#6784=DIRECTION('',(1.03388810646882E-15,1.,0.));
#6785=DIRECTION('',(0.,0.,1.));
#6786=DIRECTION('',(-1.00080200537123E-15,1.,0.));
#6787=DIRECTION('',(-1.,1.00080200537123E-15,0.));
#6788=DIRECTION('',(-1.00080200537123E-15,-1.,0.));
#6789=DIRECTION('',(-1.00080200537123E-15,-1.,0.));
#6790=DIRECTION('',(0.,0.,1.));
#6791=DIRECTION('',(-1.00080200537123E-15,-1.,0.));
#6792=DIRECTION('',(0.,0.,1.));
#6793=DIRECTION('',(0.,0.,1.));
#6794=DIRECTION('',(1.,0.,0.));
#6795=DIRECTION('',(0.,-1.,0.));
#6796=DIRECTION('',(-1.,0.,0.));
#6797=DIRECTION('',(-1.,0.,0.));
#6798=DIRECTION('',(3.74156043838135E-15,1.,0.));
#6799=DIRECTION('',(1.,-1.01207635399237E-15,0.));
#6800=DIRECTION('',(1.,-1.01207635399237E-15,0.));
#6801=DIRECTION('',(-0.519449301602621,-0.854501271540628,0.));
#6802=DIRECTION('',(-1.,0.,0.));
#6803=DIRECTION('',(0.,1.,0.));
#6804=DIRECTION('',(-1.,0.,0.));
#6805=DIRECTION('',(0.,0.,1.));
#6806=DIRECTION('',(1.,0.,0.));
#6807=DIRECTION('',(-0.515038074910053,-0.857167300702113,0.));
#6808=DIRECTION('',(0.0523359562429426,0.998629534754574,0.));
#6809=DIRECTION('',(1.,2.31296463463574E-15,0.));
#6810=DIRECTION('',(0.0523359562429426,-0.998629534754574,0.));
#6811=DIRECTION('',(0.,0.,-1.));
#6812=DIRECTION('',(-1.,0.,0.));
#6813=DIRECTION('',(1.,-2.19224885678589E-15,0.));
#6814=DIRECTION('',(0.,0.,-1.));
#6815=DIRECTION('',(-1.,0.,0.));
#6816=DIRECTION('',(0.190808995376548,0.981627183447663,0.));
#6817=DIRECTION('',(0.,0.,-1.));
#6818=DIRECTION('',(-1.,0.,0.));
#6819=DIRECTION('',(0.906307787036651,0.422618261740697,0.));
#6820=DIRECTION('',(0.,0.,-1.));
#6821=DIRECTION('',(-1.,0.,0.));
#6822=DIRECTION('',(0.906307787036651,0.422618261740697,0.));
#6823=DIRECTION('',(0.,0.,-1.));
#6824=DIRECTION('',(-1.,0.,0.));
#6825=DIRECTION('',(1.,-2.25870506389289E-15,0.));
#6826=DIRECTION('',(0.,1.,0.));
#6827=DIRECTION('',(-0.849408897208383,0.527735279608288,0.));
#6828=DIRECTION('',(-0.519449301602621,-0.854501271540628,0.));
#6829=DIRECTION('',(1.,-1.01207635399237E-15,0.));
#6830=DIRECTION('',(1.,-1.01207635399237E-15,0.));
#6831=DIRECTION('',(3.74156043838135E-15,1.,0.));
#6832=DIRECTION('',(-1.,0.,0.));
#6833=DIRECTION('',(0.849408897208383,0.527735279608288,0.));
#6834=DIRECTION('',(0.,1.,0.));
#6835=DIRECTION('',(-1.,-2.25870506389289E-15,0.));
#6836=DIRECTION('',(0.,0.,1.));
#6837=DIRECTION('',(1.,0.,0.));
#6838=DIRECTION('',(-0.906307787036651,0.422618261740697,0.));
#6839=DIRECTION('',(0.,0.,1.));
#6840=DIRECTION('',(1.,0.,0.));
#6841=DIRECTION('',(-0.906307787036651,0.422618261740697,0.));
#6842=DIRECTION('',(0.,0.,1.));
#6843=DIRECTION('',(1.,0.,0.));
#6844=DIRECTION('',(-0.190808995376548,0.981627183447663,0.));
#6845=DIRECTION('',(0.,0.,1.));
#6846=DIRECTION('',(1.,0.,0.));
#6847=DIRECTION('',(-1.,-2.19224885678589E-15,0.));
#6848=DIRECTION('',(0.,0.,1.));
#6849=DIRECTION('',(1.,0.,0.));
#6850=DIRECTION('',(-1.,0.,0.));
#6851=DIRECTION('',(0.,-1.,0.));
#6852=DIRECTION('',(0.,1.,0.));
#6853=DIRECTION('',(0.,-1.,0.));
#6854=DIRECTION('',(0.,1.,0.));
#6855=DIRECTION('',(1.,0.,0.));
#6856=DIRECTION('',(-0.854501271540627,0.519449301602621,0.));
#6857=DIRECTION('',(-0.519449301602621,-0.854501271540628,0.));
#6858=DIRECTION('',(0.,0.,1.));
#6859=DIRECTION('',(1.,-3.74156043838135E-15,0.));
#6860=DIRECTION('',(3.74156043838135E-15,1.,0.));
#6861=DIRECTION('',(0.,0.,1.));
#6862=DIRECTION('',(0.,1.,0.));
#6863=DIRECTION('',(0.,0.,1.));
#6864=DIRECTION('',(0.,0.,1.));
#6865=DIRECTION('',(0.,0.,1.));
#6866=DIRECTION('',(-1.,0.,0.));
#6867=DIRECTION('',(-1.,0.,0.));
#6868=DIRECTION('',(0.,0.,1.));
#6869=DIRECTION('',(0.,-3.36814359860181E-15,-1.));
#6870=DIRECTION('',(0.,0.,1.));
#6871=DIRECTION('',(0.,1.,0.));
#6872=DIRECTION('',(0.,1.,0.));
#6873=DIRECTION('',(0.,0.,1.));
#6874=DIRECTION('',(1.,0.,0.));
#6875=DIRECTION('',(0.,1.,0.));
#6876=DIRECTION('',(0.,0.,1.));
#6877=DIRECTION('',(1.,0.,0.));
#6878=DIRECTION('',(-1.,0.,0.));
#6879=DIRECTION('',(0.,1.14784090164829E-15,1.));
#6880=DIRECTION('',(-1.,0.,0.));
#6881=DIRECTION('',(0.,-1.,1.14784090164829E-15));
#6882=DIRECTION('',(0.,-1.14784090164829E-15,-1.));
#6883=DIRECTION('',(0.,0.,-1.));
#6884=DIRECTION('',(0.,-1.,1.14784090164829E-15));
#6885=DIRECTION('',(0.,-1.14784090164829E-15,-1.));
#6886=DIRECTION('',(-1.,0.,0.));
#6887=DIRECTION('',(0.,1.14784090164829E-15,1.));
#6888=DIRECTION('',(-1.,0.,0.));
#6889=DIRECTION('',(0.,0.,1.));
#6890=DIRECTION('',(0.,-1.,0.));
#6891=DIRECTION('',(0.,0.,-1.));
#6892=DIRECTION('',(-1.,0.,0.));
#6893=DIRECTION('',(0.,-1.,0.));
#6894=DIRECTION('',(0.,0.,-1.));
#6895=DIRECTION('',(0.,0.,1.));
#6896=DIRECTION('',(0.,0.,1.));
#6897=DIRECTION('',(-1.,0.,0.));
#6898=DIRECTION('',(0.,0.,-1.));
#6899=DIRECTION('',(-1.,0.,0.));
#6900=DIRECTION('',(0.,0.,-1.));
#6901=DIRECTION('',(1.,0.,0.));
#6902=DIRECTION('',(0.,0.,1.));
#6903=DIRECTION('',(0.,0.,1.));
#6904=DIRECTION('',(0.,1.,0.));
#6905=DIRECTION('',(0.,0.,1.));
#6906=DIRECTION('',(1.,0.,0.));
#6907=DIRECTION('',(0.,1.,0.));
#6908=DIRECTION('',(0.,0.,1.));
#6909=DIRECTION('',(0.,0.,1.));
#6910=DIRECTION('',(1.,0.,0.));
#6911=DIRECTION('',(0.,0.,1.));
#6912=DIRECTION('',(1.,0.,0.));
#6913=DIRECTION('',(0.,1.,0.));
#6914=DIRECTION('',(0.,0.,1.));
#6915=DIRECTION('',(0.,0.,-1.));
#6916=DIRECTION('',(0.,1.,0.));
#6917=DIRECTION('',(0.,0.,1.));
#6918=DIRECTION('',(1.,0.,0.));
#6919=DIRECTION('',(0.,0.,1.));
#6920=DIRECTION('',(0.,0.,-1.));
#6921=DIRECTION('',(0.,-1.,0.));
#6922=DIRECTION('',(0.,1.,0.));
#6923=DIRECTION('',(0.,1.,0.));
#6924=DIRECTION('',(1.,0.,0.));
#6925=DIRECTION('',(0.,-1.,0.));
#6926=DIRECTION('',(-1.,0.,0.));
#6927=DIRECTION('',(0.,1.,0.));
#6928=DIRECTION('',(1.,0.,0.));
#6929=DIRECTION('',(0.,-1.,0.));
#6930=DIRECTION('',(-1.,0.,0.));
#6931=DIRECTION('',(0.,-1.,0.));
#6932=DIRECTION('',(1.,0.,0.));
#6933=DIRECTION('',(-1.,1.08420217248551E-15,0.));
#6934=DIRECTION('',(-9.91270557701032E-16,-1.,0.));
#6935=DIRECTION('',(-1.,0.,0.));
#6936=DIRECTION('',(0.,1.,0.));
#6937=DIRECTION('',(1.,0.,0.));
#6938=DIRECTION('',(-1.08420217248551E-15,-1.,0.));
#6939=DIRECTION('',(1.,-1.08420217248551E-15,0.));
#6940=DIRECTION('',(-1.,1.08420217248551E-15,0.));
#6941=DIRECTION('',(-1.08420217248551E-15,-1.,0.));
#6942=DIRECTION('',(1.,-1.08420217248551E-15,0.));
#6943=DIRECTION('',(0.,0.,1.));
#6944=DIRECTION('',(1.,-9.91270557701032E-16,0.));
#6945=DIRECTION('',(9.91270557701032E-16,1.,0.));
#6946=DIRECTION('',(9.91270557701032E-16,1.,0.));
#6947=DIRECTION('',(0.,0.,-1.));
#6948=DIRECTION('',(0.,1.,0.));
#6949=DIRECTION('',(0.,0.,1.));
#6950=DIRECTION('',(0.,0.,-1.));
#6951=DIRECTION('',(0.,0.,1.));
#6952=DIRECTION('',(1.,0.,0.));
#6953=DIRECTION('',(0.,0.,-1.));
#6954=DIRECTION('',(0.,-1.,0.));
#6955=DIRECTION('',(-9.91270557701032E-16,-1.,0.));
#6956=DIRECTION('',(-1.,0.,0.));
#6957=DIRECTION('',(0.,0.,1.));
#6958=DIRECTION('',(0.,0.,1.));
#6959=DIRECTION('',(0.,-1.,0.));
#6960=DIRECTION('',(0.,0.,1.));
#6961=DIRECTION('',(0.,-1.,0.));
#6962=DIRECTION('',(0.,0.,-1.));
#6963=DIRECTION('',(0.,0.,1.));
#6964=DIRECTION('',(1.,0.,0.));
#6965=DIRECTION('',(1.,0.,0.));
#6966=DIRECTION('',(0.,0.,-1.));
#6967=DIRECTION('',(0.,0.,1.));
#6968=DIRECTION('',(0.,1.,0.));
#6969=DIRECTION('',(0.,1.,0.));
#6970=DIRECTION('',(0.,0.,1.));
#6971=DIRECTION('',(-1.,0.,0.));
#6972=DIRECTION('',(0.,0.,1.));
#6973=DIRECTION('',(1.,0.,0.));
#6974=DIRECTION('',(-1.,0.,0.));
#6975=DIRECTION('',(0.,0.,1.));
#6976=DIRECTION('',(0.,0.,1.));
#6977=DIRECTION('',(0.,-1.,0.));
#6978=DIRECTION('',(0.,0.,1.));
#6979=DIRECTION('',(0.,-1.,0.));
#6980=DIRECTION('',(0.,0.,-1.));
#6981=DIRECTION('',(0.,0.,1.));
#6982=DIRECTION('',(1.,0.,0.));
#6983=DIRECTION('',(1.,0.,0.));
#6984=DIRECTION('',(0.,0.,-1.));
#6985=DIRECTION('',(0.,0.,1.));
#6986=DIRECTION('',(0.,1.,0.));
#6987=DIRECTION('',(0.,1.,0.));
#6988=DIRECTION('',(0.,0.,1.));
#6989=DIRECTION('',(-1.,0.,0.));
#6990=DIRECTION('',(0.,0.,1.));
#6991=DIRECTION('',(1.,0.,0.));
#6992=DIRECTION('',(-1.,0.,0.));
#6993=DIRECTION('',(0.,0.,1.));
#6994=DIRECTION('',(0.,0.,1.));
#6995=DIRECTION('',(1.,0.,0.));
#6996=DIRECTION('',(-1.,0.,0.));
#6997=DIRECTION('',(0.,1.,0.));
#6998=DIRECTION('',(0.,-2.72773366644008E-15,-1.));
#6999=DIRECTION('',(0.,1.,-2.72773366644008E-15));
#7000=DIRECTION('',(0.,-1.,2.72773366644008E-15));
#7001=DIRECTION('',(-1.,0.,0.));
#7002=DIRECTION('',(0.,-1.,2.72773366644008E-15));
#7003=DIRECTION('',(1.,0.,0.));
#7004=DIRECTION('',(0.,0.,-1.));
#7005=DIRECTION('',(0.,1.,0.));
#7006=DIRECTION('',(0.,0.,1.));
#7007=DIRECTION('',(0.,-0.707106781186546,0.707106781186549));
#7008=DIRECTION('',(0.,-0.581397693285012,-0.81361951933497));
#7009=DIRECTION('',(1.,0.,0.));
#7010=DIRECTION('',(0.,0.,-1.));
#7011=DIRECTION('',(0.,-1.,2.17778780369267E-15));
#7012=DIRECTION('',(0.,1.,-3.36814359860181E-15));
#7013=DIRECTION('',(0.,3.36814359860181E-15,1.));
#7014=DIRECTION('',(0.,-3.36814359860181E-15,-1.));
#7015=DIRECTION('',(0.,0.,-1.));
#7016=DIRECTION('',(0.,1.,0.));
#7017=DIRECTION('',(0.,0.,1.));
#7018=DIRECTION('',(-1.,0.,0.));
#7019=DIRECTION('',(0.,1.,0.));
#7020=DIRECTION('',(0.,0.,1.));
#7021=DIRECTION('',(0.,0.,-1.));
#7022=DIRECTION('',(0.,0.,1.));
#7023=DIRECTION('',(1.,0.,0.));
#7024=DIRECTION('',(-1.,0.,0.));
#7025=DIRECTION('',(0.,1.,0.));
#7026=DIRECTION('',(-1.,0.,0.));
#7027=DIRECTION('',(0.,1.,0.));
#7028=DIRECTION('',(0.,-1.,0.));
#7029=DIRECTION('',(0.,0.,-1.));
#7030=DIRECTION('',(-1.,0.,0.));
#7031=DIRECTION('',(0.,0.,1.));
#7032=DIRECTION('',(-1.,0.,0.));
#7033=DIRECTION('',(0.,0.,1.));
#7034=DIRECTION('',(0.,-0.707106781186549,-0.707106781186546));
#7035=DIRECTION('',(0.,0.707106781186546,-0.707106781186549));
#7036=DIRECTION('',(-1.,0.,0.));
#7037=DIRECTION('',(0.,-0.707106781186546,0.707106781186549));
#7038=DIRECTION('',(-1.,0.,0.));
#7039=DIRECTION('',(0.,-0.707106781186546,0.707106781186549));
#7040=DIRECTION('',(0.,0.81361951933497,-0.581397693285011));
#7041=DIRECTION('',(0.,0.581397693285012,0.81361951933497));
#7042=DIRECTION('',(-1.,0.,0.));
#7043=DIRECTION('',(0.,-0.581397693285012,-0.81361951933497));
#7044=DIRECTION('',(-1.,0.,0.));
#7045=DIRECTION('',(0.,-0.581397693285012,-0.81361951933497));
#7046=DIRECTION('',(0.,-2.17778780369267E-15,-1.));
#7047=DIRECTION('',(0.,1.,-2.17778780369267E-15));
#7048=DIRECTION('',(-1.,0.,0.));
#7049=DIRECTION('',(0.,-1.,2.17778780369267E-15));
#7050=DIRECTION('',(-1.,0.,0.));
#7051=DIRECTION('',(0.,-1.,2.17778780369267E-15));
#7052=DIRECTION('',(1.,0.,0.));
#7053=DIRECTION('',(0.,0.,-1.));
#7054=DIRECTION('',(1.,0.,0.));
#7055=DIRECTION('',(0.,0.,-1.));
#7056=DIRECTION('',(0.,1.14784090164829E-15,1.));
#7057=DIRECTION('',(0.,1.,0.));
#7058=DIRECTION('',(0.,-3.36814359860181E-15,-1.));
#7059=DIRECTION('',(0.,-1.,2.72773366644008E-15));
#7060=DIRECTION('',(0.,1.14784090164829E-15,1.));
#7061=DIRECTION('',(1.,0.,0.));
#7062=DIRECTION('',(0.,0.,-1.));
#7063=DIRECTION('',(0.,-1.,2.17778780369267E-15));
#7064=DIRECTION('',(1.,0.,0.));
#7065=DIRECTION('',(0.,0.,-1.));
#7066=DIRECTION('',(0.,-0.581397693285012,-0.81361951933497));
#7067=DIRECTION('',(0.,-0.707106781186546,0.707106781186549));
#7068=DIRECTION('',(0.,0.,1.));
#7069=DIRECTION('',(0.,1.,0.));
#7070=DIRECTION('',(1.,0.,0.));
#7071=DIRECTION('',(0.,0.,-1.));
#7072=DIRECTION('',(0.,-1.,0.));
#7073=DIRECTION('',(0.,0.,-1.));
#7074=DIRECTION('',(-1.,0.,0.));
#7075=DIRECTION('',(0.,-1.,0.));
#7076=DIRECTION('',(0.,-1.,0.));
#7077=DIRECTION('',(0.,-1.,0.));
#7078=DIRECTION('',(0.,0.,-1.));
#7079=DIRECTION('',(1.,0.,0.));
#7080=DIRECTION('',(0.,0.,-1.));
#7081=DIRECTION('',(0.,-1.,0.));
#7082=DIRECTION('',(0.,-1.,0.));
#7083=DIRECTION('',(0.,1.,0.));
#7084=DIRECTION('',(0.,0.,1.));
#7085=DIRECTION('',(1.,0.,0.));
#7086=DIRECTION('',(0.,0.,-1.));
#7087=DIRECTION('',(0.,1.,0.));
#7088=DIRECTION('',(0.,0.,-1.));
#7089=DIRECTION('',(0.,1.,0.));
#7090=DIRECTION('',(0.,0.,1.));
#7091=DIRECTION('',(1.,0.,0.));
#7092=DIRECTION('',(0.0523359562429426,-0.998629534754574,0.));
#7093=DIRECTION('',(0.,0.,1.));
#7094=DIRECTION('',(1.,0.,0.));
#7095=DIRECTION('',(1.,0.,0.));
#7096=DIRECTION('',(0.,0.,1.));
#7097=DIRECTION('',(1.,0.,0.));
#7098=DIRECTION('',(0.,1.,0.));
#7099=DIRECTION('',(0.,1.,0.));
#7100=DIRECTION('',(0.,0.,1.));
#7101=DIRECTION('',(1.,0.,0.));
#7102=DIRECTION('',(0.,0.,1.));
#7103=DIRECTION('',(1.,0.,0.));
#7104=DIRECTION('',(0.0523359562429426,0.998629534754574,0.));
#7105=DIRECTION('',(1.,0.,0.));
#7106=DIRECTION('',(-0.0523359562429426,-0.998629534754574,0.));
#7107=DIRECTION('',(-1.,0.,0.));
#7108=DIRECTION('',(0.849408897208383,0.527735279608288,0.));
#7109=DIRECTION('',(0.,-1.,0.));
#7110=DIRECTION('',(1.,2.25870506389289E-15,0.));
#7111=DIRECTION('',(0.,1.,0.));
#7112=DIRECTION('',(-1.,-2.25514051876985E-15,0.));
#7113=DIRECTION('',(0.,1.,0.));
#7114=DIRECTION('',(1.,2.25870506389289E-15,0.));
#7115=DIRECTION('',(0.,-1.,0.));
#7116=DIRECTION('',(-0.849408897208383,-0.527735279608288,0.));
#7117=DIRECTION('',(1.,0.,0.));
#7118=DIRECTION('',(0.,1.,0.));
#7119=DIRECTION('',(0.,-1.,0.));
#7120=DIRECTION('',(-1.,0.,0.));
#7121=DIRECTION('',(-0.849408897208383,0.527735279608288,0.));
#7122=DIRECTION('',(0.,1.,0.));
#7123=DIRECTION('',(1.,-2.25870506389289E-15,0.));
#7124=DIRECTION('',(0.,1.,0.));
#7125=DIRECTION('',(1.,-2.25514051876985E-15,0.));
#7126=DIRECTION('',(0.,1.,0.));
#7127=DIRECTION('',(1.,-2.25870506389289E-15,0.));
#7128=DIRECTION('',(0.,-1.,0.));
#7129=DIRECTION('',(-0.849408897208383,0.527735279608288,0.));
#7130=DIRECTION('',(1.,0.,0.));
#7131=DIRECTION('',(0.0523359562429426,-0.998629534754574,0.));
#7132=DIRECTION('',(-1.,0.,0.));
#7133=DIRECTION('',(0.,-1.,0.));
#7134=DIRECTION('',(0.,0.,-1.));
#7135=DIRECTION('',(0.,-1.,0.));
#7136=DIRECTION('',(0.,0.,-1.));
#7137=DIRECTION('',(1.,0.,0.));
#7138=DIRECTION('',(0.,0.,-1.));
#7139=DIRECTION('',(1.,0.,0.));
#7140=DIRECTION('',(0.,0.,-1.));
#7141=DIRECTION('',(0.,-1.,0.));
#7142=DIRECTION('',(0.,0.,-1.));
#7143=DIRECTION('',(1.,0.,0.));
#7144=DIRECTION('',(0.,-1.,0.));
#7145=DIRECTION('',(0.,0.,-1.));
#7146=DIRECTION('',(0.,0.,-1.));
#7147=DIRECTION('',(0.,0.,1.));
#7148=DIRECTION('',(1.,0.,0.));
#7149=DIRECTION('',(0.,-1.,0.));
#7150=DIRECTION('',(0.,-1.,0.));
#7151=DIRECTION('',(1.,0.,0.));
#7152=DIRECTION('',(0.,0.,-1.));
#7153=DIRECTION('',(0.,-1.,2.72773366644008E-15));
#7154=DIRECTION('',(0.,-1.,0.));
#7155=DIRECTION('',(0.,-1.,0.));
#7156=DIRECTION('',(0.,0.,-1.));
#7157=DIRECTION('',(-1.,0.,0.));
#7158=DIRECTION('',(0.,0.,1.));
#7159=DIRECTION('',(0.,-1.,0.));
#7160=DIRECTION('',(0.,-1.,0.));
#7161=DIRECTION('',(0.,0.,-1.));
#7162=DIRECTION('',(0.,0.,-1.));
#7163=DIRECTION('',(-1.,0.,0.));
#7164=DIRECTION('',(-9.91270557701032E-16,-1.,0.));
#7165=DIRECTION('',(0.,1.,0.));
#7166=DIRECTION('',(0.,0.,-1.));
#7167=DIRECTION('',(-1.,0.,0.));
#7168=DIRECTION('',(0.,1.,0.));
#7169=DIRECTION('',(1.,0.,0.));
#7170=DIRECTION('',(0.,1.,0.));
#7171=DIRECTION('',(0.,1.,0.));
#7172=DIRECTION('',(0.,0.,1.));
#7173=DIRECTION('',(0.,0.,1.));
#7174=DIRECTION('',(1.,0.,0.));
#7175=DIRECTION('',(0.,0.,1.));
#7176=DIRECTION('',(1.,0.,0.));
#7177=DIRECTION('',(0.,0.707106781186549,0.707106781186546));
#7178=DIRECTION('',(0.,-0.707106781186546,0.707106781186549));
#7179=DIRECTION('',(1.,0.,0.));
#7180=DIRECTION('',(0.,-0.707106781186546,0.707106781186549));
#7181=DIRECTION('',(1.,0.,0.));
#7182=DIRECTION('',(0.,-0.707106781186546,0.707106781186549));
#7183=DIRECTION('',(0.,-0.81361951933497,0.581397693285011));
#7184=DIRECTION('',(0.,-0.581397693285012,-0.81361951933497));
#7185=DIRECTION('',(1.,0.,0.));
#7186=DIRECTION('',(0.,-0.581397693285012,-0.81361951933497));
#7187=DIRECTION('',(1.,0.,0.));
#7188=DIRECTION('',(0.,-0.581397693285012,-0.81361951933497));
#7189=DIRECTION('',(0.,2.17778780369267E-15,1.));
#7190=DIRECTION('',(0.,-1.,2.17778780369267E-15));
#7191=DIRECTION('',(0.,-1.,2.17778780369267E-15));
#7192=DIRECTION('',(1.,0.,0.));
#7193=DIRECTION('',(0.,-1.,2.17778780369267E-15));
#7194=DIRECTION('',(1.,0.,0.));
#7195=DIRECTION('',(0.,2.72773366644008E-15,1.));
#7196=DIRECTION('',(0.,-1.,2.72773366644008E-15));
#7197=DIRECTION('',(0.,-1.,2.72773366644008E-15));
#7198=DIRECTION('',(1.,0.,0.));
#7199=DIRECTION('',(0.,0.,-1.));
#7200=DIRECTION('',(0.,-1.,2.17778780369267E-15));
#7201=DIRECTION('',(1.,0.,0.));
#7202=DIRECTION('',(0.,0.,-1.));
#7203=DIRECTION('',(0.,-0.581397693285012,-0.81361951933497));
#7204=DIRECTION('',(0.,-0.707106781186546,0.707106781186549));
#7205=DIRECTION('',(0.,0.,1.));
#7206=DIRECTION('',(0.,1.,0.));
#7207=DIRECTION('',(1.,0.,0.));
#7208=DIRECTION('',(0.,0.,-1.));
#7209=DIRECTION('',(0.,0.,-1.));
#7210=DIRECTION('',(0.,1.,0.));
#7211=DIRECTION('',(0.,0.,1.));
#7212=DIRECTION('',(0.,1.,0.));
#7213=DIRECTION('',(0.,0.,1.));
#7214=DIRECTION('',(0.,-0.707106781186546,0.707106781186549));
#7215=DIRECTION('',(0.,-0.581397693285012,-0.81361951933497));
#7216=DIRECTION('',(1.,0.,0.));
#7217=DIRECTION('',(0.,0.,-1.));
#7218=DIRECTION('',(0.,-1.,2.17778780369267E-15));
#7219=DIRECTION('',(1.,0.,0.));
#7220=DIRECTION('',(0.,0.,-1.));
#7221=DIRECTION('',(0.,0.,1.));
#7222=DIRECTION('',(0.,-1.,2.72773366644008E-15));
#7223=DIRECTION('',(1.,0.,0.));
#7224=DIRECTION('',(0.,0.,-1.));
#7225=DIRECTION('',(0.,1.,0.));
#7226=DIRECTION('',(0.,0.,-1.));
#7227=DIRECTION('',(0.,0.,-1.));
#7228=DIRECTION('',(-1.,0.,0.));
#7229=DIRECTION('',(-1.,0.,0.));
#7230=DIRECTION('',(0.,0.,-1.));
#7231=DIRECTION('',(-1.,0.,0.));
#7232=DIRECTION('',(-0.0523359562429426,0.998629534754574,0.));
#7233=DIRECTION('',(-1.,-2.31296463463574E-15,0.));
#7234=DIRECTION('',(-0.0523359562429426,-0.998629534754574,0.));
#7235=DIRECTION('',(0.,0.,-1.));
#7236=DIRECTION('',(-1.,0.,0.));
#7237=DIRECTION('',(0.,0.,-1.));
#7238=DIRECTION('',(-1.,0.,0.));
#7239=DIRECTION('',(0.,0.,-1.));
#7240=DIRECTION('',(-1.,0.,0.));
#7241=DIRECTION('',(0.,1.,0.));
#7242=DIRECTION('',(0.,0.,1.));
#7243=DIRECTION('',(0.,0.,1.));
#7244=DIRECTION('',(0.,0.,-1.));
#7245=DIRECTION('',(-2.25870506389289E-15,-1.,0.));
#7246=DIRECTION('',(1.,-2.25870506389289E-15,0.));
#7247=DIRECTION('',(0.,0.,1.));
#7248=DIRECTION('',(-2.25870506389289E-15,-1.,0.));
#7249=DIRECTION('',(1.,-2.25870506389289E-15,0.));
#7250=DIRECTION('',(0.,0.,1.));
#7251=DIRECTION('',(2.25870506389289E-15,-1.,0.));
#7252=DIRECTION('',(-1.,-2.25870506389289E-15,0.));
#7253=DIRECTION('',(0.,1.,0.));
#7254=DIRECTION('',(0.,0.,1.));
#7255=DIRECTION('',(0.,0.,1.));
#7256=DIRECTION('',(0.,0.,1.));
#7257=DIRECTION('',(0.,0.,1.));
#7258=DIRECTION('',(0.422618261740697,-0.906307787036651,0.));
#7259=DIRECTION('',(0.906307787036651,0.422618261740697,0.));
#7260=DIRECTION('',(0.,0.,1.));
#7261=DIRECTION('',(0.,0.,1.));
#7262=DIRECTION('',(-2.25870506389289E-15,-1.,0.));
#7263=DIRECTION('',(1.,-2.25870506389289E-15,0.));
#7264=DIRECTION('',(0.422618261740697,-0.906307787036651,0.));
#7265=DIRECTION('',(0.906307787036651,0.422618261740697,0.));
#7266=DIRECTION('',(0.,0.,1.));
#7267=DIRECTION('',(0.527735279608288,0.849408897208383,0.));
#7268=DIRECTION('',(-0.849408897208383,0.527735279608288,0.));
#7269=DIRECTION('',(0.527735279608288,0.849408897208383,0.));
#7270=DIRECTION('',(-0.849408897208383,0.527735279608288,0.));
#7271=DIRECTION('',(0.,0.,1.));
#7272=DIRECTION('',(1.,0.,0.));
#7273=DIRECTION('',(0.,0.,-1.));
#7274=DIRECTION('',(0.,1.,0.));
#7275=DIRECTION('',(0.981627183447663,-0.190808995376548,0.));
#7276=DIRECTION('',(0.190808995376548,0.981627183447663,0.));
#7277=DIRECTION('',(0.,0.,-1.));
#7278=DIRECTION('',(0.,0.,1.));
#7279=DIRECTION('',(-2.19224885678589E-15,-1.,0.));
#7280=DIRECTION('',(1.,-2.19224885678589E-15,0.));
#7281=DIRECTION('',(0.,0.,1.));
#7282=DIRECTION('',(1.,-2.09989456995732E-15,-1.39364972476291E-15));
#7283=DIRECTION('',(0.,0.,1.));
#7284=DIRECTION('',(-1.,2.19224885678589E-15,1.01101228234033E-15));
#7285=DIRECTION('',(0.,0.,-1.));
#7286=DIRECTION('',(0.,-1.,0.));
#7287=DIRECTION('',(0.,-1.,0.));
#7288=DIRECTION('',(0.,-1.,0.));
#7289=DIRECTION('',(1.01101228234033E-15,0.,1.));
#7290=DIRECTION('',(1.,0.,-1.01101228234033E-15));
#7291=DIRECTION('',(-0.0523359562429426,0.998629534754574,5.18626718568068E-17));
#7292=DIRECTION('',(-1.,0.,9.90956802548161E-16));
#7293=DIRECTION('',(-0.515038074910053,0.857167300702113,5.10380483903426E-16));
#7294=DIRECTION('',(-0.857167300702113,-0.515038074910053,0.));
#7295=DIRECTION('',(0.515038074910053,-0.857167300702113,0.));
#7296=DIRECTION('',(-0.447668650696838,0.745045750246292,0.494469017455302));
#7297=DIRECTION('',(0.,0.,1.));
#7298=DIRECTION('',(-0.998629534754574,-0.0523359562429426,0.));
#7299=DIRECTION('',(0.0523359562429426,-0.998629534754574,0.));
#7300=DIRECTION('',(0.,0.,1.));
#7301=DIRECTION('',(-0.0436245159526832,0.832405351829149,0.552447492395509));
#7302=DIRECTION('',(-0.998629534754574,-0.0523359562429426,0.));
#7303=DIRECTION('',(-0.0523359562429426,0.998629534754574,0.));
#7304=DIRECTION('',(0.527735279608288,0.849408897208383,0.));
#7305=DIRECTION('',(-0.849408897208383,0.527735279608288,0.));
#7306=DIRECTION('',(0.,0.,-1.));
#7307=DIRECTION('',(0.,1.,0.));
#7308=DIRECTION('',(0.,0.,1.));
#7309=DIRECTION('',(0.,-0.552973924871636,0.833198558815399));
#7310=DIRECTION('',(0.,-0.833198558815399,-0.552973924871636));
#7311=DIRECTION('',(0.0436245159526832,-0.832405351829149,-0.552447492395509));
#7312=DIRECTION('',(-1.,0.,0.));
#7313=DIRECTION('',(0.,-0.552973924871636,0.833198558815399));
#7314=DIRECTION('',(0.,0.833198558815399,0.552973924871636));
#7315=DIRECTION('',(-2.25514051876985E-15,-1.,0.));
#7316=DIRECTION('',(1.,-2.25514051876985E-15,0.));
#7317=DIRECTION('',(0.,0.,-1.));
#7318=DIRECTION('',(-0.889363920594847,1.96257812416312E-12,-0.457199974567106));
#7319=DIRECTION('',(-0.457199974567106,0.,0.889363920594847));
#7320=DIRECTION('',(0.821518763320497,0.383080490654369,0.422322458782824));
#7321=DIRECTION('',(0.457199974568855,0.,-0.889363920593948));
#7322=DIRECTION('',(0.457199974568858,6.50521303491302E-15,-0.889363920593947));
#7323=DIRECTION('',(-0.889363920593947,0.,-0.457199974568858));
#7324=DIRECTION('',(1.60340056062035E-14,-6.95364148475625E-29,1.));
#7325=DIRECTION('',(1.,0.,-1.60340056062035E-14));
#7326=DIRECTION('',(0.,0.,-1.));
#7327=DIRECTION('',(-1.,0.,0.));
#7328=DIRECTION('',(0.,0.,1.));
#7329=DIRECTION('',(1.,0.,0.));
#7330=DIRECTION('',(0.,0.,-1.));
#7331=DIRECTION('',(-1.,0.,0.));
#7332=DIRECTION('',(0.,0.,-1.));
#7333=DIRECTION('',(-1.,0.,0.));
#7334=DIRECTION('',(0.,0.,1.));
#7335=DIRECTION('',(1.,0.,0.));
#7336=DIRECTION('',(0.,1.,0.));
#7337=DIRECTION('',(0.,0.,1.));
#7338=DIRECTION('',(0.,1.,0.));
#7339=DIRECTION('',(0.,0.,1.));
#7340=DIRECTION('',(0.,0.,1.));
#7341=DIRECTION('',(0.,0.,1.));
#7342=DIRECTION('',(0.,0.,1.));
#7343=DIRECTION('',(-0.422618261740697,-0.906307787036651,0.));
#7344=DIRECTION('',(-0.906307787036651,0.422618261740697,0.));
#7345=DIRECTION('',(0.,0.,1.));
#7346=DIRECTION('',(0.,0.,1.));
#7347=DIRECTION('',(2.25870506389289E-15,-1.,0.));
#7348=DIRECTION('',(-1.,-2.25870506389289E-15,0.));
#7349=DIRECTION('',(0.,0.,1.));
#7350=DIRECTION('',(-2.25870506389289E-15,1.,0.));
#7351=DIRECTION('',(-1.,-2.25870506389289E-15,0.));
#7352=DIRECTION('',(0.,0.,1.));
#7353=DIRECTION('',(-0.422618261740697,-0.906307787036651,0.));
#7354=DIRECTION('',(-0.906307787036651,0.422618261740697,0.));
#7355=DIRECTION('',(0.,0.,1.));
#7356=DIRECTION('',(-0.527735279608288,0.849408897208383,0.));
#7357=DIRECTION('',(0.849408897208383,0.527735279608288,0.));
#7358=DIRECTION('',(0.,0.,1.));
#7359=DIRECTION('',(0.527735279608288,-0.849408897208383,0.));
#7360=DIRECTION('',(0.849408897208383,0.527735279608288,0.));
#7361=DIRECTION('',(0.,0.,1.));
#7362=DIRECTION('',(-1.,0.,0.));
#7363=DIRECTION('',(0.,0.,-1.));
#7364=DIRECTION('',(0.,1.,0.));
#7365=DIRECTION('',(-0.981627183447663,-0.190808995376548,0.));
#7366=DIRECTION('',(-0.190808995376548,0.981627183447663,0.));
#7367=DIRECTION('',(0.,0.,1.));
#7368=DIRECTION('',(0.,0.,-1.));
#7369=DIRECTION('',(2.19224885678589E-15,-1.,0.));
#7370=DIRECTION('',(-1.,-2.19224885678589E-15,0.));
#7371=DIRECTION('',(0.,0.,-1.));
#7372=DIRECTION('',(1.,2.19224885678589E-15,1.01101228234033E-15));
#7373=DIRECTION('',(0.,0.,1.));
#7374=DIRECTION('',(-1.,-2.09989456995732E-15,-1.39364972476291E-15));
#7375=DIRECTION('',(0.,0.,1.));
#7376=DIRECTION('',(0.857167300702113,-0.515038074910053,0.));
#7377=DIRECTION('',(-0.515038074910053,-0.857167300702113,0.));
#7378=DIRECTION('',(0.447668650696838,0.745045750246292,0.494469017455302));
#7379=DIRECTION('',(0.,0.,1.));
#7380=DIRECTION('',(0.,0.,1.));
#7381=DIRECTION('',(0.,-1.,0.));
#7382=DIRECTION('',(0.,-1.,0.));
#7383=DIRECTION('',(0.,-1.,0.));
#7384=DIRECTION('',(-1.01101228234033E-15,0.,1.));
#7385=DIRECTION('',(-1.,0.,-1.01101228234033E-15));
#7386=DIRECTION('',(0.0523359562429426,0.998629534754574,5.18626718568068E-17));
#7387=DIRECTION('',(0.515038074910053,0.857167300702113,5.10380483903426E-16));
#7388=DIRECTION('',(1.,0.,9.90956802548161E-16));
#7389=DIRECTION('',(0.857167300702113,-0.515038074910053,0.));
#7390=DIRECTION('',(-0.515038074910053,-0.857167300702113,0.));
#7391=DIRECTION('',(0.,0.,1.));
#7392=DIRECTION('',(0.447668650696838,0.745045750246292,0.494469017455302));
#7393=DIRECTION('',(0.998629534754574,-0.0523359562429426,0.));
#7394=DIRECTION('',(-0.0523359562429426,-0.998629534754574,0.));
#7395=DIRECTION('',(0.998629534754574,-0.0523359562429426,0.));
#7396=DIRECTION('',(0.0523359562429426,0.998629534754574,0.));
#7397=DIRECTION('',(0.0436245159526832,0.832405351829149,0.552447492395509));
#7398=DIRECTION('',(0.,0.,1.));
#7399=DIRECTION('',(-0.527735279608288,0.849408897208383,0.));
#7400=DIRECTION('',(0.849408897208383,0.527735279608288,0.));
#7401=DIRECTION('',(0.,0.,-1.));
#7402=DIRECTION('',(0.,1.,0.));
#7403=DIRECTION('',(0.,0.,1.));
#7404=DIRECTION('',(0.,-0.552973924871636,0.833198558815399));
#7405=DIRECTION('',(0.,-0.833198558815399,-0.552973924871636));
#7406=DIRECTION('',(1.,0.,0.));
#7407=DIRECTION('',(0.0436245159526832,0.832405351829149,0.552447492395509));
#7408=DIRECTION('',(0.,0.552973924871636,-0.833198558815399));
#7409=DIRECTION('',(0.,0.833198558815399,0.552973924871636));
#7410=DIRECTION('',(2.25514051876985E-15,-1.,0.));
#7411=DIRECTION('',(-1.,-2.25514051876985E-15,0.));
#7412=DIRECTION('',(0.,0.,-1.));
#7413=DIRECTION('',(-0.889363920594847,-1.96257812416312E-12,0.457199974567106));
#7414=DIRECTION('',(0.457199974567106,0.,0.889363920594847));
#7415=DIRECTION('',(0.821518763320497,-0.383080490654369,-0.422322458782824));
#7416=DIRECTION('',(-0.457199974568855,0.,-0.889363920593948));
#7417=DIRECTION('',(-0.457199974568858,6.50521303491302E-15,-0.889363920593947));
#7418=DIRECTION('',(0.889363920593947,0.,-0.457199974568858));
#7419=DIRECTION('',(1.60340056062035E-14,6.95364148475625E-29,-1.));
#7420=DIRECTION('',(-1.,0.,-1.60340056062035E-14));
#7421=DIRECTION('',(0.,0.,-1.));
#7422=DIRECTION('',(1.,0.,0.));
#7423=DIRECTION('',(0.,0.,1.));
#7424=DIRECTION('',(-1.,0.,0.));
#7425=DIRECTION('',(0.,0.,-1.));
#7426=DIRECTION('',(1.,0.,0.));
#7427=DIRECTION('',(0.,0.,-1.));
#7428=DIRECTION('',(1.,0.,0.));
#7429=DIRECTION('',(0.,0.,1.));
#7430=DIRECTION('',(-1.,0.,0.));
#7431=DIRECTION('',(0.,1.,0.));
#7432=DIRECTION('',(0.,0.,1.));
#7433=DIRECTION('',(-1.,0.,0.));
#7434=DIRECTION('',(0.,0.,1.));
#7435=DIRECTION('',(1.,0.,0.));
#7436=DIRECTION('',(0.,0.,-1.));
#7437=DIRECTION('',(0.,1.,0.));
#7438=DIRECTION('',(0.,0.,1.));
#7439=DIRECTION('',(-1.,0.,0.));
#7440=DIRECTION('',(0.,0.,1.));
#7441=DIRECTION('',(1.,0.,0.));
#7442=DIRECTION('',(0.,0.,-1.));
#7443=DIRECTION('',(1.,0.,0.));
#7444=DIRECTION('',(0.,0.,-1.));
#7445=DIRECTION('',(1.,0.,0.));
#7446=DIRECTION('',(0.,0.,-1.));
#7447=DIRECTION('',(1.,0.,0.));
#7448=DIRECTION('',(0.,0.,-1.));
#7449=DIRECTION('',(-1.,0.,0.));
#7450=DIRECTION('',(0.,0.,1.));
#7451=DIRECTION('',(-1.,0.,0.));
#7452=DIRECTION('',(0.,0.,1.));
#7453=DIRECTION('',(-1.,0.,0.));
#7454=DIRECTION('',(0.,0.,1.));
#7455=DIRECTION('',(-1.,0.,0.));
#7456=DIRECTION('',(0.,0.,1.));
#7457=DIRECTION('',(-1.,0.,0.));
#7458=DIRECTION('',(0.,0.,1.));
#7459=DIRECTION('',(-1.,0.,0.));
#7460=DIRECTION('',(0.,0.,1.));
#7461=DIRECTION('',(-1.,0.,0.));
#7462=DIRECTION('',(0.,0.,1.));
#7463=DIRECTION('',(-1.,0.,0.));
#7464=DIRECTION('',(0.,0.,1.));
#7465=DIRECTION('',(-1.,0.,0.));
#7466=DIRECTION('',(0.,0.,1.));
#7467=DIRECTION('',(1.,0.,0.));
#7468=DIRECTION('',(0.,0.,-1.));
#7469=DIRECTION('',(0.,-1.,0.));
#7470=DIRECTION('',(0.,0.,-1.));
#7471=DIRECTION('',(0.,0.581397693285008,0.813619519334972));
#7472=DIRECTION('',(0.,-0.813619519334972,0.581397693285008));
#7473=DIRECTION('',(0.,-1.,1.14784090164829E-15));
#7474=DIRECTION('',(0.,-1.14784090164829E-15,-1.));
#7475=DIRECTION('',(0.,-1.,1.14784090164829E-15));
#7476=DIRECTION('',(0.,-1.14784090164829E-15,-1.));
#7477=DIRECTION('',(1.,0.,0.));
#7478=DIRECTION('',(0.,0.,-1.));
#7479=DIRECTION('',(0.,1.,-2.17778780369267E-15));
#7480=DIRECTION('',(0.,2.17778780369267E-15,1.));
#7481=DIRECTION('',(0.,1.,0.));
#7482=DIRECTION('',(0.,0.,1.));
#7483=DIRECTION('',(0.,-0.581397693285012,-0.81361951933497));
#7484=DIRECTION('',(0.,0.81361951933497,-0.581397693285011));
#7485=DIRECTION('',(0.,0.581397693285014,0.813619519334968));
#7486=DIRECTION('',(0.,-0.813619519334968,0.581397693285014));
#7487=DIRECTION('',(0.,-1.,2.17778780369267E-15));
#7488=DIRECTION('',(0.,-2.17778780369267E-15,-1.));
#7489=DIRECTION('',(0.,-1.,0.));
#7490=DIRECTION('',(0.,0.,-1.));
#7491=DIRECTION('',(1.,0.,0.));
#7492=DIRECTION('',(0.,0.,-1.));
#7493=DIRECTION('',(1.,0.,0.));
#7494=DIRECTION('',(0.,0.,-1.));
#7495=DIRECTION('',(1.,0.,0.));
#7496=DIRECTION('',(0.,0.,-1.));
#7497=DIRECTION('',(-6.80707723798059E-15,0.581397693285014,0.813619519334968));
#7498=DIRECTION('',(0.,-0.813619519334968,0.581397693285014));
#7499=DIRECTION('',(1.,0.,0.));
#7500=DIRECTION('',(0.,0.,-1.));
#7501=DIRECTION('',(0.,0.707106781186545,-0.70710678118655));
#7502=DIRECTION('',(0.,0.70710678118655,0.707106781186545));
#7503=DIRECTION('',(1.,0.,0.));
#7504=DIRECTION('',(0.,0.,-1.));
#7505=DIRECTION('',(0.,-2.168404344971E-15,-1.));
#7506=DIRECTION('',(0.,1.,-2.168404344971E-15));
#7507=DIRECTION('',(0.,0.581397693285012,0.81361951933497));
#7508=DIRECTION('',(0.,-0.81361951933497,0.581397693285011));
#7509=DIRECTION('',(3.52851220175836E-15,0.581397693285013,0.813619519334969));
#7510=DIRECTION('',(0.,-0.813619519334969,0.581397693285013));
#7511=DIRECTION('',(0.,-0.707106781186546,0.707106781186549));
#7512=DIRECTION('',(0.,-0.707106781186549,-0.707106781186546));
#7513=DIRECTION('',(0.,0.707106781186545,-0.70710678118655));
#7514=DIRECTION('',(0.,0.70710678118655,0.707106781186545));
#7515=DIRECTION('',(0.,1.14784090164829E-15,1.));
#7516=DIRECTION('',(0.,-1.,1.14784090164829E-15));
#7517=DIRECTION('',(0.,-0.707106781186546,0.707106781186549));
#7518=DIRECTION('',(0.,-0.707106781186549,-0.707106781186546));
#7519=DIRECTION('',(1.,0.,0.));
#7520=DIRECTION('',(0.,0.,-1.));
#7521=DIRECTION('',(1.53329341668339E-15,0.707106781186546,-0.707106781186549));
#7522=DIRECTION('',(0.,0.707106781186549,0.707106781186546));
#7523=DIRECTION('',(1.,0.,0.));
#7524=DIRECTION('',(0.,0.,-1.));
#7525=DIRECTION('',(0.,0.,-1.));
#7526=DIRECTION('',(-1.,0.,0.));
#7527=DIRECTION('',(0.,-1.,2.72773366644008E-15));
#7528=DIRECTION('',(0.,-2.72773366644008E-15,-1.));
#7529=DIRECTION('',(0.,-0.70710678118655,-0.707106781186545));
#7530=DIRECTION('',(0.,-0.707106781186545,0.70710678118655));
#7531=DIRECTION('',(0.,0.707106781186546,-0.707106781186549));
#7532=DIRECTION('',(0.,0.707106781186549,0.707106781186546));
#7533=DIRECTION('',(0.,0.707106781186545,-0.70710678118655));
#7534=DIRECTION('',(0.,0.70710678118655,0.707106781186545));
#7535=DIRECTION('',(0.,0.,1.));
#7536=DIRECTION('',(1.,0.,0.));
#7537=DIRECTION('',(0.,0.,-1.));
#7538=DIRECTION('',(-1.,0.,0.));
#7539=DIRECTION('',(0.,-3.36814359860181E-15,-1.));
#7540=DIRECTION('',(0.,1.,-3.36814359860181E-15));
#7541=DIRECTION('',(0.,0.707106781186546,-0.707106781186549));
#7542=DIRECTION('',(0.,0.707106781186549,0.707106781186546));
#7543=DIRECTION('',(1.,0.,0.));
#7544=DIRECTION('',(0.,0.,-1.));
#7545=DIRECTION('',(0.,0.,-1.));
#7546=DIRECTION('',(-1.,0.,0.));
#7547=DIRECTION('',(1.,0.,0.));
#7548=DIRECTION('',(0.,0.,-1.));
#7549=DIRECTION('',(0.,-1.,0.));
#7550=DIRECTION('',(0.,0.,-1.));
#7551=DIRECTION('',(0.,1.,0.));
#7552=DIRECTION('',(0.,0.,1.));
#7553=DIRECTION('',(0.,0.707106781186548,0.707106781186547));
#7554=DIRECTION('',(0.,-0.707106781186547,0.707106781186548));
#7555=DIRECTION('',(0.,0.,-1.));
#7556=DIRECTION('',(-1.,0.,0.));
#7557=DIRECTION('',(0.,0.,-1.));
#7558=DIRECTION('',(-1.,0.,0.));
#7559=DIRECTION('',(0.,1.,0.));
#7560=DIRECTION('',(0.,0.,1.));
#7561=DIRECTION('',(0.,-1.,0.));
#7562=DIRECTION('',(0.,0.,-1.));
#7563=DIRECTION('',(0.,1.14784090164829E-15,1.));
#7564=DIRECTION('',(0.,-1.,1.14784090164829E-15));
#7565=DIRECTION('',(0.,0.,1.));
#7566=DIRECTION('',(1.,0.,0.));
#7567=DIRECTION('',(1.,0.,0.));
#7568=DIRECTION('',(0.,0.,-1.));
#7569=DIRECTION('',(0.,-1.,0.));
#7570=DIRECTION('',(0.,0.,-1.));
#7571=DIRECTION('',(1.,0.,0.));
#7572=DIRECTION('',(0.,0.,-1.));
#7573=DIRECTION('',(1.,0.,0.));
#7574=DIRECTION('',(0.,0.,-1.));
#7575=DIRECTION('',(0.,-1.,0.));
#7576=DIRECTION('',(0.,0.,-1.));
#7577=DIRECTION('',(0.,-1.,1.14784090164829E-15));
#7578=DIRECTION('',(0.,-1.14784090164829E-15,-1.));
#7579=DIRECTION('',(1.,0.,0.));
#7580=DIRECTION('',(0.,0.,-1.));
#7581=DIRECTION('',(-1.,0.,0.));
#7582=DIRECTION('',(0.,0.,1.));
#7583=DIRECTION('',(0.,-1.,1.14784090164829E-15));
#7584=DIRECTION('',(0.,-1.14784090164829E-15,-1.));
#7585=DIRECTION('',(0.,0.,1.));
#7586=DIRECTION('',(1.,0.,0.));
#7587=DIRECTION('',(0.,0.707106781186547,0.707106781186547));
#7588=DIRECTION('',(0.,-0.707106781186547,0.707106781186547));
#7589=DIRECTION('',(0.,0.707106781186547,0.707106781186547));
#7590=DIRECTION('',(0.,-0.707106781186547,0.707106781186547));
#7591=DIRECTION('',(0.,1.,0.));
#7592=DIRECTION('',(0.,0.,1.));
#7593=DIRECTION('',(0.,0.707106781186547,-0.707106781186547));
#7594=DIRECTION('',(0.,0.707106781186547,0.707106781186547));
#7595=DIRECTION('',(0.,1.,0.));
#7596=DIRECTION('',(0.,0.,1.));
#7597=DIRECTION('',(0.,1.,0.));
#7598=DIRECTION('',(0.,0.,1.));
#7599=DIRECTION('',(0.,0.,-1.));
#7600=DIRECTION('',(-1.,0.,0.));
#7601=DIRECTION('',(0.,-0.707106781186548,-0.707106781186546));
#7602=DIRECTION('',(0.,-0.707106781186547,0.707106781186548));
#7603=DIRECTION('',(0.,0.,-1.));
#7604=DIRECTION('',(-1.,0.,0.));
#7605=DIRECTION('',(0.,0.,-1.));
#7606=DIRECTION('',(-1.,0.,0.));
#7607=DIRECTION('',(1.,0.,0.));
#7608=DIRECTION('',(0.,0.,-1.));
#7609=DIRECTION('',(0.,-1.,2.72773366644008E-15));
#7610=DIRECTION('',(0.,-2.72773366644008E-15,-1.));
#7611=DIRECTION('',(0.,-0.707106781186547,0.707106781186548));
#7612=DIRECTION('',(0.,-0.707106781186548,-0.707106781186546));
#7613=DIRECTION('',(0.,-1.,0.));
#7614=DIRECTION('',(0.,0.,-1.));
#7615=DIRECTION('',(0.,1.,0.));
#7616=DIRECTION('',(0.,0.,1.));
#7617=DIRECTION('',(1.,0.,0.));
#7618=DIRECTION('',(0.,0.,-1.));
#7619=DIRECTION('',(-1.,0.,0.));
#7620=DIRECTION('',(0.,0.,1.));
#7621=DIRECTION('',(0.,0.,1.));
#7622=DIRECTION('',(1.,0.,0.));
#7623=DIRECTION('',(0.,0.,1.));
#7624=DIRECTION('',(1.,0.,0.));
#7625=DIRECTION('',(0.,0.,1.));
#7626=DIRECTION('',(1.,0.,0.));
#7627=DIRECTION('',(0.,0.,-1.));
#7628=DIRECTION('',(-1.,0.,0.));
#7629=DIRECTION('',(0.,0.,-1.));
#7630=DIRECTION('',(-1.,0.,0.));
#7631=DIRECTION('',(0.,0.,-1.));
#7632=DIRECTION('',(-1.,0.,0.));
#7633=DIRECTION('',(1.,0.,0.));
#7634=DIRECTION('',(0.,0.,-1.));
#7635=DIRECTION('',(0.,0.707106781186545,-0.70710678118655));
#7636=DIRECTION('',(0.,0.70710678118655,0.707106781186545));
#7637=DIRECTION('',(1.,0.,0.));
#7638=DIRECTION('',(0.,0.,-1.));
#7639=DIRECTION('',(1.,0.,0.));
#7640=DIRECTION('',(0.,0.,-1.));
#7641=DIRECTION('',(0.,-1.,0.));
#7642=DIRECTION('',(0.,0.,-1.));
#7643=DIRECTION('',(1.,0.,0.));
#7644=DIRECTION('',(0.,0.,-1.));
#7645=DIRECTION('',(0.,0.,-1.));
#7646=DIRECTION('',(-1.,0.,0.));
#7647=DIRECTION('',(0.,0.,1.));
#7648=DIRECTION('',(1.,0.,0.));
#7649=DIRECTION('',(1.,0.,0.));
#7650=DIRECTION('',(0.,0.,-1.));
#7651=DIRECTION('',(-1.,0.,0.));
#7652=DIRECTION('',(0.,0.,1.));
#7653=DIRECTION('',(0.,-0.707106781186546,0.707106781186549));
#7654=DIRECTION('',(0.,-0.707106781186549,-0.707106781186546));
#7655=DIRECTION('',(0.,-0.707106781186553,0.707106781186542));
#7656=DIRECTION('',(0.,-0.707106781186542,-0.707106781186553));
#7657=DIRECTION('',(0.,-0.581397693285012,-0.81361951933497));
#7658=DIRECTION('',(0.,0.81361951933497,-0.581397693285011));
#7659=DIRECTION('',(0.,-0.581397693285013,-0.813619519334969));
#7660=DIRECTION('',(0.,0.813619519334969,-0.581397693285013));
#7661=DIRECTION('',(-1.51430893534304E-15,0.581397693285013,0.813619519334969));
#7662=DIRECTION('',(0.,-0.813619519334969,0.581397693285013));
#7663=DIRECTION('',(0.,-1.,2.17778780369267E-15));
#7664=DIRECTION('',(0.,-2.17778780369267E-15,-1.));
#7665=DIRECTION('',(0.,1.,0.));
#7666=DIRECTION('',(0.,0.,1.));
#7667=DIRECTION('',(-1.,0.,0.));
#7668=DIRECTION('',(0.,0.,1.));
#7669=DIRECTION('',(1.,0.,0.));
#7670=DIRECTION('',(0.,0.,-1.));
#7671=DIRECTION('',(-1.,0.,0.));
#7672=DIRECTION('',(0.,0.,1.));
#7673=DIRECTION('',(0.,0.707106781186545,-0.70710678118655));
#7674=DIRECTION('',(0.,0.70710678118655,0.707106781186545));
#7675=DIRECTION('',(1.,8.67361737988409E-15,-6.50521303491307E-15));
#7676=DIRECTION('',(-8.67361737988409E-15,1.,0.));
#7677=DIRECTION('',(1.,0.,0.));
#7678=DIRECTION('',(0.,0.,-1.));
#7679=DIRECTION('',(1.,0.,0.));
#7680=DIRECTION('',(0.,0.,-1.));
#7681=DIRECTION('',(1.,0.,0.));
#7682=DIRECTION('',(0.,0.,-1.));
#7683=DIRECTION('',(0.,1.,0.));
#7684=DIRECTION('',(0.,0.,1.));
#7685=DIRECTION('',(0.,1.,0.));
#7686=DIRECTION('',(0.,0.,1.));
#7687=DIRECTION('',(0.,0.707106781186546,-0.707106781186549));
#7688=DIRECTION('',(0.,0.707106781186549,0.707106781186546));
#7689=DIRECTION('',(0.,-0.707106781186546,0.707106781186549));
#7690=DIRECTION('',(0.,-0.707106781186549,-0.707106781186546));
#7691=DIRECTION('',(1.,0.,0.));
#7692=DIRECTION('',(0.,0.,-1.));
#7693=DIRECTION('',(-1.,0.,0.));
#7694=DIRECTION('',(0.,0.,1.));
#7695=DIRECTION('',(-1.,0.,0.));
#7696=DIRECTION('',(0.,0.,1.));
#7697=DIRECTION('',(1.,0.,0.));
#7698=DIRECTION('',(0.,0.,-1.));
#7699=DIRECTION('',(0.,1.,-2.17778780369267E-15));
#7700=DIRECTION('',(0.,2.17778780369267E-15,1.));
#7701=DIRECTION('',(0.,1.,0.));
#7702=DIRECTION('',(0.,0.,1.));
#7703=DIRECTION('',(-1.,0.,-2.16840434497102E-15));
#7704=DIRECTION('',(-2.16840434497102E-15,0.,1.));
#7705=DIRECTION('',(0.,0.581397693285014,0.813619519334968));
#7706=DIRECTION('',(0.,-0.813619519334968,0.581397693285014));
#7707=DIRECTION('',(1.,0.,0.));
#7708=DIRECTION('',(0.,0.,-1.));
#7709=DIRECTION('',(1.76425610087918E-15,-0.581397693285013,-0.813619519334969));
#7710=DIRECTION('',(0.,0.813619519334969,-0.581397693285013));
#7711=DIRECTION('',(0.,0.581397693285012,0.81361951933497));
#7712=DIRECTION('',(0.,-0.81361951933497,0.581397693285011));
#7713=DIRECTION('',(0.,0.,-1.));
#7714=DIRECTION('',(-1.,0.,0.));
#7715=DIRECTION('',(0.,0.,1.));
#7716=DIRECTION('',(1.,0.,0.));
#7717=DIRECTION('',(0.998629534754574,-0.0523359562429426,0.));
#7718=DIRECTION('',(0.0523359562429426,0.998629534754574,0.));
#7719=DIRECTION('',(0.,0.,-1.));
#7720=DIRECTION('',(0.,0.,1.));
#7721=DIRECTION('',(0.998629534754574,-0.0523359562429426,0.));
#7722=DIRECTION('',(0.0523359562429426,0.998629534754574,0.));
#7723=DIRECTION('',(-0.998629534754574,-0.0523359562429426,0.));
#7724=DIRECTION('',(0.0523359562429426,-0.998629534754574,0.));
#7725=DIRECTION('',(0.,0.,1.));
#7726=DIRECTION('',(-0.998629534754574,-0.0523359562429426,0.));
#7727=DIRECTION('',(-0.0523359562429426,0.998629534754574,0.));
#7728=DIRECTION('',(0.,0.,1.));
#7729=DIRECTION('',(2.31296463463574E-15,-1.,0.));
#7730=DIRECTION('',(1.,2.31296463463574E-15,0.));
#7731=DIRECTION('',(1.,0.,0.));
#7732=DIRECTION('',(0.,0.,-1.));
#7733=DIRECTION('',(-1.,0.,0.));
#7734=DIRECTION('',(0.,0.,1.));
#7735=DIRECTION('',(0.,0.,-1.));
#7736=DIRECTION('',(-1.,0.,0.));
#7737=DIRECTION('',(0.,0.,1.));
#7738=DIRECTION('',(1.,0.,0.));
#7739=DIRECTION('',(-9.91270557701032E-16,-1.,0.));
#7740=DIRECTION('',(1.,-9.91270557701032E-16,0.));
#7741=DIRECTION('',(0.,0.,-1.));
#7742=DIRECTION('',(-1.,0.,0.));
#7743=DIRECTION('',(0.,0.,1.));
#7744=DIRECTION('',(1.,0.,0.));
#7745=DIRECTION('',(0.,1.,0.));
#7746=DIRECTION('',(-1.,0.,0.));
#7747=DIRECTION('',(0.,0.,1.));
#7748=DIRECTION('',(1.,0.,0.));
#7749=DIRECTION('',(-1.,0.,0.));
#7750=DIRECTION('',(0.,-1.,0.));
#7751=DIRECTION('',(0.,0.,1.));
#7752=DIRECTION('',(1.,0.,0.));
#7753=DIRECTION('',(0.,-1.,0.));
#7754=DIRECTION('',(1.,0.,0.));
#7755=DIRECTION('',(0.,0.,1.));
#7756=DIRECTION('',(1.,0.,0.));
#7757=DIRECTION('',(0.,0.,1.));
#7758=DIRECTION('',(-1.,0.,0.));
#7759=DIRECTION('',(0.,0.,1.));
#7760=DIRECTION('',(1.,0.,0.));
#7761=DIRECTION('',(1.,0.,0.));
#7762=DIRECTION('',(0.,1.,0.));
#7763=DIRECTION('',(0.,0.,1.));
#7764=DIRECTION('',(1.,0.,0.));
#7765=DIRECTION('',(-0.577350269189626,0.577350269189626,-0.577350269189626));
#7766=DIRECTION('',(-0.707106781186548,-0.707106781186547,1.66533453693773E-16));
#7767=DIRECTION('',(0.,0.,1.));
#7768=DIRECTION('',(1.,0.,0.));
#7769=DIRECTION('',(-0.718873086818576,0.585048618558824,-0.375419230954334));
#7770=DIRECTION('',(-0.631219055717027,-0.775604605259473,-3.14659178435317E-8));
#7771=DIRECTION('',(0.,0.,1.));
#7772=DIRECTION('',(1.,0.,0.));
#7773=DIRECTION('',(0.,0.,1.));
#7774=DIRECTION('',(1.,0.,0.));
#7775=DIRECTION('',(0.,0.0271190913748316,-0.999632209806689));
#7776=DIRECTION('',(0.,0.999632209806689,0.0271190913748316));
#7777=DIRECTION('',(-1.12161021336678E-14,0.999632209806689,0.0271190913748316));
#7778=DIRECTION('',(-1.,0.,0.));
#7779=DIRECTION('',(0.,0.999632209806689,0.0271190913748316));
#7780=DIRECTION('',(0.999936880021991,0.01123134596822,0.000304695961761182));
#7781=DIRECTION('',(4.81146808350105E-13,-0.86237221786272,-0.506274784932584));
#7782=DIRECTION('',(0.,0.506274784932584,-0.86237221786272));
#7783=DIRECTION('',(2.32360878124139E-14,-0.506274784932584,0.86237221786272));
#7784=DIRECTION('',(-1.,-5.49748116058353E-13,-1.50845519650158E-14));
#7785=DIRECTION('',(2.32360878124139E-14,-0.506274784932584,0.86237221786272));
#7786=DIRECTION('',(0.,0.506274784933951,-0.862372217861917));
#7787=DIRECTION('',(2.32360878124139E-14,-0.506274784932584,0.86237221786272));
#7788=DIRECTION('',(-1.,-5.56452361376139E-13,-6.28522998542326E-16));
#7789=DIRECTION('',(2.32360878124139E-14,-0.506274784932584,0.86237221786272));
#7790=DIRECTION('',(0.,0.506274784933951,-0.862372217861917));
#7791=DIRECTION('',(0.,0.0271190913748316,-0.999632209806689));
#7792=DIRECTION('',(0.,0.999632209806689,0.0271190913748316));
#7793=DIRECTION('',(0.,0.999632209806689,0.0271190913748316));
#7794=DIRECTION('',(-0.999936880021991,0.01123134596822,0.000304695961761182));
#7795=DIRECTION('',(0.,0.999632209806689,0.0271190913748316));
#7796=DIRECTION('',(0.999936880021991,-0.01123134596822,-0.000304695961761181));
#7797=DIRECTION('',(0.,-1.,0.));
#7798=DIRECTION('',(0.,0.,1.));
#7799=DIRECTION('',(0.,1.,0.));
#7800=DIRECTION('',(0.,0.,1.));
#7801=DIRECTION('',(1.,0.,0.));
#7802=DIRECTION('',(0.,-1.,0.));
#7803=DIRECTION('',(0.,0.,1.));
#7804=DIRECTION('',(1.,0.,0.));
#7805=DIRECTION('',(0.,-1.,0.));
#7806=DIRECTION('',(0.,0.,1.));
#7807=DIRECTION('',(0.,0.,1.));
#7808=DIRECTION('',(0.,-1.,0.));
#7809=DIRECTION('',(0.999934901527043,-0.0114102019308462,0.));
#7810=DIRECTION('',(0.,0.,1.));
#7811=DIRECTION('',(0.,-1.,0.));
#7812=DIRECTION('',(0.999934901527043,0.0114102019308462,0.));
#7813=DIRECTION('',(0.00984000532836263,0.86233046695188,0.506250274134929));
#7814=DIRECTION('',(0.,0.506274784933951,-0.862372217861917));
#7815=DIRECTION('',(-0.999936880021991,0.01123134596822,0.000304695961761183));
#7816=DIRECTION('',(-2.51114484073091E-10,-0.506274784932584,0.862372217862719));
#7817=DIRECTION('',(-0.999936880021991,0.0112313459682199,0.000304695961761297));
#7818=DIRECTION('',(0.00984000532836263,0.86233046695188,0.506250274134929));
#7819=DIRECTION('',(-0.0178493967245828,0.506345593683796,-0.862145891826652));
#7820=DIRECTION('',(0.99995158597561,-0.00848574721878869,-0.00498174658136906));
#7821=DIRECTION('',(-2.51114484073091E-10,-0.506274784932584,0.862372217862719));
#7822=DIRECTION('',(0.999934901527043,-0.0114102019308462,-1.66132587568637E-18));
#7823=DIRECTION('',(0.00984000532836263,0.86233046695188,0.506250274134929));
#7824=DIRECTION('',(0.0248788515801157,-0.506329190146763,0.86198131879373));
#7825=DIRECTION('',(0.00984000532836263,0.86233046695188,0.506250274134929));
#7826=DIRECTION('',(-0.0178493967245728,0.506345593683838,-0.862145891826627));
#7827=DIRECTION('',(-0.999936880021991,0.01123134596822,0.000304695961761182));
#7828=DIRECTION('',(-0.0112313464895771,-0.999936926438879,0.));
#7829=DIRECTION('',(1.,1.17638453599363E-14,-2.00381565812257E-14));
#7830=DIRECTION('',(-1.12161021337047E-14,0.999632209806738,0.0271190913730211));
#7831=DIRECTION('',(-0.999936880021991,0.01123134596822,0.000304695961761185));
#7832=DIRECTION('',(-0.0112313464895771,-0.999936926438878,0.));
#7833=DIRECTION('',(-0.999936880021991,0.01123134596822,0.000304695961761182));
#7834=DIRECTION('',(0.999934901527043,-0.0114102019308462,0.));
#7835=DIRECTION('',(0.0114102019308462,0.999934901527043,0.));
#7836=DIRECTION('',(1.,1.17638453599363E-14,-2.00381565812257E-14));
#7837=DIRECTION('',(1.17638453599714E-14,-1.,1.75604711023065E-12));
#7838=DIRECTION('',(0.999934901527043,-0.0114102019308462,0.));
#7839=DIRECTION('',(-0.00984000532836263,0.86233046695188,0.506250274134929));
#7840=DIRECTION('',(0.,0.506274784933951,-0.862372217861917));
#7841=DIRECTION('',(0.00984000532836263,-0.86233046695188,-0.506250274134929));
#7842=DIRECTION('',(0.0178493967245728,0.506345593683838,-0.862145891826627));
#7843=DIRECTION('',(0.999936880021991,0.01123134596822,0.000304695961761182));
#7844=DIRECTION('',(0.00984000532836263,-0.86233046695188,-0.506250274134929));
#7845=DIRECTION('',(0.0178493967245728,0.506345593683838,-0.862145891826627));
#7846=DIRECTION('',(0.00984000532836263,-0.86233046695188,-0.506250274134929));
#7847=DIRECTION('',(-0.0248788515801157,-0.506329190146763,0.86198131879373));
#7848=DIRECTION('',(0.,0.999632209806689,0.0271190913748316));
#7849=DIRECTION('',(-1.,0.,0.));
#7850=DIRECTION('',(0.00934910964791608,-0.875830690139332,-0.482527922879963));
#7851=DIRECTION('',(0.0181113449827627,0.482618168624583,-0.875643581884987));
#7852=DIRECTION('',(0.,0.,-1.));
#7853=DIRECTION('',(0.,1.,0.));
#7854=DIRECTION('',(0.,-1.,0.));
#7855=DIRECTION('',(0.,0.,1.));
#7856=DIRECTION('',(0.,0.0271190913748316,-0.999632209806689));
#7857=DIRECTION('',(0.,0.999632209806689,0.0271190913748316));
#7858=DIRECTION('',(1.12161021336678E-14,-0.999632209806689,-0.0271190913748316));
#7859=DIRECTION('',(0.,0.999632209806689,0.0271190913748316));
#7860=DIRECTION('',(-1.,0.,0.));
#7861=DIRECTION('',(0.,0.999632209806689,0.0271190913748316));
#7862=DIRECTION('',(1.,0.,0.));
#7863=DIRECTION('',(0.,-1.,0.));
#7864=DIRECTION('',(0.,0.,1.));
#7865=DIRECTION('',(0.,0.,-1.));
#7866=DIRECTION('',(0.,1.,0.));
#7867=DIRECTION('',(-0.00934910964791608,-0.875830690139332,-0.482527922879963));
#7868=DIRECTION('',(-0.0181113449827625,0.482618168624583,-0.875643581884987));
#7869=DIRECTION('',(0.,-1.,0.));
#7870=DIRECTION('',(0.,0.,1.));
#7871=DIRECTION('',(0.,-1.,0.));
#7872=DIRECTION('',(-0.999627213411288,0.,-0.0273026410367773));
#7873=DIRECTION('',(0.991671079072552,3.45294594572483E-15,0.128796238031549));
#7874=DIRECTION('',(-1.,0.,0.));
#7875=DIRECTION('',(0.,1.,0.));
#7876=DIRECTION('',(0.,0.,-1.));
#7877=DIRECTION('',(0.,0.,1.));
#7878=DIRECTION('',(0.,-1.,0.));
#7879=DIRECTION('',(0.,0.,1.));
#7880=DIRECTION('',(1.,0.,0.));
#7881=DIRECTION('',(1.,0.,0.));
#7882=DIRECTION('',(0.,0.,1.));
#7883=DIRECTION('',(0.,-1.,0.));
#7884=DIRECTION('',(0.,0.,1.));
#7885=DIRECTION('',(0.,-1.,0.));
#7886=DIRECTION('',(0.,0.,1.));
#7887=DIRECTION('',(-1.,0.,0.));
#7888=DIRECTION('',(0.,-1.,0.));
#7889=DIRECTION('',(0.,1.,0.));
#7890=DIRECTION('',(0.,0.,-1.));
#7891=DIRECTION('',(0.,-1.,0.));
#7892=DIRECTION('',(0.,0.,1.));
#7893=DIRECTION('',(1.,0.,0.));
#7894=DIRECTION('',(0.,1.,0.));
#7895=DIRECTION('',(0.,1.,0.));
#7896=DIRECTION('',(0.,0.,-1.));
#7897=DIRECTION('',(0.,-1.,0.));
#7898=DIRECTION('',(0.,0.,1.));
#7899=DIRECTION('',(0.,-1.,0.));
#7900=DIRECTION('',(1.,0.,0.));
#7901=DIRECTION('',(1.,0.,0.));
#7902=DIRECTION('',(1.,0.,0.));
#7903=DIRECTION('',(0.,0.,-1.));
#7904=DIRECTION('',(0.,1.,0.));
#7905=DIRECTION('',(-1.,0.,0.));
#7906=DIRECTION('',(-1.,0.,0.));
#7907=DIRECTION('',(0.,0.,1.));
#7908=DIRECTION('',(-1.,0.,0.));
#7909=DIRECTION('',(0.,0.,1.));
#7910=DIRECTION('',(0.,-1.,0.));
#7911=DIRECTION('',(1.,0.,0.));
#7912=DIRECTION('',(0.,-1.,0.));
#7913=DIRECTION('',(1.,0.,0.));
#7914=DIRECTION('',(0.,-1.,0.));
#7915=DIRECTION('',(0.,-1.,0.));
#7916=DIRECTION('',(0.,1.,0.));
#7917=DIRECTION('',(-1.,0.,0.));
#7918=DIRECTION('',(-1.,0.,0.));
#7919=DIRECTION('',(0.,0.,-1.));
#7920=DIRECTION('',(1.,0.,0.));
#7921=DIRECTION('',(0.,-1.,0.));
#7922=DIRECTION('',(1.,0.,0.));
#7923=DIRECTION('',(-1.,0.,0.));
#7924=DIRECTION('',(-1.,0.,0.));
#7925=DIRECTION('',(0.,0.,-1.));
#7926=DIRECTION('',(0.,0.,1.));
#7927=DIRECTION('',(0.,-1.,0.));
#7928=DIRECTION('',(0.,-1.,0.));
#7929=DIRECTION('',(0.,0.,1.));
#7930=DIRECTION('',(0.,-1.,0.));
#7931=DIRECTION('',(1.,0.,0.));
#7932=DIRECTION('',(1.,0.,0.));
#7933=DIRECTION('',(0.,-1.,0.));
#7934=DIRECTION('',(0.,-1.,0.));
#7935=DIRECTION('',(0.991671079072554,-6.90589189144973E-15,-0.12879623803154));
#7936=DIRECTION('',(0.00984000532836263,0.86233046695188,0.506250274134929));
#7937=DIRECTION('',(0.,0.506274784933951,-0.862372217861917));
#7938=DIRECTION('',(0.999936880021991,-0.0112313459682199,-0.000304695961761297));
#7939=DIRECTION('',(0.99995158597561,-0.00848574721878869,-0.00498174658136906));
#7940=DIRECTION('',(0.00984000532836263,0.86233046695188,0.506250274134929));
#7941=DIRECTION('',(-0.0178493967245828,0.506345593683796,-0.862145891826652));
#7942=DIRECTION('',(0.,-1.,0.));
#7943=DIRECTION('',(0.,0.,1.));
#7944=DIRECTION('',(1.,0.,0.));
#7945=DIRECTION('',(0.,0.,-1.));
#7946=DIRECTION('',(0.,-0.506274784933951,0.862372217861917));
#7947=DIRECTION('',(0.,-0.862372217861917,-0.506274784933951));
#7948=DIRECTION('',(0.,-0.506274784933951,0.862372217861917));
#7949=DIRECTION('',(0.,0.862372217861917,0.506274784933951));
#7950=DIRECTION('',(0.,0.862372217861917,0.506274784933951));
#7951=DIRECTION('',(0.,0.0271190913748316,-0.999632209806689));
#7952=DIRECTION('',(0.,0.999632209806689,0.0271190913748316));
#7953=DIRECTION('',(0.,0.999632209806689,0.0271190913748316));
#7954=DIRECTION('',(0.,-0.999632209806689,-0.0271190913748316));
#7955=DIRECTION('',(0.,0.999632209806689,0.0271190913748316));
#7956=DIRECTION('',(1.,0.,0.));
#7957=DIRECTION('',(0.,0.,1.));
#7958=DIRECTION('',(0.,-1.,0.));
#7959=DIRECTION('',(1.,0.,0.));
#7960=DIRECTION('',(0.,-1.,-6.480688943452E-17));
#7961=DIRECTION('',(1.,0.,0.));
#7962=DIRECTION('',(0.,0.,1.));
#7963=DIRECTION('',(0.,0.,1.));
#7964=DIRECTION('',(0.,0.,1.));
#7965=DIRECTION('',(0.,1.,0.));
#7966=DIRECTION('',(0.,0.,1.));
#7967=DIRECTION('',(0.,-1.,0.));
#7968=DIRECTION('',(0.,-1.,0.));
#7969=DIRECTION('',(0.,0.,1.));
#7970=DIRECTION('',(1.,0.,0.));
#7971=DIRECTION('',(0.,-1.,0.));
#7972=DIRECTION('',(0.,0.,-1.));
#7973=DIRECTION('',(0.,-1.,0.));
#7974=DIRECTION('',(0.,0.,-1.));
#7975=DIRECTION('',(1.,0.,0.));
#7976=DIRECTION('',(0.,-1.,0.));
#7977=DIRECTION('',(0.,0.,-1.));
#7978=DIRECTION('',(0.,0.,-1.));
#7979=DIRECTION('',(0.,0.,-1.));
#7980=DIRECTION('',(1.,0.,0.));
#7981=DIRECTION('',(0.,0.,1.));
#7982=DIRECTION('',(0.,1.,0.));
#7983=DIRECTION('',(0.,0.,-1.));
#7984=DIRECTION('',(0.,-1.,0.));
#7985=DIRECTION('',(0.,0.,1.));
#7986=DIRECTION('',(1.,0.,0.));
#7987=DIRECTION('',(0.,-1.,0.));
#7988=DIRECTION('',(0.,0.,-1.));
#7989=DIRECTION('',(0.,0.,1.));
#7990=DIRECTION('',(0.,1.,0.));
#7991=DIRECTION('',(0.,0.,-1.));
#7992=DIRECTION('',(1.,0.,0.));
#7993=DIRECTION('',(0.,-1.,0.));
#7994=DIRECTION('',(0.,0.,-1.));
#7995=DIRECTION('',(0.,0.,1.));
#7996=DIRECTION('',(0.,-1.,0.));
#7997=DIRECTION('',(0.,0.,1.));
#7998=DIRECTION('',(0.,1.,0.));
#7999=DIRECTION('',(0.,0.,1.));
#8000=DIRECTION('',(0.,-1.,0.));
#8001=DIRECTION('',(0.00411149292631553,-0.999991541471936,-0.000112296478113442));
#8002=DIRECTION('',(0.999991547777132,0.00411149295223952,0.));
#8003=DIRECTION('',(0.,-1.,0.));
#8004=DIRECTION('',(0.999627213411288,0.,-0.0273026410367773));
#8005=DIRECTION('',(0.,0.,1.));
#8006=DIRECTION('',(0.,-1.,0.));
#8007=DIRECTION('',(-1.,-5.57709407373224E-13,0.));
#8008=DIRECTION('',(1.17638453599363E-14,-1.,0.));
#8009=DIRECTION('',(-0.999934901527043,-0.0114102019308462,0.));
#8010=DIRECTION('',(0.,-1.,0.));
#8011=DIRECTION('',(1.,0.,0.));
#8012=DIRECTION('',(-1.17638453599363E-14,1.,0.));
#8013=DIRECTION('',(0.,-1.,0.));
#8014=DIRECTION('',(0.,0.,1.));
#8015=DIRECTION('',(0.,-1.,0.));
#8016=DIRECTION('',(0.,0.,-1.));
#8017=DIRECTION('',(-1.,0.,0.));
#8018=DIRECTION('',(0.00411149292631553,-0.999991541471936,-0.000112296478113442));
#8019=DIRECTION('',(0.999991547777132,0.00411149295223952,0.));
#8020=DIRECTION('',(0.00984000532836263,0.86233046695188,0.506250274134929));
#8021=DIRECTION('',(0.0248788515801157,-0.506329190146763,0.86198131879373));
#8022=DIRECTION('',(0.00984000532836263,0.86233046695188,0.506250274134929));
#8023=DIRECTION('',(0.0248788515801157,-0.506329190146763,0.86198131879373));
#8024=DIRECTION('',(0.,-1.,0.));
#8025=DIRECTION('',(0.999627213411288,0.,-0.0273026410367773));
#8026=DIRECTION('',(0.00984000532836263,0.86233046695188,0.506250274134929));
#8027=DIRECTION('',(0.,0.506274784933951,-0.862372217861917));
#8028=DIRECTION('',(0.999934901527043,-0.0114102019308462,0.));
#8029=DIRECTION('',(0.,0.506274784934715,-0.862372217861468));
#8030=DIRECTION('',(0.999936880021991,-0.01123134596822,-0.000304695961761181));
#8031=DIRECTION('',(0.00984000532836263,0.86233046695188,0.506250274134929));
#8032=DIRECTION('',(-0.0178493967245728,0.506345593683838,-0.862145891826627));
#8033=DIRECTION('',(1.,0.,0.));
#8034=DIRECTION('',(0.,0.,1.));
#8035=DIRECTION('',(0.,-1.,0.));
#8036=DIRECTION('',(0.,0.,1.));
#8037=DIRECTION('',(0.,0.999632209806689,0.0271190913748316));
#8038=DIRECTION('',(1.,0.,0.));
#8039=DIRECTION('',(0.,0.,1.));
#8040=DIRECTION('',(0.,1.,0.));
#8041=DIRECTION('',(0.,0.506274784934715,-0.862372217861468));
#8042=DIRECTION('',(0.,-0.999632209806689,-0.0271190913748316));
#8043=DIRECTION('',(0.,0.0271190913748316,-0.999632209806689));
#8044=DIRECTION('',(0.,0.999632209806689,0.0271190913748316));
#8045=DIRECTION('',(0.,0.999632209806689,0.0271190913748316));
#8046=DIRECTION('',(-0.999936880021991,-0.01123134596822,-0.000304695961761181));
#8047=DIRECTION('',(0.,0.999632209806689,0.0271190913748316));
#8048=DIRECTION('',(0.,0.999632209806689,0.0271190913748316));
#8049=DIRECTION('',(1.,0.,0.));
#8050=DIRECTION('',(0.00984000532836263,0.86233046695188,0.506250274134929));
#8051=DIRECTION('',(-0.0178493967245728,0.506345593683838,-0.862145891826627));
#8052=DIRECTION('',(0.00984000532836263,0.86233046695188,0.506250274134929));
#8053=DIRECTION('',(0.,0.506274784933951,-0.862372217861917));
#8054=DIRECTION('',(0.00984000532836263,0.86233046695188,0.506250274134929));
#8055=DIRECTION('',(-0.0178493967245728,0.506345593683838,-0.862145891826627));
#8056=DIRECTION('',(0.,0.999632209806689,0.0271190913748316));
#8057=DIRECTION('',(1.,0.,0.));
#8058=DIRECTION('',(0.,0.999632209806689,0.0271190913748316));
#8059=DIRECTION('',(0.,-1.,0.));
#8060=DIRECTION('',(0.,0.,1.));
#8061=DIRECTION('',(0.,0.999632209806689,0.0271190913748316));
#8062=DIRECTION('',(0.,-0.0271190913748316,0.999632209806689));
#8063=DIRECTION('',(0.,-1.,0.));
#8064=DIRECTION('',(0.,0.,1.));
#8065=DIRECTION('',(0.,-0.999632209806689,-0.0271190913748316));
#8066=DIRECTION('',(0.,-1.,0.));
#8067=DIRECTION('',(0.,0.,1.));
#8068=DIRECTION('',(0.,-1.,0.));
#8069=DIRECTION('',(0.,-1.,0.));
#8070=DIRECTION('',(0.,0.,-1.));
#8071=DIRECTION('',(0.,-1.,0.));
#8072=DIRECTION('',(0.,0.,1.));
#8073=DIRECTION('',(1.,0.,0.));
#8074=DIRECTION('',(1.,0.,0.));
#8075=DIRECTION('',(0.,0.0271190913748316,-0.999632209806689));
#8076=DIRECTION('',(0.,0.999632209806689,0.0271190913748316));
#8077=DIRECTION('',(-0.999936880021991,-0.01123134596822,-0.000304695961761181));
#8078=DIRECTION('',(0.,0.999632209806689,0.0271190913748316));
#8079=DIRECTION('',(1.,0.,0.));
#8080=DIRECTION('',(0.,0.999632209806689,0.0271190913748316));
#8081=DIRECTION('',(0.,0.,1.));
#8082=DIRECTION('',(0.,-1.,0.));
#8083=DIRECTION('',(0.999934901527043,0.0114102019308462,0.));
#8084=DIRECTION('',(0.,-1.,0.));
#8085=DIRECTION('',(-1.,0.,0.));
#8086=DIRECTION('',(0.,0.,-1.));
#8087=DIRECTION('',(-1.,0.,0.));
#8088=DIRECTION('',(1.,5.59095822222197E-13,0.));
#8089=DIRECTION('',(1.17638453599363E-14,-1.,0.));
#8090=DIRECTION('',(0.,1.,0.));
#8091=DIRECTION('',(0.,1.,0.));
#8092=DIRECTION('',(1.17638453599363E-14,-1.,0.));
#8093=DIRECTION('',(0.,-1.,0.));
#8094=DIRECTION('',(1.,0.,0.));
#8095=DIRECTION('',(0.,-1.,0.));
#8096=DIRECTION('',(-1.,0.,0.));
#8097=DIRECTION('',(0.,-1.,0.));
#8098=DIRECTION('',(1.,0.,0.));
#8099=DIRECTION('',(0.,-1.,0.));
#8100=DIRECTION('',(-1.,0.,0.));
#8101=DIRECTION('',(0.,0.155610722237027,-0.987818456562172));
#8102=DIRECTION('',(0.,-0.987818456562172,-0.155610722237027));
#8103=DIRECTION('',(0.,-0.987818456562172,-0.155610722237027));
#8104=DIRECTION('',(1.,0.,0.));
#8105=DIRECTION('',(0.,-0.987818456562172,-0.155610722237027));
#8106=DIRECTION('',(-1.,0.,0.));
#8107=DIRECTION('',(0.,0.,-1.));
#8108=DIRECTION('',(0.,0.,1.));
#8109=DIRECTION('',(-1.,0.,0.));
#8110=DIRECTION('',(0.,0.,-1.));
#8111=DIRECTION('',(0.,0.,1.));
#8112=DIRECTION('',(0.,-1.,0.));
#8113=DIRECTION('',(0.,0.,1.));
#8114=DIRECTION('',(0.,1.,0.));
#8115=DIRECTION('',(0.,0.,1.));
#8116=DIRECTION('',(0.,0.,1.));
#8117=DIRECTION('',(0.,-1.,0.));
#8118=DIRECTION('',(0.,1.,0.));
#8119=DIRECTION('',(-0.00984000532836263,0.86233046695188,0.506250274134929));
#8120=DIRECTION('',(0.,0.506274784933951,-0.862372217861917));
#8121=DIRECTION('',(-0.999936880021991,-0.0112313459682199,-0.000304695961761297));
#8122=DIRECTION('',(0.00984000532836263,-0.86233046695188,-0.506250274134929));
#8123=DIRECTION('',(0.0178493967245828,0.506345593683796,-0.862145891826652));
#8124=DIRECTION('',(-0.99995158597561,-0.00848574721878869,-0.00498174658136906));
#8125=DIRECTION('',(-1.,0.,0.));
#8126=DIRECTION('',(0.,0.,1.));
#8127=DIRECTION('',(0.,-1.,0.));
#8128=DIRECTION('',(0.,0.,-1.));
#8129=DIRECTION('',(0.,-1.,0.));
#8130=DIRECTION('',(0.,0.,1.));
#8131=DIRECTION('',(0.,0.,1.));
#8132=DIRECTION('',(1.,0.,0.));
#8133=DIRECTION('',(0.,-0.506274784933951,0.862372217861917));
#8134=DIRECTION('',(0.,-0.862372217861917,-0.506274784933951));
#8135=DIRECTION('',(-0.99995158597561,-0.00848574721878869,-0.00498174658136906));
#8136=DIRECTION('',(0.,0.862372217861917,0.506274784933951));
#8137=DIRECTION('',(0.,0.506274784933951,-0.862372217861917));
#8138=DIRECTION('',(0.,0.862372217861917,0.506274784933951));
#8139=DIRECTION('',(0.,0.0271190913748316,-0.999632209806689));
#8140=DIRECTION('',(0.,0.999632209806689,0.0271190913748316));
#8141=DIRECTION('',(0.,0.999632209806689,0.0271190913748316));
#8142=DIRECTION('',(0.,-0.999632209806689,-0.0271190913748316));
#8143=DIRECTION('',(0.999936880021991,0.0112313459682199,0.000304695961761297));
#8144=DIRECTION('',(0.,0.999632209806689,0.0271190913748316));
#8145=DIRECTION('',(-1.,0.,0.));
#8146=DIRECTION('',(0.00984000532836263,-0.86233046695188,-0.506250274134929));
#8147=DIRECTION('',(0.0178493967245828,0.506345593683796,-0.862145891826652));
#8148=DIRECTION('',(0.,0.,1.));
#8149=DIRECTION('',(0.,-1.,0.));
#8150=DIRECTION('',(0.,-1.,-6.480688943452E-17));
#8151=DIRECTION('',(-1.,0.,0.));
#8152=DIRECTION('',(0.,0.,1.));
#8153=DIRECTION('',(0.,-1.,0.));
#8154=DIRECTION('',(0.,1.,0.));
#8155=DIRECTION('',(-0.00984000532836263,0.86233046695188,0.506250274134929));
#8156=DIRECTION('',(0.,0.506274784933951,-0.862372217861917));
#8157=DIRECTION('',(2.32360878124139E-14,-0.506274784934715,0.862372217861469));
#8158=DIRECTION('',(0.999936880021991,0.01123134596822,0.000304695961761183));
#8159=DIRECTION('',(-0.00984000532836263,0.86233046695188,0.506250274134929));
#8160=DIRECTION('',(0.0178493967245728,0.506345593683838,-0.862145891826627));
#8161=DIRECTION('',(-0.00984000532836263,0.86233046695188,0.506250274134929));
#8162=DIRECTION('',(-0.0248788515801157,-0.506329190146763,0.86198131879373));
#8163=DIRECTION('',(-0.999934901527043,-0.0114102019308462,-1.66132587568637E-18));
#8164=DIRECTION('',(2.32360878124139E-14,-0.506274784934715,0.862372217861469));
#8165=DIRECTION('',(0.,-1.,0.));
#8166=DIRECTION('',(0.,0.,1.));
#8167=DIRECTION('',(-0.00411149292631553,-0.999991541471936,-0.000112296478113442));
#8168=DIRECTION('',(-0.999991547777132,0.00411149295223952,0.));
#8169=DIRECTION('',(-0.00411149292631553,-0.999991541471936,-0.000112296478113442));
#8170=DIRECTION('',(-0.999991547777132,0.00411149295223952,0.));
#8171=DIRECTION('',(0.00984000532836263,-0.86233046695188,-0.506250274134929));
#8172=DIRECTION('',(-0.0248788515801157,-0.506329190146763,0.86198131879373));
#8173=DIRECTION('',(0.,1.,0.));
#8174=DIRECTION('',(-0.999627213411288,0.,-0.0273026410367773));
#8175=DIRECTION('',(-0.00984000532836263,0.86233046695188,0.506250274134929));
#8176=DIRECTION('',(0.,0.506274784933951,-0.862372217861917));
#8177=DIRECTION('',(0.00984000532836263,-0.86233046695188,-0.506250274134929));
#8178=DIRECTION('',(0.0178493967245728,0.506345593683838,-0.862145891826627));
#8179=DIRECTION('',(-1.,0.,0.));
#8180=DIRECTION('',(0.,0.,1.));
#8181=DIRECTION('',(0.,-0.999632209806689,-0.0271190913748316));
#8182=DIRECTION('',(0.,0.,1.));
#8183=DIRECTION('',(0.,-1.,0.));
#8184=DIRECTION('',(0.,0.999632209806689,0.0271190913748316));
#8185=DIRECTION('',(-1.,0.,0.));
#8186=DIRECTION('',(0.,0.999632209806689,0.0271190913748316));
#8187=DIRECTION('',(-1.,0.,0.));
#8188=DIRECTION('',(0.,1.,0.));
#8189=DIRECTION('',(0.,0.,1.));
#8190=DIRECTION('',(0.,-0.999632209806689,-0.0271190913748316));
#8191=DIRECTION('',(0.,0.0271190913748316,-0.999632209806689));
#8192=DIRECTION('',(0.,-1.,0.));
#8193=DIRECTION('',(0.,0.,-1.));
#8194=DIRECTION('',(0.,-1.,0.));
#8195=DIRECTION('',(0.,0.,1.));
#8196=DIRECTION('',(0.,1.,0.));
#8197=DIRECTION('',(0.,0.,-1.));
#8198=DIRECTION('',(0.,-1.,0.));
#8199=DIRECTION('',(0.,0.,1.));
#8200=DIRECTION('',(0.,0.155610722237027,-0.987818456562172));
#8201=DIRECTION('',(0.,-0.987818456562172,-0.155610722237027));
#8202=DIRECTION('',(0.,-0.987818456562172,-0.155610722237027));
#8203=DIRECTION('',(-1.,0.,0.));
#8204=DIRECTION('',(0.,-0.987818456562172,-0.155610722237027));
#8205=DIRECTION('',(1.,0.,0.));
#8206=DIRECTION('',(0.,0.,-1.));
#8207=DIRECTION('',(0.,0.,1.));
#8208=DIRECTION('',(1.,0.,0.));
#8209=DIRECTION('',(0.,0.,-1.));
#8210=DIRECTION('',(0.,0.,1.));
#8211=DIRECTION('',(0.,-1.,0.));
#8212=DIRECTION('',(0.,0.,1.));
#8213=DIRECTION('',(0.,1.,0.));
#8214=DIRECTION('',(0.,0.,1.));
#8215=DIRECTION('',(0.999936880021991,0.01123134596822,0.000304695961761182));
#8216=DIRECTION('',(0.0112313464895771,-0.999936926438879,0.));
#8217=DIRECTION('',(-1.,-1.17638453599363E-14,2.00381565812257E-14));
#8218=DIRECTION('',(-1.12161021336309E-14,0.99963220980664,0.027119091376642));
#8219=DIRECTION('',(0.999936880021991,0.01123134596822,0.000304695961761182));
#8220=DIRECTION('',(-0.0112313464895771,0.999936926438879,0.));
#8221=DIRECTION('',(-0.999934901527043,-0.0114102019308462,0.));
#8222=DIRECTION('',(-0.0114102019308462,0.999934901527043,0.));
#8223=DIRECTION('',(-1.,-1.17638453599363E-14,2.00381565812257E-14));
#8224=DIRECTION('',(1.17638453599011E-14,-1.,-1.75604711023427E-12));
#8225=DIRECTION('',(1.,1.17638453599363E-14,-2.00381565812257E-14));
#8226=DIRECTION('',(-2.00381565812257E-14,0.,-1.));
#8227=DIRECTION('',(0.,1.,0.));
#8228=DIRECTION('',(2.25514051876986E-14,-0.506274784932585,0.862372217862719));
#8229=DIRECTION('',(-1.,-1.17638453599363E-14,2.00381565812257E-14));
#8230=DIRECTION('',(2.00381565812257E-14,0.,1.));
#8231=DIRECTION('',(0.,1.,0.));
#8232=DIRECTION('',(-2.25514051876984E-14,0.506274784932585,-0.862372217862719));
#8233=DIRECTION('',(-1.,-1.17638453599363E-14,2.00381565812257E-14));
#8234=DIRECTION('',(2.00381565812257E-14,0.,1.));
#8235=DIRECTION('',(-2.25514051876985E-14,0.506274784932584,-0.86237221786272));
#8236=DIRECTION('',(0.,1.,0.));
#8237=DIRECTION('',(1.,1.17638453599363E-14,-2.00381565812257E-14));
#8238=DIRECTION('',(-2.00381565812257E-14,0.,-1.));
#8239=DIRECTION('',(2.25514051876984E-14,-0.506274784932585,0.862372217862719));
#8240=DIRECTION('',(0.,1.,0.));
#8241=DIRECTION('',(4.82148704207537E-13,-0.862372217862719,-0.506274784932585));
#8242=DIRECTION('',(0.,0.506274784932585,-0.862372217862719));
#8243=DIRECTION('',(-1.,-5.49748116058355E-13,-1.50845519650158E-14));
#8244=DIRECTION('',(1.50845519650158E-14,0.,-1.));
#8245=DIRECTION('',(-1.,0.,-1.50845519650158E-14));
#8246=DIRECTION('',(-6.80899915087521E-16,0.,1.));
#8247=DIRECTION('',(1.,0.,6.80899915087521E-16));
#8248=DIRECTION('',(1.,5.5645236137614E-13,6.80899915087521E-16));
#8249=DIRECTION('',(4.80213779472961E-13,-0.86237221786272,-0.506274784932584));
#8250=DIRECTION('',(0.,0.506274784932584,-0.86237221786272));
#8251=DIRECTION('',(4.81146808350105E-13,-0.86237221786272,-0.506274784932584));
#8252=DIRECTION('',(0.,0.506274784932584,-0.86237221786272));
#8253=DIRECTION('',(-1.,-5.49748116058353E-13,-1.50845519650158E-14));
#8254=DIRECTION('',(2.32360878124139E-14,-0.506274784932584,0.86237221786272));
#8255=DIRECTION('',(-1.,-5.56452361376139E-13,-6.28522998542326E-16));
#8256=DIRECTION('',(2.32360878124139E-14,-0.506274784932584,0.86237221786272));
#8257=DIRECTION('',(-0.999934901527043,-0.0114102019308462,0.));
#8258=DIRECTION('',(-0.0114102019308462,0.999934901527043,0.));
#8259=DIRECTION('',(1.,0.,0.));
#8260=DIRECTION('',(0.,-1.,0.));
#8261=DIRECTION('',(-1.95692552933097E-11,0.86237221786272,0.506274784932584));
#8262=DIRECTION('',(-0.999983313127955,-0.00292473790938219,0.00498190463573654));
#8263=DIRECTION('',(-1.,-1.17638453599363E-14,2.00381565812257E-14));
#8264=DIRECTION('',(1.17638453599011E-14,-1.,-1.75604711023427E-12));
#8265=DIRECTION('',(-0.999934901527043,-0.0114102019308462,0.));
#8266=DIRECTION('',(0.999934901527043,-0.0114102019308462,0.));
#8267=DIRECTION('',(0.0114102019308462,0.999934901527043,0.));
#8268=DIRECTION('',(0.999934901527043,-0.0114102019308462,0.));
#8269=DIRECTION('',(1.,1.17638453599363E-14,-2.00381565812257E-14));
#8270=DIRECTION('',(1.17638453599714E-14,-1.,1.75604711023065E-12));
#8271=DIRECTION('',(-1.95692552933097E-11,0.86237221786272,0.506274784932584));
#8272=DIRECTION('',(0.999983313127955,-0.00292473787563191,0.00498190465555297));
#8273=DIRECTION('',(0.,0.,1.));
#8274=DIRECTION('',(0.,-1.,0.));
#8275=DIRECTION('',(1.17638453599363E-14,-1.,0.));
#8276=DIRECTION('',(-1.,-5.57709407373224E-13,0.));
#8277=DIRECTION('',(-1.17638453599363E-14,1.,0.));
#8278=DIRECTION('',(1.,1.17638453599363E-14,-2.00381565812257E-14));
#8279=DIRECTION('',(-2.00381565812257E-14,0.,-1.));
#8280=DIRECTION('',(2.25514051876986E-14,-0.506274784932585,0.862372217862719));
#8281=DIRECTION('',(0.,1.,0.));
#8282=DIRECTION('',(0.,1.,0.));
#8283=DIRECTION('',(2.25514051876984E-14,-0.506274784932585,0.862372217862719));
#8284=DIRECTION('',(0.,1.,0.));
#8285=DIRECTION('',(1.12161021336678E-14,-0.999632209806689,-0.0271190913748316));
#8286=DIRECTION('',(1.,1.17638453599363E-14,-2.00381565812257E-14));
#8287=DIRECTION('',(-1.12161021337047E-14,0.999632209806738,0.0271190913730211));
#8288=DIRECTION('',(2.32360878124139E-14,-0.506274784932584,0.86237221786272));
#8289=DIRECTION('',(-1.,-1.17638453599363E-14,2.00381565812257E-14));
#8290=DIRECTION('',(2.00381565812257E-14,0.,1.));
#8291=DIRECTION('',(-1.12161021336678E-14,0.999632209806689,0.0271190913748316));
#8292=DIRECTION('',(0.,1.,0.));
#8293=DIRECTION('',(-2.25514051876984E-14,0.506274784932585,-0.862372217862719));
#8294=DIRECTION('',(0.,1.,0.));
#8295=DIRECTION('',(0.,1.,0.));
#8296=DIRECTION('',(-2.25514051876985E-14,0.506274784932584,-0.86237221786272));
#8297=DIRECTION('',(2.32360878124139E-14,-0.506274784932584,0.86237221786272));
#8298=DIRECTION('',(-1.,-1.17638453599363E-14,2.00381565812257E-14));
#8299=DIRECTION('',(-1.12161021336309E-14,0.99963220980664,0.027119091376642));
#8300=DIRECTION('',(-1.95692552933097E-11,0.86237221786272,0.506274784932584));
#8301=DIRECTION('',(0.,-0.506274784932584,0.86237221786272));
#8302=DIRECTION('',(-1.95692552933097E-11,0.86237221786272,0.506274784932584));
#8303=DIRECTION('',(-0.999985291910282,0.00274585646363157,-0.00467720380022268));
#8304=DIRECTION('',(-1.95692552933097E-11,0.86237221786272,0.506274784932584));
#8305=DIRECTION('',(0.999985291910282,0.00274585649738198,-0.00467720378040633));
#8306=DIRECTION('',(0.999936880021991,0.01123134596822,0.000304695961761182));
#8307=DIRECTION('',(0.0112313464895771,-0.999936926438879,0.));
#8308=DIRECTION('',(-1.,0.,0.));
#8309=DIRECTION('',(0.,0.999632209806689,0.0271190913748316));
#8310=DIRECTION('',(0.999936880021991,0.01123134596822,0.000304695961761182));
#8311=DIRECTION('',(-0.999936880021991,0.01123134596822,0.000304695961761182));
#8312=DIRECTION('',(-0.0112313464895771,-0.999936926438879,0.));
#8313=DIRECTION('',(-0.999936880021991,0.01123134596822,0.000304695961761182));
#8314=DIRECTION('',(0.,0.0271190913748316,-0.999632209806689));
#8315=DIRECTION('',(0.,0.999632209806689,0.0271190913748316));
#8316=DIRECTION('',(-1.,-5.49187277918094E-13,-1.48989396556519E-14));
#8317=DIRECTION('',(-6.80899915087521E-16,0.,1.));
#8318=DIRECTION('',(1.,0.,6.80899915087521E-16));
#8319=DIRECTION('',(1.,5.5645236137614E-13,6.80899915087521E-16));
#8320=DIRECTION('',(4.80213779472961E-13,-0.86237221786272,-0.506274784932584));
#8321=DIRECTION('',(0.,0.506274784932584,-0.86237221786272));
#8322=DIRECTION('',(-1.59225826297389E-14,0.,1.));
#8323=DIRECTION('',(1.,0.,1.59225826297389E-14));
#8324=DIRECTION('',(1.,5.49748116058354E-13,1.59225826297389E-14));
#8325=DIRECTION('',(1.50845519650158E-14,0.,-1.));
#8326=DIRECTION('',(-1.,0.,-1.50845519650158E-14));
#8327=DIRECTION('',(-1.,-5.49748116058355E-13,-1.50845519650158E-14));
#8328=DIRECTION('',(4.82148704207537E-13,-0.862372217862719,-0.506274784932585));
#8329=DIRECTION('',(0.,0.506274784932585,-0.862372217862719));
#8330=DIRECTION('',(0.,0.,-1.));
#8331=DIRECTION('',(-1.,0.,0.));
#8332=DIRECTION('',(0.,0.,1.));
#8333=DIRECTION('',(1.,0.,0.));
#8334=DIRECTION('',(0.,1.,0.));
#8335=DIRECTION('',(-1.,0.,0.));
#8336=DIRECTION('',(0.,0.,1.));
#8337=DIRECTION('',(1.,0.,0.));
#8338=DIRECTION('',(-1.,0.,0.));
#8339=DIRECTION('',(0.,-1.,0.));
#8340=DIRECTION('',(0.,0.,1.));
#8341=DIRECTION('',(1.,0.,0.));
#8342=DIRECTION('',(0.,-1.,0.));
#8343=DIRECTION('',(1.,0.,0.));
#8344=DIRECTION('',(0.,0.,1.));
#8345=DIRECTION('',(1.,0.,0.));
#8346=DIRECTION('',(0.,0.,1.));
#8347=DIRECTION('',(-1.,0.,0.));
#8348=DIRECTION('',(0.,0.,1.));
#8349=DIRECTION('',(1.,0.,0.));
#8350=DIRECTION('',(1.,0.,0.));
#8351=DIRECTION('',(0.,1.,0.));
#8352=DIRECTION('',(0.,0.,1.));
#8353=DIRECTION('',(1.,0.,0.));
#8354=DIRECTION('',(-0.577350269189626,0.577350269189626,-0.577350269189626));
#8355=DIRECTION('',(-0.707106781186548,-0.707106781186547,1.66533453693773E-16));
#8356=DIRECTION('',(0.,0.,1.));
#8357=DIRECTION('',(1.,0.,0.));
#8358=DIRECTION('',(-0.718873086818576,0.585048618558824,-0.375419230954334));
#8359=DIRECTION('',(-0.631219055717027,-0.775604605259473,-3.14659178435317E-8));
#8360=DIRECTION('',(0.,0.,1.));
#8361=DIRECTION('',(1.,0.,0.));
#8362=DIRECTION('',(0.,0.,-1.));
#8363=DIRECTION('',(-1.,0.,0.));
#8364=DIRECTION('',(0.,0.,-1.));
#8365=DIRECTION('',(-1.,0.,0.));
#8366=DIRECTION('',(0.,0.,1.));
#8367=DIRECTION('',(1.,0.,0.));
#8368=DIRECTION('',(0.,1.,0.));
#8369=DIRECTION('',(-1.,0.,0.));
#8370=DIRECTION('',(0.,0.,1.));
#8371=DIRECTION('',(1.,0.,0.));
#8372=DIRECTION('',(-1.,0.,0.));
#8373=DIRECTION('',(0.,-1.,0.));
#8374=DIRECTION('',(0.,0.,1.));
#8375=DIRECTION('',(1.,0.,0.));
#8376=DIRECTION('',(0.,-1.,0.));
#8377=DIRECTION('',(1.,0.,0.));
#8378=DIRECTION('',(0.,0.,1.));
#8379=DIRECTION('',(1.,0.,0.));
#8380=DIRECTION('',(0.,0.,1.));
#8381=DIRECTION('',(-1.,0.,0.));
#8382=DIRECTION('',(0.,0.,1.));
#8383=DIRECTION('',(1.,0.,0.));
#8384=DIRECTION('',(1.,0.,0.));
#8385=DIRECTION('',(0.,1.,0.));
#8386=DIRECTION('',(0.,0.,1.));
#8387=DIRECTION('',(1.,0.,0.));
#8388=DIRECTION('',(-0.577350269189626,0.577350269189626,-0.577350269189626));
#8389=DIRECTION('',(-0.707106786856496,-0.707106775516599,1.13398960777111E-8));
#8390=DIRECTION('',(0.,0.,1.));
#8391=DIRECTION('',(1.,0.,0.));
#8392=DIRECTION('',(-0.718873086818576,0.585048618558824,-0.375419230954334));
#8393=DIRECTION('',(-0.631219057809195,-0.775604603556781,-2.48062682062233E-8));
#8394=DIRECTION('',(0.,0.,1.));
#8395=DIRECTION('',(1.,0.,0.));
#8396=CARTESIAN_POINT('',(0.,0.,0.));
#8397=CARTESIAN_POINT('',(15.5,-46.5,-7.39999999999999));
#8398=CARTESIAN_POINT('',(15.5,-46.5,-7.39999999999999));
#8399=CARTESIAN_POINT('',(6.10000000000003,-46.5,-7.39999999999999));
#8400=CARTESIAN_POINT('',(15.4652243585212,-46.5,-7.39999999999999));
#8401=CARTESIAN_POINT('',(14.,-46.5,-6.03870738663714));
#8402=CARTESIAN_POINT('',(15.5,-46.5,-7.36158304216946));
#8403=CARTESIAN_POINT('',(15.5,-46.5,-7.39999999999999));
#8404=CARTESIAN_POINT('',(15.5,-46.5,-4.63870738663714));
#8405=CARTESIAN_POINT('',(16.023,-46.5,-4.63870738663714));
#8406=CARTESIAN_POINT('',(6.10000000000003,-46.5,-4.63870738663714));
#8407=CARTESIAN_POINT('',(6.10000000000003,-46.5,-7.39999999999999));
#8408=CARTESIAN_POINT('',(4.2632564145606E-14,-31.,-7.39999999999999));
#8409=CARTESIAN_POINT('',(15.4652243585212,-23.0000738663715,-7.39999999999999));
#8410=CARTESIAN_POINT('',(15.4652243585212,-51.5,-7.39999999999999));
#8411=CARTESIAN_POINT('',(6.10000000000003,-46.5,-7.39999999999999));
#8412=CARTESIAN_POINT('',(6.10000000000003,-51.5,-7.39999999999999));
#8413=CARTESIAN_POINT('',(6.10000000000003,-51.5,-7.39999999999999));
#8414=CARTESIAN_POINT('',(15.5,-51.5,-7.39999999999999));
#8415=CARTESIAN_POINT('',(15.5,-23.0000738663715,-7.36158304216946));
#8416=CARTESIAN_POINT('',(15.5,-51.5,-7.36158304216942));
#8417=CARTESIAN_POINT('',(15.5,-51.5,-7.39999999999999));
#8418=CARTESIAN_POINT('',(15.5,-51.5,-4.63870738663714));
#8419=CARTESIAN_POINT('',(15.5,-23.0000738663715,-4.63870738663714));
#8420=CARTESIAN_POINT('',(6.10000000000003,-51.5,-7.39999999999999));
#8421=CARTESIAN_POINT('',(14.,-51.5,-6.03870738663714));
#8422=CARTESIAN_POINT('',(6.10000000000003,-51.5,-7.39999999999999));
#8423=CARTESIAN_POINT('',(6.10000000000003,-51.5,-4.63870738663714));
#8424=CARTESIAN_POINT('',(16.023,-51.5,-4.63870738663714));
#8425=CARTESIAN_POINT('',(-14.,-23.0000738663715,-6.03870738663714));
#8426=CARTESIAN_POINT('',(-16.,-23.0000738663715,-6.03870738663714));
#8427=CARTESIAN_POINT('',(-16.,-45.3,-6.03870738663714));
#8428=CARTESIAN_POINT('',(-16.,-52.5,-6.03870738663714));
#8429=CARTESIAN_POINT('',(-14.,-45.3,-6.03870738663714));
#8430=CARTESIAN_POINT('',(-15.998763826847,-45.3,-6.1090150283824));
#8431=CARTESIAN_POINT('',(-15.998763826847,-23.0000738663715,-6.1090150283824));
#8432=CARTESIAN_POINT('',(-15.998763826847,-44.1870738663715,-6.1090150283824));
#8433=CARTESIAN_POINT('',(-14.,-44.1870738663715,-6.03870738663714));
#8434=CARTESIAN_POINT('',(-14.,-44.1870738663715,-8.03870738663714));
#8435=CARTESIAN_POINT('',(-14.,-23.0000738663715,-8.03870738663714));
#8436=CARTESIAN_POINT('',(-14.,-52.5,-8.03870738663714));
#8437=CARTESIAN_POINT('',(-14.,-52.5,-6.03870738663714));
#8438=CARTESIAN_POINT('',(4.2632564145606E-14,-24.4,7.105427357601E-15));
#8439=CARTESIAN_POINT('',(14.6,-24.4,-7.19999999999999));
#8440=CARTESIAN_POINT('',(2.05140659039599,-24.4,-7.19999999999999));
#8441=CARTESIAN_POINT('',(14.4,-24.4,-7.19999999999999));
#8442=CARTESIAN_POINT('',(2.05140659039599,-24.4,-5.99999999999999));
#8443=CARTESIAN_POINT('',(2.05140659039599,-24.4,-5.99999999999999));
#8444=CARTESIAN_POINT('',(4.14385260761844E-14,-24.4,-5.99999999999999));
#8445=CARTESIAN_POINT('',(14.4,-24.4,-5.99999999999999));
#8446=CARTESIAN_POINT('',(14.4,-24.4,7.105427357601E-15));
#8447=CARTESIAN_POINT('',(-3.15407452420411,-21.1135856553234,-6.19999999999999));
#8448=CARTESIAN_POINT('',(-1.92680329545727,-23.1561079806058,-13.5));
#8449=CARTESIAN_POINT('',(-1.92680329545727,-23.1561079806058,-1.94113306782857));
#8450=CARTESIAN_POINT('',(-1.92680329545727,-23.1561079806058,7.105427357601E-15));
#8451=CARTESIAN_POINT('',(-6.89433386448031,-14.8887487766318,3.54571519778162));
#8452=CARTESIAN_POINT('',(-3.00837726294694,-21.3560666178683,-0.746488733950438));
#8453=CARTESIAN_POINT('',(-3.00837726294694,-21.3560666178683,-6.19999999999999));
#8454=CARTESIAN_POINT('',(-3.00837726294694,-21.3560666178683,7.105427357601E-15));
#8455=CARTESIAN_POINT('',(-3.15407452420411,-21.1135856553234,7.105427357601E-15));
#8456=CARTESIAN_POINT('',(-13.7121944931035,-44.1870738663715,-1.19999999999999));
#8457=CARTESIAN_POINT('',(-1.69999999999996,-44.1870738663715,-6.48870738663714));
#8458=CARTESIAN_POINT('',(-1.69999999999996,-44.1870738663715,-1.19999999999999));
#8459=CARTESIAN_POINT('',(-1.69999999999996,-44.1870738663715,7.105427357601E-15));
#8460=CARTESIAN_POINT('',(-13.7121944931035,-44.1870738663715,-1.19999999999999));
#8461=CARTESIAN_POINT('',(1.70000000000004,-44.1870738663715,-1.19999999999999));
#8462=CARTESIAN_POINT('',(1.70000000000004,-44.1870738663715,-6.48870738663714));
#8463=CARTESIAN_POINT('',(1.70000000000004,-44.1870738663715,7.105427357601E-15));
#8464=CARTESIAN_POINT('',(-13.7121944931035,-44.1870738663715,7.105427357601E-15));
#8465=CARTESIAN_POINT('',(-2.60238684512568,-32.5313461718115,-1.19999999999999));
#8466=CARTESIAN_POINT('',(-2.60238684512568,-32.5313461718115,-1.19999999999999));
#8467=CARTESIAN_POINT('',(7.60238684512577,-32.5313461718115,-1.19999999999999));
#8468=CARTESIAN_POINT('',(2.60238684512577,-32.5313461718115,-1.19999999999999));
#8469=CARTESIAN_POINT('',(2.60238684512577,-32.5313461718115,-1.19999999999999));
#8470=CARTESIAN_POINT('',(2.60238684512577,-32.5313461718115,7.105427357601E-15));
#8471=CARTESIAN_POINT('',(4.2632564145606E-14,-32.5313461718115,7.105427357601E-15));
#8472=CARTESIAN_POINT('',(7.60238684512577,-32.5313461718115,7.105427357601E-15));
#8473=CARTESIAN_POINT('',(7.60238684512577,-32.5313461718115,-1.19999999999999));
#8474=CARTESIAN_POINT('',(-2.60238684512568,-32.5313461718115,-1.19999999999999));
#8475=CARTESIAN_POINT('',(-2.60238684512568,-32.5313461718115,-1.19999999999999));
#8476=CARTESIAN_POINT('',(-2.60238684512568,-32.5313461718115,-1.19999999999999));
#8477=CARTESIAN_POINT('',(-2.60238684512568,-32.5313461718115,7.105427357601E-15));
#8478=CARTESIAN_POINT('',(-2.60238684512568,-32.5313461718115,-1.19999999999999));
#8479=CARTESIAN_POINT('',(-7.60238684512568,-32.5313461718115,-1.19999999999999));
#8480=CARTESIAN_POINT('',(-7.60238684512568,-32.5313461718115,-1.19999999999999));
#8481=CARTESIAN_POINT('',(-7.60238684512568,-32.5313461718115,7.105427357601E-15));
#8482=CARTESIAN_POINT('',(4.2632564145606E-14,-32.5313461718115,7.105427357601E-15));
#8483=CARTESIAN_POINT('',(13.7121944931035,-35.6313461718115,-1.19999999999999));
#8484=CARTESIAN_POINT('',(13.7121944931035,-35.6313461718115,7.105427357601E-15));
#8485=CARTESIAN_POINT('',(13.7121944931035,-35.6313461718115,7.105427357601E-15));
#8486=CARTESIAN_POINT('',(8.77716149647433,-35.6313461718115,7.105427357601E-15));
#8487=CARTESIAN_POINT('',(13.7121944931035,-35.6313461718115,-1.19999999999999));
#8488=CARTESIAN_POINT('',(13.7121944931035,-35.6313461718115,-1.19999999999999));
#8489=CARTESIAN_POINT('',(13.7121944931035,-35.6313461718115,-1.19999999999999));
#8490=CARTESIAN_POINT('',(8.77716149647433,-35.6313461718115,-1.19999999999999));
#8491=CARTESIAN_POINT('',(8.77716149647433,-35.6313461718115,-1.19999999999999));
#8492=CARTESIAN_POINT('',(13.7121944931035,-38.9870738663715,-1.19999999999999));
#8493=CARTESIAN_POINT('',(13.7121944931035,-38.9870738663715,7.105427357601E-15));
#8494=CARTESIAN_POINT('',(13.7121944931035,-44.1870738663715,7.105427357601E-15));
#8495=CARTESIAN_POINT('',(13.7121944931035,-44.1870738663715,-1.19999999999999));
#8496=CARTESIAN_POINT('',(13.7121944931035,-44.1870738663715,-1.19999999999999));
#8497=CARTESIAN_POINT('',(13.7121944931035,-44.1870738663715,-1.19999999999999));
#8498=CARTESIAN_POINT('',(-13.7121944931034,-38.9870738663715,-1.19999999999999));
#8499=CARTESIAN_POINT('',(-13.7121944931034,-38.9870738663715,7.105427357601E-15));
#8500=CARTESIAN_POINT('',(-13.7121944931034,-38.9870738663715,7.105427357601E-15));
#8501=CARTESIAN_POINT('',(-13.7121944931035,-44.1870738663715,7.105427357601E-15));
#8502=CARTESIAN_POINT('',(-13.7121944931034,-38.9870738663715,-1.19999999999999));
#8503=CARTESIAN_POINT('',(-13.7121944931034,-38.9870738663715,-1.19999999999999));
#8504=CARTESIAN_POINT('',(-13.7121944931034,-38.9870738663715,-1.19999999999999));
#8505=CARTESIAN_POINT('',(-13.7121944931035,-44.1870738663715,-1.19999999999999));
#8506=CARTESIAN_POINT('',(-13.7121944931035,-44.1870738663715,-1.19999999999999));
#8507=CARTESIAN_POINT('',(4.2632564145606E-14,-31.,-1.19999999999999));
#8508=CARTESIAN_POINT('',(7.60238684512577,-30.5313461718115,-1.19999999999999));
#8509=CARTESIAN_POINT('',(7.60238684512577,-30.5313461718115,-1.19999999999999));
#8510=CARTESIAN_POINT('',(8.77716149647435,-30.5313461718115,-1.19999999999999));
#8511=CARTESIAN_POINT('',(8.57197763004143,-30.5313461718115,-1.19999999999999));
#8512=CARTESIAN_POINT('',(8.77716149647435,-30.5313461718115,-1.19999999999999));
#8513=CARTESIAN_POINT('',(8.77716149647435,-30.5313461718115,-1.19999999999999));
#8514=CARTESIAN_POINT('',(8.77716149647433,-35.6313461718115,-1.19999999999999));
#8515=CARTESIAN_POINT('',(-13.7121944931035,-44.1870738663715,-1.19999999999999));
#8516=CARTESIAN_POINT('',(-13.7121944931035,-44.1870738663715,-1.19999999999999));
#8517=CARTESIAN_POINT('',(-8.57197763004135,-30.5313461718115,-1.19999999999999));
#8518=CARTESIAN_POINT('',(-8.57197763004135,-30.5313461718115,-1.19999999999999));
#8519=CARTESIAN_POINT('',(-7.60238684512568,-30.5313461718115,-1.19999999999999));
#8520=CARTESIAN_POINT('',(-7.60238684512568,-30.5313461718115,-1.19999999999999));
#8521=CARTESIAN_POINT('',(-7.60238684512568,-32.5313461718115,-1.19999999999999));
#8522=CARTESIAN_POINT('',(-2.60238684512568,-32.5313461718115,-1.19999999999999));
#8523=CARTESIAN_POINT('',(4.2632564145606E-14,-31.,7.105427357601E-15));
#8524=CARTESIAN_POINT('',(3.15407452420419,-21.1135856553234,7.105427357601E-15));
#8525=CARTESIAN_POINT('',(1.92680329545736,-23.1561079806059,7.105427357601E-15));
#8526=CARTESIAN_POINT('',(3.00837726294702,-21.3560666178683,7.105427357601E-15));
#8527=CARTESIAN_POINT('',(1.50000000000004,-31.3,7.105427357601E-15));
#8528=CARTESIAN_POINT('',(1.50000000000004,-31.3,7.105427357601E-15));
#8529=CARTESIAN_POINT('',(4.2632564145606E-14,-31.3,7.105427357601E-15));
#8530=CARTESIAN_POINT('',(-1.49999999999996,-31.3,7.105427357601E-15));
#8531=CARTESIAN_POINT('',(-1.92680329545728,-23.1561079806059,7.105427357601E-15));
#8532=CARTESIAN_POINT('',(-3.436960913298,-21.6135856553234,7.105427357601E-15));
#8533=CARTESIAN_POINT('',(-3.43696091329799,-21.1135856553234,7.105427357601E-15));
#8534=CARTESIAN_POINT('',(-6.31926896936419,-21.1135856553234,7.105427357601E-15));
#8535=CARTESIAN_POINT('',(-5.90710077645544,-21.1135856553234,7.105427357601E-15));
#8536=CARTESIAN_POINT('',(-5.90710077645544,-21.6135856553234,7.105427357601E-15));
#8537=CARTESIAN_POINT('',(-6.39791436817927,-21.5181811576351,7.105427357601E-15));
#8538=CARTESIAN_POINT('',(-6.8963186819763,-24.0822490717565,7.105427357601E-15));
#8539=CARTESIAN_POINT('',(-6.79423554088265,-23.5570768382803,7.105427357601E-15));
#8540=CARTESIAN_POINT('',(-7.82494408350269,-23.3567273931349,7.105427357601E-15));
#8541=CARTESIAN_POINT('',(-7.38119490867496,-24.3083505695234,7.105427357601E-15));
#8542=CARTESIAN_POINT('',(-11.0173639939236,-26.0039240603213,7.105427357601E-15));
#8543=CARTESIAN_POINT('',(-7.48240848806787,-24.3555472367036,7.105427357601E-15));
#8544=CARTESIAN_POINT('',(-7.9261576629089,-23.4039240603213,7.105427357601E-15));
#8545=CARTESIAN_POINT('',(-7.69074031346386,-24.4271926817401,7.105427357601E-15));
#8546=CARTESIAN_POINT('',(-8.43606438803919,-24.8002442861049,7.105427357601E-15));
#8547=CARTESIAN_POINT('',(-8.18417948241421,-24.6827884256374,7.105427357601E-15));
#8548=CARTESIAN_POINT('',(-7.93645485939978,-24.5569844684455,7.105427357601E-15));
#8549=CARTESIAN_POINT('',(-7.69074031346439,-24.4271926817391,7.105427357601E-15));
#8550=CARTESIAN_POINT('',(-8.43606438803919,-24.8002442861049,7.105427357601E-15));
#8551=CARTESIAN_POINT('',(-11.0173639939236,-26.0039240603213,7.105427357601E-15));
#8552=CARTESIAN_POINT('',(-10.9369945542845,-25.9664471751359,7.105427357601E-15));
#8553=CARTESIAN_POINT('',(-11.1060418589808,-25.6039240603213,7.105427357601E-15));
#8554=CARTESIAN_POINT('',(-11.1060418589808,-26.0039240603213,7.105427357601E-15));
#8555=CARTESIAN_POINT('',(-14.8574480839354,-26.0039240603213,7.105427357601E-15));
#8556=CARTESIAN_POINT('',(-12.8574480839354,-26.0039240603213,7.105427357601E-15));
#8557=CARTESIAN_POINT('',(-12.8574480839354,-31.,7.105427357601E-15));
#8558=CARTESIAN_POINT('',(-12.8574480839354,-27.8687958316024,7.105427357601E-15));
#8559=CARTESIAN_POINT('',(-8.57197763004135,-30.5313461718115,7.105427357601E-15));
#8560=CARTESIAN_POINT('',(-8.57197763004135,-30.5313461718115,7.105427357601E-15));
#8561=CARTESIAN_POINT('',(-8.57197763004135,-30.5313461718115,7.105427357601E-15));
#8562=CARTESIAN_POINT('',(-13.7121944931035,-44.1870738663715,7.105427357601E-15));
#8563=CARTESIAN_POINT('',(-13.7121944931035,-44.1870738663715,7.105427357601E-15));
#8564=CARTESIAN_POINT('',(8.77716149647433,-35.6313461718115,7.105427357601E-15));
#8565=CARTESIAN_POINT('',(8.77716149647435,-30.5313461718115,7.105427357601E-15));
#8566=CARTESIAN_POINT('',(8.77716149647435,-30.5313461718115,7.105427357601E-15));
#8567=CARTESIAN_POINT('',(8.57197763004144,-30.5313461718115,7.105427357601E-15));
#8568=CARTESIAN_POINT('',(8.57197763004144,-30.5313461718115,7.105427357601E-15));
#8569=CARTESIAN_POINT('',(12.8574480839355,-27.8687958316024,7.105427357601E-15));
#8570=CARTESIAN_POINT('',(12.8574480839355,-31.,7.105427357601E-15));
#8571=CARTESIAN_POINT('',(12.8574480839355,-26.0039240603213,7.105427357601E-15));
#8572=CARTESIAN_POINT('',(14.8574480839355,-26.0039240603213,7.105427357601E-15));
#8573=CARTESIAN_POINT('',(11.1060418589809,-26.0039240603213,7.105427357601E-15));
#8574=CARTESIAN_POINT('',(11.1060418589809,-25.6039240603213,7.105427357601E-15));
#8575=CARTESIAN_POINT('',(10.9369945542846,-25.9664471751359,7.105427357601E-15));
#8576=CARTESIAN_POINT('',(11.0173639939237,-26.0039240603213,7.105427357601E-15));
#8577=CARTESIAN_POINT('',(8.43606438803928,-24.8002442861049,7.105427357601E-15));
#8578=CARTESIAN_POINT('',(8.43606438803928,-24.8002442861049,7.105427357601E-15));
#8579=CARTESIAN_POINT('',(8.18417948241429,-24.6827884256374,7.105427357601E-15));
#8580=CARTESIAN_POINT('',(7.93645485939987,-24.5569844684455,7.105427357601E-15));
#8581=CARTESIAN_POINT('',(7.69074031346448,-24.4271926817391,7.105427357601E-15));
#8582=CARTESIAN_POINT('',(7.69074031346395,-24.4271926817401,7.105427357601E-15));
#8583=CARTESIAN_POINT('',(7.92615766290899,-23.4039240603213,7.105427357601E-15));
#8584=CARTESIAN_POINT('',(7.48240848806796,-24.3555472367036,7.105427357601E-15));
#8585=CARTESIAN_POINT('',(11.0173639939237,-26.0039240603213,7.105427357601E-15));
#8586=CARTESIAN_POINT('',(7.38119490867505,-24.3083505695234,7.105427357601E-15));
#8587=CARTESIAN_POINT('',(7.82494408350278,-23.3567273931349,7.105427357601E-15));
#8588=CARTESIAN_POINT('',(6.79423554088273,-23.5570768382803,7.105427357601E-15));
#8589=CARTESIAN_POINT('',(6.89631868197639,-24.0822490717565,7.105427357601E-15));
#8590=CARTESIAN_POINT('',(6.39791436817936,-21.5181811576351,7.105427357601E-15));
#8591=CARTESIAN_POINT('',(5.90710077645552,-21.6135856553234,7.105427357601E-15));
#8592=CARTESIAN_POINT('',(5.90710077645552,-21.1135856553234,7.105427357601E-15));
#8593=CARTESIAN_POINT('',(6.31926896936427,-21.1135856553234,7.105427357601E-15));
#8594=CARTESIAN_POINT('',(3.43696091329808,-21.1135856553234,7.105427357601E-15));
#8595=CARTESIAN_POINT('',(3.43696091329808,-21.6135856553234,7.105427357601E-15));
#8596=CARTESIAN_POINT('',(-7.60238684512568,-30.5313461718115,7.105427357601E-15));
#8597=CARTESIAN_POINT('',(-2.60238684512568,-30.5313461718115,7.105427357601E-15));
#8598=CARTESIAN_POINT('',(-7.60238684512568,-30.5313461718115,7.105427357601E-15));
#8599=CARTESIAN_POINT('',(-2.60238684512568,-30.5313461718115,7.105427357601E-15));
#8600=CARTESIAN_POINT('',(-7.60238684512568,-32.5313461718115,7.105427357601E-15));
#8601=CARTESIAN_POINT('',(7.60238684512577,-30.5313461718115,7.105427357601E-15));
#8602=CARTESIAN_POINT('',(7.60238684512577,-30.5313461718115,7.105427357601E-15));
#8603=CARTESIAN_POINT('',(2.60238684512577,-32.5313461718115,7.105427357601E-15));
#8604=CARTESIAN_POINT('',(2.60238684512577,-30.5313461718115,7.105427357601E-15));
#8605=CARTESIAN_POINT('',(7.60238684512577,-30.5313461718115,7.105427357601E-15));
#8606=CARTESIAN_POINT('',(-8.57197763004135,-30.5313461718115,-1.19999999999999));
#8607=CARTESIAN_POINT('',(-8.57197763004135,-30.5313461718115,-6.19999999999999));
#8608=CARTESIAN_POINT('',(8.77716149647433,-35.6313461718115,-1.19999999999999));
#8609=CARTESIAN_POINT('',(8.77716149647435,-30.5313461718115,-1.19999999999999));
#8610=CARTESIAN_POINT('',(2.60238684512577,-32.5313461718115,7.105427357601E-15));
#8611=CARTESIAN_POINT('',(2.60238684512577,-32.5313461718115,-1.19999999999999));
#8612=CARTESIAN_POINT('',(2.60238684512577,-32.5313461718115,-5.99999999999999));
#8613=CARTESIAN_POINT('',(-2.60238684512568,-32.5313461718115,-1.19999999999999));
#8614=CARTESIAN_POINT('',(-2.60238684512568,-32.5313461718115,-5.99999999999999));
#8615=CARTESIAN_POINT('',(4.14385260761844E-14,-32.5313461718115,-5.99999999999999));
#8616=CARTESIAN_POINT('',(-16.,-45.5,-8.4));
#8617=CARTESIAN_POINT('',(-16.,-45.3,-8.4));
#8618=CARTESIAN_POINT('',(-16.,-45.3,-4.63870738663714));
#8619=CARTESIAN_POINT('',(-16.,-52.5,-8.4));
#8620=CARTESIAN_POINT('',(-16.,-52.5,-4.63870738663714));
#8621=CARTESIAN_POINT('',(-16.,-23.0000738663715,-4.63870738663714));
#8622=CARTESIAN_POINT('',(1.4210854715202E-14,-44.1870738663715,-8.4));
#8623=CARTESIAN_POINT('',(15.846079206807,-44.1870738663715,-6.1090150283824));
#8624=CARTESIAN_POINT('',(15.9987638268471,-44.1870738663715,-6.1090150283824));
#8625=CARTESIAN_POINT('',(17.646079206807,-44.1870738663715,-6.1090150283824));
#8626=CARTESIAN_POINT('',(14.,-44.1870738663715,-6.03870738663714));
#8627=CARTESIAN_POINT('',(14.,-44.1870738663715,-8.03870738663714));
#8628=CARTESIAN_POINT('',(16.023,-44.1870738663715,-8.03870738663714));
#8629=CARTESIAN_POINT('',(-15.8460792068069,-44.1870738663715,-6.1090150283824));
#8630=CARTESIAN_POINT('',(-17.6460792068069,-44.1870738663715,-6.1090150283824));
#8631=CARTESIAN_POINT('',(-17.6460792068069,-44.1870738663715,-3.49999999999999));
#8632=CARTESIAN_POINT('',(-17.6460792068069,-44.1870738663715,-5.41867412147962));
#8633=CARTESIAN_POINT('',(-15.8460792068069,-44.1870738663715,-5.41867412147962));
#8634=CARTESIAN_POINT('',(-16.0460792068069,-44.1870738663715,-5.41867412147962));
#8635=CARTESIAN_POINT('',(-16.0460792068069,-44.1870738663715,-5.01867412147962));
#8636=CARTESIAN_POINT('',(-15.8460792068069,-44.1870738663715,-4.67226395996584));
#8637=CARTESIAN_POINT('',(-15.8460792068069,-44.1870738663715,7.105427357601E-15));
#8638=CARTESIAN_POINT('',(-15.8460792068069,-44.1870738663715,-4.04641016151376));
#8639=CARTESIAN_POINT('',(-16.0460792068069,-44.1870738663715,-3.69999999999999));
#8640=CARTESIAN_POINT('',(-16.0460792068069,-44.1870738663715,-3.29999999999999));
#8641=CARTESIAN_POINT('',(-17.8460792068069,-44.1870738663715,-3.29999999999999));
#8642=CARTESIAN_POINT('',(-17.6460792068069,-44.1870738663715,-3.29999999999999));
#8643=CARTESIAN_POINT('',(-17.6460792068069,-44.1870738663715,-3.49999999999999));
#8644=CARTESIAN_POINT('',(-17.6460792068069,-44.1870738663715,-1.98870738663714));
#8645=CARTESIAN_POINT('',(-15.8460792068069,-44.1870738663715,-1.98870738663714));
#8646=CARTESIAN_POINT('',(-16.4460792068069,-44.1870738663715,-1.98870738663714));
#8647=CARTESIAN_POINT('',(-16.4460792068069,-44.1870738663715,-6.48870738663714));
#8648=CARTESIAN_POINT('',(-16.4460792068069,-44.1870738663715,-1.13870738663713));
#8649=CARTESIAN_POINT('',(-13.9460792068069,-44.1870738663715,-1.13870738663713));
#8650=CARTESIAN_POINT('',(-13.9460792068069,-44.1870738663715,1.36129261336287));
#8651=CARTESIAN_POINT('',(13.4539207931931,-44.1870738663715,1.36129261336287));
#8652=CARTESIAN_POINT('',(-2.19999999999996,-44.1870738663715,1.36129261336287));
#8653=CARTESIAN_POINT('',(-2.19999999999996,-44.1870738663715,0.861292613362866));
#8654=CARTESIAN_POINT('',(-1.69999999999996,-44.1870738663715,0.861292613362866));
#8655=CARTESIAN_POINT('',(-1.69999999999996,-44.1870738663715,-6.48870738663714));
#8656=CARTESIAN_POINT('',(-1.69999999999996,-44.1870738663715,-6.48870738663714));
#8657=CARTESIAN_POINT('',(-1.69999999999996,-44.1870738663715,-5.99999999999999));
#8658=CARTESIAN_POINT('',(13.4539207931931,-44.1870738663715,-5.99999999999999));
#8659=CARTESIAN_POINT('',(-14.6,-44.1870738663715,-5.99999999999999));
#8660=CARTESIAN_POINT('',(-14.6,-44.1870738663715,-8.4));
#8661=CARTESIAN_POINT('',(-14.6,-44.1870738663715,-7.19999999999999));
#8662=CARTESIAN_POINT('',(1.4210854715202E-14,-44.1870738663715,-7.19999999999999));
#8663=CARTESIAN_POINT('',(14.6,-44.1870738663715,-7.19999999999999));
#8664=CARTESIAN_POINT('',(14.6,-44.1870738663715,-8.4));
#8665=CARTESIAN_POINT('',(14.6,-44.1870738663715,-5.99999999999999));
#8666=CARTESIAN_POINT('',(-13.453920793193,-44.1870738663715,-5.99999999999999));
#8667=CARTESIAN_POINT('',(1.70000000000004,-44.1870738663715,-5.99999999999999));
#8668=CARTESIAN_POINT('',(1.70000000000004,-44.1870738663715,-6.48870738663714));
#8669=CARTESIAN_POINT('',(1.70000000000004,-44.1870738663715,-6.48870738663714));
#8670=CARTESIAN_POINT('',(1.70000000000004,-44.1870738663715,0.861292613362866));
#8671=CARTESIAN_POINT('',(2.20000000000004,-44.1870738663715,0.861292613362866));
#8672=CARTESIAN_POINT('',(2.20000000000004,-44.1870738663715,1.36129261336287));
#8673=CARTESIAN_POINT('',(-13.453920793193,-44.1870738663715,1.36129261336287));
#8674=CARTESIAN_POINT('',(13.946079206807,-44.1870738663715,1.36129261336287));
#8675=CARTESIAN_POINT('',(13.946079206807,-44.1870738663715,-1.13870738663713));
#8676=CARTESIAN_POINT('',(16.446079206807,-44.1870738663715,-1.13870738663713));
#8677=CARTESIAN_POINT('',(16.446079206807,-44.1870738663715,-6.48870738663714));
#8678=CARTESIAN_POINT('',(16.446079206807,-44.1870738663715,-1.98870738663714));
#8679=CARTESIAN_POINT('',(15.846079206807,-44.1870738663715,-1.98870738663714));
#8680=CARTESIAN_POINT('',(17.646079206807,-44.1870738663715,-1.98870738663714));
#8681=CARTESIAN_POINT('',(17.646079206807,-44.1870738663715,-6.48870738663714));
#8682=CARTESIAN_POINT('',(17.646079206807,-44.1870738663715,-3.29999999999999));
#8683=CARTESIAN_POINT('',(15.846079206807,-44.1870738663715,-3.29999999999999));
#8684=CARTESIAN_POINT('',(16.046079206807,-44.1870738663715,-3.29999999999999));
#8685=CARTESIAN_POINT('',(16.046079206807,-44.1870738663715,-3.69999999999999));
#8686=CARTESIAN_POINT('',(15.846079206807,-44.1870738663715,-4.04641016151376));
#8687=CARTESIAN_POINT('',(15.846079206807,-44.1870738663715,-6.48870738663714));
#8688=CARTESIAN_POINT('',(15.846079206807,-44.1870738663715,-5.01867412147962));
#8689=CARTESIAN_POINT('',(16.046079206807,-44.1870738663715,-5.01867412147962));
#8690=CARTESIAN_POINT('',(16.046079206807,-44.1870738663715,-5.21867412147962));
#8691=CARTESIAN_POINT('',(15.846079206807,-44.1870738663715,-5.21867412147962));
#8692=CARTESIAN_POINT('',(17.646079206807,-44.1870738663715,-5.21867412147962));
#8693=CARTESIAN_POINT('',(17.646079206807,-44.1870738663715,-6.48870738663714));
#8694=CARTESIAN_POINT('',(16.023,-23.0000738663715,-4.63870738663714));
#8695=CARTESIAN_POINT('',(6.10000000000003,-23.0000738663715,-4.63870738663714));
#8696=CARTESIAN_POINT('',(-4.39999999999997,-23.0000738663715,-4.63870738663714));
#8697=CARTESIAN_POINT('',(-4.39999999999997,-46.5,-4.63870738663714));
#8698=CARTESIAN_POINT('',(-4.39999999999997,-51.5,-4.63870738663714));
#8699=CARTESIAN_POINT('',(16.023,-46.5,-4.63870738663714));
#8700=CARTESIAN_POINT('',(5.00000000000003,-46.5,-4.63870738663714));
#8701=CARTESIAN_POINT('',(5.00000000000003,-23.0000738663715,-4.63870738663714));
#8702=CARTESIAN_POINT('',(5.00000000000003,-51.5,-4.63870738663714));
#8703=CARTESIAN_POINT('',(16.023,-51.5,-4.63870738663714));
#8704=CARTESIAN_POINT('',(-14.9,-23.0000738663715,-4.63870738663714));
#8705=CARTESIAN_POINT('',(-14.9,-46.5,-4.63870738663714));
#8706=CARTESIAN_POINT('',(-14.9,-51.5,-4.63870738663714));
#8707=CARTESIAN_POINT('',(16.023,-46.5,-4.63870738663714));
#8708=CARTESIAN_POINT('',(-5.49999999999997,-46.5,-4.63870738663714));
#8709=CARTESIAN_POINT('',(-5.49999999999997,-23.0000738663715,-4.63870738663714));
#8710=CARTESIAN_POINT('',(-5.49999999999997,-51.5,-4.63870738663714));
#8711=CARTESIAN_POINT('',(16.023,-51.5,-4.63870738663714));
#8712=CARTESIAN_POINT('',(-1.69999999999996,-23.0000738663715,-4.63870738663714));
#8713=CARTESIAN_POINT('',(-1.69999999999996,-45.3,-4.63870738663714));
#8714=CARTESIAN_POINT('',(-1.69999999999996,-44.4,-4.63870738663714));
#8715=CARTESIAN_POINT('',(16.023,-45.3,-4.63870738663714));
#8716=CARTESIAN_POINT('',(16.023,-52.5,-4.63870738663714));
#8717=CARTESIAN_POINT('',(16.,-52.5,-4.63870738663714));
#8718=CARTESIAN_POINT('',(16.,-23.0000738663715,-4.63870738663714));
#8719=CARTESIAN_POINT('',(16.,-45.3,-4.63870738663714));
#8720=CARTESIAN_POINT('',(16.023,-45.3,-4.63870738663714));
#8721=CARTESIAN_POINT('',(1.70000000000004,-45.3,-4.63870738663714));
#8722=CARTESIAN_POINT('',(1.70000000000004,-23.0000738663715,-4.63870738663714));
#8723=CARTESIAN_POINT('',(1.70000000000004,-44.4,-4.63870738663714));
#8724=CARTESIAN_POINT('',(16.023,-44.4,-4.63870738663714));
#8725=CARTESIAN_POINT('',(6.3948846218409E-14,-52.5,-8.4));
#8726=CARTESIAN_POINT('',(16.023,-52.5,-8.03870738663714));
#8727=CARTESIAN_POINT('',(14.,-52.5,-8.03870738663714));
#8728=CARTESIAN_POINT('',(14.,-52.5,-6.03870738663714));
#8729=CARTESIAN_POINT('',(16.,-52.5,-6.03870738663714));
#8730=CARTESIAN_POINT('',(16.,-52.5,-8.4));
#8731=CARTESIAN_POINT('',(16.,-52.5,-8.4));
#8732=CARTESIAN_POINT('',(16.,-23.0000738663715,-6.03870738663714));
#8733=CARTESIAN_POINT('',(16.,-45.3,-6.03870738663714));
#8734=CARTESIAN_POINT('',(16.,-45.3,-8.4));
#8735=CARTESIAN_POINT('',(1.4210854715202E-14,-44.4,-8.4));
#8736=CARTESIAN_POINT('',(-1.69999999999996,-44.4,-8.4));
#8737=CARTESIAN_POINT('',(-1.69999999999996,-44.4,-5.99999999999999));
#8738=CARTESIAN_POINT('',(1.70000000000004,-44.4,-8.4));
#8739=CARTESIAN_POINT('',(1.70000000000004,-44.4,-5.99999999999999));
#8740=CARTESIAN_POINT('',(1.4210854715202E-14,-44.4,-5.99999999999999));
#8741=CARTESIAN_POINT('',(16.023,-23.0000738663715,-8.03870738663714));
#8742=CARTESIAN_POINT('',(14.,-23.0000738663715,-8.03870738663714));
#8743=CARTESIAN_POINT('',(-14.9,-46.5,-7.39999999999999));
#8744=CARTESIAN_POINT('',(-14.9,-51.5,-7.39999999999999));
#8745=CARTESIAN_POINT('',(-14.9,-51.5,-7.39999999999999));
#8746=CARTESIAN_POINT('',(-14.9,-46.5,-7.39999999999999));
#8747=CARTESIAN_POINT('',(-14.9,-46.5,-7.39999999999999));
#8748=CARTESIAN_POINT('',(-14.9,-46.5,-7.39999999999999));
#8749=CARTESIAN_POINT('',(-14.9,-51.5,-7.39999999999999));
#8750=CARTESIAN_POINT('',(-5.49999999999997,-51.5,-7.39999999999999));
#8751=CARTESIAN_POINT('',(-5.49999999999997,-51.5,-7.39999999999999));
#8752=CARTESIAN_POINT('',(-14.9,-51.5,-7.39999999999999));
#8753=CARTESIAN_POINT('',(-5.49999999999997,-51.5,-7.39999999999999));
#8754=CARTESIAN_POINT('',(-5.49999999999997,-46.5,-7.39999999999999));
#8755=CARTESIAN_POINT('',(-5.49999999999997,-46.5,-7.39999999999999));
#8756=CARTESIAN_POINT('',(-5.49999999999997,-51.5,-7.39999999999999));
#8757=CARTESIAN_POINT('',(-5.49999999999997,-46.5,-7.39999999999999));
#8758=CARTESIAN_POINT('',(-5.49999999999997,-46.5,-7.39999999999999));
#8759=CARTESIAN_POINT('',(4.2632564145606E-14,-31.,-7.39999999999999));
#8760=CARTESIAN_POINT('',(-4.39999999999997,-46.5,-7.39999999999999));
#8761=CARTESIAN_POINT('',(-4.39999999999997,-51.5,-7.39999999999999));
#8762=CARTESIAN_POINT('',(-4.39999999999997,-51.5,-7.39999999999999));
#8763=CARTESIAN_POINT('',(-4.39999999999997,-46.5,-7.39999999999999));
#8764=CARTESIAN_POINT('',(-4.39999999999997,-46.5,-7.39999999999999));
#8765=CARTESIAN_POINT('',(-4.39999999999997,-46.5,-7.39999999999999));
#8766=CARTESIAN_POINT('',(-4.39999999999997,-51.5,-7.39999999999999));
#8767=CARTESIAN_POINT('',(5.00000000000003,-51.5,-7.39999999999999));
#8768=CARTESIAN_POINT('',(5.00000000000003,-51.5,-7.39999999999999));
#8769=CARTESIAN_POINT('',(-4.39999999999997,-51.5,-7.39999999999999));
#8770=CARTESIAN_POINT('',(5.00000000000003,-51.5,-7.39999999999999));
#8771=CARTESIAN_POINT('',(5.00000000000003,-46.5,-7.39999999999999));
#8772=CARTESIAN_POINT('',(5.00000000000003,-46.5,-7.39999999999999));
#8773=CARTESIAN_POINT('',(5.00000000000003,-51.5,-7.39999999999999));
#8774=CARTESIAN_POINT('',(5.00000000000003,-46.5,-7.39999999999999));
#8775=CARTESIAN_POINT('',(5.00000000000003,-46.5,-7.39999999999999));
#8776=CARTESIAN_POINT('',(4.2632564145606E-14,-31.,-7.39999999999999));
#8777=CARTESIAN_POINT('',(6.10000000000003,-46.5,-7.39999999999999));
#8778=CARTESIAN_POINT('',(-15.8460792068069,-45.3,-6.1090150283824));
#8779=CARTESIAN_POINT('',(-15.8460792068069,-45.3,-6.1090150283824));
#8780=CARTESIAN_POINT('',(-17.6460792068069,-45.3,-6.1090150283824));
#8781=CARTESIAN_POINT('',(-17.6460792068069,-45.3,-6.1090150283824));
#8782=CARTESIAN_POINT('',(-15.8460792068069,-44.1870738663715,-1.98870738663714));
#8783=CARTESIAN_POINT('',(-17.6460792068069,-44.1870738663715,-1.98870738663714));
#8784=CARTESIAN_POINT('',(-17.6460792068069,-45.3,-1.98870738663713));
#8785=CARTESIAN_POINT('',(-15.8460792068069,-45.3,-1.98870738663713));
#8786=CARTESIAN_POINT('',(-16.4460792068069,-45.3,-1.98870738663713));
#8787=CARTESIAN_POINT('',(-16.4460792068069,-44.1870738663715,-1.98870738663714));
#8788=CARTESIAN_POINT('',(-15.8460792068069,-31.,7.105427357601E-15));
#8789=CARTESIAN_POINT('',(-15.8460792068069,-44.1870738663715,-4.67226395996584));
#8790=CARTESIAN_POINT('',(-15.8460792068069,-44.1870738663715,-4.81092635696287));
#8791=CARTESIAN_POINT('',(-15.8460792068069,-44.0835925175162,-4.92215305733326));
#8792=CARTESIAN_POINT('',(-15.8460792068069,-43.9870738663715,-5.01867412147962));
#8793=CARTESIAN_POINT('',(-15.8460792068069,-43.9870738663715,-5.01867412147962));
#8794=CARTESIAN_POINT('',(-15.8460792068069,-39.2,-5.01867412147962));
#8795=CARTESIAN_POINT('',(-15.8460792068069,-39.2,-5.01867412147962));
#8796=CARTESIAN_POINT('',(-15.8460792068069,-39.2,-4.45151683395423));
#8797=CARTESIAN_POINT('',(-15.8460792068069,-39.2,-4.45151683395423));
#8798=CARTESIAN_POINT('',(-15.8460792068069,-40.619658992833,-3.03185784112123));
#8799=CARTESIAN_POINT('',(-15.8460792068069,-40.619658992833,-3.03185784112123));
#8800=CARTESIAN_POINT('',(-15.8460792068069,-40.9774509789267,-3.532559077314));
#8801=CARTESIAN_POINT('',(-15.8460792068069,-40.9774509789267,-3.532559077314));
#8802=CARTESIAN_POINT('',(-15.8460792068069,-41.3028987866607,-3.29999999999999));
#8803=CARTESIAN_POINT('',(-15.8460792068069,-41.3028987866607,-3.69999999999999));
#8804=CARTESIAN_POINT('',(-15.8460792068069,-44.1870738663715,-3.69999999999999));
#8805=CARTESIAN_POINT('',(-15.8460792068069,-43.9870738663715,-3.69999999999999));
#8806=CARTESIAN_POINT('',(-15.8460792068069,-44.1870738663715,-4.04641016151376));
#8807=CARTESIAN_POINT('',(-15.8460792068069,-44.1870738663715,-3.90774776451673));
#8808=CARTESIAN_POINT('',(-15.8460792068069,-44.0835925175162,-3.79652106414636));
#8809=CARTESIAN_POINT('',(-15.8460792068069,-43.9870738663715,-3.69999999999999));
#8810=CARTESIAN_POINT('',(-15.8460792068069,-45.3,-1.98870738663713));
#8811=CARTESIAN_POINT('',(-17.6460792068069,-45.3,-1.98870738663713));
#8812=CARTESIAN_POINT('',(-1.69999999999996,-45.3,1.36129261336287));
#8813=CARTESIAN_POINT('',(-1.69999999999996,-45.3,0.861292613362866));
#8814=CARTESIAN_POINT('',(-2.19999999999996,-45.3,0.861292613362866));
#8815=CARTESIAN_POINT('',(-2.19999999999996,-45.3,1.36129261336287));
#8816=CARTESIAN_POINT('',(13.4539207931931,-45.3,1.36129261336287));
#8817=CARTESIAN_POINT('',(-13.9460792068069,-45.3,1.36129261336287));
#8818=CARTESIAN_POINT('',(-13.9460792068069,-45.3,-1.13870738663713));
#8819=CARTESIAN_POINT('',(-16.4460792068069,-45.3,-1.13870738663713));
#8820=CARTESIAN_POINT('',(-16.4460792068069,-45.3,1.36129261336287));
#8821=CARTESIAN_POINT('',(-15.8460792068069,-44.1870738663715,-5.21867412147962));
#8822=CARTESIAN_POINT('',(-15.8460792068069,-39.2,-5.21867412147962));
#8823=CARTESIAN_POINT('',(-17.6460792068069,-39.2,-5.21867412147962));
#8824=CARTESIAN_POINT('',(-16.0460792068069,-39.2,-5.21867412147962));
#8825=CARTESIAN_POINT('',(-16.0460792068069,-44.1870738663715,-5.21867412147962));
#8826=CARTESIAN_POINT('',(-16.0460792068069,-43.9870738663715,-5.21867412147962));
#8827=CARTESIAN_POINT('',(-17.8460792068069,-43.9870738663715,-5.21867412147962));
#8828=CARTESIAN_POINT('',(-17.6460792068069,-43.9870738663715,-5.21867412147962));
#8829=CARTESIAN_POINT('',(-17.6460792068069,-44.1870738663715,-5.21867412147962));
#8830=CARTESIAN_POINT('',(-15.8460792068069,-39.,-5.21867412147962));
#8831=CARTESIAN_POINT('',(-15.8460792068069,-39.,-4.45151683395423));
#8832=CARTESIAN_POINT('',(-17.6460792068069,-39.,-4.45151683395423));
#8833=CARTESIAN_POINT('',(-16.0460792068069,-39.,-4.45151683395423));
#8834=CARTESIAN_POINT('',(-16.0460792068069,-39.,-5.01867412147962));
#8835=CARTESIAN_POINT('',(-16.0460792068069,-39.,-5.01867412147962));
#8836=CARTESIAN_POINT('',(-15.8460792068069,-39.,-5.01867412147962));
#8837=CARTESIAN_POINT('',(-17.6460792068069,-39.,-5.01867412147962));
#8838=CARTESIAN_POINT('',(-17.6460792068069,-39.,-5.21867412147962));
#8839=CARTESIAN_POINT('',(-15.8460792068069,-39.,-4.36867412147962));
#8840=CARTESIAN_POINT('',(-15.8460792068069,-40.4782376365957,-2.89043648488392));
#8841=CARTESIAN_POINT('',(-17.6460792068069,-40.4782376365957,-2.89043648488392));
#8842=CARTESIAN_POINT('',(-16.0460792068069,-40.4782376365957,-2.89043648488392));
#8843=CARTESIAN_POINT('',(-16.0460792068069,-39.0585786437627,-4.31009547771693));
#8844=CARTESIAN_POINT('',(-16.0460792068069,-39.0585786437627,-4.31009547771693));
#8845=CARTESIAN_POINT('',(-15.8460792068069,-39.0585786437627,-4.31009547771693));
#8846=CARTESIAN_POINT('',(-17.6460792068069,-39.0585786437627,-4.31009547771693));
#8847=CARTESIAN_POINT('',(-17.6460792068069,-39.,-4.36867412147962));
#8848=CARTESIAN_POINT('',(-15.8460792068069,-40.6451467782762,-2.72352734320344));
#8849=CARTESIAN_POINT('',(-15.8460792068069,-41.1401748827937,-3.41627953865699));
#8850=CARTESIAN_POINT('',(-17.6460792068069,-41.1401748827937,-3.41627953865699));
#8851=CARTESIAN_POINT('',(-16.0460792068069,-41.1401748827937,-3.41627953865699));
#8852=CARTESIAN_POINT('',(-16.0460792068069,-40.7823828967,-2.91557830246423));
#8853=CARTESIAN_POINT('',(-16.0460792068069,-40.7823828967,-2.91557830246422));
#8854=CARTESIAN_POINT('',(-15.8460792068069,-40.7823828967,-2.91557830246422));
#8855=CARTESIAN_POINT('',(-17.6460792068069,-40.7823828967,-2.91557830246422));
#8856=CARTESIAN_POINT('',(-17.6460792068069,-40.6451467782762,-2.72352734320344));
#8857=CARTESIAN_POINT('',(-15.8460792068069,-41.2,-3.49999999999999));
#8858=CARTESIAN_POINT('',(-15.8460792068069,-43.9870738663715,-3.49999999999999));
#8859=CARTESIAN_POINT('',(-17.6460792068069,-43.9870738663715,-3.49999999999999));
#8860=CARTESIAN_POINT('',(-16.0460792068069,-43.9870738663715,-3.49999999999999));
#8861=CARTESIAN_POINT('',(-16.0460792068069,-41.3028987866607,-3.49999999999999));
#8862=CARTESIAN_POINT('',(-16.0460792068069,-41.3028987866607,-3.49999999999999));
#8863=CARTESIAN_POINT('',(-17.8460792068069,-41.3028987866607,-3.49999999999999));
#8864=CARTESIAN_POINT('',(-17.6460792068069,-41.3028987866607,-3.49999999999999));
#8865=CARTESIAN_POINT('',(-17.6460792068069,-41.2,-3.49999999999999));
#8866=CARTESIAN_POINT('',(-17.8460792068069,-31.,7.105427357601E-15));
#8867=CARTESIAN_POINT('',(-17.8460792068069,-43.9870738663715,-5.41867412147962));
#8868=CARTESIAN_POINT('',(-17.8460792068069,-44.3870738663715,-5.41867412147962));
#8869=CARTESIAN_POINT('',(-17.8460792068069,-43.9870738663715,-5.01867412147962));
#8870=CARTESIAN_POINT('',(-17.8460792068069,-44.3870738663715,2.24716582948091E-14));
#8871=CARTESIAN_POINT('',(-17.8460792068069,-44.3870738663715,-5.9090150283824));
#8872=CARTESIAN_POINT('',(-17.8460792068069,-31.,-5.9090150283824));
#8873=CARTESIAN_POINT('',(-17.8460792068069,-45.1,-5.9090150283824));
#8874=CARTESIAN_POINT('',(-17.8460792068069,-45.1,5.45962520978866E-14));
#8875=CARTESIAN_POINT('',(-17.8460792068069,-45.1,-2.18870738663713));
#8876=CARTESIAN_POINT('',(-17.8460792068069,-31.,-2.18870738663717));
#8877=CARTESIAN_POINT('',(-17.8460792068069,-44.3870738663715,-2.18870738663714));
#8878=CARTESIAN_POINT('',(-17.8460792068069,-44.3870738663715,2.24716582948091E-14));
#8879=CARTESIAN_POINT('',(-17.8460792068069,-44.3870738663715,-3.29999999999999));
#8880=CARTESIAN_POINT('',(-17.8460792068069,-43.9870738663715,-3.29999999999999));
#8881=CARTESIAN_POINT('',(-17.8460792068069,-43.9870738663715,-3.69999999999999));
#8882=CARTESIAN_POINT('',(-17.8460792068069,-31.,-3.70000000000002));
#8883=CARTESIAN_POINT('',(-17.8460792068069,-41.3028987866607,-3.69999999999999));
#8884=CARTESIAN_POINT('',(-17.8460792068069,-41.3028987866607,-3.29999999999999));
#8885=CARTESIAN_POINT('',(-17.8460792068069,-40.9774509789267,-3.532559077314));
#8886=CARTESIAN_POINT('',(-17.8460792068069,-35.9338108718747,3.52561140907376));
#8887=CARTESIAN_POINT('',(-17.8460792068069,-40.619658992833,-3.03185784112123));
#8888=CARTESIAN_POINT('',(-17.8460792068069,-37.3257584169771,-6.32575841697711));
#8889=CARTESIAN_POINT('',(-17.8460792068069,-39.2,-4.45151683395423));
#8890=CARTESIAN_POINT('',(-17.8460792068069,-39.2,7.105427357601E-15));
#8891=CARTESIAN_POINT('',(-17.8460792068069,-39.2,-5.01867412147962));
#8892=CARTESIAN_POINT('',(-17.8460792068069,-31.,-5.01867412147962));
#8893=CARTESIAN_POINT('',(-16.4460792068069,-31.,7.105427357601E-15));
#8894=CARTESIAN_POINT('',(-16.4460792068069,-31.,-1.13870738663713));
#8895=CARTESIAN_POINT('',(13.4539207931931,-44.1870738663715,1.36129261336287));
#8896=CARTESIAN_POINT('',(-2.19999999999996,-44.1870738663715,1.36129261336287));
#8897=CARTESIAN_POINT('',(-13.9460792068069,-44.1870738663715,1.36129261336287));
#8898=CARTESIAN_POINT('',(-13.9460792068069,-44.1870738663715,-1.13870738663713));
#8899=CARTESIAN_POINT('',(-1.69999999999996,-43.,14.95));
#8900=CARTESIAN_POINT('',(-1.69999999999996,-43.,-5.99999999999999));
#8901=CARTESIAN_POINT('',(-1.69999999999996,-45.3,0.861292613362866));
#8902=CARTESIAN_POINT('',(-2.19999999999996,-43.,0.861292613362866));
#8903=CARTESIAN_POINT('',(-14.6,-46.2,-5.99999999999999));
#8904=CARTESIAN_POINT('',(-14.6,-46.2,-5.99999999999999));
#8905=CARTESIAN_POINT('',(-14.6,-24.6,-5.99999999999999));
#8906=CARTESIAN_POINT('',(-14.6,-24.6,-7.19999999999999));
#8907=CARTESIAN_POINT('',(-14.6,-24.6,-7.19999999999999));
#8908=CARTESIAN_POINT('',(-14.6,-46.2,-7.19999999999999));
#8909=CARTESIAN_POINT('',(4.14385260761844E-14,-46.2,-5.99999999999999));
#8910=CARTESIAN_POINT('',(-0.717154370182163,-46.2375844679444,-5.99999999999999));
#8911=CARTESIAN_POINT('',(-1.85168068344499,-24.5895328087514,-5.99999999999999));
#8912=CARTESIAN_POINT('',(-1.64103926027912,-28.6088105962772,-5.99999999999999));
#8913=CARTESIAN_POINT('',(-2.05140659039591,-24.6,-5.99999999999999));
#8914=CARTESIAN_POINT('',(-2.05140659039591,-24.4,-5.99999999999999));
#8915=CARTESIAN_POINT('',(4.14385260761844E-14,-24.4,-5.99999999999999));
#8916=CARTESIAN_POINT('',(-14.4,-24.4,-5.99999999999999));
#8917=CARTESIAN_POINT('',(-14.4,-24.6,-5.99999999999999));
#8918=CARTESIAN_POINT('',(1.70000000000004,-46.8,-5.99999999999999));
#8919=CARTESIAN_POINT('',(14.6,-46.2,-5.99999999999999));
#8920=CARTESIAN_POINT('',(14.6,-24.6,-5.99999999999999));
#8921=CARTESIAN_POINT('',(14.4,-24.6,-5.99999999999999));
#8922=CARTESIAN_POINT('',(2.05140659039599,-24.6,-5.99999999999999));
#8923=CARTESIAN_POINT('',(1.85168068344508,-24.5895328087514,-5.99999999999999));
#8924=CARTESIAN_POINT('',(0.717154370182248,-46.2375844679444,-5.99999999999999));
#8925=CARTESIAN_POINT('',(1.6410392602792,-28.6088105962772,-5.99999999999999));
#8926=CARTESIAN_POINT('',(4.14385260761844E-14,-28.6088105962772,-5.99999999999999));
#8927=CARTESIAN_POINT('',(2.14172543327816,-28.6088105962772,-5.99999999999999));
#8928=CARTESIAN_POINT('',(1.99931476737733,-31.3261679781215,-5.99999999999999));
#8929=CARTESIAN_POINT('',(2.09337739245481,-29.5313461718115,-5.99999999999999));
#8930=CARTESIAN_POINT('',(2.60238684512577,-29.5313461718115,-5.99999999999999));
#8931=CARTESIAN_POINT('',(8.28662414201351,-29.5313461718115,-5.99999999999999));
#8932=CARTESIAN_POINT('',(8.04424235043315,-29.6819372746031,-5.99999999999999));
#8933=CARTESIAN_POINT('',(13.1704116124304,-26.4970632078369,-6.00000000338532));
#8934=CARTESIAN_POINT('',(13.1704116123799,-26.8441495658795,-5.99999999999999));
#8935=CARTESIAN_POINT('',(13.1704116123798,-26.0039240603213,-6.));
#8936=CARTESIAN_POINT('',(-4.17845291953315E-15,-26.0039240603213,-5.99999999999999));
#8937=CARTESIAN_POINT('',(13.1980879669485,-26.0039240603213,-6.00000000084611));
#8938=CARTESIAN_POINT('',(13.1980879669351,-26.4491266972934,-5.99999999999999));
#8939=CARTESIAN_POINT('',(13.1980879669351,-24.4539240603213,-5.99999999999999));
#8940=CARTESIAN_POINT('',(16.0173639939237,-24.4539240603213,-5.99999999999999));
#8941=CARTESIAN_POINT('',(13.6981468919881,-24.4539240603213,-5.99999999999999));
#8942=CARTESIAN_POINT('',(13.6981468919881,-32.2846677392634,-5.99999999999999));
#8943=CARTESIAN_POINT('',(13.6981468919881,-25.6039240603213,-5.99999999999999));
#8944=CARTESIAN_POINT('',(14.0981895509408,-26.0039240603213,-5.99999999999999));
#8945=CARTESIAN_POINT('',(13.8868916483278,-26.0039240603213,-5.99999999999999));
#8946=CARTESIAN_POINT('',(13.6981468919881,-25.8152225882606,-5.99999999999999));
#8947=CARTESIAN_POINT('',(13.6981468919881,-25.6039240603213,-5.99999999999999));
#8948=CARTESIAN_POINT('',(14.0981895509408,-26.0039240603213,-5.99999999999999));
#8949=CARTESIAN_POINT('',(-4.17845291953315E-15,-26.0039240603213,-5.99999999999999));
#8950=CARTESIAN_POINT('',(14.3574480839355,-26.0039240603213,-5.99999999999999));
#8951=CARTESIAN_POINT('',(14.3574480839355,-46.2,-5.99999999999999));
#8952=CARTESIAN_POINT('',(14.3574480839355,-26.9368501903287,-5.99999999999999));
#8953=CARTESIAN_POINT('',(-4.63634386592474,-38.7376379362829,-5.99999999999999));
#8954=CARTESIAN_POINT('',(8.57197763004144,-30.5313461718115,-5.99999999999999));
#8955=CARTESIAN_POINT('',(2.60238684512577,-30.5313461718115,-5.99999999999999));
#8956=CARTESIAN_POINT('',(2.60238684512577,-30.5313461718115,-5.99999999999999));
#8957=CARTESIAN_POINT('',(2.60238684512577,-46.2,-5.99999999999999));
#8958=CARTESIAN_POINT('',(-2.60238684512568,-46.2,-5.99999999999999));
#8959=CARTESIAN_POINT('',(-2.60238684512568,-30.5313461718115,-6.00000000169265));
#8960=CARTESIAN_POINT('',(-2.60238684512568,-30.5313461718115,-5.99999999999999));
#8961=CARTESIAN_POINT('',(-8.57197763004135,-30.5313461718115,-5.99999999999999));
#8962=CARTESIAN_POINT('',(4.63634386592483,-38.7376379362829,-5.99999999999999));
#8963=CARTESIAN_POINT('',(-14.3574480839354,-26.9368501903287,-5.99999999999999));
#8964=CARTESIAN_POINT('',(-14.3574480839354,-46.2,-5.99999999999999));
#8965=CARTESIAN_POINT('',(-14.3574480839354,-26.0039240603213,-5.99999999999999));
#8966=CARTESIAN_POINT('',(8.7055505071902E-14,-26.0039240603213,-5.99999999999999));
#8967=CARTESIAN_POINT('',(-14.0981895509407,-26.0039240603213,-5.99999999999999));
#8968=CARTESIAN_POINT('',(-14.0981895509407,-26.0039240603213,-5.99999999999999));
#8969=CARTESIAN_POINT('',(-13.8868916483277,-26.0039240603213,-5.99999999999999));
#8970=CARTESIAN_POINT('',(-13.698146891988,-25.8152225882606,-5.99999999999999));
#8971=CARTESIAN_POINT('',(-13.6981468919881,-25.6039240603213,-5.99999999999999));
#8972=CARTESIAN_POINT('',(-13.6981468919881,-25.6039240603213,-5.99999999999999));
#8973=CARTESIAN_POINT('',(-13.6981468919881,-32.2846677392634,-5.99999999999999));
#8974=CARTESIAN_POINT('',(-13.6981468919881,-24.4539240603213,-5.99999999999999));
#8975=CARTESIAN_POINT('',(-16.0173639939236,-24.4539240603213,-5.99999999999999));
#8976=CARTESIAN_POINT('',(-13.1980879669351,-24.4539240603213,-5.99999999999999));
#8977=CARTESIAN_POINT('',(-13.1980879669351,-26.4491266972934,-5.99999999999999));
#8978=CARTESIAN_POINT('',(-13.1980879669484,-26.0039240603213,-6.00000000084611));
#8979=CARTESIAN_POINT('',(8.7055505071902E-14,-26.0039240603213,-5.99999999999999));
#8980=CARTESIAN_POINT('',(-13.1704116123798,-26.0039240603213,-6.));
#8981=CARTESIAN_POINT('',(-13.1704116123798,-26.8441495658795,-5.99999999999999));
#8982=CARTESIAN_POINT('',(-13.1704116124303,-26.4970632078369,-6.00000000338532));
#8983=CARTESIAN_POINT('',(-8.04424235043306,-29.6819372746031,-5.99999999999999));
#8984=CARTESIAN_POINT('',(-8.28662414201342,-29.5313461718115,-5.99999999999999));
#8985=CARTESIAN_POINT('',(-2.60238684512568,-29.5313461718115,-5.99999999999999));
#8986=CARTESIAN_POINT('',(-2.09337739245472,-29.5313461718115,-5.99999999999999));
#8987=CARTESIAN_POINT('',(-1.99931476737724,-31.3261679781215,-5.99999999999999));
#8988=CARTESIAN_POINT('',(-2.14172543327808,-28.6088105962772,-5.99999999999999));
#8989=CARTESIAN_POINT('',(4.14385260761844E-14,-28.6088105962772,-5.99999999999999));
#8990=CARTESIAN_POINT('',(-13.453920793193,-45.3,1.36129261336287));
#8991=CARTESIAN_POINT('',(14.,-45.3,-6.03870738663714));
#8992=CARTESIAN_POINT('',(15.9987638268471,-45.3,-6.1090150283824));
#8993=CARTESIAN_POINT('',(15.846079206807,-45.3,-6.1090150283824));
#8994=CARTESIAN_POINT('',(17.646079206807,-45.3,-6.1090150283824));
#8995=CARTESIAN_POINT('',(17.646079206807,-45.3,1.36129261336287));
#8996=CARTESIAN_POINT('',(17.646079206807,-45.3,-1.98870738663713));
#8997=CARTESIAN_POINT('',(15.846079206807,-45.3,-1.98870738663713));
#8998=CARTESIAN_POINT('',(16.446079206807,-45.3,-1.98870738663713));
#8999=CARTESIAN_POINT('',(16.446079206807,-45.3,1.36129261336287));
#9000=CARTESIAN_POINT('',(16.446079206807,-45.3,-1.13870738663713));
#9001=CARTESIAN_POINT('',(13.946079206807,-45.3,-1.13870738663713));
#9002=CARTESIAN_POINT('',(13.946079206807,-45.3,1.36129261336287));
#9003=CARTESIAN_POINT('',(-13.453920793193,-45.3,1.36129261336287));
#9004=CARTESIAN_POINT('',(2.20000000000004,-45.3,1.36129261336287));
#9005=CARTESIAN_POINT('',(2.20000000000004,-45.3,0.861292613362866));
#9006=CARTESIAN_POINT('',(1.70000000000004,-45.3,0.861292613362866));
#9007=CARTESIAN_POINT('',(1.70000000000004,-45.3,1.36129261336287));
#9008=CARTESIAN_POINT('',(-13.453920793193,-44.1870738663715,1.36129261336287));
#9009=CARTESIAN_POINT('',(2.20000000000004,-44.1870738663715,1.36129261336287));
#9010=CARTESIAN_POINT('',(13.946079206807,-44.1870738663715,1.36129261336287));
#9011=CARTESIAN_POINT('',(16.446079206807,-31.,7.105427357601E-15));
#9012=CARTESIAN_POINT('',(16.446079206807,-31.,-1.98870738663717));
#9013=CARTESIAN_POINT('',(16.446079206807,-31.,-1.13870738663713));
#9014=CARTESIAN_POINT('',(13.946079206807,-31.,-1.13870738663713));
#9015=CARTESIAN_POINT('',(1.70000000000004,-46.8,14.95));
#9016=CARTESIAN_POINT('',(1.70000000000004,-46.8,0.861292613362866));
#9017=CARTESIAN_POINT('',(2.20000000000004,-44.1870738663715,0.861292613362866));
#9018=CARTESIAN_POINT('',(15.846079206807,-45.3,-6.1090150283824));
#9019=CARTESIAN_POINT('',(15.9987638268471,-23.0000738663715,-6.1090150283824));
#9020=CARTESIAN_POINT('',(17.646079206807,-45.3,-6.1090150283824));
#9021=CARTESIAN_POINT('',(15.846079206807,-44.1870738663715,-5.21867412147962));
#9022=CARTESIAN_POINT('',(16.046079206807,-39.,-5.21867412147962));
#9023=CARTESIAN_POINT('',(16.046079206807,-39.2,-5.21867412147962));
#9024=CARTESIAN_POINT('',(15.846079206807,-39.2,-5.21867412147962));
#9025=CARTESIAN_POINT('',(17.646079206807,-39.2,-5.21867412147962));
#9026=CARTESIAN_POINT('',(17.646079206807,-44.1870738663715,-5.21867412147962));
#9027=CARTESIAN_POINT('',(15.846079206807,-39.,-5.21867412147962));
#9028=CARTESIAN_POINT('',(17.646079206807,-39.,-5.21867412147962));
#9029=CARTESIAN_POINT('',(17.646079206807,-39.,-4.45151683395423));
#9030=CARTESIAN_POINT('',(17.646079206807,-39.,-5.01867412147962));
#9031=CARTESIAN_POINT('',(15.846079206807,-39.,-5.01867412147962));
#9032=CARTESIAN_POINT('',(16.046079206807,-39.,-5.01867412147962));
#9033=CARTESIAN_POINT('',(16.046079206807,-39.,-4.36867412147962));
#9034=CARTESIAN_POINT('',(16.046079206807,-39.,-4.45151683395423));
#9035=CARTESIAN_POINT('',(15.846079206807,-39.,-4.45151683395423));
#9036=CARTESIAN_POINT('',(15.846079206807,-39.,-4.36867412147962));
#9037=CARTESIAN_POINT('',(15.846079206807,-39.0585786437627,-4.31009547771693));
#9038=CARTESIAN_POINT('',(17.646079206807,-39.0585786437627,-4.31009547771693));
#9039=CARTESIAN_POINT('',(16.046079206807,-39.0585786437627,-4.31009547771693));
#9040=CARTESIAN_POINT('',(16.046079206807,-40.6451467782762,-2.72352734320344));
#9041=CARTESIAN_POINT('',(16.046079206807,-40.4782376365957,-2.89043648488392));
#9042=CARTESIAN_POINT('',(15.846079206807,-40.4782376365957,-2.89043648488392));
#9043=CARTESIAN_POINT('',(17.646079206807,-40.4782376365957,-2.89043648488392));
#9044=CARTESIAN_POINT('',(17.646079206807,-39.,-4.36867412147962));
#9045=CARTESIAN_POINT('',(15.846079206807,-40.6451467782762,-2.72352734320344));
#9046=CARTESIAN_POINT('',(15.846079206807,-40.7823828967,-2.91557830246422));
#9047=CARTESIAN_POINT('',(17.646079206807,-40.7823828967,-2.91557830246423));
#9048=CARTESIAN_POINT('',(16.046079206807,-40.7823828967,-2.91557830246423));
#9049=CARTESIAN_POINT('',(16.046079206807,-41.2,-3.49999999999999));
#9050=CARTESIAN_POINT('',(16.046079206807,-41.1401748827937,-3.41627953865699));
#9051=CARTESIAN_POINT('',(17.846079206807,-41.1401748827937,-3.41627953865699));
#9052=CARTESIAN_POINT('',(17.646079206807,-41.1401748827937,-3.41627953865699));
#9053=CARTESIAN_POINT('',(17.646079206807,-40.6451467782762,-2.72352734320344));
#9054=CARTESIAN_POINT('',(15.846079206807,-41.2,-3.49999999999999));
#9055=CARTESIAN_POINT('',(17.646079206807,-41.2,-3.49999999999999));
#9056=CARTESIAN_POINT('',(17.646079206807,-43.9870738663715,-3.49999999999999));
#9057=CARTESIAN_POINT('',(17.646079206807,-41.3028987866607,-3.49999999999999));
#9058=CARTESIAN_POINT('',(15.846079206807,-41.3028987866607,-3.49999999999999));
#9059=CARTESIAN_POINT('',(16.046079206807,-41.3028987866607,-3.49999999999999));
#9060=CARTESIAN_POINT('',(16.046079206807,-44.1870738663715,-3.49999999999999));
#9061=CARTESIAN_POINT('',(16.046079206807,-43.9870738663715,-3.49999999999999));
#9062=CARTESIAN_POINT('',(17.846079206807,-43.9870738663715,-3.49999999999999));
#9063=CARTESIAN_POINT('',(15.846079206807,-44.1870738663715,-1.98870738663714));
#9064=CARTESIAN_POINT('',(17.646079206807,-44.1870738663715,-1.98870738663714));
#9065=CARTESIAN_POINT('',(15.846079206807,-31.,7.105427357601E-15));
#9066=CARTESIAN_POINT('',(15.846079206807,-44.1870738663715,-4.04641016151376));
#9067=CARTESIAN_POINT('',(15.846079206807,-44.1870738663715,-3.90774776451673));
#9068=CARTESIAN_POINT('',(15.846079206807,-44.0835925175163,-3.79652106414623));
#9069=CARTESIAN_POINT('',(15.846079206807,-43.9870738663715,-3.69999999999999));
#9070=CARTESIAN_POINT('',(15.846079206807,-43.9870738663715,-3.69999999999999));
#9071=CARTESIAN_POINT('',(15.846079206807,-41.2,-3.69999999999999));
#9072=CARTESIAN_POINT('',(15.846079206807,-41.3028987866607,-3.69999999999999));
#9073=CARTESIAN_POINT('',(15.846079206807,-41.3028987866607,-3.29999999999999));
#9074=CARTESIAN_POINT('',(15.846079206807,-40.9774509789267,-3.532559077314));
#9075=CARTESIAN_POINT('',(15.846079206807,-40.4824228744092,-2.83980688186045));
#9076=CARTESIAN_POINT('',(15.846079206807,-40.619658992833,-3.03185784112123));
#9077=CARTESIAN_POINT('',(15.846079206807,-39.1414213562373,-4.51009547771693));
#9078=CARTESIAN_POINT('',(15.846079206807,-39.2,-4.45151683395423));
#9079=CARTESIAN_POINT('',(15.846079206807,-39.2,-5.21867412147962));
#9080=CARTESIAN_POINT('',(15.846079206807,-39.2,-5.01867412147962));
#9081=CARTESIAN_POINT('',(15.846079206807,-44.1870738663715,-5.01867412147962));
#9082=CARTESIAN_POINT('',(17.846079206807,-31.,7.105427357601E-15));
#9083=CARTESIAN_POINT('',(17.846079206807,-45.1,7.105427357601E-15));
#9084=CARTESIAN_POINT('',(17.846079206807,-45.1,-2.18870738663713));
#9085=CARTESIAN_POINT('',(17.846079206807,-45.1,-5.9090150283824));
#9086=CARTESIAN_POINT('',(17.846079206807,-31.,-5.9090150283824));
#9087=CARTESIAN_POINT('',(17.846079206807,-44.3870738663715,-5.9090150283824));
#9088=CARTESIAN_POINT('',(17.846079206807,-44.3870738663715,7.105427357601E-15));
#9089=CARTESIAN_POINT('',(17.846079206807,-44.3870738663715,-5.01867412147962));
#9090=CARTESIAN_POINT('',(17.846079206807,-31.,-5.01867412147962));
#9091=CARTESIAN_POINT('',(17.846079206807,-39.2,-5.01867412147962));
#9092=CARTESIAN_POINT('',(17.846079206807,-39.2,7.105427357601E-15));
#9093=CARTESIAN_POINT('',(17.846079206807,-39.2,-4.45151683395423));
#9094=CARTESIAN_POINT('',(17.846079206807,-37.3257584169771,-6.32575841697711));
#9095=CARTESIAN_POINT('',(17.846079206807,-40.619658992833,-3.03185784112123));
#9096=CARTESIAN_POINT('',(17.846079206807,-35.9338108718747,3.52561140907376));
#9097=CARTESIAN_POINT('',(17.846079206807,-40.9774509789267,-3.532559077314));
#9098=CARTESIAN_POINT('',(17.846079206807,-41.3028987866607,-3.29999999999999));
#9099=CARTESIAN_POINT('',(17.846079206807,-41.3028987866607,-3.69999999999999));
#9100=CARTESIAN_POINT('',(17.846079206807,-31.,-3.70000000000002));
#9101=CARTESIAN_POINT('',(17.846079206807,-43.9870738663715,-3.69999999999999));
#9102=CARTESIAN_POINT('',(17.846079206807,-43.9870738663715,-3.29999999999999));
#9103=CARTESIAN_POINT('',(17.846079206807,-44.3870738663715,-3.29999999999999));
#9104=CARTESIAN_POINT('',(17.846079206807,-44.3870738663715,7.105427357601E-15));
#9105=CARTESIAN_POINT('',(17.846079206807,-44.3870738663715,-2.18870738663714));
#9106=CARTESIAN_POINT('',(17.846079206807,-31.,-2.18870738663717));
#9107=CARTESIAN_POINT('',(14.6,-46.2,-5.99999999999999));
#9108=CARTESIAN_POINT('',(14.6,-46.2,-7.19999999999999));
#9109=CARTESIAN_POINT('',(14.6,-24.6,-7.19999999999999));
#9110=CARTESIAN_POINT('',(14.6,-24.6,-5.99999999999999));
#9111=CARTESIAN_POINT('',(14.6,-46.2,-7.19999999999999));
#9112=CARTESIAN_POINT('',(14.6,-24.4,-7.19999999999999));
#9113=CARTESIAN_POINT('',(-14.4,-24.4,-7.19999999999999));
#9114=CARTESIAN_POINT('',(-2.05140659039591,-24.4,-7.19999999999999));
#9115=CARTESIAN_POINT('',(-2.05140659039591,-24.6,-7.19999999999999));
#9116=CARTESIAN_POINT('',(-1.851680683445,-24.5895328087514,-7.19999999999999));
#9117=CARTESIAN_POINT('',(-0.677164206370563,-47.0006422497982,-7.19999999999999));
#9118=CARTESIAN_POINT('',(-1.49999999999996,-31.3,-7.19999999999999));
#9119=CARTESIAN_POINT('',(14.6,-31.3,-7.19999999999999));
#9120=CARTESIAN_POINT('',(1.50000000000004,-31.3,-7.19999999999999));
#9121=CARTESIAN_POINT('',(0.75714453399385,-45.4745266860905,-7.19999999999999));
#9122=CARTESIAN_POINT('',(1.85168068344508,-24.5895328087514,-7.19999999999999));
#9123=CARTESIAN_POINT('',(2.05140659039599,-24.6,-7.19999999999999));
#9124=CARTESIAN_POINT('',(14.4,-24.6,-7.19999999999999));
#9125=CARTESIAN_POINT('',(-14.4,-24.6,-7.19999999999999));
#9126=CARTESIAN_POINT('',(4.2632564145606E-14,-24.4,7.105427357601E-15));
#9127=CARTESIAN_POINT('',(-2.05140659039591,-24.4,-7.19999999999999));
#9128=CARTESIAN_POINT('',(-14.4,-24.4,-5.99999999999999));
#9129=CARTESIAN_POINT('',(-14.8574480839354,-26.0039240603213,-6.19999999999999));
#9130=CARTESIAN_POINT('',(-14.3574480839354,-26.0039240603213,-6.19999999999999));
#9131=CARTESIAN_POINT('',(-14.3574480839354,-26.0039240603213,-1.49999999999999));
#9132=CARTESIAN_POINT('',(-12.8574480839354,-26.0039240603213,-1.49999999999999));
#9133=CARTESIAN_POINT('',(-11.1060418589808,-26.0039240603213,-1.24213168558592));
#9134=CARTESIAN_POINT('',(-11.1060418589808,-26.0039240603213,-0.836987478699076));
#9135=CARTESIAN_POINT('',(-11.1060418589808,-26.0039240603213,-0.836987478699076));
#9136=CARTESIAN_POINT('',(-12.0492693717175,-26.0039240603213,-1.32187739254585));
#9137=CARTESIAN_POINT('',(-13.6904888251495,-26.0039240603213,-2.79760210815214));
#9138=CARTESIAN_POINT('',(-14.0830762755129,-26.0039240603213,-4.9426493940025));
#9139=CARTESIAN_POINT('',(-14.0981895509408,-26.0039240603213,-5.99999999999999));
#9140=CARTESIAN_POINT('',(14.8574480839355,-26.0039240603213,-6.19999999999999));
#9141=CARTESIAN_POINT('',(12.8743809848234,-26.0039240603213,-4.03048259038489));
#9142=CARTESIAN_POINT('',(12.9613654966828,-26.0039240603213,-4.30281782465917));
#9143=CARTESIAN_POINT('',(13.0278794041189,-26.0039240603213,-4.58680449046502));
#9144=CARTESIAN_POINT('',(13.1353427149086,-26.0039240603213,-5.24239405670617));
#9145=CARTESIAN_POINT('',(13.1896390582814,-26.0039240603213,-5.93835831453786));
#9146=CARTESIAN_POINT('',(13.1630169391759,-26.0039240603213,-6.64913344063515));
#9147=CARTESIAN_POINT('',(13.150801882153,-26.0039240603213,-6.97525919573751));
#9148=CARTESIAN_POINT('',(13.1264649484129,-26.0039240603213,-7.62502291587556));
#9149=CARTESIAN_POINT('',(13.1021280146728,-26.0039240603213,-8.27478663601361));
#9150=CARTESIAN_POINT('',(13.0777910809327,-26.0039240603213,-8.92455035615166));
#9151=CARTESIAN_POINT('',(13.0746901588774,-26.0039240603213,-9.00734084537284));
#9152=CARTESIAN_POINT('',(13.0715892368222,-26.0039240603213,-9.09013133459401));
#9153=CARTESIAN_POINT('',(13.0684883147669,-26.0039240603213,-9.17292182381518));
#9154=CARTESIAN_POINT('',(12.8743809848234,-26.0039240603213,-4.0304825903849));
#9155=CARTESIAN_POINT('',(13.1980879669485,-26.0039240603213,-6.00000000084611));
#9156=CARTESIAN_POINT('',(13.1874857594732,-26.0039240603213,-5.32877224069028));
#9157=CARTESIAN_POINT('',(13.1004479324044,-26.0039240603213,-4.66138509984796));
#9158=CARTESIAN_POINT('',(12.8743809848234,-26.0039240603213,-4.03048259038498));
#9159=CARTESIAN_POINT('',(-7.60238684512568,-30.5313461718115,-6.19999999999999));
#9160=CARTESIAN_POINT('',(-7.60238684512568,-30.5313461718115,-1.19999999999999));
#9161=CARTESIAN_POINT('',(-8.57197763004135,-30.5313461718115,-6.19999999999999));
#9162=CARTESIAN_POINT('',(-2.60238684512568,-30.5313461718115,-1.19999999999999));
#9163=CARTESIAN_POINT('',(-11.0173639939236,-26.0039240603213,-6.19999999999999));
#9164=CARTESIAN_POINT('',(-7.38119483104633,-24.3083505333246,-0.704424601395849));
#9165=CARTESIAN_POINT('',(-7.41506924656465,-24.3241464326963,-0.709081115261599));
#9166=CARTESIAN_POINT('',(-7.44883678663124,-24.3398924952264,-0.713822710153294));
#9167=CARTESIAN_POINT('',(-7.4824974512461,-24.3555887209149,-0.718649386070934));
#9168=CARTESIAN_POINT('',(-7.38128634080695,-24.3081540645374,-0.704424668070152));
#9169=CARTESIAN_POINT('',(-7.4825964256493,-24.355376459527,-0.718649016684269));
#9170=CARTESIAN_POINT('',(-7.48240848808117,-24.3555472367098,-0.360086684916058));
#9171=CARTESIAN_POINT('',(-7.38119490867496,-24.3083505695234,-0.644387913791447));
#9172=CARTESIAN_POINT('',(-14.8574480839354,-26.0039240603213,-6.19999999999999));
#9173=CARTESIAN_POINT('',(-13.1980879669484,-26.0039240603213,-6.00000000084611));
#9174=CARTESIAN_POINT('',(-13.1874857594731,-26.0039240603213,-5.32877224069028));
#9175=CARTESIAN_POINT('',(-13.1004479324043,-26.0039240603213,-4.66138509984797));
#9176=CARTESIAN_POINT('',(-12.8743809848233,-26.0039240603213,-4.03048259038498));
#9177=CARTESIAN_POINT('',(-12.8743809848233,-26.0039240603213,-4.0304825903849));
#9178=CARTESIAN_POINT('',(-12.8743809848233,-26.0039240603213,-4.03048259038489));
#9179=CARTESIAN_POINT('',(-12.9613654966827,-26.0039240603213,-4.30281782465917));
#9180=CARTESIAN_POINT('',(-13.0278794041189,-26.0039240603213,-4.58680449046502));
#9181=CARTESIAN_POINT('',(-13.1353427149085,-26.0039240603213,-5.24239405670617));
#9182=CARTESIAN_POINT('',(-13.1896390582813,-26.0039240603213,-5.93835831453786));
#9183=CARTESIAN_POINT('',(-13.1630169391758,-26.0039240603213,-6.64913344063515));
#9184=CARTESIAN_POINT('',(-13.150801882153,-26.0039240603213,-6.97525919573751));
#9185=CARTESIAN_POINT('',(-13.1264649484128,-26.0039240603213,-7.62502291587556));
#9186=CARTESIAN_POINT('',(-13.1021280146727,-26.0039240603213,-8.27478663601361));
#9187=CARTESIAN_POINT('',(-13.0777910809326,-26.0039240603213,-8.92455035615166));
#9188=CARTESIAN_POINT('',(-13.0746901588773,-26.0039240603213,-9.00734084537284));
#9189=CARTESIAN_POINT('',(-13.0715892368221,-26.0039240603213,-9.09013133459401));
#9190=CARTESIAN_POINT('',(-13.0684883147668,-26.0039240603213,-9.17292182381518));
#9191=CARTESIAN_POINT('',(-11.0173639939236,-26.0039240603213,-6.19999999999999));
#9192=CARTESIAN_POINT('',(-8.43606438804035,-24.8002442861054,6.3856797453965E-12));
#9193=CARTESIAN_POINT('',(-9.2943989715613,-25.2004922756605,-0.17649606167762));
#9194=CARTESIAN_POINT('',(-10.1429529767938,-25.5961795066585,-0.428790360928959));
#9195=CARTESIAN_POINT('',(-10.9369945542845,-25.9664471751359,-0.836987478699077));
#9196=CARTESIAN_POINT('',(-10.9369945542845,-25.9664471751359,-0.836987478699078));
#9197=CARTESIAN_POINT('',(-10.9369945542845,-25.9664471751359,5.37070388162419E-15));
#9198=CARTESIAN_POINT('',(-8.57197763004135,-30.5313461718115,-6.19999999999999));
#9199=CARTESIAN_POINT('',(-12.8574480839354,-27.8687958316024,-1.49999999999999));
#9200=CARTESIAN_POINT('',(-14.3574480839354,-26.9368501903287,-1.49999999999999));
#9201=CARTESIAN_POINT('',(-14.3574480839354,-26.9368501903287,-6.19999999999999));
#9202=CARTESIAN_POINT('',(-14.3574480839354,-26.6262016432375,-6.19999999999999));
#9203=CARTESIAN_POINT('',(-14.3574480839354,-26.6262016432375,-1.49999999999999));
#9204=CARTESIAN_POINT('',(-6.8963186819763,-24.0822490717565,-6.19999999999999));
#9205=CARTESIAN_POINT('',(-6.39791436817927,-21.5181811576351,-6.19999999999999));
#9206=CARTESIAN_POINT('',(-6.39795154365203,-21.5181799135488,-0.596064765897085));
#9207=CARTESIAN_POINT('',(-6.39791401170715,-21.518179323745,-0.596537895613131));
#9208=CARTESIAN_POINT('',(-6.53002125553762,-22.1978121755318,-0.6092210312173));
#9209=CARTESIAN_POINT('',(-6.66212849936808,-22.8774450273186,-0.62190416682147));
#9210=CARTESIAN_POINT('',(-6.79423574319855,-23.5570778791053,-0.634587302425639));
#9211=CARTESIAN_POINT('',(-6.79428392884116,-23.5570808277172,-0.633985298805054));
#9212=CARTESIAN_POINT('',(-6.79423554088265,-23.5570768382803,7.105427357601E-15));
#9213=CARTESIAN_POINT('',(-6.31926896936419,-21.1135856553234,-6.19999999999999));
#9214=CARTESIAN_POINT('',(-3.43696091329799,-21.1135856553234,-6.19999999999999));
#9215=CARTESIAN_POINT('',(-3.43696091329799,-21.1135856553234,-0.585559927549492));
#9216=CARTESIAN_POINT('',(-3.84999999999996,-21.1135856553234,-0.585559927549492));
#9217=CARTESIAN_POINT('',(-3.73739122281178,-21.1135856553234,-0.585559927549491));
#9218=CARTESIAN_POINT('',(-3.73739122281177,-21.1135856553234,20.5));
#9219=CARTESIAN_POINT('',(-3.73739122281177,-21.1135856553234,-0.49999999999999));
#9220=CARTESIAN_POINT('',(-6.31926896936418,-21.1135856553234,-0.499999999999986));
#9221=CARTESIAN_POINT('',(-3.80920568285017,-21.1135856553234,-0.499999999999989));
#9222=CARTESIAN_POINT('',(-3.80920568285017,-21.1135856553234,-0.499999999999994));
#9223=CARTESIAN_POINT('',(-4.58414139203803,-21.1135856553234,-0.499999999999994));
#9224=CARTESIAN_POINT('',(-5.28343977972053,-21.1135856553234,-0.519717864641057));
#9225=CARTESIAN_POINT('',(-5.90710084589768,-21.1135856553234,-0.559153593923184));
#9226=CARTESIAN_POINT('',(-5.90710707800167,-21.1135856553234,-0.559056157396437));
#9227=CARTESIAN_POINT('',(-5.90710077645544,-21.1135856553234,-6.19999999999999));
#9228=CARTESIAN_POINT('',(-8.28662414201342,-24.7017544328453,-0.854086840362793));
#9229=CARTESIAN_POINT('',(-8.28662414201342,-29.5601508939127,-0.854086840362793));
#9230=CARTESIAN_POINT('',(-9.20300243994668,-24.7017544328453,-1.0326291526798));
#9231=CARTESIAN_POINT('',(-9.20300243994668,-29.5601508939127,-1.0326291526798));
#9232=CARTESIAN_POINT('',(-11.0258563569248,-24.7017544328453,-1.51816277075613));
#9233=CARTESIAN_POINT('',(-11.0258563569248,-29.5601508939127,-1.51816277075613));
#9234=CARTESIAN_POINT('',(-12.5118769553894,-24.7017544328453,-3.01881456767081));
#9235=CARTESIAN_POINT('',(-12.5118769553894,-29.5601508939127,-3.01881456767081));
#9236=CARTESIAN_POINT('',(-12.8743809848233,-24.7017544328453,-4.0304825903849));
#9237=CARTESIAN_POINT('',(-12.8743809848233,-29.5601508939127,-4.0304825903849));
#9238=CARTESIAN_POINT('',(-8.28662414202167,-15.5,-0.854086840364399));
#9239=CARTESIAN_POINT('',(-8.28662414201342,-29.5313461718115,-0.854086840362793));
#9240=CARTESIAN_POINT('',(-8.28662414202167,-24.7305591549504,-0.854086840364399));
#9241=CARTESIAN_POINT('',(-12.8743809848233,-26.6809861765581,-4.0304825903849));
#9242=CARTESIAN_POINT('',(-12.6925948145055,-26.7939293959391,-3.52315786969317));
#9243=CARTESIAN_POINT('',(-12.2629461900604,-27.0608688378263,-2.82335356078475));
#9244=CARTESIAN_POINT('',(-11.6028597849113,-27.4709786032548,-2.19731874086255));
#9245=CARTESIAN_POINT('',(-10.9104878919128,-27.9011472484684,-1.73623091393729));
#9246=CARTESIAN_POINT('',(-10.4050768112161,-28.2151576842729,-1.48941149618262));
#9247=CARTESIAN_POINT('',(-9.5484408998037,-28.7473830868057,-1.14664073377732));
#9248=CARTESIAN_POINT('',(-8.82187518638723,-29.198796253284,-0.958372329606835));
#9249=CARTESIAN_POINT('',(-8.28662414201342,-29.5313461718115,-0.854086840362793));
#9250=CARTESIAN_POINT('',(-12.8743809848233,-26.6809861765581,-4.03048259038489));
#9251=CARTESIAN_POINT('',(-12.8743809848233,-15.5,-4.0304825903849));
#9252=CARTESIAN_POINT('',(-12.8743809848233,-26.0039240603213,-4.0304825903849));
#9253=CARTESIAN_POINT('',(-12.5228306399123,-26.0039240603213,-3.04938386197635));
#9254=CARTESIAN_POINT('',(-11.8242174027916,-26.0039240603213,-2.29883244841722));
#9255=CARTESIAN_POINT('',(-11.0173639939262,-26.0039240603213,-1.81639913857439));
#9256=CARTESIAN_POINT('',(-11.0173639939236,-26.0039240603213,-1.81639913857287));
#9257=CARTESIAN_POINT('',(-11.0173639939236,-26.0039240603213,-1.81639913857287));
#9258=CARTESIAN_POINT('',(-10.3504337239598,-25.6929293679818,-1.41762858863486));
#9259=CARTESIAN_POINT('',(-9.44018710665639,-25.2684743995235,-1.07884096164123));
#9260=CARTESIAN_POINT('',(-8.28662414201342,-24.7305591549465,-0.854086840362793));
#9261=CARTESIAN_POINT('',(-3.80920568285017,-21.1135856553234,-0.499999999999993));
#9262=CARTESIAN_POINT('',(-3.80920568285017,-29.5313461718115,-0.499999999999993));
#9263=CARTESIAN_POINT('',(-5.31101256353086,-21.1135856553234,-0.499999999999993));
#9264=CARTESIAN_POINT('',(-5.31101256353086,-29.5313461718115,-0.499999999999993));
#9265=CARTESIAN_POINT('',(-6.8076060865031,-21.1135856553234,-0.5659227664363));
#9266=CARTESIAN_POINT('',(-6.8076060865031,-29.5313461718115,-0.5659227664363));
#9267=CARTESIAN_POINT('',(-8.28662414202167,-21.1135856553234,-0.854086840364399));
#9268=CARTESIAN_POINT('',(-8.28662414202167,-29.5313461718115,-0.854086840364399));
#9269=CARTESIAN_POINT('',(-6.39791734034936,-21.5181964493965,-0.595585486080664));
#9270=CARTESIAN_POINT('',(-6.35357107042508,-21.2900167133954,-0.591783608323678));
#9271=CARTESIAN_POINT('',(-6.1391038063828,-21.1135914386373,-0.573796984101033));
#9272=CARTESIAN_POINT('',(-5.90711324066608,-21.1135856554787,-0.558958716428288));
#9273=CARTESIAN_POINT('',(-3.80920568285017,-15.5,-0.499999999999989));
#9274=CARTESIAN_POINT('',(-3.80920568285017,-29.5313461718115,-0.499999999999989));
#9275=CARTESIAN_POINT('',(-8.28662414202167,-29.5313461718115,-0.854086840364399));
#9276=CARTESIAN_POINT('',(-7.07504394054902,-29.5313461718115,-0.618028946788128));
#9277=CARTESIAN_POINT('',(-5.58257112082519,-29.5313461718115,-0.499999999999993));
#9278=CARTESIAN_POINT('',(-3.80920568285017,-29.5313461718115,-0.499999999999993));
#9279=CARTESIAN_POINT('',(-8.28662414202167,-24.7305591549504,-0.854086840364399));
#9280=CARTESIAN_POINT('',(-8.08947406743833,-24.6383104051075,-0.815675160091));
#9281=CARTESIAN_POINT('',(-7.89201170591329,-24.5460616552646,-0.781212339694047));
#9282=CARTESIAN_POINT('',(-7.6942663369026,-24.4538129054217,-0.750328141248958));
#9283=CARTESIAN_POINT('',(-7.69411356729497,-24.454021722549,-0.750383190209754));
#9284=CARTESIAN_POINT('',(-7.6942663369026,-24.4538129054217,-0.750328141248958));
#9285=CARTESIAN_POINT('',(-7.62377820903364,-24.4209300029942,-0.739319188978576));
#9286=CARTESIAN_POINT('',(-7.55325412136763,-24.3880471005667,-0.728764947362895));
#9287=CARTESIAN_POINT('',(-7.4826954000525,-24.3551641981391,-0.718648647297605));
#9288=CARTESIAN_POINT('',(-7.38119768924866,-24.3083518661212,-0.704399977131276));
#9289=CARTESIAN_POINT('',(-7.08109644871511,-24.1684134269804,-0.663161894993879));
#9290=CARTESIAN_POINT('',(-6.85791327767394,-23.8846297954649,-0.640075447018768));
#9291=CARTESIAN_POINT('',(-6.79424019257508,-23.5571007676802,-0.633373619846913));
#9292=CARTESIAN_POINT('',(-2.09337739245472,-15.5,-0.499999999999991));
#9293=CARTESIAN_POINT('',(-1.94374328609623,-32.386535008384,-0.499999999999991));
#9294=CARTESIAN_POINT('',(-2.09337739245472,-29.5313461718115,-0.499999999999991));
#9295=CARTESIAN_POINT('',(-2.41959365311109,-23.3067691124676,-0.49999999999999));
#9296=CARTESIAN_POINT('',(-2.60238684512568,-29.5313461718115,-0.49999999999999));
#9297=CARTESIAN_POINT('',(2.18574495735843,-30.9713396711487,-0.499999999999995));
#9298=CARTESIAN_POINT('',(-12.8743809848233,-26.0039240603213,-4.03048259038489));
#9299=CARTESIAN_POINT('',(-12.8743809848233,-26.6850485493652,-4.03048259038489));
#9300=CARTESIAN_POINT('',(-13.0758819915942,-26.0039240603213,-4.66135149695678));
#9301=CARTESIAN_POINT('',(-13.0758819915942,-26.6850485493652,-4.66135149695678));
#9302=CARTESIAN_POINT('',(-13.161362799789,-26.0039240603213,-5.33450028380163));
#9303=CARTESIAN_POINT('',(-13.161362799789,-26.6850485493652,-5.33450028380163));
#9304=CARTESIAN_POINT('',(-13.1705845440019,-26.0039240603213,-6.01212301080589));
#9305=CARTESIAN_POINT('',(-13.1705845440019,-26.6850485493652,-6.01212301080589));
#9306=CARTESIAN_POINT('',(-13.1704116124303,-26.4970632078369,-6.00000000338532));
#9307=CARTESIAN_POINT('',(-13.1647262056341,-26.5005955345586,-5.61902824687515));
#9308=CARTESIAN_POINT('',(-13.1353427149085,-26.5188514119633,-5.24239405670617));
#9309=CARTESIAN_POINT('',(-13.013752892272,-26.5943948154495,-4.50062443788573));
#9310=CARTESIAN_POINT('',(-12.9192796263946,-26.6530907810171,-4.13095824803371));
#9311=CARTESIAN_POINT('',(-12.5306790327296,-26.8945272006587,-3.09812707176162));
#9312=CARTESIAN_POINT('',(-12.1146548662976,-27.1530018063726,-2.49195047264491));
#9313=CARTESIAN_POINT('',(-11.1016586740679,-27.7823733970229,-1.55964219427251));
#9314=CARTESIAN_POINT('',(-10.5149669041541,-28.146883288851,-1.22215784382285));
#9315=CARTESIAN_POINT('',(-9.30965469856249,-28.8957402597677,-0.712595820353212));
#9316=CARTESIAN_POINT('',(-8.67920331093213,-29.2874378749258,-0.534563307194425));
#9317=CARTESIAN_POINT('',(-8.04424235043306,-29.6819372746031,-0.401643388208456));
#9318=CARTESIAN_POINT('',(-2.35538694580833,-23.4136270180609,20.5));
#9319=CARTESIAN_POINT('',(-7.36074968466403,-15.0833045100615,3.41659321793341));
#9320=CARTESIAN_POINT('',(-2.41959365311109,-23.3067691124676,-2.04112325207666));
#9321=CARTESIAN_POINT('',(-2.41959365311109,-23.3067691124676,20.5));
#9322=CARTESIAN_POINT('',(-1.99931476737724,-31.3261679781215,20.5));
#9323=CARTESIAN_POINT('',(-2.09337739245472,-29.5313461718115,7.105427357601E-15));
#9324=CARTESIAN_POINT('',(-2.6708299460406,-18.5128950661615,1.14045611898595));
#9325=CARTESIAN_POINT('',(-2.13592940619729,-28.7194053812515,-5.63336028823691));
#9326=CARTESIAN_POINT('',(-2.14172543327808,-28.6088105962772,-5.79999999999999));
#9327=CARTESIAN_POINT('',(-8.04424235043306,-29.6819372746031,-0.401643388208456));
#9328=CARTESIAN_POINT('',(-8.28662414201342,-29.5313461718115,7.105427357601E-15));
#9329=CARTESIAN_POINT('',(-2.60238684512568,-29.5313461718115,7.105427357601E-15));
#9330=CARTESIAN_POINT('',(-3.84999999999996,-20.7243465410624,-0.327231251330359));
#9331=CARTESIAN_POINT('',(-2.05766400782503,-20.6591368408631,-0.283953135355036));
#9332=CARTESIAN_POINT('',(-1.63524323319833,-28.7194053812515,-5.63336028823691));
#9333=CARTESIAN_POINT('',(-3.84999999999996,-28.7194053812515,-5.63336028823691));
#9334=CARTESIAN_POINT('',(-3.436960913298,-21.6135856553234,-0.917397950443955));
#9335=CARTESIAN_POINT('',(-8.4976367767887,-25.6039240603213,-0.386297235793632));
#9336=CARTESIAN_POINT('',(-8.4976367767887,-24.4539240603213,-0.386297235793632));
#9337=CARTESIAN_POINT('',(-11.8981278906104,-25.6039240603213,-1.0784574288431));
#9338=CARTESIAN_POINT('',(-11.8981278906104,-24.4539240603213,-1.0784574288431));
#9339=CARTESIAN_POINT('',(-13.6499326203981,-25.6039240603213,-2.76922409679284));
#9340=CARTESIAN_POINT('',(-13.6499326203981,-24.4539240603213,-2.76922409679284));
#9341=CARTESIAN_POINT('',(-13.6981468921842,-25.6039240603213,-6.00000001314073));
#9342=CARTESIAN_POINT('',(-13.6981468921842,-24.4539240603213,-6.00000001314073));
#9343=CARTESIAN_POINT('',(-13.6981468919881,-25.6039240603213,-5.99999999999999));
#9344=CARTESIAN_POINT('',(-13.6834668988439,-25.6039240603213,-5.01631266956228));
#9345=CARTESIAN_POINT('',(-13.3309841030675,-25.6039240603213,-3.01696066286707));
#9346=CARTESIAN_POINT('',(-11.8008577408925,-25.6039240603213,-1.64393476644236));
#9347=CARTESIAN_POINT('',(-10.9231618691533,-25.6039240603213,-1.19273304693666));
#9348=CARTESIAN_POINT('',(-10.9231618691533,-25.6039240603213,-1.19273304693666));
#9349=CARTESIAN_POINT('',(-10.9231618691533,-25.6039240603213,-1.19273304693666));
#9350=CARTESIAN_POINT('',(-10.1740384766203,-25.2334662569198,-0.807627256061937));
#9351=CARTESIAN_POINT('',(-9.37258667453252,-24.8448119995154,-0.568371137346519));
#9352=CARTESIAN_POINT('',(-8.55830460201534,-24.4539240603213,-0.398788493536001));
#9353=CARTESIAN_POINT('',(-8.55830460201534,-24.4539240603213,-0.398788493536));
#9354=CARTESIAN_POINT('',(-3.80920568285017,-24.4539240603213,7.105427357601E-15));
#9355=CARTESIAN_POINT('',(-10.3521506602756,-24.4539240603213,7.54951656745106E-15));
#9356=CARTESIAN_POINT('',(-13.6991701410792,-24.4539240603213,-1.54937618937559));
#9357=CARTESIAN_POINT('',(-13.6991701410792,-24.4539240603213,-6.13804900906161));
#9358=CARTESIAN_POINT('',(-7.41188389337097,-26.0039240603213,-0.710410269430876));
#9359=CARTESIAN_POINT('',(-7.41188389337097,-24.345271638966,-0.710410269430876));
#9360=CARTESIAN_POINT('',(-9.38889066987692,-26.0039240603213,-0.980013411985028));
#9361=CARTESIAN_POINT('',(-9.38889066987692,-24.345271638966,-0.980013411985028));
#9362=CARTESIAN_POINT('',(-12.236645000525,-26.0039240603213,-2.06141548504333));
#9363=CARTESIAN_POINT('',(-12.236645000525,-24.345271638966,-2.06141548504333));
#9364=CARTESIAN_POINT('',(-13.1717225335441,-26.0039240603213,-4.33079942627784));
#9365=CARTESIAN_POINT('',(-13.1717225335441,-24.345271638966,-4.33079942627784));
#9366=CARTESIAN_POINT('',(-13.1980879669484,-26.0039240603213,-6.00000000084611));
#9367=CARTESIAN_POINT('',(-13.1980879669484,-24.345271638966,-6.00000000084611));
#9368=CARTESIAN_POINT('',(-7.92615766291263,-24.4539240603213,-0.788649343908093));
#9369=CARTESIAN_POINT('',(-8.60107328728948,-24.4539240603213,-0.902544729514706));
#9370=CARTESIAN_POINT('',(-9.91357772911193,-24.4539240603213,-1.21079761659817));
#9371=CARTESIAN_POINT('',(-11.7964240946964,-24.4539240603213,-2.15809562534769));
#9372=CARTESIAN_POINT('',(-13.0134745352062,-24.4539240603213,-3.92275438941825));
#9373=CARTESIAN_POINT('',(-13.1871530292723,-24.4539240603213,-5.30770703309731));
#9374=CARTESIAN_POINT('',(-13.1980879669351,-24.4539240603213,-6.00000000000025));
#9375=CARTESIAN_POINT('',(-7.92615766291283,-24.4539240603213,-0.788649343908127));
#9376=CARTESIAN_POINT('',(-7.9261576629089,-24.4539240603213,-0.788649343903487));
#9377=CARTESIAN_POINT('',(-7.77273885169759,-24.4539240603213,-0.762759152550569));
#9378=CARTESIAN_POINT('',(-7.62230623725894,-24.4207826285148,-0.739831232122337));
#9379=CARTESIAN_POINT('',(-7.48240848805457,-24.3555472366974,-0.720173369832124));
#9380=CARTESIAN_POINT('',(-16.0173639939236,-24.4539240603213,-14.5));
#9381=CARTESIAN_POINT('',(-8.55830460201534,-24.4539240603213,-0.398788493536));
#9382=CARTESIAN_POINT('',(-8.33643335763148,-24.4539240603213,-0.35258151750414));
#9383=CARTESIAN_POINT('',(-8.11816512667588,-24.4539240603213,-0.284231676937184));
#9384=CARTESIAN_POINT('',(-7.92615766290955,-24.4539240603213,-0.163219869602796));
#9385=CARTESIAN_POINT('',(-7.92615766290955,-24.4539240603213,-0.16321986960279));
#9386=CARTESIAN_POINT('',(-7.9261576629089,-24.4539240603213,-0.751168695149231));
#9387=CARTESIAN_POINT('',(-13.6986765376685,-25.6039240603213,-6.04197381420434));
#9388=CARTESIAN_POINT('',(-13.6986765376685,-26.0039240603213,-6.04197381420434));
#9389=CARTESIAN_POINT('',(-14.0986552270509,-26.0039240603213,-6.03784488698757));
#9390=CARTESIAN_POINT('',(-13.6882149066112,-25.6039240603139,-5.02853151807697));
#9391=CARTESIAN_POINT('',(-13.6882149151574,-26.0039240606638,-5.02853151807162));
#9392=CARTESIAN_POINT('',(-14.0877378036146,-26.0039240603213,-4.98024800747806));
#9393=CARTESIAN_POINT('',(-13.3228513839431,-25.6039240603277,-3.0078154167575));
#9394=CARTESIAN_POINT('',(-13.322851377638,-26.0039240601838,-3.00781542073381));
#9395=CARTESIAN_POINT('',(-13.7061612093524,-26.0039240603213,-2.81126158614824));
#9396=CARTESIAN_POINT('',(-11.8122599571439,-25.6039240603158,-1.64979636354503));
#9397=CARTESIAN_POINT('',(-11.8122599612079,-26.0039240602537,-1.64979635559778));
#9398=CARTESIAN_POINT('',(-12.0489350923506,-26.0039240603213,-1.32170553545432));
#9399=CARTESIAN_POINT('',(-10.9231618691532,-25.6039240603213,-1.19273304693662));
#9400=CARTESIAN_POINT('',(-10.9231618691532,-26.0039240603213,-1.19273304693663));
#9401=CARTESIAN_POINT('',(-11.1060418589807,-26.0039240603213,-0.836987478699037));
#9402=CARTESIAN_POINT('',(-11.1060418589801,-25.6039240603213,-0.836987478698719));
#9403=CARTESIAN_POINT('',(-7.67797441329727,-24.4467411253122,0.135780195875501));
#9404=CARTESIAN_POINT('',(-7.63085132374628,-24.4247672677787,-0.235568950695091));
#9405=CARTESIAN_POINT('',(-7.78595028662533,-24.0842180104976,-0.25953016355192));
#9406=CARTESIAN_POINT('',(-8.79399317045075,-24.9671492184175,-0.0366333507487628));
#9407=CARTESIAN_POINT('',(-8.71405389778761,-24.9298729233854,-0.392603026235063));
#9408=CARTESIAN_POINT('',(-8.87597351601022,-24.6046261036029,-0.427927670107441));
#9409=CARTESIAN_POINT('',(-9.91728498688192,-25.4909487947622,-0.31278004895001));
#9410=CARTESIAN_POINT('',(-9.79888521682061,-25.4357380756474,-0.638551677241768));
#9411=CARTESIAN_POINT('',(-9.96163007075061,-25.1284256801507,-0.698433352967485));
#9412=CARTESIAN_POINT('',(-10.9369945542845,-25.9664471751359,-0.836987478699074));
#9413=CARTESIAN_POINT('',(-10.8111029689814,-25.9077429648118,-1.13512634047778));
#9414=CARTESIAN_POINT('',(-10.9231618691533,-25.6039240603213,-1.19273304693666));
#9415=CARTESIAN_POINT('',(-11.1060418589808,-25.6039240603213,-0.836987478699078));
#9416=CARTESIAN_POINT('',(-7.69074031346386,-24.4271926817401,7.105427357601E-15));
#9417=CARTESIAN_POINT('',(-7.76655399290892,-24.444634685817,-0.0568441985221859));
#9418=CARTESIAN_POINT('',(-7.8445929091443,-24.4539240603213,-0.111814064462092));
#9419=CARTESIAN_POINT('',(-7.92615766290911,-24.4539240603213,-0.163219869602512));
#9420=CARTESIAN_POINT('',(-11.1060418589808,-25.6039240603213,-0.836987478699079));
#9421=CARTESIAN_POINT('',(-11.1060418589808,-25.6039240603213,-0.836987478699076));
#9422=CARTESIAN_POINT('',(-11.1060418589808,-25.6039240603213,-6.19999999999999));
#9423=CARTESIAN_POINT('',(-7.9261576629089,-23.4039240603213,-14.5));
#9424=CARTESIAN_POINT('',(-7.82494408350269,-23.3567273931349,-6.19999999999999));
#9425=CARTESIAN_POINT('',(-5.90710077645544,-21.6135856553234,-6.19999999999999));
#9426=CARTESIAN_POINT('',(-3.436960913298,-21.6135856553234,-6.19999999999999));
#9427=CARTESIAN_POINT('',(-12.8574480839354,-26.6262016432375,-1.49999999999999));
#9428=CARTESIAN_POINT('',(7.60238684512577,-30.5313461718115,-6.19999999999999));
#9429=CARTESIAN_POINT('',(8.57197763004144,-30.5313461718115,-6.19999999999999));
#9430=CARTESIAN_POINT('',(7.60238684512577,-30.5313461718115,-1.19999999999999));
#9431=CARTESIAN_POINT('',(2.60238684512577,-30.5313461718115,-1.19999999999999));
#9432=CARTESIAN_POINT('',(11.0173639939237,-26.0039240603213,-6.19999999999999));
#9433=CARTESIAN_POINT('',(7.38119483104642,-24.3083505333246,-0.704424601395849));
#9434=CARTESIAN_POINT('',(7.41506924656474,-24.3241464326963,-0.709081115261599));
#9435=CARTESIAN_POINT('',(7.44883678663133,-24.3398924952264,-0.713822710153294));
#9436=CARTESIAN_POINT('',(7.48249745124618,-24.3555887209149,-0.718649386070934));
#9437=CARTESIAN_POINT('',(7.38128634080703,-24.3081540645374,-0.704424668070152));
#9438=CARTESIAN_POINT('',(7.48259642564939,-24.355376459527,-0.718649016684269));
#9439=CARTESIAN_POINT('',(7.38119490867505,-24.3083505695234,-0.644387913791447));
#9440=CARTESIAN_POINT('',(7.48240848808126,-24.3555472367098,-0.360086684916058));
#9441=CARTESIAN_POINT('',(14.8574480839355,-26.0039240603213,-6.19999999999999));
#9442=CARTESIAN_POINT('',(11.1060418589809,-26.0039240603213,-0.836987478699076));
#9443=CARTESIAN_POINT('',(12.0492693717175,-26.0039240603213,-1.32187739254585));
#9444=CARTESIAN_POINT('',(13.6904888251496,-26.0039240603213,-2.79760210815215));
#9445=CARTESIAN_POINT('',(14.083076275513,-26.0039240603213,-4.9426493940025));
#9446=CARTESIAN_POINT('',(14.0981895509409,-26.0039240603213,-5.99999999999999));
#9447=CARTESIAN_POINT('',(11.1060418589809,-26.0039240603213,-0.836987478699076));
#9448=CARTESIAN_POINT('',(11.1060418589809,-26.0039240603213,-1.24213168558592));
#9449=CARTESIAN_POINT('',(12.8574480839355,-26.0039240603213,-1.49999999999999));
#9450=CARTESIAN_POINT('',(14.3574480839355,-26.0039240603213,-1.49999999999999));
#9451=CARTESIAN_POINT('',(14.3574480839355,-26.0039240603213,-6.19999999999999));
#9452=CARTESIAN_POINT('',(11.0173639939237,-26.0039240603213,-6.19999999999999));
#9453=CARTESIAN_POINT('',(8.43606438804043,-24.8002442861054,6.38573395550512E-12));
#9454=CARTESIAN_POINT('',(9.29439897156139,-25.2004922756605,-0.17649606167762));
#9455=CARTESIAN_POINT('',(10.1429529767939,-25.5961795066585,-0.428790360928959));
#9456=CARTESIAN_POINT('',(10.9369945542846,-25.9664471751359,-0.836987478699077));
#9457=CARTESIAN_POINT('',(10.9369945542846,-25.9664471751359,-0.836987478699078));
#9458=CARTESIAN_POINT('',(10.9369945542846,-25.9664471751359,5.37070388162419E-15));
#9459=CARTESIAN_POINT('',(8.57197763004144,-30.5313461718115,-6.19999999999999));
#9460=CARTESIAN_POINT('',(14.3574480839355,-26.9368501903287,-6.19999999999999));
#9461=CARTESIAN_POINT('',(14.3574480839355,-26.9368501903287,-1.49999999999999));
#9462=CARTESIAN_POINT('',(12.8574480839355,-27.8687958316024,-1.49999999999999));
#9463=CARTESIAN_POINT('',(8.57197763004144,-30.5313461718115,-6.19999999999999));
#9464=CARTESIAN_POINT('',(14.3574480839355,-26.6262016432375,-6.19999999999999));
#9465=CARTESIAN_POINT('',(14.3574480839355,-26.6262016432375,-1.49999999999999));
#9466=CARTESIAN_POINT('',(6.89631868197639,-24.0822490717565,-6.19999999999999));
#9467=CARTESIAN_POINT('',(6.79423554088273,-23.5570768382803,7.105427357601E-15));
#9468=CARTESIAN_POINT('',(6.79428392884124,-23.5570808277172,-0.633985298805054));
#9469=CARTESIAN_POINT('',(6.39791401170724,-21.518179323745,-0.596537895613131));
#9470=CARTESIAN_POINT('',(6.5300212555377,-22.1978121755318,-0.6092210312173));
#9471=CARTESIAN_POINT('',(6.66212849936817,-22.8774450273186,-0.62190416682147));
#9472=CARTESIAN_POINT('',(6.79423574319863,-23.5570778791053,-0.634587302425639));
#9473=CARTESIAN_POINT('',(6.39795154365212,-21.5181799135488,-0.596064765897085));
#9474=CARTESIAN_POINT('',(6.39791436817936,-21.5181811576351,-6.19999999999999));
#9475=CARTESIAN_POINT('',(6.31926896936427,-21.1135856553234,-6.19999999999999));
#9476=CARTESIAN_POINT('',(5.90710077645552,-21.1135856553234,-6.19999999999999));
#9477=CARTESIAN_POINT('',(5.90710707800175,-21.1135856553234,-0.559056157396437));
#9478=CARTESIAN_POINT('',(3.80920568285026,-21.1135856553234,-0.499999999999994));
#9479=CARTESIAN_POINT('',(4.58414139203811,-21.1135856553234,-0.499999999999994));
#9480=CARTESIAN_POINT('',(5.28343977972062,-21.1135856553234,-0.519717864641057));
#9481=CARTESIAN_POINT('',(5.90710084589776,-21.1135856553234,-0.559153593923184));
#9482=CARTESIAN_POINT('',(3.80920568285026,-21.1135856553234,-0.499999999999989));
#9483=CARTESIAN_POINT('',(6.31926896936427,-21.1135856553234,-0.499999999999986));
#9484=CARTESIAN_POINT('',(3.73739122281186,-21.1135856553234,-0.49999999999999));
#9485=CARTESIAN_POINT('',(3.73739122281186,-21.1135856553234,20.5));
#9486=CARTESIAN_POINT('',(3.73739122281186,-21.1135856553234,-0.585559927549491));
#9487=CARTESIAN_POINT('',(3.85000000000004,-21.1135856553234,-0.585559927549492));
#9488=CARTESIAN_POINT('',(3.43696091329808,-21.1135856553234,-0.585559927549492));
#9489=CARTESIAN_POINT('',(3.43696091329808,-21.1135856553234,-6.19999999999999));
#9490=CARTESIAN_POINT('',(3.15407452420419,-21.1135856553234,-6.19999999999999));
#9491=CARTESIAN_POINT('',(6.8943338644804,-14.8887487766318,3.54571519778162));
#9492=CARTESIAN_POINT('',(1.92680329545736,-23.1561079806058,-1.94113306782857));
#9493=CARTESIAN_POINT('',(3.00837726294702,-21.3560666178683,-0.746488733950438));
#9494=CARTESIAN_POINT('',(1.92680329545736,-23.1561079806059,-13.5));
#9495=CARTESIAN_POINT('',(3.00837726294702,-21.3560666178683,-6.19999999999999));
#9496=CARTESIAN_POINT('',(8.28662414201351,-24.7017544328453,-0.854086840362793));
#9497=CARTESIAN_POINT('',(8.28662414201351,-29.5601508939127,-0.854086840362793));
#9498=CARTESIAN_POINT('',(9.20300243994677,-24.7017544328453,-1.0326291526798));
#9499=CARTESIAN_POINT('',(9.20300243994677,-29.5601508939127,-1.0326291526798));
#9500=CARTESIAN_POINT('',(11.0258563569249,-24.7017544328453,-1.51816277075613));
#9501=CARTESIAN_POINT('',(11.0258563569249,-29.5601508939127,-1.51816277075613));
#9502=CARTESIAN_POINT('',(12.5118769553895,-24.7017544328453,-3.01881456767081));
#9503=CARTESIAN_POINT('',(12.5118769553895,-29.5601508939127,-3.01881456767081));
#9504=CARTESIAN_POINT('',(12.8743809848234,-24.7017544328453,-4.0304825903849));
#9505=CARTESIAN_POINT('',(12.8743809848234,-29.5601508939127,-4.0304825903849));
#9506=CARTESIAN_POINT('',(8.28662414202175,-15.5,-0.854086840364399));
#9507=CARTESIAN_POINT('',(8.28662414202175,-24.7305591549504,-0.854086840364399));
#9508=CARTESIAN_POINT('',(8.28662414201351,-29.5313461718115,-0.854086840362793));
#9509=CARTESIAN_POINT('',(11.0173639939237,-26.0039240603213,-1.81639913857287));
#9510=CARTESIAN_POINT('',(10.3504337239599,-25.6929293679818,-1.41762858863486));
#9511=CARTESIAN_POINT('',(9.44018710665647,-25.2684743995235,-1.07884096164123));
#9512=CARTESIAN_POINT('',(8.28662414201351,-24.7305591549465,-0.854086840362793));
#9513=CARTESIAN_POINT('',(11.0173639939237,-26.0039240603213,-1.81639913857287));
#9514=CARTESIAN_POINT('',(12.8743809848234,-26.0039240603213,-4.0304825903849));
#9515=CARTESIAN_POINT('',(12.5228306399124,-26.0039240603213,-3.04938386197635));
#9516=CARTESIAN_POINT('',(11.8242174027917,-26.0039240603213,-2.29883244841722));
#9517=CARTESIAN_POINT('',(11.0173639939263,-26.0039240603213,-1.81639913857439));
#9518=CARTESIAN_POINT('',(12.8743809848234,-15.5,-4.0304825903849));
#9519=CARTESIAN_POINT('',(12.8743809848234,-26.6809861765581,-4.03048259038489));
#9520=CARTESIAN_POINT('',(12.8743809848234,-26.6809861765581,-4.0304825903849));
#9521=CARTESIAN_POINT('',(12.6925948145056,-26.7939293959391,-3.52315786969317));
#9522=CARTESIAN_POINT('',(12.2629461900605,-27.0608688378263,-2.82335356078475));
#9523=CARTESIAN_POINT('',(11.6028597849114,-27.4709786032548,-2.19731874086255));
#9524=CARTESIAN_POINT('',(10.9104878919129,-27.9011472484684,-1.73623091393729));
#9525=CARTESIAN_POINT('',(10.4050768112161,-28.2151576842729,-1.48941149618262));
#9526=CARTESIAN_POINT('',(9.54844089980378,-28.7473830868057,-1.14664073377732));
#9527=CARTESIAN_POINT('',(8.82187518638732,-29.198796253284,-0.958372329606835));
#9528=CARTESIAN_POINT('',(8.28662414201351,-29.5313461718115,-0.854086840362793));
#9529=CARTESIAN_POINT('',(3.80920568285026,-21.1135856553234,-0.499999999999993));
#9530=CARTESIAN_POINT('',(3.80920568285026,-29.5313461718115,-0.499999999999993));
#9531=CARTESIAN_POINT('',(5.31101256353094,-21.1135856553234,-0.499999999999993));
#9532=CARTESIAN_POINT('',(5.31101256353094,-29.5313461718115,-0.499999999999993));
#9533=CARTESIAN_POINT('',(6.80760608650319,-21.1135856553234,-0.5659227664363));
#9534=CARTESIAN_POINT('',(6.80760608650319,-29.5313461718115,-0.5659227664363));
#9535=CARTESIAN_POINT('',(8.28662414202175,-21.1135856553234,-0.854086840364399));
#9536=CARTESIAN_POINT('',(8.28662414202175,-29.5313461718115,-0.854086840364399));
#9537=CARTESIAN_POINT('',(7.38119768924875,-24.3083518661212,-0.704399977131276));
#9538=CARTESIAN_POINT('',(7.0810964487152,-24.1684134269804,-0.663161894993879));
#9539=CARTESIAN_POINT('',(6.85791327767403,-23.8846297954649,-0.640075447018768));
#9540=CARTESIAN_POINT('',(6.79424019257517,-23.5571007676802,-0.633373619846913));
#9541=CARTESIAN_POINT('',(7.69426633690269,-24.4538129054217,-0.750328141248958));
#9542=CARTESIAN_POINT('',(7.62377820903373,-24.4209300029942,-0.739319188978576));
#9543=CARTESIAN_POINT('',(7.55325412136772,-24.3880471005667,-0.728764947362895));
#9544=CARTESIAN_POINT('',(7.48269540005259,-24.3551641981391,-0.718648647297605));
#9545=CARTESIAN_POINT('',(7.69411356729506,-24.454021722549,-0.750383190209754));
#9546=CARTESIAN_POINT('',(8.28662414202175,-24.7305591549504,-0.854086840364399));
#9547=CARTESIAN_POINT('',(8.08947406743842,-24.6383104051075,-0.815675160091));
#9548=CARTESIAN_POINT('',(7.89201170591337,-24.5460616552646,-0.781212339694047));
#9549=CARTESIAN_POINT('',(7.69426633690269,-24.4538129054217,-0.750328141248958));
#9550=CARTESIAN_POINT('',(8.28662414202175,-29.5313461718115,-0.854086840364399));
#9551=CARTESIAN_POINT('',(7.07504394054911,-29.5313461718115,-0.618028946788128));
#9552=CARTESIAN_POINT('',(5.58257112082528,-29.5313461718115,-0.499999999999993));
#9553=CARTESIAN_POINT('',(3.80920568285026,-29.5313461718115,-0.499999999999993));
#9554=CARTESIAN_POINT('',(3.80920568285026,-29.5313461718115,-0.499999999999989));
#9555=CARTESIAN_POINT('',(3.80920568285026,-15.5,-0.499999999999989));
#9556=CARTESIAN_POINT('',(6.39791734034945,-21.5181964493965,-0.595585486080664));
#9557=CARTESIAN_POINT('',(6.35357107042516,-21.2900167133954,-0.591783608323678));
#9558=CARTESIAN_POINT('',(6.13910380638289,-21.1135914386373,-0.573796984101033));
#9559=CARTESIAN_POINT('',(5.90711324066616,-21.1135856554787,-0.558958716428288));
#9560=CARTESIAN_POINT('',(2.09337739245481,-15.5,-0.499999999999991));
#9561=CARTESIAN_POINT('',(1.94374328609632,-32.386535008384,-0.499999999999991));
#9562=CARTESIAN_POINT('',(2.09337739245481,-29.5313461718115,-0.499999999999991));
#9563=CARTESIAN_POINT('',(2.41959365311118,-23.3067691124676,-0.49999999999999));
#9564=CARTESIAN_POINT('',(-2.18574495735834,-30.9713396711487,-0.499999999999995));
#9565=CARTESIAN_POINT('',(2.60238684512577,-29.5313461718115,-0.49999999999999));
#9566=CARTESIAN_POINT('',(12.8743809848234,-26.0039240603213,-4.03048259038489));
#9567=CARTESIAN_POINT('',(12.8743809848234,-26.6850485493652,-4.03048259038489));
#9568=CARTESIAN_POINT('',(13.0758819915943,-26.0039240603213,-4.66135149695678));
#9569=CARTESIAN_POINT('',(13.0758819915943,-26.6850485493652,-4.66135149695678));
#9570=CARTESIAN_POINT('',(13.161362799789,-26.0039240603213,-5.33450028380163));
#9571=CARTESIAN_POINT('',(13.161362799789,-26.6850485493652,-5.33450028380163));
#9572=CARTESIAN_POINT('',(13.170584544002,-26.0039240603213,-6.01212301080589));
#9573=CARTESIAN_POINT('',(13.170584544002,-26.6850485493652,-6.01212301080589));
#9574=CARTESIAN_POINT('',(13.1704116124304,-26.4970632078369,-6.00000000338532));
#9575=CARTESIAN_POINT('',(13.1647262056342,-26.5005955345586,-5.61902824687515));
#9576=CARTESIAN_POINT('',(13.1353427149086,-26.5188514119633,-5.24239405670617));
#9577=CARTESIAN_POINT('',(13.0137528922721,-26.5943948154495,-4.50062443788573));
#9578=CARTESIAN_POINT('',(12.9192796263947,-26.6530907810171,-4.13095824803371));
#9579=CARTESIAN_POINT('',(12.5306790327297,-26.8945272006587,-3.09812707176162));
#9580=CARTESIAN_POINT('',(12.1146548662977,-27.1530018063726,-2.49195047264491));
#9581=CARTESIAN_POINT('',(11.1016586740679,-27.7823733970229,-1.55964219427251));
#9582=CARTESIAN_POINT('',(10.5149669041542,-28.146883288851,-1.22215784382285));
#9583=CARTESIAN_POINT('',(9.30965469856257,-28.8957402597677,-0.712595820353212));
#9584=CARTESIAN_POINT('',(8.67920331093221,-29.2874378749258,-0.534563307194425));
#9585=CARTESIAN_POINT('',(8.04424235043315,-29.6819372746031,-0.401643388208456));
#9586=CARTESIAN_POINT('',(2.35538694580841,-23.4136270180609,20.5));
#9587=CARTESIAN_POINT('',(2.41959365311118,-23.3067691124676,20.5));
#9588=CARTESIAN_POINT('',(2.41959365311118,-23.3067691124676,-2.04112325207666));
#9589=CARTESIAN_POINT('',(7.36074968466411,-15.0833045100615,3.41659321793341));
#9590=CARTESIAN_POINT('',(1.99931476737733,-31.3261679781215,20.5));
#9591=CARTESIAN_POINT('',(2.14172543327816,-28.6088105962772,-5.79999999999999));
#9592=CARTESIAN_POINT('',(2.13592940619737,-28.7194053812515,-5.63336028823691));
#9593=CARTESIAN_POINT('',(2.67082994604068,-18.5128950661615,1.14045611898595));
#9594=CARTESIAN_POINT('',(2.09337739245481,-29.5313461718115,7.105427357601E-15));
#9595=CARTESIAN_POINT('',(8.04424235043315,-29.6819372746031,-0.401643388208456));
#9596=CARTESIAN_POINT('',(8.28662414201351,-29.5313461718115,7.105427357601E-15));
#9597=CARTESIAN_POINT('',(2.60238684512577,-29.5313461718115,7.105427357601E-15));
#9598=CARTESIAN_POINT('',(3.85000000000004,-20.7243465410624,-0.327231251330359));
#9599=CARTESIAN_POINT('',(3.85000000000004,-28.7194053812515,-5.63336028823692));
#9600=CARTESIAN_POINT('',(1.63524323319841,-28.7194053812515,-5.63336028823691));
#9601=CARTESIAN_POINT('',(2.05766400782512,-20.6591368408631,-0.283953135355036));
#9602=CARTESIAN_POINT('',(3.43696091329808,-21.6135856553234,-0.917397950443955));
#9603=CARTESIAN_POINT('',(8.49763677678879,-25.6039240603213,-0.386297235793632));
#9604=CARTESIAN_POINT('',(8.49763677678879,-24.4539240603213,-0.386297235793632));
#9605=CARTESIAN_POINT('',(11.8981278906105,-25.6039240603213,-1.0784574288431));
#9606=CARTESIAN_POINT('',(11.8981278906105,-24.4539240603213,-1.0784574288431));
#9607=CARTESIAN_POINT('',(13.6499326203981,-25.6039240603213,-2.76922409679284));
#9608=CARTESIAN_POINT('',(13.6499326203981,-24.4539240603213,-2.76922409679284));
#9609=CARTESIAN_POINT('',(13.6981468921842,-25.6039240603213,-6.00000001314073));
#9610=CARTESIAN_POINT('',(13.6981468921842,-24.4539240603213,-6.00000001314073));
#9611=CARTESIAN_POINT('',(13.6981468919881,-25.6039240603213,-5.99999999999999));
#9612=CARTESIAN_POINT('',(13.683466898844,-25.6039240603213,-5.01631266956228));
#9613=CARTESIAN_POINT('',(13.3309841030676,-25.6039240603213,-3.01696066286706));
#9614=CARTESIAN_POINT('',(11.8008577408926,-25.6039240603213,-1.64393476644236));
#9615=CARTESIAN_POINT('',(10.9231618691534,-25.6039240603213,-1.19273304693666));
#9616=CARTESIAN_POINT('',(10.9231618691534,-25.6039240603213,-1.19273304693666));
#9617=CARTESIAN_POINT('',(3.80920568285026,-24.4539240603213,7.105427357601E-15));
#9618=CARTESIAN_POINT('',(10.3521506602757,-24.4539240603213,7.54951656745106E-15));
#9619=CARTESIAN_POINT('',(13.6991701410793,-24.4539240603213,-1.54937618937559));
#9620=CARTESIAN_POINT('',(13.6991701410793,-24.4539240603213,-6.13804900906161));
#9621=CARTESIAN_POINT('',(8.55830460201542,-24.4539240603213,-0.398788493536));
#9622=CARTESIAN_POINT('',(10.9231618691534,-25.6039240603213,-1.19273304693666));
#9623=CARTESIAN_POINT('',(10.1740384766204,-25.2334662569198,-0.807627256061937));
#9624=CARTESIAN_POINT('',(9.37258667453261,-24.8448119995154,-0.568371137346519));
#9625=CARTESIAN_POINT('',(8.55830460201542,-24.4539240603213,-0.398788493536001));
#9626=CARTESIAN_POINT('',(7.41188389337105,-26.0039240603213,-0.710410269430876));
#9627=CARTESIAN_POINT('',(7.41188389337105,-24.345271638966,-0.710410269430876));
#9628=CARTESIAN_POINT('',(9.38889066987701,-26.0039240603213,-0.980013411985028));
#9629=CARTESIAN_POINT('',(9.38889066987701,-24.345271638966,-0.980013411985028));
#9630=CARTESIAN_POINT('',(12.2366450005251,-26.0039240603213,-2.06141548504333));
#9631=CARTESIAN_POINT('',(12.2366450005251,-24.345271638966,-2.06141548504333));
#9632=CARTESIAN_POINT('',(13.1717225335442,-26.0039240603213,-4.33079942627784));
#9633=CARTESIAN_POINT('',(13.1717225335442,-24.345271638966,-4.33079942627784));
#9634=CARTESIAN_POINT('',(13.1980879669485,-26.0039240603213,-6.00000000084611));
#9635=CARTESIAN_POINT('',(13.1980879669485,-24.345271638966,-6.00000000084611));
#9636=CARTESIAN_POINT('',(7.92615766291271,-24.4539240603213,-0.788649343908093));
#9637=CARTESIAN_POINT('',(8.60107328728956,-24.4539240603213,-0.902544729514705));
#9638=CARTESIAN_POINT('',(9.91357772911202,-24.4539240603213,-1.21079761659817));
#9639=CARTESIAN_POINT('',(11.7964240946965,-24.4539240603213,-2.15809562534769));
#9640=CARTESIAN_POINT('',(13.0134745352062,-24.4539240603213,-3.92275438941824));
#9641=CARTESIAN_POINT('',(13.1871530292724,-24.4539240603213,-5.30770703309731));
#9642=CARTESIAN_POINT('',(13.1980879669351,-24.4539240603213,-6.00000000000025));
#9643=CARTESIAN_POINT('',(7.92615766291292,-24.4539240603213,-0.788649343908127));
#9644=CARTESIAN_POINT('',(7.92615766290899,-24.4539240603213,-0.788649343903487));
#9645=CARTESIAN_POINT('',(7.77273885169767,-24.4539240603213,-0.762759152550569));
#9646=CARTESIAN_POINT('',(7.62230623725902,-24.4207826285148,-0.739831232122337));
#9647=CARTESIAN_POINT('',(7.48240848805465,-24.3555472366974,-0.720173369832124));
#9648=CARTESIAN_POINT('',(16.0173639939237,-24.4539240603213,-14.5));
#9649=CARTESIAN_POINT('',(8.55830460201542,-24.4539240603213,-0.398788493536));
#9650=CARTESIAN_POINT('',(8.33643335763157,-24.4539240603213,-0.352581517504142));
#9651=CARTESIAN_POINT('',(8.11816512667596,-24.4539240603213,-0.284231676937184));
#9652=CARTESIAN_POINT('',(7.92615766290963,-24.4539240603213,-0.163219869602796));
#9653=CARTESIAN_POINT('',(7.92615766290964,-24.4539240603213,-0.16321986960279));
#9654=CARTESIAN_POINT('',(7.92615766290899,-24.4539240603213,-0.751168695149231));
#9655=CARTESIAN_POINT('',(14.098655227051,-26.0039240603213,-6.03784488698757));
#9656=CARTESIAN_POINT('',(13.6986765376686,-26.0039240603213,-6.04197381420434));
#9657=CARTESIAN_POINT('',(13.6986765376686,-25.6039240603213,-6.04197381420434));
#9658=CARTESIAN_POINT('',(14.0877378036137,-26.0039240603213,-4.98024800747806));
#9659=CARTESIAN_POINT('',(13.6882149152911,-26.0039240609025,-5.02853151812935));
#9660=CARTESIAN_POINT('',(13.6882149066113,-25.6039240603139,-5.02853151807696));
#9661=CARTESIAN_POINT('',(13.7061612093469,-26.0039240603213,-2.81126158614721));
#9662=CARTESIAN_POINT('',(13.3228513775531,-26.0039240600268,-3.00781542070308));
#9663=CARTESIAN_POINT('',(13.322851383938,-25.6039240603277,-3.00781541675485));
#9664=CARTESIAN_POINT('',(12.0489350923626,-26.0039240603213,-1.32170553545639));
#9665=CARTESIAN_POINT('',(11.8122599612444,-26.0039240603291,-1.64979635560152));
#9666=CARTESIAN_POINT('',(11.8122599571543,-25.6039240603158,-1.64979636355035));
#9667=CARTESIAN_POINT('',(11.1060418589808,-26.0039240603213,-0.836987478699037));
#9668=CARTESIAN_POINT('',(10.9231618691533,-26.0039240603213,-1.19273304693663));
#9669=CARTESIAN_POINT('',(10.9231618691533,-25.6039240603213,-1.19273304693662));
#9670=CARTESIAN_POINT('',(11.1060418589802,-25.6039240603213,-0.836987478698719));
#9671=CARTESIAN_POINT('',(7.78595028662542,-24.0842180104976,-0.25953016355192));
#9672=CARTESIAN_POINT('',(7.63085132374637,-24.4247672677787,-0.235568950695092));
#9673=CARTESIAN_POINT('',(7.67797441329736,-24.4467411253122,0.1357801958755));
#9674=CARTESIAN_POINT('',(8.87597351600916,-24.6046261036051,-0.427927670107264));
#9675=CARTESIAN_POINT('',(8.71405389778589,-24.9298729233849,-0.392603026234484));
#9676=CARTESIAN_POINT('',(8.7939931704464,-24.9671492184154,-0.0366333507473477));
#9677=CARTESIAN_POINT('',(9.9616300707475,-25.1284256801442,-0.698433352965833));
#9678=CARTESIAN_POINT('',(9.79888521683482,-25.4357380756414,-0.638551677237531));
#9679=CARTESIAN_POINT('',(9.91728498687093,-25.490948794757,-0.312780048946784));
#9680=CARTESIAN_POINT('',(10.9231618691534,-25.6039240603213,-1.19273304693666));
#9681=CARTESIAN_POINT('',(10.8111029689815,-25.9077429648118,-1.13512634047778));
#9682=CARTESIAN_POINT('',(10.9369945542846,-25.9664471751359,-0.836987478699078));
#9683=CARTESIAN_POINT('',(7.69074031346395,-24.4271926817401,7.105427357601E-15));
#9684=CARTESIAN_POINT('',(7.76655399290901,-24.444634685817,-0.0568441985221837));
#9685=CARTESIAN_POINT('',(7.84459290914439,-24.4539240603213,-0.111814064462093));
#9686=CARTESIAN_POINT('',(7.9261576629092,-24.4539240603213,-0.163219869602512));
#9687=CARTESIAN_POINT('',(11.1060418589809,-25.6039240603213,-0.836987478699078));
#9688=CARTESIAN_POINT('',(11.1060418589809,-25.6039240603213,-0.836987478699079));
#9689=CARTESIAN_POINT('',(11.1060418589809,-25.6039240603213,-0.836987478699076));
#9690=CARTESIAN_POINT('',(11.1060418589809,-25.6039240603213,-6.19999999999999));
#9691=CARTESIAN_POINT('',(7.92615766290899,-23.4039240603213,-14.5));
#9692=CARTESIAN_POINT('',(7.82494408350278,-23.3567273931349,-6.19999999999999));
#9693=CARTESIAN_POINT('',(5.90710077645552,-21.6135856553234,-6.19999999999999));
#9694=CARTESIAN_POINT('',(3.43696091329808,-21.6135856553234,-6.19999999999999));
#9695=CARTESIAN_POINT('',(12.8574480839355,-26.6262016432375,-1.49999999999999));
#9696=CARTESIAN_POINT('',(-2.60238684512568,-30.5313461718115,-1.19999999999999));
#9697=CARTESIAN_POINT('',(2.60238684512577,-32.5313461718115,-1.19999999999999));
#9698=CARTESIAN_POINT('',(8.77716149647435,-30.5313461718115,-1.19999999999999));
#9699=CARTESIAN_POINT('',(7.60238684512577,-30.5313461718115,-1.19999999999999));
#9700=CARTESIAN_POINT('',(-7.60238684512568,-32.5313461718115,-1.19999999999999));
#9701=CARTESIAN_POINT('',(-15.8460792068069,-41.3028987866607,-3.29999999999999));
#9702=CARTESIAN_POINT('',(-16.0460792068069,-41.3028987866607,-3.29999999999999));
#9703=CARTESIAN_POINT('',(-17.6460792068069,-41.3028987866607,-3.29999999999999));
#9704=CARTESIAN_POINT('',(-15.8460792068069,-40.619658992833,-3.03185784112123));
#9705=CARTESIAN_POINT('',(-16.0460792068069,-40.619658992833,-3.03185784112123));
#9706=CARTESIAN_POINT('',(-17.6460792068069,-40.619658992833,-3.03185784112123));
#9707=CARTESIAN_POINT('',(-15.8460792068069,-39.2,-5.01867412147962));
#9708=CARTESIAN_POINT('',(-16.0460792068069,-39.2,-5.01867412147962));
#9709=CARTESIAN_POINT('',(-17.6460792068069,-39.2,-5.01867412147962));
#9710=CARTESIAN_POINT('',(-15.8460792068069,-39.2,-4.45151683395423));
#9711=CARTESIAN_POINT('',(-16.0460792068069,-39.2,-4.45151683395423));
#9712=CARTESIAN_POINT('',(-17.6460792068069,-39.2,-4.45151683395423));
#9713=CARTESIAN_POINT('',(-17.6460792068069,-41.3028987866607,-3.29999999999999));
#9714=CARTESIAN_POINT('',(-17.6460792068069,-41.3028987866607,-3.69999999999999));
#9715=CARTESIAN_POINT('',(-17.6460792068069,-40.9774509789267,-3.532559077314));
#9716=CARTESIAN_POINT('',(-16.0460792068069,-43.9870738663715,-3.69999999999999));
#9717=CARTESIAN_POINT('',(-16.0460792068069,-43.9870738663715,-3.69999999999999));
#9718=CARTESIAN_POINT('',(-16.0460792068069,-43.9870738663715,-3.29999999999999));
#9719=CARTESIAN_POINT('',(-16.0460792068069,-31.,-3.70000000000002));
#9720=CARTESIAN_POINT('',(-16.0460792068069,-41.3028987866607,-3.69999999999999));
#9721=CARTESIAN_POINT('',(-17.6460792068069,-40.4824228744092,-2.83980688186044));
#9722=CARTESIAN_POINT('',(-17.6460792068069,-40.619658992833,-3.03185784112123));
#9723=CARTESIAN_POINT('',(-17.6460792068069,-41.2,-3.69999999999999));
#9724=CARTESIAN_POINT('',(-17.6460792068069,-43.9870738663715,-3.69999999999999));
#9725=CARTESIAN_POINT('',(-15.8460792068069,-43.9870738663715,-3.29999999999999));
#9726=CARTESIAN_POINT('',(-17.6460792068069,-43.9870738663715,-3.29999999999999));
#9727=CARTESIAN_POINT('',(-16.0460792068069,-41.3028987866607,-3.29999999999999));
#9728=CARTESIAN_POINT('',(-16.0460792068069,-40.9774509789267,-3.532559077314));
#9729=CARTESIAN_POINT('',(-17.6460792068069,-40.619658992833,-3.03185784112123));
#9730=CARTESIAN_POINT('',(-17.6460792068069,-40.619658992833,-3.03185784112123));
#9731=CARTESIAN_POINT('',(-17.6460792068069,-43.9870738663715,-3.29999999999999));
#9732=CARTESIAN_POINT('',(-17.6460792068069,-44.3870738663715,-3.29999999999999));
#9733=CARTESIAN_POINT('',(-16.0460792068069,-35.9338108718747,3.52561140907376));
#9734=CARTESIAN_POINT('',(-16.0460792068069,-40.619658992833,-3.03185784112123));
#9735=CARTESIAN_POINT('',(-17.6460792068069,-39.1414213562373,-4.51009547771693));
#9736=CARTESIAN_POINT('',(-17.6460792068069,-39.2,-4.45151683395423));
#9737=CARTESIAN_POINT('',(-17.6460792068069,-44.3870738663715,-3.49999999999999));
#9738=CARTESIAN_POINT('',(-17.6460792068069,-44.3870738663715,-2.18870738663714));
#9739=CARTESIAN_POINT('',(-16.0460792068069,-40.619658992833,-3.03185784112123));
#9740=CARTESIAN_POINT('',(-16.0460792068069,-40.619658992833,-3.03185784112123));
#9741=CARTESIAN_POINT('',(-17.6460792068069,-39.2,-4.45151683395423));
#9742=CARTESIAN_POINT('',(-17.6460792068069,-39.2,-4.45151683395423));
#9743=CARTESIAN_POINT('',(-17.6460792068069,-44.1870738663715,-2.18870738663714));
#9744=CARTESIAN_POINT('',(-17.6460792068069,-45.1,-2.18870738663713));
#9745=CARTESIAN_POINT('',(-16.0460792068069,-37.3257584169771,-6.32575841697711));
#9746=CARTESIAN_POINT('',(-16.0460792068069,-39.2,-4.45151683395423));
#9747=CARTESIAN_POINT('',(-17.6460792068069,-39.2,-5.21867412147962));
#9748=CARTESIAN_POINT('',(-17.6460792068069,-39.2,-5.01867412147962));
#9749=CARTESIAN_POINT('',(-17.6460792068069,-45.1,-1.98870738663714));
#9750=CARTESIAN_POINT('',(-17.6460792068069,-45.1,-5.9090150283824));
#9751=CARTESIAN_POINT('',(-16.0460792068069,-39.2,-4.45151683395423));
#9752=CARTESIAN_POINT('',(-16.0460792068069,-39.2,-4.45151683395423));
#9753=CARTESIAN_POINT('',(-17.6460792068069,-39.2,-5.01867412147962));
#9754=CARTESIAN_POINT('',(-17.6460792068069,-39.2,-5.01867412147962));
#9755=CARTESIAN_POINT('',(-17.6460792068069,-45.3,-5.9090150283824));
#9756=CARTESIAN_POINT('',(-17.6460792068069,-44.3870738663715,-5.9090150283824));
#9757=CARTESIAN_POINT('',(-16.0460792068069,-39.2,7.105427357601E-15));
#9758=CARTESIAN_POINT('',(-16.0460792068069,-39.2,-5.01867412147962));
#9759=CARTESIAN_POINT('',(-17.6460792068069,-44.1870738663715,-5.01867412147962));
#9760=CARTESIAN_POINT('',(-17.6460792068069,-43.9870738663715,-5.01867412147962));
#9761=CARTESIAN_POINT('',(-17.6460792068069,-44.3870738663715,-3.49999999999999));
#9762=CARTESIAN_POINT('',(-17.6460792068069,-44.3870738663715,-5.41867412147962));
#9763=CARTESIAN_POINT('',(-16.0460792068069,-39.2,-5.01867412147962));
#9764=CARTESIAN_POINT('',(-16.0460792068069,-39.2,-5.01867412147962));
#9765=CARTESIAN_POINT('',(-17.6460792068069,-43.9870738663715,-5.41867412147962));
#9766=CARTESIAN_POINT('',(-17.6460792068069,-43.9870738663715,-5.41867412147962));
#9767=CARTESIAN_POINT('',(-16.0460792068069,-31.,-5.01867412147962));
#9768=CARTESIAN_POINT('',(-16.0460792068069,-43.9870738663715,-5.01867412147962));
#9769=CARTESIAN_POINT('',(-15.8460792068069,-43.9870738663715,-5.41867412147962));
#9770=CARTESIAN_POINT('',(-16.0460792068069,-43.9870738663715,-5.41867412147962));
#9771=CARTESIAN_POINT('',(-16.0460792068069,-43.9870738663715,-5.01867412147962));
#9772=CARTESIAN_POINT('',(17.646079206807,-44.3870738663715,7.105427357601E-15));
#9773=CARTESIAN_POINT('',(17.646079206807,-44.3870738663715,-5.01867412147962));
#9774=CARTESIAN_POINT('',(17.646079206807,-44.3870738663715,-5.9090150283824));
#9775=CARTESIAN_POINT('',(17.646079206807,-31.,-5.9090150283824));
#9776=CARTESIAN_POINT('',(17.646079206807,-45.1,-5.9090150283824));
#9777=CARTESIAN_POINT('',(17.646079206807,-31.,-5.01867412147962));
#9778=CARTESIAN_POINT('',(17.646079206807,-39.2,-5.01867412147962));
#9779=CARTESIAN_POINT('',(17.646079206807,-45.1,7.105427357601E-15));
#9780=CARTESIAN_POINT('',(17.646079206807,-45.1,-2.18870738663713));
#9781=CARTESIAN_POINT('',(17.646079206807,-39.2,-5.01867412147962));
#9782=CARTESIAN_POINT('',(17.646079206807,-39.2,-5.01867412147962));
#9783=CARTESIAN_POINT('',(17.646079206807,-39.2,-5.01867412147962));
#9784=CARTESIAN_POINT('',(17.646079206807,-31.,-2.18870738663717));
#9785=CARTESIAN_POINT('',(17.646079206807,-44.3870738663715,-2.18870738663714));
#9786=CARTESIAN_POINT('',(16.046079206807,-44.1870738663715,-5.01867412147962));
#9787=CARTESIAN_POINT('',(16.046079206807,-39.2,-5.01867412147962));
#9788=CARTESIAN_POINT('',(15.846079206807,-39.2,-5.01867412147962));
#9789=CARTESIAN_POINT('',(16.046079206807,-39.2,-5.01867412147962));
#9790=CARTESIAN_POINT('',(17.646079206807,-39.2,7.105427357601E-15));
#9791=CARTESIAN_POINT('',(17.646079206807,-39.2,-4.45151683395423));
#9792=CARTESIAN_POINT('',(17.646079206807,-44.3870738663715,7.105427357601E-15));
#9793=CARTESIAN_POINT('',(17.646079206807,-44.3870738663715,-3.29999999999999));
#9794=CARTESIAN_POINT('',(16.046079206807,-39.2,-5.01867412147962));
#9795=CARTESIAN_POINT('',(16.046079206807,-39.2,-5.01867412147962));
#9796=CARTESIAN_POINT('',(17.646079206807,-39.2,-4.45151683395423));
#9797=CARTESIAN_POINT('',(17.646079206807,-39.2,-4.45151683395423));
#9798=CARTESIAN_POINT('',(17.646079206807,-39.2,-4.45151683395423));
#9799=CARTESIAN_POINT('',(17.646079206807,-43.9870738663715,-3.29999999999999));
#9800=CARTESIAN_POINT('',(17.646079206807,-43.9870738663715,-3.69999999999999));
#9801=CARTESIAN_POINT('',(17.646079206807,-43.9870738663715,-3.29999999999999));
#9802=CARTESIAN_POINT('',(16.046079206807,-39.2,-5.21867412147962));
#9803=CARTESIAN_POINT('',(16.046079206807,-39.2,-4.45151683395423));
#9804=CARTESIAN_POINT('',(15.846079206807,-39.2,-4.45151683395423));
#9805=CARTESIAN_POINT('',(16.046079206807,-39.2,-4.45151683395423));
#9806=CARTESIAN_POINT('',(17.646079206807,-37.3257584169771,-6.32575841697711));
#9807=CARTESIAN_POINT('',(17.646079206807,-40.619658992833,-3.03185784112123));
#9808=CARTESIAN_POINT('',(17.646079206807,-35.9338108718747,3.52561140907376));
#9809=CARTESIAN_POINT('',(17.646079206807,-40.9774509789267,-3.532559077314));
#9810=CARTESIAN_POINT('',(17.646079206807,-40.619658992833,-3.03185784112123));
#9811=CARTESIAN_POINT('',(17.646079206807,-31.,-3.70000000000002));
#9812=CARTESIAN_POINT('',(17.646079206807,-41.3028987866607,-3.69999999999999));
#9813=CARTESIAN_POINT('',(15.846079206807,-43.9870738663715,-3.29999999999999));
#9814=CARTESIAN_POINT('',(16.046079206807,-43.9870738663715,-3.29999999999999));
#9815=CARTESIAN_POINT('',(16.046079206807,-39.2,-4.45151683395423));
#9816=CARTESIAN_POINT('',(16.046079206807,-39.2,-4.45151683395423));
#9817=CARTESIAN_POINT('',(17.646079206807,-40.619658992833,-3.03185784112123));
#9818=CARTESIAN_POINT('',(17.646079206807,-40.619658992833,-3.03185784112123));
#9819=CARTESIAN_POINT('',(17.646079206807,-41.3028987866607,-3.29999999999999));
#9820=CARTESIAN_POINT('',(17.646079206807,-41.3028987866607,-3.29999999999999));
#9821=CARTESIAN_POINT('',(16.046079206807,-43.9870738663715,-3.69999999999999));
#9822=CARTESIAN_POINT('',(16.046079206807,-43.9870738663715,-3.69999999999999));
#9823=CARTESIAN_POINT('',(16.046079206807,-39.1414213562373,-4.51009547771693));
#9824=CARTESIAN_POINT('',(16.046079206807,-40.619658992833,-3.03185784112123));
#9825=CARTESIAN_POINT('',(15.846079206807,-40.619658992833,-3.03185784112123));
#9826=CARTESIAN_POINT('',(16.046079206807,-40.619658992833,-3.03185784112123));
#9827=CARTESIAN_POINT('',(15.846079206807,-41.3028987866607,-3.29999999999999));
#9828=CARTESIAN_POINT('',(16.046079206807,-41.3028987866607,-3.29999999999999));
#9829=CARTESIAN_POINT('',(16.046079206807,-41.2,-3.69999999999999));
#9830=CARTESIAN_POINT('',(16.046079206807,-41.3028987866607,-3.69999999999999));
#9831=CARTESIAN_POINT('',(16.046079206807,-40.619658992833,-3.03185784112123));
#9832=CARTESIAN_POINT('',(16.046079206807,-40.619658992833,-3.03185784112123));
#9833=CARTESIAN_POINT('',(16.046079206807,-41.3028987866607,-3.29999999999999));
#9834=CARTESIAN_POINT('',(16.046079206807,-40.9774509789267,-3.532559077314));
#9835=CARTESIAN_POINT('',(16.046079206807,-40.4824228744092,-2.83980688186044));
#9836=CARTESIAN_POINT('',(14.4,-24.6,7.105427357601E-15));
#9837=CARTESIAN_POINT('',(-14.4,-24.6,-5.99999999999999));
#9838=CARTESIAN_POINT('',(1.50000000000004,-31.3,-13.5));
#9839=CARTESIAN_POINT('',(1.85168068344508,-24.5895328087514,-7.19999999999999));
#9840=CARTESIAN_POINT('',(1.50000000000004,-31.3,-13.5));
#9841=CARTESIAN_POINT('',(1.6410392602792,-28.6088105962772,-5.79999999999999));
#9842=CARTESIAN_POINT('',(-1.92680329545728,-23.1561079806059,-13.5));
#9843=CARTESIAN_POINT('',(-1.85168068344499,-24.5895328087514,-5.99999999999999));
#9844=CARTESIAN_POINT('',(-1.64103926027912,-28.6088105962772,-5.79999999999999));
#9845=CARTESIAN_POINT('',(-1.49999999999996,-31.3,-13.5));
#9846=CARTESIAN_POINT('',(4.2632564145606E-14,-31.3,-13.5));
#9847=CARTESIAN_POINT('',(4.14385260761844E-14,-28.6088105962772,-5.79999999999999));
#9848=CARTESIAN_POINT('',(-3.84999999999996,-28.6088105962772,-5.79999999999999));
#9849=CARTESIAN_POINT('',(-2.05140659039591,-24.6,-13.5));
#9850=CARTESIAN_POINT('',(2.05140659039599,-24.6,-13.5));
#9851=CARTESIAN_POINT('',(14.,-23.0000738663715,-6.03870738663714));
#9852=CARTESIAN_POINT('',(0.,0.,347.082183837891));
#9853=CARTESIAN_POINT('',(0.,0.,0.));
#9854=CARTESIAN_POINT('',(-86.5373075418988,-86.5373075418988,347.082183837891));
#9855=CARTESIAN_POINT('',(0.,-2260.08959960938,0.));
#9856=CARTESIAN_POINT('',(0.,0.,0.));
#9857=CARTESIAN_POINT('',(-554.332894322069,-554.332894322069,2223.30780792236));
#9858=CARTESIAN_POINT('',(2223.30786132813,0.,0.));
#9859=CARTESIAN_POINT('',(0.,0.,0.));
#9860=CARTESIAN_POINT('',(-554.332907637621,-554.332907637621,2223.30786132813));
#9861=CARTESIAN_POINT('',(0.,2186.52587890625,0.));
#9862=CARTESIAN_POINT('',(0.,0.,0.));
#9863=CARTESIAN_POINT('',(-554.332860082079,-554.332860082079,2223.30767059326));
#9864=CARTESIAN_POINT('',(0.,0.,-347.082183837891));
#9865=CARTESIAN_POINT('',(0.,0.,0.));
#9866=CARTESIAN_POINT('',(-86.5373075418988,-86.5373075418988,347.082183837891));
#9867=CARTESIAN_POINT('',(-2223.30786132813,0.,0.));
#9868=CARTESIAN_POINT('',(0.,0.,0.));
#9869=CARTESIAN_POINT('',(-554.332907637621,-554.332907637621,2223.30786132813));
#9870=CARTESIAN_POINT('',(1260.7587890625,-1260.7587890625,1260.7587890625));
#9871=CARTESIAN_POINT('',(0.,0.,0.));
#9872=CARTESIAN_POINT('',(-544.457129538967,-544.457129538967,2183.69827874526));
#9873=CARTESIAN_POINT('',(1656.7209663929,-1348.30797048634,865.194319433617));
#9874=CARTESIAN_POINT('',(0.,0.,0.));
#9875=CARTESIAN_POINT('',(-574.60341268729,-574.60341268729,2304.60841666063));
#9876=CARTESIAN_POINT('',(0.,0.,0.));
#9877=CARTESIAN_POINT('',(-13.7285167529734,-13.7042125982147,-9.98109803467207));
#9878=CARTESIAN_POINT('',(-14.7565167529733,-13.7042125982148,-9.98109803467207));
#9879=CARTESIAN_POINT('',(-14.7565167529736,12.3451468359034,-9.27440316047799));
#9880=CARTESIAN_POINT('',(-14.7565167529736,13.2358979120486,-9.25023791291071));
#9881=CARTESIAN_POINT('',(-13.7285167529734,12.3451468359035,-9.27440316047799));
#9882=CARTESIAN_POINT('',(-20.8625167529734,12.3451468359036,-9.27440316047799));
#9883=CARTESIAN_POINT('',(-20.8625167529734,6.50478740178121,-9.43284667560487));
#9884=CARTESIAN_POINT('',(-20.8625167529734,13.1673149846138,-9.25209850389368));
#9885=CARTESIAN_POINT('',(-14.0314238027415,13.2440421958988,-9.25001696607071));
#9886=CARTESIAN_POINT('',(-14.7565167529736,14.6377052735433,-11.7716824060933));
#9887=CARTESIAN_POINT('',(-12.6865167529737,14.6377052735419,-11.7716824060889));
#9888=CARTESIAN_POINT('',(-12.6865167529735,11.9844604018598,-7.25223025752872));
#9889=CARTESIAN_POINT('',(-12.6865167529736,12.6523904984729,-8.38996094437343));
#9890=CARTESIAN_POINT('',(-12.6865167529733,12.6523904984729,-8.38996094437343));
#9891=CARTESIAN_POINT('',(-14.7565167529736,12.6523904984717,-8.38996094437346));
#9892=CARTESIAN_POINT('',(-14.7565167529736,14.6377052735433,-11.7716824060933));
#9893=CARTESIAN_POINT('',(-14.7565167529735,11.9844604018586,-7.25223025752875));
#9894=CARTESIAN_POINT('',(-14.7565167529734,40.5757011280566,-55.95363196696));
#9895=CARTESIAN_POINT('',(-14.7565167529734,8.76491776832659,-1.76816467888787));
#9896=CARTESIAN_POINT('',(-14.7565167529736,14.6377052735433,-11.7716824060933));
#9897=CARTESIAN_POINT('',(-14.7565167529733,8.15941774698962,-0.736775378340696));
#9898=CARTESIAN_POINT('',(-12.6865167529736,8.15941774699078,-0.736775378340707));
#9899=CARTESIAN_POINT('',(-12.6865167529734,8.15941774699078,-0.736775378340707));
#9900=CARTESIAN_POINT('',(-12.6865167529737,14.6377052735419,-11.7716824060889));
#9901=CARTESIAN_POINT('',(-12.6865167529734,8.76491776832745,-1.76816467888736));
#9902=CARTESIAN_POINT('',(-12.6865167529734,40.5757011280566,-55.95363196696));
#9903=CARTESIAN_POINT('',(-13.7285167529734,-13.7376019124951,-8.75034020592834));
#9904=CARTESIAN_POINT('',(-7.89348095659788,9.54992312852052,-8.11857132804964));
#9905=CARTESIAN_POINT('',(-7.89348095659788,11.4799150910883,-8.06621244257946));
#9906=CARTESIAN_POINT('',(-7.89348095659787,12.4033630100144,-8.04116016010239));
#9907=CARTESIAN_POINT('',(-13.7450119196093,12.4690877272464,-8.03937710970174));
#9908=CARTESIAN_POINT('',(-6.58051675297339,12.3886157239512,-8.04156024024622));
#9909=CARTESIAN_POINT('',(-6.58051675297339,-13.7376019124951,-8.75034020592834));
#9910=CARTESIAN_POINT('',(-6.58051675297339,11.4651678050251,-8.06661252272329));
#9911=CARTESIAN_POINT('',(-13.4443629430829,11.5422629024997,-8.06452100449043));
#9912=CARTESIAN_POINT('',(2.30048324702662,6.69648324702664,-10.86688390631));
#9913=CARTESIAN_POINT('',(-20.8625167529734,6.69648324702664,-1.3604684609685));
#9914=CARTESIAN_POINT('',(-22.1754809565979,6.69648324702664,-8.19598249599688));
#9915=CARTESIAN_POINT('',(-19.5495525493489,6.69648324702664,-8.19598249599688));
#9916=CARTESIAN_POINT('',(2.30048324702662,6.69648324702664,-8.19598249599688));
#9917=CARTESIAN_POINT('',(-29.7435167529734,6.69648324702664,-10.86688390631));
#9918=CARTESIAN_POINT('',(-29.7435167529734,6.69648324702664,-8.19598249599688));
#9919=CARTESIAN_POINT('',(-7.89348095659787,6.69648324702664,-8.19598249599688));
#9920=CARTESIAN_POINT('',(-5.26755254934891,6.69648324702664,-8.19598249599688));
#9921=CARTESIAN_POINT('',(-6.58051675297339,6.69648324702664,-1.3604684609685));
#9922=CARTESIAN_POINT('',(-29.7435167529734,7.49648324702664,-0.799999999999989));
#9923=CARTESIAN_POINT('',(-0.931695043822565,8.07283837972579,-0.799999999999989));
#9924=CARTESIAN_POINT('',(-0.930001739124421,7.76010088667351,-0.79999999999999));
#9925=CARTESIAN_POINT('',(-0.928327969023198,7.44736328897678,-0.799999999999989));
#9926=CARTESIAN_POINT('',(-0.926669152381123,7.13462561117619,-0.799999999999989));
#9927=CARTESIAN_POINT('',(-0.942904777176068,8.07293321155551,-0.799943649492392));
#9928=CARTESIAN_POINT('',(-0.926669152381967,7.13462561117618,-0.799999999999989));
#9929=CARTESIAN_POINT('',(-0.940651770582123,7.13478516606015,-0.799999999999989));
#9930=CARTESIAN_POINT('',(-0.941769012431069,7.44750474678352,-0.799999999999989));
#9931=CARTESIAN_POINT('',(-0.942886254280015,7.76022432750689,-0.799999999999989));
#9932=CARTESIAN_POINT('',(-0.94400349612896,8.07294390823026,-0.799999999999989));
#9933=CARTESIAN_POINT('',(-0.940632118358493,7.13478524492389,-0.799981356674958));
#9934=CARTESIAN_POINT('',(-13.8027290899333,7.28155361992633,-0.799999999999989));
#9935=CARTESIAN_POINT('',(-29.7435167529734,7.49648324702664,-0.799999999999989));
#9936=CARTESIAN_POINT('',(-13.6403044160135,7.28155361992633,-0.799999999999989));
#9937=CARTESIAN_POINT('',(-26.5163643535648,7.13462561117618,-0.799999999999989));
#9938=CARTESIAN_POINT('',(-26.5024210398112,7.13478532378763,-0.799962713350644));
#9939=CARTESIAN_POINT('',(-26.5023817353028,7.13478518336584,-0.799999999999989));
#9940=CARTESIAN_POINT('',(-26.5012644934745,7.44750475832065,-0.799999999999989));
#9941=CARTESIAN_POINT('',(-26.5001472516461,7.76022433327546,-0.799999999999989));
#9942=CARTESIAN_POINT('',(-26.4990300098178,8.07294390823026,-0.799999999999989));
#9943=CARTESIAN_POINT('',(-26.5001287287707,8.07293321155551,-0.799943649492392));
#9944=CARTESIAN_POINT('',(-26.5163643535648,7.13462561117618,-0.799999999999989));
#9945=CARTESIAN_POINT('',(-26.5147055369227,7.44736328897677,-0.799999999999989));
#9946=CARTESIAN_POINT('',(-26.5130317668229,7.76010088667351,-0.799999999999989));
#9947=CARTESIAN_POINT('',(-26.5113384621248,8.07283837972579,-0.799999999999989));
#9948=CARTESIAN_POINT('',(-13.7598167529734,11.0421832470266,-4.02829999999999));
#9949=CARTESIAN_POINT('',(-13.7317154510197,13.6652985907721,-8.49697668381484));
#9950=CARTESIAN_POINT('',(-6.57559675030921,13.5849206724024,-8.49915726192287));
#9951=CARTESIAN_POINT('',(-12.6865167543059,13.653558861593,-8.49729517174099));
#9952=CARTESIAN_POINT('',(-12.6865167556056,11.0330750534583,-4.03364716723811));
#9953=CARTESIAN_POINT('',(-12.6865167529735,12.9079083207821,-7.22717797505951));
#9954=CARTESIAN_POINT('',(-13.5841888475614,12.9179910230766,-7.22690444072399));
#9955=CARTESIAN_POINT('',(-6.58051675297339,12.8393253933666,-7.22903856603399));
#9956=CARTESIAN_POINT('',(-6.58051675297339,9.35176095505664,-1.28843324833399));
#9957=CARTESIAN_POINT('',(-0.548934177350391,9.35960922640664,-1.41903783574099));
#9958=CARTESIAN_POINT('',(-13.7598167529734,9.47171886415664,-1.35322138019299));
#9959=CARTESIAN_POINT('',(-12.6865167529734,9.46261067069664,-1.35856854767698));
#9960=CARTESIAN_POINT('',(-12.6865167556056,11.0330750534583,-4.03364716723811));
#9961=CARTESIAN_POINT('',(-12.6865167567447,8.73623175790704,-0.12127802341159));
#9962=CARTESIAN_POINT('',(-13.7859866764437,8.74877774843189,-0.121278023410525));
#9963=CARTESIAN_POINT('',(-0.939412159073388,8.6021682417476,-0.121247440401864));
#9964=CARTESIAN_POINT('',(-0.943883777049875,9.59901475949778,-1.81915688618926));
#9965=CARTESIAN_POINT('',(0.738758424287418,9.71184283791156,-2.04405019210454));
#9966=CARTESIAN_POINT('',(-6.57559675030921,9.33139852138484,-1.25384416269582));
#9967=CARTESIAN_POINT('',(-13.7366354536838,13.2341333572962,-8.75010182088231));
#9968=CARTESIAN_POINT('',(-12.6865167529736,13.2223383663612,-8.75042180800736));
#9969=CARTESIAN_POINT('',(-12.6865167529736,13.2358979120486,-9.25023791291071));
#9970=CARTESIAN_POINT('',(-6.58051675297339,13.1537554389264,-8.75228239899034));
#9971=CARTESIAN_POINT('',(-6.58051675297339,13.1673149846138,-9.25209850389368));
#9972=CARTESIAN_POINT('',(-13.4256079359017,13.2441994248175,-9.2500127005965));
#9973=CARTESIAN_POINT('',(-13.7909066791079,8.31761251495596,-0.374403160477989));
#9974=CARTESIAN_POINT('',(-12.6865167529734,8.30501038250879,-0.374403160477989));
#9975=CARTESIAN_POINT('',(-12.6865167529733,8.30501038250879,0.125596839522011));
#9976=CARTESIAN_POINT('',(-29.7320711986321,8.49951626279278,0.125596839522011));
#9977=CARTESIAN_POINT('',(-0.944332126507246,8.17100689302508,0.125627427228822));
#9978=CARTESIAN_POINT('',(-0.944331965984375,8.17102096047317,0.125596839522011));
#9979=CARTESIAN_POINT('',(-0.942354263841087,8.34433720937785,0.125596839522011));
#9980=CARTESIAN_POINT('',(-0.940413175572392,8.51444479542907,0.0281973190374284));
#9981=CARTESIAN_POINT('',(-0.939411963320196,8.60218619394911,-0.121278023410525));
#9982=CARTESIAN_POINT('',(-13.6753447487107,10.3523188734651,-4.43330021930793));
#9983=CARTESIAN_POINT('',(-20.8625167529734,8.43858625155345,-1.31320682803926));
#9984=CARTESIAN_POINT('',(-19.5495525493489,12.4033630100144,-8.04116016010239));
#9985=CARTESIAN_POINT('',(-27.7562395526126,8.90662359068922,-2.24444015348121));
#9986=CARTESIAN_POINT('',(-13.6980215863375,12.4690877272464,-8.03937710970174));
#9987=CARTESIAN_POINT('',(-20.8625167529734,12.3886157239512,-8.04156024024622));
#9988=CARTESIAN_POINT('',(-20.8625167529734,8.43858625155361,-1.31320682803953));
#9989=CARTESIAN_POINT('',(-27.6882505424231,8.54403524380334,-1.62549729712546));
#9990=CARTESIAN_POINT('',(-26.4956591742423,8.81998003879966,-2.07235236084118));
#9991=CARTESIAN_POINT('',(-0.966798497391225,8.17122019470791,0.125547057423851));
#9992=CARTESIAN_POINT('',(-0.966010279130672,8.21484723012947,0.122260817179332));
#9993=CARTESIAN_POINT('',(-0.964433842609564,8.30210130097261,0.115688336690293));
#9994=CARTESIAN_POINT('',(-0.961802616642279,8.42354977061473,0.0630527610620173));
#9995=CARTESIAN_POINT('',(-0.959169690261703,8.52992928044613,-0.0157103364959592));
#9996=CARTESIAN_POINT('',(-0.957588980458451,8.57931378319465,-0.0879434852254873));
#9997=CARTESIAN_POINT('',(-0.956798625556825,8.60400603456891,-0.124060059590251));
#9998=CARTESIAN_POINT('',(-0.808834439054345,8.17374715817666,0.117231280821171));
#9999=CARTESIAN_POINT('',(-0.810128056604769,8.21738336705152,0.114097072968294));
#10000=CARTESIAN_POINT('',(-0.812715291705616,8.30465578480123,0.107828657262539));
#10001=CARTESIAN_POINT('',(-0.818991843965184,8.42609773136044,0.0556866017536259));
#10002=CARTESIAN_POINT('',(-0.826501548113519,8.53242884650388,-0.0225848195705558));
#10003=CARTESIAN_POINT('',(-0.832189000838705,8.5817306814954,-0.0945104935092856));
#10004=CARTESIAN_POINT('',(-0.835032727201298,8.60638159899116,-0.13047333047865));
#10005=CARTESIAN_POINT('',(-0.492906322380585,8.17880108511416,0.10059972761581));
#10006=CARTESIAN_POINT('',(-0.498363611552964,8.2224556408956,0.0977695845462172));
#10007=CARTESIAN_POINT('',(-0.509278189897721,8.30976475245848,0.0921092984070307));
#10008=CARTESIAN_POINT('',(-0.533370298610995,8.43119365285185,0.0409542831368429));
#10009=CARTESIAN_POINT('',(-0.561165263817152,8.53742797861937,-0.0363337857197489));
#10010=CARTESIAN_POINT('',(-0.581389041599213,8.5865644780969,-0.107644510076882));
#10011=CARTESIAN_POINT('',(-0.591500930490244,8.61113272783566,-0.143299872255449));
#10012=CARTESIAN_POINT('',(0.111095993765219,8.26590613104988,-0.101938120447957));
#10013=CARTESIAN_POINT('',(0.0982128124994249,8.31035779925307,-0.100314530462202));
#10014=CARTESIAN_POINT('',(0.0724464499678365,8.39926113565945,-0.0970673504906907));
#10015=CARTESIAN_POINT('',(0.0144098529380265,8.52195030133631,-0.135691916216179));
#10016=CARTESIAN_POINT('',(-0.0528266546759716,8.62769791907064,-0.201721583954922));
#10017=CARTESIAN_POINT('',(-0.101615617186214,8.67426869065319,-0.266945144143801));
#10018=CARTESIAN_POINT('',(-0.126010098441336,8.69755407644447,-0.29955692423824));
#10019=CARTESIAN_POINT('',(0.761114207545861,8.4769137036006,-0.57844957405676));
#10020=CARTESIAN_POINT('',(0.742528172842972,8.52347463322382,-0.566614251122372));
#10021=CARTESIAN_POINT('',(0.705356103437194,8.61659649247026,-0.542943605253594));
#10022=CARTESIAN_POINT('',(0.611303092695083,8.74272810410023,-0.55192294958886));
#10023=CARTESIAN_POINT('',(0.498846153817257,8.84741323031013,-0.591091153969357));
#10024=CARTESIAN_POINT('',(0.416090686233348,8.88757601572635,-0.641815475818847));
#10025=CARTESIAN_POINT('',(0.374712952441394,8.90765740843446,-0.667177636743593));
#10026=CARTESIAN_POINT('',(1.1458376037394,8.79513370953766,-1.28673585117795));
#10027=CARTESIAN_POINT('',(1.12958023509626,8.84565981165008,-1.26253968377344));
#10028=CARTESIAN_POINT('',(1.09706549780997,8.94671201587491,-1.2141473489644));
#10029=CARTESIAN_POINT('',(0.983454605517299,9.07928200332258,-1.17897902693431));
#10030=CARTESIAN_POINT('',(0.837283153331428,9.1818744998013,-1.17468546707235));
#10031=CARTESIAN_POINT('',(0.726149942552708,9.21062471347278,-1.20055341656176));
#10032=CARTESIAN_POINT('',(0.670583337163348,9.22499982030851,-1.21348739130646));
#10033=CARTESIAN_POINT('',(1.26530130768039,9.07805204893523,-1.91258804714384));
#10034=CARTESIAN_POINT('',(1.25533375968957,9.13296458180459,-1.88054810795415));
#10035=CARTESIAN_POINT('',(1.23539866370793,9.2427896475433,-1.81646822957475));
#10036=CARTESIAN_POINT('',(1.11790560221694,9.38237502120854,-1.74259759761682));
#10037=CARTESIAN_POINT('',(0.954426146102371,9.48239211353134,-1.69602042905243));
#10038=CARTESIAN_POINT('',(0.8261243570193,9.49897417950861,-1.69605572266164));
#10039=CARTESIAN_POINT('',(0.761973462477765,9.50726521249724,-1.69607336946624));
#10040=CARTESIAN_POINT('',(1.23930251222213,9.22128540027342,-2.22793924706052));
#10041=CARTESIAN_POINT('',(1.23367280920908,9.27896251701817,-2.19374075276008));
#10042=CARTESIAN_POINT('',(1.22241340318297,9.39431675050767,-2.12534376415921));
#10043=CARTESIAN_POINT('',(1.10817042175861,9.5382495562628,-2.03237684911729));
#10044=CARTESIAN_POINT('',(0.941426235727118,9.63646867095477,-1.96221136280859));
#10045=CARTESIAN_POINT('',(0.808189094402185,9.64562201445812,-1.94683672981183));
#10046=CARTESIAN_POINT('',(0.741570523739718,9.65019868620979,-1.93914941331346));
#10047=CARTESIAN_POINT('',(1.226303114493,9.29290207594251,-2.38561484701886));
#10048=CARTESIAN_POINT('',(1.22284233396883,9.35196148462495,-2.35033707516305));
#10049=CARTESIAN_POINT('',(1.21592077292049,9.47008030198985,-2.27978153145145));
#10050=CARTESIAN_POINT('',(1.10330283152945,9.61618682378993,-2.17726647486752));
#10051=CARTESIAN_POINT('',(0.934926280539491,9.71350694966648,-2.09530682968667));
#10052=CARTESIAN_POINT('',(0.799221463093627,9.71894593193287,-2.07222723338693));
#10053=CARTESIAN_POINT('',(0.731369054370695,9.72166542306607,-2.06068743523706));
#10054=CARTESIAN_POINT('',(1.2303768221871,9.28461175383798,-2.35598826461191));
#10055=CARTESIAN_POINT('',(1.23029289011571,9.28323352726173,-2.3567890142357));
#10056=CARTESIAN_POINT('',(1.23024980110932,9.28164911276554,-2.35722310813248));
#10057=CARTESIAN_POINT('',(1.23024373259841,9.28003870257446,-2.35732191147453));
#10058=CARTESIAN_POINT('',(1.23037682218711,9.28461175383791,-2.35598826461181));
#10059=CARTESIAN_POINT('',(1.23024373259839,9.28003870256736,-2.35732191147494));
#10060=CARTESIAN_POINT('',(0.738758424287366,9.71184283791159,-2.04405019210459));
#10061=CARTESIAN_POINT('',(1.00499167612519,9.72393563751505,-2.06982346436163));
#10062=CARTESIAN_POINT('',(1.24458130112636,9.51785978315782,-2.22047116172428));
#10063=CARTESIAN_POINT('',(1.23037682218711,9.28461175383792,-2.35598826461183));
#10064=CARTESIAN_POINT('',(1.23024373259839,9.28003870256736,-2.35732191147493));
#10065=CARTESIAN_POINT('',(1.30890972217592,9.01047725945525,-1.7643548054188));
#10066=CARTESIAN_POINT('',(0.974393492481373,8.44635044185009,-0.51476629879364));
#10067=CARTESIAN_POINT('',(-0.281505972680965,8.16582091214384,0.125544671602186));
#10068=CARTESIAN_POINT('',(-0.944332231045901,8.17099282514015,0.125658014926061));
#10069=CARTESIAN_POINT('',(-20.8625167529734,6.29168558175778,-1.57773677094391));
#10070=CARTESIAN_POINT('',(-28.6787059924452,7.49648326208717,-2.35488634486231));
#10071=CARTESIAN_POINT('',(-28.6767169969092,8.00546919149767,-2.36028912256167));
#10072=CARTESIAN_POINT('',(-28.6746570366314,8.51445490171239,-2.36568640125867));
#10073=CARTESIAN_POINT('',(-28.6725261273937,9.02344037942359,-2.37107765340448));
#10074=CARTESIAN_POINT('',(-28.6787058509674,7.49648324702664,-2.35488771175962));
#10075=CARTESIAN_POINT('',(-28.6725261273937,9.02344037942359,-2.37107765340448));
#10076=CARTESIAN_POINT('',(-28.6732772385451,9.28003870255722,-2.35732191147561));
#10077=CARTESIAN_POINT('',(-28.6729550566696,9.19454079506688,-2.36256745634672));
#10078=CARTESIAN_POINT('',(-28.6727195329343,9.10900069147878,-2.36701389221898));
#10079=CARTESIAN_POINT('',(-28.6725261273932,9.02344037942387,-2.37107765340989));
#10080=CARTESIAN_POINT('',(-28.6732772385485,9.28003870255585,-2.35732191144963));
#10081=CARTESIAN_POINT('',(-28.6732772385485,9.28003870255585,-2.35732191144963));
#10082=CARTESIAN_POINT('',(-28.6732833156119,9.28165138234671,-2.35722296886193));
#10083=CARTESIAN_POINT('',(-28.6733265187161,9.28323554133219,-2.35678784406498));
#10084=CARTESIAN_POINT('',(-28.6734103281351,9.28461175385725,-2.35598826460059));
#10085=CARTESIAN_POINT('',(-28.6734103281351,9.28461175385724,-2.35598826460058));
#10086=CARTESIAN_POINT('',(-20.8625167529734,8.90023328790891,-1.50696929976328));
#10087=CARTESIAN_POINT('',(-20.8625167529734,-277.413823750138,-9.27440316047799));
#10088=CARTESIAN_POINT('',(-22.294029273204,7.49648324702664,-9.27440316047799));
#10089=CARTESIAN_POINT('',(-20.8625167529734,7.49648324702664,-1.54505173173441));
#10090=CARTESIAN_POINT('',(-13.7285167529734,-13.7042125982147,-9.98109803467207));
#10091=CARTESIAN_POINT('',(-12.6865167529733,-13.7042125982147,-9.98109803467207));
#10092=CARTESIAN_POINT('',(-12.6865167529736,12.3451468359035,-9.27440316047799));
#10093=CARTESIAN_POINT('',(-6.58051675297339,6.50478740178121,-9.43284667560487));
#10094=CARTESIAN_POINT('',(-6.58051675297339,12.3451468359036,-9.27440316047799));
#10095=CARTESIAN_POINT('',(-13.7285167529734,12.3451468359035,-9.27440316047799));
#10096=CARTESIAN_POINT('',(-6.58051675297339,6.29168558175778,-1.57773677094391));
#10097=CARTESIAN_POINT('',(1.22949262144691,9.02344037943067,-2.37107765340455));
#10098=CARTESIAN_POINT('',(1.23162353068441,8.51445490176405,-2.36568640125922));
#10099=CARTESIAN_POINT('',(1.23368349096018,8.00546919206267,-2.36028912256769));
#10100=CARTESIAN_POINT('',(1.23567248649841,7.496483262087,-2.3548863448623));
#10101=CARTESIAN_POINT('',(1.22949262144691,9.02344037943067,-2.37107765340455));
#10102=CARTESIAN_POINT('',(1.23567234502065,7.49648324702664,-2.35488771175962));
#10103=CARTESIAN_POINT('',(-6.58051675297339,7.49648324702664,-1.54505173173441));
#10104=CARTESIAN_POINT('',(-5.14900423274273,7.49648324702664,-9.27440316047799));
#10105=CARTESIAN_POINT('',(-6.58051675297339,-277.413823750138,-9.27440316047799));
#10106=CARTESIAN_POINT('',(-6.58051675297339,8.90023328790891,-1.50696929976328));
#10107=CARTESIAN_POINT('',(1.22949262144641,9.02344037943094,-2.37107765340959));
#10108=CARTESIAN_POINT('',(1.2296860269875,9.10900069148687,-2.36701389221861));
#10109=CARTESIAN_POINT('',(1.22992155072287,9.194540795076,-2.36256745634628));
#10110=CARTESIAN_POINT('',(1.23024373259838,9.28003870256736,-2.35732191147505));
#10111=CARTESIAN_POINT('',(-29.7435167529734,7.49648324702664,-10.86688390631));
#10112=CARTESIAN_POINT('',(-26.5010994265847,7.49648324702664,-2.07259452944996));
#10113=CARTESIAN_POINT('',(-26.5186303731327,7.49648324702664,0.125596839522011));
#10114=CARTESIAN_POINT('',(-28.6811374230459,7.49648324702664,-2.35520351943298));
#10115=CARTESIAN_POINT('',(-28.244445739931,7.49648324702664,-2.29848688510553));
#10116=CARTESIAN_POINT('',(0.34248324702661,7.49648324702664,-9.27440316047799));
#10117=CARTESIAN_POINT('',(-27.7435167529734,7.49648324702664,-9.27440316047799));
#10118=CARTESIAN_POINT('',(-27.7435167529734,7.49648324702664,-7.27440316047799));
#10119=CARTESIAN_POINT('',(-29.7435167529734,7.49648324702664,-7.27440316047799));
#10120=CARTESIAN_POINT('',(-29.7435167529734,7.49648324702664,-10.86688390631));
#10121=CARTESIAN_POINT('',(-29.7435167529734,7.49648324702664,-1.94640316047799));
#10122=CARTESIAN_POINT('',(-27.6715167529734,7.49648324702664,-1.94640316047799));
#10123=CARTESIAN_POINT('',(-27.6715167529734,7.49648324702664,0.125596839522012));
#10124=CARTESIAN_POINT('',(-29.7435167529734,7.49648324702664,0.125596839522011));
#10125=CARTESIAN_POINT('',(5.27548324702661,1.05748324702664,-6.40299999999999));
#10126=CARTESIAN_POINT('',(5.27548324702661,1.05748324702664,-4.55799999999999));
#10127=CARTESIAN_POINT('',(5.27548324702661,-0.390516752973358,-4.55799999999999));
#10128=CARTESIAN_POINT('',(5.27548324702661,-13.6905167529734,-4.55799999999999));
#10129=CARTESIAN_POINT('',(5.27548324702661,-13.6905167529734,-10.86688390631));
#10130=CARTESIAN_POINT('',(5.27548324702661,-13.6905167529734,-6.40299999999999));
#10131=CARTESIAN_POINT('',(5.27548324702661,1.05748324702664,-6.40299999999999));
#10132=CARTESIAN_POINT('',(5.27548324702661,-0.390516752973358,-6.40299999999999));
#10133=CARTESIAN_POINT('',(5.27548324702661,-0.390516752973358,-10.86688390631));
#10134=CARTESIAN_POINT('',(4.27548324702661,-9.54051675297335,-5.05799999999999));
#10135=CARTESIAN_POINT('',(4.27548324702661,-9.54051675297335,-4.55799999999999));
#10136=CARTESIAN_POINT('',(4.27548324702661,-9.54051675297335,-4.55799999999999));
#10137=CARTESIAN_POINT('',(4.27548324702661,-10.6905167529734,-4.55799999999999));
#10138=CARTESIAN_POINT('',(4.27548324702661,-9.54051675297335,-5.05799999999999));
#10139=CARTESIAN_POINT('',(4.27548324702661,-9.54051675297335,-5.05799999999999));
#10140=CARTESIAN_POINT('',(4.27548324702661,-9.54051675297335,-5.05799999999999));
#10141=CARTESIAN_POINT('',(4.27548324702661,-10.6905167529734,-5.05799999999999));
#10142=CARTESIAN_POINT('',(4.27548324702661,-10.6905167529734,-5.05799999999999));
#10143=CARTESIAN_POINT('',(-31.7185167529734,-10.6905167529734,-5.05799999999999));
#10144=CARTESIAN_POINT('',(-31.7185167529734,-10.6905167529734,-5.05799999999999));
#10145=CARTESIAN_POINT('',(-31.7185167529734,-10.6905167529734,-5.05799999999999));
#10146=CARTESIAN_POINT('',(-31.7185167529734,-9.54051675297335,-5.05799999999999));
#10147=CARTESIAN_POINT('',(-31.7185167529734,-9.54051675297335,-5.05799999999999));
#10148=CARTESIAN_POINT('',(-31.7185167529734,-9.54051675297335,-4.55799999999999));
#10149=CARTESIAN_POINT('',(-31.7185167529734,-10.6905167529734,-4.55799999999999));
#10150=CARTESIAN_POINT('',(-31.7185167529734,-10.6905167529734,-4.55799999999999));
#10151=CARTESIAN_POINT('',(-31.7185167529734,-10.6905167529734,-5.05799999999999));
#10152=CARTESIAN_POINT('',(-31.2310167529734,-9.54051675297335,-4.55799999999999));
#10153=CARTESIAN_POINT('',(-31.2310167529734,-9.54051675297335,-4.55799999999999));
#10154=CARTESIAN_POINT('',(-29.7435167529734,-9.54051675297335,-4.55799999999999));
#10155=CARTESIAN_POINT('',(-29.4435167529734,-9.54051675297335,-5.05799999999999));
#10156=CARTESIAN_POINT('',(-29.7435167529734,-9.54051675297335,-5.05799999999999));
#10157=CARTESIAN_POINT('',(-29.7435167529734,-9.54051675297335,-4.55799999999999));
#10158=CARTESIAN_POINT('',(-31.2310167529734,-10.6905167529734,-4.55799999999999));
#10159=CARTESIAN_POINT('',(-31.2310167529734,-10.6905167529734,-4.55799999999999));
#10160=CARTESIAN_POINT('',(-29.7435167529734,-10.6905167529734,-4.55799999999999));
#10161=CARTESIAN_POINT('',(-29.7435167529734,-10.6905167529734,-4.55799999999999));
#10162=CARTESIAN_POINT('',(-29.7435167529734,-10.6905167529734,-5.05799999999999));
#10163=CARTESIAN_POINT('',(-29.4435167529734,-10.6905167529734,-5.05799999999999));
#10164=CARTESIAN_POINT('',(-29.4435167529734,1.05748324702664,-4.55799999999999));
#10165=CARTESIAN_POINT('',(-29.4435167529734,-0.390516752973358,-4.55799999999999));
#10166=CARTESIAN_POINT('',(-32.7185167529734,-0.390516752973358,-4.55799999999999));
#10167=CARTESIAN_POINT('',(-29.7435167529734,-0.390516752973358,-4.55799999999999));
#10168=CARTESIAN_POINT('',(-32.7185167529734,1.05748324702664,-4.55799999999999));
#10169=CARTESIAN_POINT('',(-32.7185167529734,-13.6905167529734,-4.55799999999999));
#10170=CARTESIAN_POINT('',(-29.4435167529734,-13.6905167529734,-4.55799999999999));
#10171=CARTESIAN_POINT('',(-29.7435167529734,-13.6905167529734,-4.55799999999999));
#10172=CARTESIAN_POINT('',(-29.7435167529734,4.27698324702664,-4.55799999999999));
#10173=CARTESIAN_POINT('',(-29.7435167529734,4.27698324702664,-4.55799999999999));
#10174=CARTESIAN_POINT('',(3.78798324702661,-9.54051675297335,-4.55799999999999));
#10175=CARTESIAN_POINT('',(3.78798324702661,-9.54051675297335,-4.55799999999999));
#10176=CARTESIAN_POINT('',(2.30048324702661,-9.54051675297335,-4.55799999999999));
#10177=CARTESIAN_POINT('',(2.30048324702661,-9.54051675297335,-4.55799999999999));
#10178=CARTESIAN_POINT('',(2.30048324702661,-9.54051675297335,-5.05799999999999));
#10179=CARTESIAN_POINT('',(3.78798324702661,-9.54051675297335,-5.05799999999999));
#10180=CARTESIAN_POINT('',(3.78798324702661,-10.6905167529734,-4.55799999999999));
#10181=CARTESIAN_POINT('',(3.78798324702661,-10.6905167529734,-4.55799999999999));
#10182=CARTESIAN_POINT('',(2.30048324702661,-10.6905167529734,-4.55799999999999));
#10183=CARTESIAN_POINT('',(3.78798324702661,-10.6905167529734,-5.05799999999999));
#10184=CARTESIAN_POINT('',(2.30048324702661,-10.6905167529734,-5.05799999999999));
#10185=CARTESIAN_POINT('',(2.30048324702661,-10.6905167529734,-10.86688390631));
#10186=CARTESIAN_POINT('',(2.00048324702661,1.05748324702664,-5.05799999999999));
#10187=CARTESIAN_POINT('',(2.30048324702661,7.49648324702664,-5.05799999999999));
#10188=CARTESIAN_POINT('',(2.00048324702661,1.05748324702664,-4.55799999999999));
#10189=CARTESIAN_POINT('',(2.00048324702661,-13.6905167529734,-4.55799999999999));
#10190=CARTESIAN_POINT('',(2.30048324702661,-13.6905167529734,-4.55799999999999));
#10191=CARTESIAN_POINT('',(2.00048324702661,-0.390516752973358,-4.55799999999999));
#10192=CARTESIAN_POINT('',(2.30048324702661,-0.390516752973358,-4.55799999999999));
#10193=CARTESIAN_POINT('',(2.30048324702661,4.27698324702664,-4.55799999999999));
#10194=CARTESIAN_POINT('',(2.30048324702661,4.27698324702664,-4.55799999999999));
#10195=CARTESIAN_POINT('',(1.23037719100411,9.03260561159292,-2.37130153094684));
#10196=CARTESIAN_POINT('',(1.23302164100187,8.52071229027608,-2.36594599923868));
#10197=CARTESIAN_POINT('',(1.23559503435001,8.00881870404331,-2.36058070250019));
#10198=CARTESIAN_POINT('',(1.23809730050643,7.49692486713659,-2.35520616572455));
#10199=CARTESIAN_POINT('',(1.23811294843575,7.4937237374087,-2.35517255604182));
#10200=CARTESIAN_POINT('',(1.23812859636507,7.4905226076808,-2.3551389463591));
#10201=CARTESIAN_POINT('',(1.23814424429439,7.48732147795291,-2.35510533667638));
#10202=CARTESIAN_POINT('',(1.22962052322195,9.03260279055434,-2.37119754512392));
#10203=CARTESIAN_POINT('',(1.23226471704286,8.52070951977181,-2.36584387615245));
#10204=CARTESIAN_POINT('',(1.23483786109766,8.00881598409902,-2.36048044309662));
#10205=CARTESIAN_POINT('',(1.23733988485107,7.49692219777655,-2.35510777089875));
#10206=CARTESIAN_POINT('',(1.23735553126452,7.49372106836499,-2.35507417287617));
#10207=CARTESIAN_POINT('',(1.23737117767798,7.49051993895342,-2.35504057485359));
#10208=CARTESIAN_POINT('',(1.23738682409143,7.48731880954186,-2.35500697683101));
#10209=CARTESIAN_POINT('',(1.22793811775276,9.0325965181441,-2.37096633887818));
#10210=CARTESIAN_POINT('',(1.23058174197982,8.52070335972159,-2.3656168115901));
#10211=CARTESIAN_POINT('',(1.23315433174583,8.00880993646587,-2.36025752232098));
#10212=CARTESIAN_POINT('',(1.23565581653067,7.49691626261448,-2.35488899590005));
#10213=CARTESIAN_POINT('',(1.23567145957368,7.49371513390625,-2.35485542380309));
#10214=CARTESIAN_POINT('',(1.2356871026167,7.49051400519802,-2.35482185170614));
#10215=CARTESIAN_POINT('',(1.23570274565971,7.4873128764898,-2.35478827960919));
#10216=CARTESIAN_POINT('',(1.2294926214469,9.02344037943067,-2.37107765340455));
#10217=CARTESIAN_POINT('',(1.2323825721995,8.51445473353029,-2.3657906457493));
#10218=CARTESIAN_POINT('',(1.23525305274987,8.00546902520941,-2.36049900603616));
#10219=CARTESIAN_POINT('',(1.23810409696356,7.49648326247935,-2.35520213147221));
#10220=CARTESIAN_POINT('',(1.23810391709917,7.49648324702664,-2.35520351943297));
#10221=CARTESIAN_POINT('',(0.801412233984235,7.49648324702664,-2.29848688510552));
#10222=CARTESIAN_POINT('',(-28.6734106969509,9.0326056115858,-2.37130153094677));
#10223=CARTESIAN_POINT('',(-28.6760551469487,8.52071229027134,-2.36594599923864));
#10224=CARTESIAN_POINT('',(-28.6786285402968,8.00881870404093,-2.36058070250017));
#10225=CARTESIAN_POINT('',(-28.6811308064532,7.49692486713659,-2.35520616572455));
#10226=CARTESIAN_POINT('',(-28.6811464543825,7.49372373740871,-2.35517255604183));
#10227=CARTESIAN_POINT('',(-28.6811621023118,7.49052260768083,-2.3551389463591));
#10228=CARTESIAN_POINT('',(-28.6811777502412,7.48732147795295,-2.35510533667638));
#10229=CARTESIAN_POINT('',(-28.6726540291688,9.03260279054721,-2.37119754512385));
#10230=CARTESIAN_POINT('',(-28.6752982229897,8.52070951976706,-2.36584387615241));
#10231=CARTESIAN_POINT('',(-28.6778713670444,8.00881598409664,-2.3604804430966));
#10232=CARTESIAN_POINT('',(-28.6803733907978,7.49692219777655,-2.35510777089875));
#10233=CARTESIAN_POINT('',(-28.6803890372113,7.493721068365,-2.35507417287617));
#10234=CARTESIAN_POINT('',(-28.6804046836248,7.49051993895345,-2.35504057485359));
#10235=CARTESIAN_POINT('',(-28.6804203300382,7.4873188095419,-2.35500697683101));
#10236=CARTESIAN_POINT('',(-28.6709716236996,9.03259651813697,-2.37096633887811));
#10237=CARTESIAN_POINT('',(-28.6736152479266,8.52070335971684,-2.36561681159006));
#10238=CARTESIAN_POINT('',(-28.6761878376926,8.00880993646349,-2.36025752232095));
#10239=CARTESIAN_POINT('',(-28.6786893224774,7.49691626261448,-2.35488899590005));
#10240=CARTESIAN_POINT('',(-28.6787049655205,7.49371513390627,-2.3548554238031));
#10241=CARTESIAN_POINT('',(-28.6787206085635,7.49051400519805,-2.35482185170615));
#10242=CARTESIAN_POINT('',(-28.6787362516065,7.48731287648984,-2.3547882796092));
#10243=CARTESIAN_POINT('',(-28.6811376029103,7.49648326247982,-2.35520213147222));
#10244=CARTESIAN_POINT('',(-28.6782865586968,8.00546902517747,-2.36049900603582));
#10245=CARTESIAN_POINT('',(-28.6754160781463,8.5144547335231,-2.36579064574923));
#10246=CARTESIAN_POINT('',(-28.6725261273937,9.02344037942359,-2.37107765340448));
#10247=CARTESIAN_POINT('',(-13.767777317284,10.3445578992566,-4.43785647177499));
#10248=CARTESIAN_POINT('',(-13.5945673888174,11.9946596765066,-7.25195356070099));
#10249=CARTESIAN_POINT('',(-6.58051675297339,11.9158774744466,-7.25409084851099));
#10250=CARTESIAN_POINT('',(-13.767777317284,8.77409351638664,-1.76277785196799));
#10251=CARTESIAN_POINT('',(-0.57007199782139,8.66209570291664,-1.82852865858599));
#10252=CARTESIAN_POINT('',(-6.58051675297339,8.42831303613664,-1.31348553081099));
#10253=CARTESIAN_POINT('',(-30.0575167529734,-0.390516752973358,-10.86688390631));
#10254=CARTESIAN_POINT('',(2.00048324702661,-0.390516752973358,-6.40299999999999));
#10255=CARTESIAN_POINT('',(2.30048324702661,-0.390516752973358,-6.40299999999999));
#10256=CARTESIAN_POINT('',(2.30048324702661,-0.390516752973358,-10.86688390631));
#10257=CARTESIAN_POINT('',(-13.7598167529734,9.47171886415664,-1.35322138019299));
#10258=CARTESIAN_POINT('',(-6.58051675297339,9.59323562243664,-1.28188226537799));
#10259=CARTESIAN_POINT('',(-12.6865167529734,23.2538332944666,6.73787533492001));
#10260=CARTESIAN_POINT('',(-13.7285167529734,-13.759297185595,-7.95063443808299));
#10261=CARTESIAN_POINT('',(-6.58051675297339,7.49648324702664,-7.37398490024299));
#10262=CARTESIAN_POINT('',(-12.6865167529734,41.4984871264266,-6.45154218472499));
#10263=CARTESIAN_POINT('',(-6.58051675297339,7.33287376875664,-1.34320377847899));
#10264=CARTESIAN_POINT('',(2.00048324702661,-7.53651675297336,-6.40299999999999));
#10265=CARTESIAN_POINT('',(2.00048324702661,-13.6905167529734,-6.40299999999999));
#10266=CARTESIAN_POINT('',(2.30048324702661,-13.6905167529734,-6.40299999999999));
#10267=CARTESIAN_POINT('',(2.30048324702661,1.05748324702664,-6.40299999999999));
#10268=CARTESIAN_POINT('',(2.30048324702661,7.49648324702664,-10.86688390631));
#10269=CARTESIAN_POINT('',(2.30048324702661,-13.6905167529734,-10.86688390631));
#10270=CARTESIAN_POINT('',(2.30048324702661,-13.6905167529734,-1.94640316047799));
#10271=CARTESIAN_POINT('',(2.30048324702661,-13.6905167529734,-10.86688390631));
#10272=CARTESIAN_POINT('',(2.30048324702661,-13.6905167529734,-7.27440316047799));
#10273=CARTESIAN_POINT('',(2.30048324702661,7.49648324702664,-7.27440316047799));
#10274=CARTESIAN_POINT('',(2.30048324702661,7.49648324702664,-7.27440316047799));
#10275=CARTESIAN_POINT('',(2.30048324702661,7.49648324702664,-10.86688390631));
#10276=CARTESIAN_POINT('',(2.30048324702661,7.49648324702664,-1.94640316047799));
#10277=CARTESIAN_POINT('',(2.30048324702661,7.49648324702664,-1.94640316047799));
#10278=CARTESIAN_POINT('',(-30.0575167529734,-13.6905167529734,-10.86688390631));
#10279=CARTESIAN_POINT('',(-30.0575167529734,-13.6905167529734,-9.27440316047799));
#10280=CARTESIAN_POINT('',(-27.7435167529734,-13.6905167529734,-9.27440316047799));
#10281=CARTESIAN_POINT('',(0.300483247026612,-13.6905167529734,-9.27440316047799));
#10282=CARTESIAN_POINT('',(0.300483247026612,-13.6905167529734,-7.27440316047799));
#10283=CARTESIAN_POINT('',(0.228483247026611,-13.6905167529734,-1.94640316047799));
#10284=CARTESIAN_POINT('',(0.22848324702661,-13.6905167529734,0.125596839522011));
#10285=CARTESIAN_POINT('',(-29.7435167529734,-13.6905167529734,0.125596839522011));
#10286=CARTESIAN_POINT('',(-27.6715167529734,-13.6905167529734,0.125596839522011));
#10287=CARTESIAN_POINT('',(-27.6715167529734,-13.6905167529734,-1.94640316047799));
#10288=CARTESIAN_POINT('',(-29.7435167529734,-13.6905167529734,-1.94640316047799));
#10289=CARTESIAN_POINT('',(-29.7435167529734,-13.6905167529734,-10.86688390631));
#10290=CARTESIAN_POINT('',(-32.7185167529734,-13.6905167529734,-10.86688390631));
#10291=CARTESIAN_POINT('',(-32.7185167529734,-13.6905167529734,-6.40299999999999));
#10292=CARTESIAN_POINT('',(-29.4435167529734,-13.6905167529734,-6.40299999999999));
#10293=CARTESIAN_POINT('',(-29.7435167529734,-13.6905167529734,-6.40299999999999));
#10294=CARTESIAN_POINT('',(-29.7435167529734,-13.6905167529734,-10.86688390631));
#10295=CARTESIAN_POINT('',(-29.7435167529734,-13.6905167529734,-7.27440316047799));
#10296=CARTESIAN_POINT('',(-27.7435167529734,-13.6905167529734,-7.27440316047799));
#10297=CARTESIAN_POINT('',(0.163483247026612,-13.6905167529734,-7.41157091296782));
#10298=CARTESIAN_POINT('',(0.16348324702661,-13.6905167529734,-8.74906289701312));
#10299=CARTESIAN_POINT('',(1.50048324702661,-13.6905167529734,-7.41157091296782));
#10300=CARTESIAN_POINT('',(-30.0575167529734,-13.6905167529734,-8.7490628293783));
#10301=CARTESIAN_POINT('',(-27.6065167529734,-13.6905167529734,-8.74906289701312));
#10302=CARTESIAN_POINT('',(-27.6065167529734,-13.6905167529734,-7.41157091296782));
#10303=CARTESIAN_POINT('',(-28.9435167529734,-13.6905167529734,-7.41157091296782));
#10304=CARTESIAN_POINT('',(-28.9435167529734,-13.6905167529734,-10.86688390631));
#10305=CARTESIAN_POINT('',(-28.9435167529734,-13.6905167529734,-2.07199999999999));
#10306=CARTESIAN_POINT('',(-27.6715167529734,-13.6905167529734,-2.07199999999999));
#10307=CARTESIAN_POINT('',(-27.6715167529734,-13.6905167529734,-0.799999999999989));
#10308=CARTESIAN_POINT('',(-29.7435167529734,-13.6905167529734,-0.799999999999989));
#10309=CARTESIAN_POINT('',(0.22848324702661,-13.6905167529734,-0.799999999999989));
#10310=CARTESIAN_POINT('',(0.228483247026611,-13.6905167529734,-2.07199999999999));
#10311=CARTESIAN_POINT('',(1.50048324702661,-13.6905167529734,-2.07199999999999));
#10312=CARTESIAN_POINT('',(1.50048324702661,-13.6905167529734,-10.86688390631));
#10313=CARTESIAN_POINT('',(0.228483247026611,7.49648324702664,-1.94640316047799));
#10314=CARTESIAN_POINT('',(0.228483247026611,7.49648324702664,-1.94640316047799));
#10315=CARTESIAN_POINT('',(0.228483247026611,7.49648324702664,0.125596839522012));
#10316=CARTESIAN_POINT('',(0.228483247026611,7.49648324702664,0.125596839522012));
#10317=CARTESIAN_POINT('',(-0.992759277385461,19.8578413799495,-2.07120634981795));
#10318=CARTESIAN_POINT('',(-0.94194399613386,7.4964832470266,0.125596839522011));
#10319=CARTESIAN_POINT('',(-0.942747278057121,7.72132443649883,0.125596839522011));
#10320=CARTESIAN_POINT('',(-0.943550559980384,7.94616562597105,0.125596839522011));
#10321=CARTESIAN_POINT('',(-0.944353841903646,8.17100681544327,0.125596839522011));
#10322=CARTESIAN_POINT('',(-0.941944529726909,7.49648324702664,0.125666751429839));
#10323=CARTESIAN_POINT('',(-0.924403132814149,7.49648324702664,0.125596839522011));
#10324=CARTESIAN_POINT('',(-0.930250265118402,7.49648324702664,0.125596839522011));
#10325=CARTESIAN_POINT('',(-0.936097397422655,7.49648324702664,0.125596839522011));
#10326=CARTESIAN_POINT('',(-0.941944529726908,7.49648324702664,0.125596839522011));
#10327=CARTESIAN_POINT('',(-0.924403132814149,7.49648324702664,0.125596839522011));
#10328=CARTESIAN_POINT('',(-0.941934079362089,7.49648324702664,-2.07259452944996));
#10329=CARTESIAN_POINT('',(-29.7435167529734,7.49648324702664,0.125596839522011));
#10330=CARTESIAN_POINT('',(-12.6865167529733,3.6531429620582,0.125596839522011));
#10331=CARTESIAN_POINT('',(-12.6865167529733,3.6531429620582,0.125596839522013));
#10332=CARTESIAN_POINT('',(-14.7565167529733,3.65314296205704,0.125596839522014));
#10333=CARTESIAN_POINT('',(-14.7565167529733,7.49648324702682,0.125596839522011));
#10334=CARTESIAN_POINT('',(-14.7565167529733,8.30501038250879,0.125596839522011));
#10335=CARTESIAN_POINT('',(2.28903769268531,8.49951626279277,0.125596839522011));
#10336=CARTESIAN_POINT('',(-26.4987013794395,8.17100689302508,0.125627427228822));
#10337=CARTESIAN_POINT('',(-26.5010895098129,7.4964832470266,0.125596839522011));
#10338=CARTESIAN_POINT('',(-26.5002862278897,7.72132443649882,0.125596839522011));
#10339=CARTESIAN_POINT('',(-26.4994829459664,7.94616562597105,0.125596839522011));
#10340=CARTESIAN_POINT('',(-26.4986796640431,8.17100681544327,0.125596839522011));
#10341=CARTESIAN_POINT('',(-26.5010889762199,7.49648324702664,0.125666751429839));
#10342=CARTESIAN_POINT('',(-26.5010889762199,7.49648324702664,0.125596839522011));
#10343=CARTESIAN_POINT('',(-26.5069361085241,7.49648324702664,0.125596839522011));
#10344=CARTESIAN_POINT('',(-26.5127832408284,7.49648324702664,0.125596839522011));
#10345=CARTESIAN_POINT('',(-26.5186303731327,7.49648324702664,0.125596839522011));
#10346=CARTESIAN_POINT('',(-27.6715167529734,7.49648324702664,0.125596839522012));
#10347=CARTESIAN_POINT('',(-29.7435167529734,7.49648324702664,0.125596839522011));
#10348=CARTESIAN_POINT('',(-12.6865167529733,7.49648324702684,0.125596839522011));
#10349=CARTESIAN_POINT('',(-29.7435167529734,7.49648324702664,-10.86688390631));
#10350=CARTESIAN_POINT('',(0.300483247026612,7.49648324702664,-7.27440316047799));
#10351=CARTESIAN_POINT('',(0.300483247026612,7.49648324702664,-9.27440316047799));
#10352=CARTESIAN_POINT('',(0.34248324702661,7.49648324702664,-9.27440316047799));
#10353=CARTESIAN_POINT('',(-0.992758800922161,19.8577254952141,-2.07120636283151));
#10354=CARTESIAN_POINT('',(-0.943517152788255,7.88184244961403,-2.07245770264797));
#10355=CARTESIAN_POINT('',(0.24663025444278,7.60191321958701,-1.61876817683693));
#10356=CARTESIAN_POINT('',(0.245217036476335,8.54403524380334,-1.62549729712526));
#10357=CARTESIAN_POINT('',(0.245711612345473,8.22999428713605,-1.6232972313472));
#10358=CARTESIAN_POINT('',(0.24618289272744,7.915953614375,-1.62105396085884));
#10359=CARTESIAN_POINT('',(0.24663025444278,7.60191321958702,-1.61876817683693));
#10360=CARTESIAN_POINT('',(0.245217036476301,8.54403524380334,-1.62549729712546));
#10361=CARTESIAN_POINT('',(-0.947374331704424,8.81998003879966,-2.07235236084118));
#10362=CARTESIAN_POINT('',(0.313206046665852,8.90662359068922,-2.24444015348121));
#10363=CARTESIAN_POINT('',(0.313206046638813,8.90662359664477,-2.24444015351725));
#10364=CARTESIAN_POINT('',(0.316550746758858,8.16991061655919,-2.23998147140408));
#10365=CARTESIAN_POINT('',(0.319765518865797,7.43319715418795,-2.23550501184094));
#10366=CARTESIAN_POINT('',(0.32285018119517,6.69648324702664,-2.23101215694735));
#10367=CARTESIAN_POINT('',(0.32285018119517,6.69648324702664,-2.23101215694735));
#10368=CARTESIAN_POINT('',(-0.938645333618866,6.69648324702664,-2.07268435437998));
#10369=CARTESIAN_POINT('',(-0.924354696467785,6.69648324702664,-0.799999999999989));
#10370=CARTESIAN_POINT('',(-0.924354696467785,6.69648324702664,-0.799999999999989));
#10371=CARTESIAN_POINT('',(-0.929208504539317,6.69648324702664,-0.799999999999989));
#10372=CARTESIAN_POINT('',(-0.93406231261085,6.69648324702664,-0.799999999999989));
#10373=CARTESIAN_POINT('',(-0.938916120682382,6.69648324702664,-0.799999999999989));
#10374=CARTESIAN_POINT('',(-0.938916120682381,6.69648324702664,-0.799919793067671));
#10375=CARTESIAN_POINT('',(-0.939085863123384,6.69648264059401,-0.799999999999989));
#10376=CARTESIAN_POINT('',(-0.939607832296907,6.84258348818462,-0.799999999999989));
#10377=CARTESIAN_POINT('',(-0.940129801470429,6.98868433577523,-0.799999999999989));
#10378=CARTESIAN_POINT('',(-0.940651770643952,7.13478518336584,-0.799999999999989));
#10379=CARTESIAN_POINT('',(-13.7756493215467,9.65469352569514,-4.84285669108293));
#10380=CARTESIAN_POINT('',(-13.8027290899333,7.28155361992633,-0.799999999999989));
#10381=CARTESIAN_POINT('',(-13.4865167529734,7.27794533841497,-0.799999999999989));
#10382=CARTESIAN_POINT('',(-13.4865167529734,9.65223990101566,-4.84429714600621));
#10383=CARTESIAN_POINT('',(-13.4865167529734,11.5427363764081,-8.06450815958402));
#10384=CARTESIAN_POINT('',(-13.4443629430829,11.5422629024997,-8.06452100449043));
#10385=CARTESIAN_POINT('',(-6.58051675297339,7.51513833262748,-1.3382591105166));
#10386=CARTESIAN_POINT('',(1.50048324702661,7.49648324702664,-10.86688390631));
#10387=CARTESIAN_POINT('',(1.50048324702661,7.49648324702664,-2.07199999999999));
#10388=CARTESIAN_POINT('',(1.50048324702661,6.69648324702664,-2.07199999999999));
#10389=CARTESIAN_POINT('',(1.50048324702661,6.69648324702664,-10.86688390631));
#10390=CARTESIAN_POINT('',(1.50048324702661,6.69648324702664,-6.85849057958639));
#10391=CARTESIAN_POINT('',(1.50048324702661,7.38723088629898,-6.83975123909436));
#10392=CARTESIAN_POINT('',(-13.4865167529734,99.0870500613266,-90.86688390631));
#10393=CARTESIAN_POINT('',(-13.4865167529734,7.49648324702664,-0.799999999999989));
#10394=CARTESIAN_POINT('',(-13.4865167529734,7.28330848245496,-0.799999999999989));
#10395=CARTESIAN_POINT('',(-13.4865167529734,9.65622839530755,-4.84195561174986));
#10396=CARTESIAN_POINT('',(-13.4865167529734,11.5480154422277,-8.06436494344219));
#10397=CARTESIAN_POINT('',(-13.4865167529734,-13.7376019124951,-8.75034020592834));
#10398=CARTESIAN_POINT('',(-13.7285167529734,-13.7376019124951,-8.75034020592834));
#10399=CARTESIAN_POINT('',(-19.5495525493489,9.54992312852052,-8.11857132804964));
#10400=CARTESIAN_POINT('',(-19.5495525493489,11.4799150910883,-8.06621244257946));
#10401=CARTESIAN_POINT('',(-13.9986705628638,11.5422629024997,-8.06452100449043));
#10402=CARTESIAN_POINT('',(-20.8625167529734,11.4651678050251,-8.06661252272329));
#10403=CARTESIAN_POINT('',(-20.8625167529734,-13.7376019124951,-8.75034020592834));
#10404=CARTESIAN_POINT('',(-6.58051675297339,7.33287376875664,-1.34320377847899));
#10405=CARTESIAN_POINT('',(-6.58051675297339,8.43858625155361,-1.31320682803953));
#10406=CARTESIAN_POINT('',(-13.7676887572361,10.3523188734651,-4.43330021930793));
#10407=CARTESIAN_POINT('',(-6.58051675297339,8.43858625155345,-1.31320682803926));
#10408=CARTESIAN_POINT('',(-6.58051675297339,6.28609333613664,-1.37160195725199));
#10409=CARTESIAN_POINT('',(-7.89348095659788,9.54992312852052,-8.11857132804964));
#10410=CARTESIAN_POINT('',(-6.58051675297339,6.69648324702664,-1.3604684609685));
#10411=CARTESIAN_POINT('',(0.163483247026612,7.38723088629898,-6.83975123909436));
#10412=CARTESIAN_POINT('',(0.163483247026612,6.69648324702664,-6.85849057958639));
#10413=CARTESIAN_POINT('',(0.16348324702661,6.69648324702664,-8.1959825636317));
#10414=CARTESIAN_POINT('',(0.163483247026612,7.42348911146713,-8.1762595036059));
#10415=CARTESIAN_POINT('',(0.228483247026611,7.49648324702664,-2.07199999999999));
#10416=CARTESIAN_POINT('',(0.228483247026611,7.49648324702664,-0.799999999999989));
#10417=CARTESIAN_POINT('',(0.228483247026611,6.69648324702664,-0.799999999999989));
#10418=CARTESIAN_POINT('',(0.228483247026611,6.69648324702664,-2.07199999999999));
#10419=CARTESIAN_POINT('',(-29.7435167529734,6.69648324702664,-10.86688390631));
#10420=CARTESIAN_POINT('',(-29.7435167529734,6.69648324702664,-8.19598249599688));
#10421=CARTESIAN_POINT('',(-29.7435167529734,6.69648324702664,-0.799999999999989));
#10422=CARTESIAN_POINT('',(-13.7285167529734,-13.7376019124951,-8.75034020592834));
#10423=CARTESIAN_POINT('',(-13.9986705628638,11.5422629024997,-8.06452100449043));
#10424=CARTESIAN_POINT('',(-19.5495525493489,9.54992312852052,-8.11857132804964));
#10425=CARTESIAN_POINT('',(2.30048324702662,6.69648324702664,-8.19598249599688));
#10426=CARTESIAN_POINT('',(-27.6065167529734,6.69648324702664,-8.1959825636317));
#10427=CARTESIAN_POINT('',(-27.6065167529734,7.42348911146713,-8.1762595036059));
#10428=CARTESIAN_POINT('',(-29.7435167529734,7.49648324702664,-0.799999999999989));
#10429=CARTESIAN_POINT('',(-13.6403044160135,7.28155361992633,-0.799999999999989));
#10430=CARTESIAN_POINT('',(-27.6715167529734,7.49648324702664,-0.799999999999989));
#10431=CARTESIAN_POINT('',(-27.6715167529734,6.69648324702664,-0.799999999999989));
#10432=CARTESIAN_POINT('',(2.30048324702662,6.69648324702664,-0.799999999999989));
#10433=CARTESIAN_POINT('',(-26.518678809479,6.69648324702664,-0.799999999999989));
#10434=CARTESIAN_POINT('',(-26.518678809479,6.69648324702664,-0.799999999999989));
#10435=CARTESIAN_POINT('',(-26.5138250014075,6.69648324702664,-0.799999999999989));
#10436=CARTESIAN_POINT('',(-26.5089711933359,6.69648324702664,-0.799999999999989));
#10437=CARTESIAN_POINT('',(-26.5041173852644,6.69648324702664,-0.799999999999989));
#10438=CARTESIAN_POINT('',(-26.5041173852644,6.69648324702664,-0.799919793067671));
#10439=CARTESIAN_POINT('',(-26.5039476428234,6.69648264059401,-0.799999999999989));
#10440=CARTESIAN_POINT('',(-26.5034256736499,6.84258348818462,-0.799999999999989));
#10441=CARTESIAN_POINT('',(-26.5029037044763,6.98868433577523,-0.799999999999989));
#10442=CARTESIAN_POINT('',(-26.5023817353028,7.13478518336584,-0.799999999999989));
#10443=CARTESIAN_POINT('',(0.34248324702661,-13.6905167529734,-9.27440316047799));
#10444=CARTESIAN_POINT('',(-7.36419881341413E-12,9.17162196659634,-9.27440316047799));
#10445=CARTESIAN_POINT('',(-12.6865167529736,9.17162196658925,-9.27440316047799));
#10446=CARTESIAN_POINT('',(-14.7565167529736,9.17162196658809,-9.27440316047799));
#10447=CARTESIAN_POINT('',(-12.6865167529733,-13.6905167529735,-9.27440316047799));
#10448=CARTESIAN_POINT('',(0.300483247026612,-13.6905167529734,-9.27440316047799));
#10449=CARTESIAN_POINT('',(-27.7435167529734,-13.6905167529734,-9.27440316047799));
#10450=CARTESIAN_POINT('',(-14.7565167529736,15.3353981759124,-9.27440316047799));
#10451=CARTESIAN_POINT('',(-11.7745167529734,3.40091006472664,-9.27440316047799));
#10452=CARTESIAN_POINT('',(-11.7745167529734,5.06995027126102,-9.27440316047799));
#10453=CARTESIAN_POINT('',(-11.7745167529734,1.16848324702664,-9.27440316047799));
#10454=CARTESIAN_POINT('',(-11.7745167529734,1.16848324702664,-9.27440316047799));
#10455=CARTESIAN_POINT('',(-9.69451675297339,1.16848324702664,-9.27440316047799));
#10456=CARTESIAN_POINT('',(-9.69451675297339,3.40091006472664,-9.27440316047799));
#10457=CARTESIAN_POINT('',(-9.69451675297339,5.06995027126102,-9.27440316047799));
#10458=CARTESIAN_POINT('',(-11.7745167529734,5.06995027126102,-9.27440316047799));
#10459=CARTESIAN_POINT('',(-15.6685167529734,3.40091006472664,-9.27440316047799));
#10460=CARTESIAN_POINT('',(-15.6685167529734,1.16848324702664,-9.27440316047799));
#10461=CARTESIAN_POINT('',(-15.6685167529734,5.06995027126102,-9.27440316047799));
#10462=CARTESIAN_POINT('',(-15.6685167529734,5.06995027126102,-9.27440316047799));
#10463=CARTESIAN_POINT('',(-17.7485167529734,5.06995027126102,-9.27440316047799));
#10464=CARTESIAN_POINT('',(-17.7485167529734,3.40091006472664,-9.27440316047799));
#10465=CARTESIAN_POINT('',(-17.7485167529734,1.16848324702664,-9.27440316047799));
#10466=CARTESIAN_POINT('',(-15.6685167529734,1.16848324702664,-9.27440316047799));
#10467=CARTESIAN_POINT('',(-11.7745167529734,5.90548324702664,-9.14278192081799));
#10468=CARTESIAN_POINT('',(-9.69451675297339,5.90548324702664,-9.14278192081799));
#10469=CARTESIAN_POINT('',(-9.69451675297339,1.16848324702664,-9.88899999999999));
#10470=CARTESIAN_POINT('',(-11.7745167529734,1.16848324702664,-9.88899999999999));
#10471=CARTESIAN_POINT('',(-11.7745167529734,1.16848324702664,-9.88899999999999));
#10472=CARTESIAN_POINT('',(-11.7745167529734,5.90548324702664,-9.14278192081799));
#10473=CARTESIAN_POINT('',(-11.7745167529734,3.40091006472664,-9.22563221574799));
#10474=CARTESIAN_POINT('',(-11.7745167529734,1.16848324702664,-9.88899999999999));
#10475=CARTESIAN_POINT('',(-9.69451675297339,3.40091006472664,-9.22563221574799));
#10476=CARTESIAN_POINT('',(-9.69451675297339,1.16848324702664,-9.88899999999999));
#10477=CARTESIAN_POINT('',(-11.7745167529734,1.16848324702664,-9.88899999999999));
#10478=CARTESIAN_POINT('',(0.300483247026612,7.49648324702664,-7.27440316047799));
#10479=CARTESIAN_POINT('',(1.23806780284578,9.24485491484303,-2.28397511410199));
#10480=CARTESIAN_POINT('',(1.2631016706936,9.69333598021423,-2.02271788385074));
#10481=CARTESIAN_POINT('',(0.745495787450707,9.67466373498167,-1.98085145595446));
#10482=CARTESIAN_POINT('',(1.04540372647751,10.2874933497955,-4.17272280985067));
#10483=CARTESIAN_POINT('',(1.12561410660459,10.8630361561768,-4.01247526677997));
#10484=CARTESIAN_POINT('',(0.565090814947871,10.7139954070113,-3.74770912669243));
#10485=CARTESIAN_POINT('',(-0.814056425288986,12.3015144373806,-7.79232097077677));
#10486=CARTESIAN_POINT('',(-0.869843353891609,13.140172423463,-7.8524903106364));
#10487=CARTESIAN_POINT('',(-1.17605296167232,12.7216786660888,-7.13368966997516));
#10488=CARTESIAN_POINT('',(-4.65452761844732,13.1470586524189,-9.25264803933113));
#10489=CARTESIAN_POINT('',(-4.53546344469637,13.9892157368773,-9.22747464400225));
#10490=CARTESIAN_POINT('',(-4.7721571916634,13.5646643402067,-8.49970679735945));
#10491=CARTESIAN_POINT('',(-6.58051675297336,13.1673149846138,-9.25209850389368));
#10492=CARTESIAN_POINT('',(-6.57100622171143,14.0134234521126,-9.22914436874476));
#10493=CARTESIAN_POINT('',(-6.57559675030918,13.5849206724024,-8.49915726192287));
#10494=CARTESIAN_POINT('',(-29.4435167529734,1.05748324702664,-5.05799999999999));
#10495=CARTESIAN_POINT('',(-29.7435167529734,7.49648324702664,-5.05799999999999));
#10496=CARTESIAN_POINT('',(-13.6752561886627,10.3445578992566,-4.43785647177499));
#10497=CARTESIAN_POINT('',(-13.8484661171294,11.9946596765066,-7.25195356070099));
#10498=CARTESIAN_POINT('',(-20.8625167529734,11.9158774744466,-7.25409084851099));
#10499=CARTESIAN_POINT('',(-20.8625167529734,8.42831303613664,-1.31348553081099));
#10500=CARTESIAN_POINT('',(-26.8729615081254,8.66209570291664,-1.82852865858599));
#10501=CARTESIAN_POINT('',(-13.6752561886627,8.77409351638664,-1.76277785196799));
#10502=CARTESIAN_POINT('',(-32.7185167529734,1.05748324702664,-6.40299999999999));
#10503=CARTESIAN_POINT('',(-32.7185167529734,1.05748324702664,-6.40299999999999));
#10504=CARTESIAN_POINT('',(-32.7185167529734,-0.390516752973358,-6.40299999999999));
#10505=CARTESIAN_POINT('',(-32.7185167529734,-0.390516752973358,-10.86688390631));
#10506=CARTESIAN_POINT('',(-30.0575167529734,-0.390516752973358,-10.86688390631));
#10507=CARTESIAN_POINT('',(-29.7435167529734,-0.390516752973358,-10.86688390631));
#10508=CARTESIAN_POINT('',(-29.7435167529734,-0.390516752973358,-6.40299999999999));
#10509=CARTESIAN_POINT('',(-29.4435167529734,-0.390516752973358,-6.40299999999999));
#10510=CARTESIAN_POINT('',(-13.6832167529734,9.47171886415664,-1.35322138019299));
#10511=CARTESIAN_POINT('',(-13.6832167529734,9.47171886415664,-1.35322138019299));
#10512=CARTESIAN_POINT('',(-26.8940993285964,9.35960922640664,-1.41903783574099));
#10513=CARTESIAN_POINT('',(-14.7565167529734,9.46261067069664,-1.35856854767698));
#10514=CARTESIAN_POINT('',(-14.7565167529734,23.2538332944666,6.73787533492001));
#10515=CARTESIAN_POINT('',(-20.8625167529734,9.59323562243664,-1.28188226537799));
#10516=CARTESIAN_POINT('',(-13.7145167529734,-13.759297185595,-7.95063443808299));
#10517=CARTESIAN_POINT('',(-20.8625167529734,7.49648324702664,-7.37398490024299));
#10518=CARTESIAN_POINT('',(-20.8625167529734,12.8393253933666,-7.22903856603399));
#10519=CARTESIAN_POINT('',(-14.7565167529734,41.4984871264266,-6.45154218472499));
#10520=CARTESIAN_POINT('',(-14.7565167529735,12.9079083207821,-7.22717797505952));
#10521=CARTESIAN_POINT('',(-13.8588446583854,12.9179910230766,-7.22690444072399));
#10522=CARTESIAN_POINT('',(-20.8625167529734,7.33287376875664,-1.34320377847899));
#10523=CARTESIAN_POINT('',(-20.8625167529734,9.35176095505664,-1.28843324833399));
#10524=CARTESIAN_POINT('',(-29.4435167529734,-7.53651675297336,-6.40299999999999));
#10525=CARTESIAN_POINT('',(-29.7435167529734,1.05748324702664,-6.40299999999999));
#10526=CARTESIAN_POINT('',(-29.7435167529734,7.49648324702664,-10.86688390631));
#10527=CARTESIAN_POINT('',(-29.7435167529734,7.49648324702664,-1.94640316047799));
#10528=CARTESIAN_POINT('',(-29.7435167529734,7.49648324702664,-7.27440316047799));
#10529=CARTESIAN_POINT('',(-13.6832167529734,11.0421832470266,-4.02829999999999));
#10530=CARTESIAN_POINT('',(-14.7565167529735,11.0330750535724,-4.03364716748365));
#10531=CARTESIAN_POINT('',(-14.7565167529736,13.653558861578,-8.49729517174139));
#10532=CARTESIAN_POINT('',(-13.7113180549271,13.6652985907721,-8.49697668381484));
#10533=CARTESIAN_POINT('',(-20.8674367556376,13.5849206724023,-8.49915726192287));
#10534=CARTESIAN_POINT('',(-20.8674367556376,9.33139852138484,-1.25384416269582));
#10535=CARTESIAN_POINT('',(-28.1817919302341,9.71184283791157,-2.04405019210455));
#10536=CARTESIAN_POINT('',(-26.4991497288969,9.59901475949778,-1.81915688618926));
#10537=CARTESIAN_POINT('',(-26.5035358861056,8.60216921201611,-0.121247432021987));
#10538=CARTESIAN_POINT('',(-13.657046829503,8.74877774843189,-0.121278023410524));
#10539=CARTESIAN_POINT('',(-14.7565167529734,8.73623175786338,-0.121278023410524));
#10540=CARTESIAN_POINT('',(-14.7565167529735,11.0330750535724,-4.03364716748365));
#10541=CARTESIAN_POINT('',(-27.6715167529734,7.49648324702664,-1.94640316047799));
#10542=CARTESIAN_POINT('',(-26.4502742285613,19.8578413799495,-2.07120634981795));
#10543=CARTESIAN_POINT('',(-26.4987012749009,8.17099282514015,0.125658014926061));
#10544=CARTESIAN_POINT('',(-27.1603705184639,8.16582994012035,0.125544869451776));
#10545=CARTESIAN_POINT('',(-28.4169978195194,8.44494201200711,-0.511653548681735));
#10546=CARTESIAN_POINT('',(-28.7515088479878,9.0119657315989,-1.76762906827052));
#10547=CARTESIAN_POINT('',(-28.6732772385485,9.28003870255585,-2.35732191144963));
#10548=CARTESIAN_POINT('',(-26.4502747050246,19.8577254952141,-2.07120636283151));
#10549=CARTESIAN_POINT('',(-26.4995163531585,7.88184244961403,-2.07245770264797));
#10550=CARTESIAN_POINT('',(-27.6896637603896,7.60191321958701,-1.61876817683693));
#10551=CARTESIAN_POINT('',(-26.5043881723279,6.69648324702664,-2.07268435437998));
#10552=CARTESIAN_POINT('',(-27.7658836871419,6.69648324702664,-2.23101215694735));
#10553=CARTESIAN_POINT('',(-27.7562395525856,8.90662359664477,-2.24444015351725));
#10554=CARTESIAN_POINT('',(-27.7595842527056,8.16991061655919,-2.23998147140408));
#10555=CARTESIAN_POINT('',(-27.7627990248126,7.43319715418795,-2.23550501184094));
#10556=CARTESIAN_POINT('',(-27.7658836871419,6.69648324702664,-2.23101215694735));
#10557=CARTESIAN_POINT('',(-27.6882505424231,8.54403524380334,-1.62549729712526));
#10558=CARTESIAN_POINT('',(-27.6887451182923,8.22999428713605,-1.6232972313472));
#10559=CARTESIAN_POINT('',(-27.6892163986742,7.915953614375,-1.62105396085884));
#10560=CARTESIAN_POINT('',(-27.6896637603896,7.60191321958702,-1.61876817683693));
#10561=CARTESIAN_POINT('',(-13.6673841844,9.65469352569514,-4.84285669108293));
#10562=CARTESIAN_POINT('',(-20.8625167529734,7.51513833262748,-1.3382591105166));
#10563=CARTESIAN_POINT('',(-28.9435167529734,7.49648324702664,-10.86688390631));
#10564=CARTESIAN_POINT('',(-28.9435167529734,7.38723088629898,-6.83975123909436));
#10565=CARTESIAN_POINT('',(-28.9435167529734,6.69648324702664,-6.85849057958639));
#10566=CARTESIAN_POINT('',(-28.9435167529734,6.69648324702664,-10.86688390631));
#10567=CARTESIAN_POINT('',(-28.9435167529734,6.69648324702664,-2.07199999999999));
#10568=CARTESIAN_POINT('',(-28.9435167529734,7.49648324702664,-2.07199999999999));
#10569=CARTESIAN_POINT('',(-20.8625167529734,7.33287376875664,-1.34320377847899));
#10570=CARTESIAN_POINT('',(-20.8625167529734,6.28609333613664,-1.37160195725199));
#10571=CARTESIAN_POINT('',(-20.8625167529734,6.69648324702664,-1.3604684609685));
#10572=CARTESIAN_POINT('',(-27.6065167529734,7.38723088629898,-6.83975123909436));
#10573=CARTESIAN_POINT('',(-27.6065167529734,6.69648324702664,-6.85849057958639));
#10574=CARTESIAN_POINT('',(-27.6715167529734,7.49648324702664,-2.07199999999999));
#10575=CARTESIAN_POINT('',(-27.6715167529734,6.69648324702664,-2.07199999999999));
#10576=CARTESIAN_POINT('',(2.30048324702662,6.69648324702664,-10.86688390631));
#10577=CARTESIAN_POINT('',(-15.6685167529734,5.90548324702664,-9.14278192081799));
#10578=CARTESIAN_POINT('',(-15.6685167529734,5.90548324702664,-9.14278192081799));
#10579=CARTESIAN_POINT('',(-15.6685167529734,1.16848324702664,-9.88899999999999));
#10580=CARTESIAN_POINT('',(-15.6685167529734,1.16848324702664,-9.88899999999999));
#10581=CARTESIAN_POINT('',(-17.7485167529734,1.16848324702664,-9.88899999999999));
#10582=CARTESIAN_POINT('',(-17.7485167529734,5.90548324702664,-9.14278192081799));
#10583=CARTESIAN_POINT('',(-15.6685167529734,3.40091006472664,-9.22563221574799));
#10584=CARTESIAN_POINT('',(-15.6685167529734,1.16848324702664,-9.88899999999999));
#10585=CARTESIAN_POINT('',(-17.7485167529734,3.40091006472664,-9.22563221574799));
#10586=CARTESIAN_POINT('',(-17.7485167529734,1.16848324702664,-9.88899999999999));
#10587=CARTESIAN_POINT('',(-15.6685167529734,1.16848324702664,-9.88899999999999));
#10588=CARTESIAN_POINT('',(-27.7435167529734,7.49648324702664,-7.27440316047799));
#10589=CARTESIAN_POINT('',(-13.7063980522629,13.2341333572962,-8.7501018208823));
#10590=CARTESIAN_POINT('',(-14.7565167529736,13.2223383663612,-8.75042180800736));
#10591=CARTESIAN_POINT('',(-20.8625167529734,13.1537554389264,-8.75228239899034));
#10592=CARTESIAN_POINT('',(-20.8625167529734,13.1673149846138,-9.25209850389368));
#10593=CARTESIAN_POINT('',(-20.8720272842353,14.0134234521126,-9.22914436874476));
#10594=CARTESIAN_POINT('',(-20.8674367556376,13.5849206724024,-8.49915726192287));
#10595=CARTESIAN_POINT('',(-22.7885058875033,13.147058652419,-9.25264803933114));
#10596=CARTESIAN_POINT('',(-22.90757006125,13.9892157368776,-9.22747464400197));
#10597=CARTESIAN_POINT('',(-22.6708763142912,13.5646643402066,-8.49970679735949));
#10598=CARTESIAN_POINT('',(-26.6289770806559,12.3015144373797,-7.79232097077601));
#10599=CARTESIAN_POINT('',(-26.5731901520772,13.1401724234109,-7.85249031056603));
#10600=CARTESIAN_POINT('',(-26.2669805442737,12.7216786660878,-7.13368966997344));
#10601=CARTESIAN_POINT('',(-28.4884372324241,10.2874933497973,-4.17272280985225));
#10602=CARTESIAN_POINT('',(-28.5686476125584,10.8630361562155,-4.01247526681593));
#10603=CARTESIAN_POINT('',(-28.0081243208883,10.7139954070134,-3.74770912669586));
#10604=CARTESIAN_POINT('',(-28.6811013087925,9.24485491484304,-2.28397511410201));
#10605=CARTESIAN_POINT('',(-28.7061351766404,9.69333598021424,-2.02271788385075));
#10606=CARTESIAN_POINT('',(-28.1885292933975,9.67466373498168,-1.98085145595448));
#10607=CARTESIAN_POINT('',(-28.6734103281351,9.28461175385726,-2.3559882646006));
#10608=CARTESIAN_POINT('',(-28.6875842683155,9.51735831441185,-2.22076251505954));
#10609=CARTESIAN_POINT('',(-28.4480166264779,9.72393524890548,-2.06982263612117));
#10610=CARTESIAN_POINT('',(-28.1817919302341,9.71184283791157,-2.04405019210455));
#10611=CARTESIAN_POINT('',(-28.6693366204283,9.29290207597834,-2.38561484709766));
#10612=CARTESIAN_POINT('',(-28.7054648864784,9.75112067879864,-2.12113345614714));
#10613=CARTESIAN_POINT('',(-28.1793637233194,9.72196194131186,-2.06123955087813));
#10614=CARTESIAN_POINT('',(-28.7599953222844,9.01037165809285,-1.76426160610834));
#10615=CARTESIAN_POINT('',(-28.7155860203624,9.42335627520708,-1.56302681675248));
#10616=CARTESIAN_POINT('',(-28.2496722729349,9.43936372657685,-1.58123741283564));
#10617=CARTESIAN_POINT('',(-28.3736446416539,8.41604814482266,-0.44719644300039));
#10618=CARTESIAN_POINT('',(-28.2912279624025,8.75107197687221,-0.40963105918197));
#10619=CARTESIAN_POINT('',(-27.9517786429357,8.84543755125377,-0.563772460568805));
#10620=CARTESIAN_POINT('',(-27.1265118338278,8.16609412605313,0.125550675276751));
#10621=CARTESIAN_POINT('',(-27.0810166204421,8.45142822371539,0.124295414427434));
#10622=CARTESIAN_POINT('',(-26.9885507165778,8.59666544475093,-0.121299742750005));
#10623=CARTESIAN_POINT('',(-26.4987012189166,8.17099282557699,0.12565801493563));
#10624=CARTESIAN_POINT('',(-26.5019388304481,8.4572387154445,0.125653565777833));
#10625=CARTESIAN_POINT('',(-26.5035356811991,8.60215125499946,-0.121216840633454));
#10626=CARTESIAN_POINT('',(-26.4987012189559,8.17099282901894,0.12559683873053));
#10627=CARTESIAN_POINT('',(-26.5006502743912,8.34429513274144,0.125606590473513));
#10628=CARTESIAN_POINT('',(-26.5025627932307,8.51439554596111,0.0282337411917462));
#10629=CARTESIAN_POINT('',(-26.5035356811496,8.60215125065944,-0.121216843182185));
#10630=CARTESIAN_POINT('',(-13.6521268268389,8.31761251495595,-0.374403160477988));
#10631=CARTESIAN_POINT('',(-14.7565167529734,8.30501038250879,-0.374403160477988));
#10632=CARTESIAN_POINT('',(-12.6865167529737,14.6377052735419,-11.7716824060889));
#10633=CARTESIAN_POINT('',(-12.6865167529734,4.15941774699078,-0.736775378340707));
#10634=CARTESIAN_POINT('',(-12.6865167529734,4.15941774699078,-0.736775378340707));
#10635=CARTESIAN_POINT('',(-12.6865167529734,4.15941774699078,-0.736775378340703));
#10636=CARTESIAN_POINT('',(-14.7565167529737,15.3353981759124,-11.3620862748808));
#10637=CARTESIAN_POINT('',(-14.7565167529736,8.65239049847174,-8.38996094437346));
#10638=CARTESIAN_POINT('',(-14.7565167529736,8.65239049847174,-8.38996094437346));
#10639=CARTESIAN_POINT('',(-14.7565167529736,8.65239049847174,-8.38996094437346));
#10640=CARTESIAN_POINT('',(-14.7565167529737,15.3353981759124,-11.3620862748808));
#10641=CARTESIAN_POINT('',(-14.7565167529733,3.65314296205704,0.125596839522014));
#10642=CARTESIAN_POINT('',(-14.7565167529733,4.15941774698963,-0.736775378340706));
#10643=CARTESIAN_POINT('',(-14.7565167529733,4.15941774698963,-0.736775378340706));
#10644=CARTESIAN_POINT('',(-12.6865167529737,14.6377052735419,-11.7716824060889));
#10645=CARTESIAN_POINT('',(-12.6865167529736,9.15866528340546,-9.25233316223616));
#10646=CARTESIAN_POINT('',(-12.6865167529736,8.65239049847287,-8.38996094437343));
#10647=CARTESIAN_POINT('',(-12.6865167529736,8.65239049847287,-8.38996094437343));
#10648=CARTESIAN_POINT('',(-3.21277107469415E-12,1.74636931094312,3.37353387177885));
#10649=CARTESIAN_POINT('',(-12.6865167529736,8.65239049847287,-8.38996094437343));
#10650=CARTESIAN_POINT('',(-12.6865167529736,8.65239049847287,-8.38996094437343));
#10651=CARTESIAN_POINT('',(-14.7565167529733,4.15941774698963,-0.736775378340708));
#10652=CARTESIAN_POINT('',(-14.7565167529733,4.15941774698963,-0.736775378340708));
#10653=CARTESIAN_POINT('',(-3.19987781134052E-12,1.74636931094312,3.37353387177884));
#10654=CARTESIAN_POINT('',(-14.7565167529736,14.6377052735433,-11.7716824060933));
#10655=CARTESIAN_POINT('',(-12.6865167529733,12.6523904984729,-8.38996094437343));
#10656=CARTESIAN_POINT('',(-12.6865167529736,12.6523904984729,-8.38996094437343));
#10657=CARTESIAN_POINT('',(-14.7565167529736,12.6523904984717,-8.38996094437346));
#10658=CARTESIAN_POINT('',(-12.6865167529737,14.6377052735442,-11.7716824060929));
#10659=CARTESIAN_POINT('',(-12.6865167529734,8.15941774699078,-0.736775378340707));
#10660=CARTESIAN_POINT('',(-12.6865167529736,8.15941774699078,-0.736775378340707));
#10661=CARTESIAN_POINT('',(-14.7565167529733,8.15941774698963,-0.736775378340706));
#10662=CARTESIAN_POINT('',(-14.7565167529736,14.6377052735433,-11.7716824060933));
#10663=CARTESIAN_POINT('',(-13.6521268268389,8.31761251495595,-0.374403160477988));
#10664=CARTESIAN_POINT('',(-13.7215167529732,8.31682071034152,-0.374403160477989));
#10665=CARTESIAN_POINT('',(-13.7215167529732,8.68842646286818,-0.0398480183729708));
#10666=CARTESIAN_POINT('',(-13.7215167529733,8.31682071034152,0.125596839522011));
#10667=CARTESIAN_POINT('',(36.0564639624956,8.88483449884504,-0.374403160477988));
#10668=CARTESIAN_POINT('',(-14.7565167529734,8.736231757864,-0.121278023411589));
#10669=CARTESIAN_POINT('',(-14.7565167529734,8.30501038250879,-0.374403160477988));
#10670=CARTESIAN_POINT('',(-14.7565167529733,8.30501038250879,0.125596839522011));
#10671=CARTESIAN_POINT('',(2.28903769268531,8.49951626279277,0.125596839522011));
#10672=CARTESIAN_POINT('',(-13.7909066791079,8.31761251495596,-0.374403160477989));
#10673=CARTESIAN_POINT('',(-29.7320711986321,8.49951626279278,0.125596839522011));
#10674=CARTESIAN_POINT('',(-12.6865167529733,8.30501038250879,0.125596839522011));
#10675=CARTESIAN_POINT('',(-12.6865167529734,8.30501038250879,-0.374403160477989));
#10676=CARTESIAN_POINT('',(-12.6865167567447,8.73623175790704,-0.12127802341159));
#10677=CARTESIAN_POINT('',(-63.4994972704606,8.88483449658588,-0.374403160477989));
#10678=CARTESIAN_POINT('',(-29.7435167529734,7.49648324702664,0.125596839522011));
#10679=CARTESIAN_POINT('',(-14.7565167529733,7.49648324702682,0.125596839522011));
#10680=CARTESIAN_POINT('',(-14.7565167529733,3.65314296205704,0.125596839522014));
#10681=CARTESIAN_POINT('',(-12.6865167529733,3.6531429620582,0.125596839522011));
#10682=CARTESIAN_POINT('',(-12.6865167529733,3.6531429620582,0.125596839522013));
#10683=CARTESIAN_POINT('',(-12.6865167529733,7.49648324702684,0.125596839522011));
#10684=CARTESIAN_POINT('',(-12.6865167529737,14.6377052735419,-11.7716824060889));
#10685=CARTESIAN_POINT('',(-12.6865167529734,4.15941774699078,-0.736775378340703));
#10686=CARTESIAN_POINT('',(-12.6865167529734,4.15941774699078,-0.736775378340707));
#10687=CARTESIAN_POINT('',(-12.6865167529734,4.15941774699078,-0.736775378340707));
#10688=CARTESIAN_POINT('',(-12.6865167529736,8.65239049847287,-8.38996094437343));
#10689=CARTESIAN_POINT('',(-12.6865167529736,8.65239049847287,-8.38996094437343));
#10690=CARTESIAN_POINT('',(-12.6865167529736,9.15866528340546,-9.25233316223616));
#10691=CARTESIAN_POINT('',(-12.6865167529736,9.15866528340546,-9.25233316223615));
#10692=CARTESIAN_POINT('',(-12.6865167529736,9.15866528340546,-9.25233316223615));
#10693=CARTESIAN_POINT('',(-12.6865167529736,13.1586652834055,-9.25233316223615));
#10694=CARTESIAN_POINT('',(-12.6865167529733,-13.7042125982147,-9.98109803467207));
#10695=CARTESIAN_POINT('',(-12.6865167529736,13.2358979120486,-9.25023791291071));
#10696=CARTESIAN_POINT('',(-12.6865167529736,13.2223383663612,-8.75042180800736));
#10697=CARTESIAN_POINT('',(-12.6865167543059,13.653558861593,-8.49729517174099));
#10698=CARTESIAN_POINT('',(-12.6865167529737,15.3353981759124,-11.3620862748808));
#10699=CARTESIAN_POINT('',(-14.7565167529737,15.3353981759124,-11.3620862748808));
#10700=CARTESIAN_POINT('',(-14.7565167529733,-13.7042125982148,-9.98109803467207));
#10701=CARTESIAN_POINT('',(-14.7565167529736,13.1586652834043,-9.25233316223618));
#10702=CARTESIAN_POINT('',(-14.7565167529736,13.2358979120486,-9.25023791291071));
#10703=CARTESIAN_POINT('',(-14.7565167529736,9.15866528340432,-9.25233316223619));
#10704=CARTESIAN_POINT('',(-14.7565167529736,9.15866528340432,-9.25233316223619));
#10705=CARTESIAN_POINT('',(-14.7565167529736,8.65239049847174,-8.38996094437346));
#10706=CARTESIAN_POINT('',(-14.7565167529736,8.65239049847174,-8.38996094437346));
#10707=CARTESIAN_POINT('',(-14.7565167529736,8.65239049847174,-8.38996094437346));
#10708=CARTESIAN_POINT('',(-14.7565167529733,4.15941774698963,-0.736775378340706));
#10709=CARTESIAN_POINT('',(-14.7565167529733,4.15941774698963,-0.736775378340706));
#10710=CARTESIAN_POINT('',(-14.7565167529733,3.65314296205704,0.125596839522014));
#10711=CARTESIAN_POINT('',(-14.7565167529737,15.3353981759124,-11.3620862748808));
#10712=CARTESIAN_POINT('',(-14.7565167529736,13.653558861578,-8.49729517174139));
#10713=CARTESIAN_POINT('',(-14.7565167529736,13.2223383663612,-8.75042180800736));
#10714=CARTESIAN_POINT('',(-12.6865167529737,15.3353981759495,-11.362086274864));
#10715=CARTESIAN_POINT('',(-63.4994972680263,13.7930725549316,-8.734938320722));
#10716=CARTESIAN_POINT('',(-13.7215167529734,13.7072326452689,-8.5887213720328));
#10717=CARTESIAN_POINT('',(36.0564639600612,13.7930725571554,-8.73493832066167));
#10718=CARTESIAN_POINT('',(-13.7063980522629,13.2341333572962,-8.7501018208823));
#10719=CARTESIAN_POINT('',(-13.7215167529734,13.2339635432192,-8.75010642778014));
#10720=CARTESIAN_POINT('',(-13.7215167529734,13.2475230889067,-9.24992253268349));
#10721=CARTESIAN_POINT('',(-14.0314238027415,13.2440421958988,-9.25001696607071));
#10722=CARTESIAN_POINT('',(-13.7366354536838,13.2341333572962,-8.75010182088231));
#10723=CARTESIAN_POINT('',(-13.4256079359017,13.2441994248175,-9.2500127005965));
#10724=CARTESIAN_POINT('',(-13.7285167529734,-13.7042125982147,-9.98109803467207));
#10725=CARTESIAN_POINT('',(-13.7285167529882,13.1586652834049,-9.25233316223617));
#10726=CARTESIAN_POINT('',(-14.7565167529733,4.15941774698963,-0.736775378340708));
#10727=CARTESIAN_POINT('',(-14.7565167529733,4.15941774698963,-0.736775378340708));
#10728=CARTESIAN_POINT('',(-3.19987781134052E-12,1.74636931094312,3.37353387177884));
#10729=CARTESIAN_POINT('',(-14.7565167529736,9.15866528340432,-9.25233316223619));
#10730=CARTESIAN_POINT('',(-14.7565167529736,9.15866528340432,-9.25233316223619));
#10731=CARTESIAN_POINT('',(-12.6865167529736,8.65239049847287,-8.38996094437343));
#10732=CARTESIAN_POINT('',(-12.6865167529736,8.65239049847287,-8.38996094437343));
#10733=CARTESIAN_POINT('',(-3.21277107469415E-12,1.74636931094312,3.37353387177885));
#10734=CARTESIAN_POINT('',(0.,0.,347.082183837891));
#10735=CARTESIAN_POINT('',(0.,0.,0.));
#10736=CARTESIAN_POINT('',(-86.5373075418988,-86.5373075418988,347.082183837891));
#10737=CARTESIAN_POINT('',(0.,-2223.30786132813,0.));
#10738=CARTESIAN_POINT('',(0.,0.,0.));
#10739=CARTESIAN_POINT('',(-554.332907637621,-554.332907637621,2223.30786132813));
#10740=CARTESIAN_POINT('',(2223.30786132813,0.,0.));
#10741=CARTESIAN_POINT('',(0.,0.,0.));
#10742=CARTESIAN_POINT('',(-554.332907637621,-554.332907637621,2223.30786132813));
#10743=CARTESIAN_POINT('',(0.,2223.30786132813,0.));
#10744=CARTESIAN_POINT('',(0.,0.,0.));
#10745=CARTESIAN_POINT('',(-554.332907637621,-554.332907637621,2223.30786132813));
#10746=CARTESIAN_POINT('',(0.,0.,-347.082183837891));
#10747=CARTESIAN_POINT('',(0.,0.,0.));
#10748=CARTESIAN_POINT('',(-86.5373075418988,-86.5373075418988,347.082183837891));
#10749=CARTESIAN_POINT('',(-2223.30786132813,0.,0.));
#10750=CARTESIAN_POINT('',(0.,0.,0.));
#10751=CARTESIAN_POINT('',(-554.332907637621,-554.332907637621,2223.30786132813));
#10752=CARTESIAN_POINT('',(1260.7587890625,-1260.7587890625,1260.7587890625));
#10753=CARTESIAN_POINT('',(0.,0.,0.));
#10754=CARTESIAN_POINT('',(-544.457129538967,-544.457129538967,2183.69827874526));
#10755=CARTESIAN_POINT('',(1656.7209663929,-1348.30797048634,865.194319433617));
#10756=CARTESIAN_POINT('',(0.,0.,0.));
#10757=CARTESIAN_POINT('',(-574.60341268729,-574.60341268729,2304.60841666063));
#10758=CARTESIAN_POINT('',(-13.7205171585083,-30.4965572357178,-7.91311073303223));
#10759=CARTESIAN_POINT('centre point',(-6.86025857925415,-5.24827861785889,
-3.95655536651611));
#10760=CARTESIAN_POINT('',(0.00100006861612201,-34.6332588195801,57.404182434082));
#10761=CARTESIAN_POINT('',(0.,0.,0.));
#10762=CARTESIAN_POINT('',(-14.3124701318856,-14.3124701318856,57.404182434082));
#10763=CARTESIAN_POINT('',(0.00100006861612201,-85.4752044677734,-3.03144383430481));
#10764=CARTESIAN_POINT('',(0.,0.,0.));
#10765=CARTESIAN_POINT('',(-12.6768134186393,-12.6768134186393,50.843921661377));
#10766=CARTESIAN_POINT('',(47.8188705444336,-34.6332588195801,-3.03144383430481));
#10767=CARTESIAN_POINT('',(0.,0.,0.));
#10768=CARTESIAN_POINT('',(-11.9225834666946,-11.9225834666946,47.8188705444336));
#10769=CARTESIAN_POINT('',(0.00100006861612201,16.2126369476318,-3.03144383430481));
#10770=CARTESIAN_POINT('',(0.,0.,0.));
#10771=CARTESIAN_POINT('',(-12.6768129430838,-12.6768129430838,50.8439197540283));
#10772=CARTESIAN_POINT('',(0.00100006861612201,-34.6332588195801,-57.404182434082));
#10773=CARTESIAN_POINT('',(0.,0.,0.));
#10774=CARTESIAN_POINT('',(-14.3124701318856,-14.3124701318856,57.404182434082));
#10775=CARTESIAN_POINT('',(-47.8188705444336,-34.6332588195801,-3.03144383430481));
#10776=CARTESIAN_POINT('',(0.,0.,0.));
#10777=CARTESIAN_POINT('',(-11.9225834666946,-11.9225834666946,47.8188705444336));
#10778=CARTESIAN_POINT('',(29.3010320663452,-63.3638429641724,26.2691230773926));
#10779=CARTESIAN_POINT('',(0.,0.,0.));
#10780=CARTESIAN_POINT('',(-17.1205000398589,-17.1205000398589,68.6665752727963));
#10781=CARTESIAN_POINT('',(35.45734020523,-63.0266799970363,15.5463667522898));
#10782=CARTESIAN_POINT('',(0.,0.,0.));
#10783=CARTESIAN_POINT('',(-17.0040212028053,-17.0040212028053,68.1994041730265));
#10784=MECHANICAL_DESIGN_GEOMETRIC_PRESENTATION_REPRESENTATION('',(#6110,
#6111,#6112,#137,#6113,#12,#13,#14),#10785);
#10785=(
GEOMETRIC_REPRESENTATION_CONTEXT(3)
GLOBAL_UNCERTAINTY_ASSIGNED_CONTEXT((#10788))
GLOBAL_UNIT_ASSIGNED_CONTEXT((#10793,#10792,#10791))
REPRESENTATION_CONTEXT('Cliff_Bumper_Sensor_Assembly3',
'TOP_LEVEL_ASSEMBLY_PART')
);
#10786=(
GEOMETRIC_REPRESENTATION_CONTEXT(3)
GLOBAL_UNCERTAINTY_ASSIGNED_CONTEXT((#10789))
GLOBAL_UNIT_ASSIGNED_CONTEXT((#10793,#10792,#10791))
REPRESENTATION_CONTEXT('inner_part','COMPONENT_PART')
);
#10787=(
GEOMETRIC_REPRESENTATION_CONTEXT(3)
GLOBAL_UNCERTAINTY_ASSIGNED_CONTEXT((#10790))
GLOBAL_UNIT_ASSIGNED_CONTEXT((#10793,#10792,#10791))
REPRESENTATION_CONTEXT('transparent_cover','COMPONENT_PART')
);
#10788=UNCERTAINTY_MEASURE_WITH_UNIT(LENGTH_MEASURE(0.005),#10793,
'DISTANCE_ACCURACY_VALUE','Maximum Tolerance applied to model');
#10789=UNCERTAINTY_MEASURE_WITH_UNIT(LENGTH_MEASURE(0.005),#10793,
'DISTANCE_ACCURACY_VALUE','Maximum Tolerance applied to model');
#10790=UNCERTAINTY_MEASURE_WITH_UNIT(LENGTH_MEASURE(0.005),#10793,
'DISTANCE_ACCURACY_VALUE','Maximum Tolerance applied to model');
#10791=(
NAMED_UNIT(*)
SI_UNIT($,.STERADIAN.)
SOLID_ANGLE_UNIT()
);
#10792=(
NAMED_UNIT(*)
PLANE_ANGLE_UNIT()
SI_UNIT($,.RADIAN.)
);
#10793=(
LENGTH_UNIT()
NAMED_UNIT(*)
SI_UNIT(.MILLI.,.METRE.)
);
#10794=PRODUCT_DEFINITION_SHAPE('','',#10799);
#10795=PRODUCT_DEFINITION_SHAPE('','',#10800);
#10796=PRODUCT_DEFINITION_SHAPE(' ','NAUO PRDDFN',#28);
#10797=PRODUCT_DEFINITION_SHAPE('','',#10801);
#10798=PRODUCT_DEFINITION_SHAPE(' ','NAUO PRDDFN',#29);
#10799=PRODUCT_DEFINITION('','',#10805,#10802);
#10800=PRODUCT_DEFINITION('','',#10806,#10803);
#10801=PRODUCT_DEFINITION('','',#10807,#10804);
#10802=PRODUCT_DEFINITION_CONTEXT('',#10821,'design');
#10803=PRODUCT_DEFINITION_CONTEXT('',#10821,'design');
#10804=PRODUCT_DEFINITION_CONTEXT('',#10821,'design');
#10805=PRODUCT_DEFINITION_FORMATION_WITH_SPECIFIED_SOURCE('','',#10811,
 .NOT_KNOWN.);
#10806=PRODUCT_DEFINITION_FORMATION_WITH_SPECIFIED_SOURCE('','',#10812,
 .NOT_KNOWN.);
#10807=PRODUCT_DEFINITION_FORMATION_WITH_SPECIFIED_SOURCE('','',#10813,
 .NOT_KNOWN.);
#10808=PRODUCT_RELATED_PRODUCT_CATEGORY('','',(#10811));
#10809=PRODUCT_RELATED_PRODUCT_CATEGORY('','',(#10812));
#10810=PRODUCT_RELATED_PRODUCT_CATEGORY('','',(#10813));
#10811=PRODUCT('Cliff_Bumper_Sensor_Assembly3',
'Cliff_Bumper_Sensor_Assembly3','Cliff_Bumper_Sensor_Assembly3',(#10817));
#10812=PRODUCT('inner_part','inner_part','inner_part',(#10818));
#10813=PRODUCT('transparent_cover','transparent_cover',
'transparent_cover',(#10819));
#10814=PRODUCT_CATEGORY('','');
#10815=PRODUCT_CATEGORY('','');
#10816=PRODUCT_CATEGORY('','');
#10817=PRODUCT_CONTEXT('',#10821,'mechanical');
#10818=PRODUCT_CONTEXT('',#10821,'mechanical');
#10819=PRODUCT_CONTEXT('',#10821,'mechanical');
#10820=APPLICATION_PROTOCOL_DEFINITION('international standard',
'ap242_managed_model_based_3d_engineering',2020,#10821);
#10821=APPLICATION_CONTEXT('managed model based 3d engineering');
ENDSEC;
END-ISO-10303-21;
