ISO-10303-21;
HEADER;
FILE_DESCRIPTION(('Open CASCADE Model'),'2;1');
FILE_NAME('Open CASCADE Shape Model','2026-09-30T15:18:06',('Author'),(
    'Open CASCADE'),'Open CASCADE STEP processor 8.0','build123d',
  'Unknown');
FILE_SCHEMA(('AUTOMOTIVE_DESIGN { 1 0 10303 214 1 1 1 1 }'));
ENDSEC;
DATA;
#1 = APPLICATION_PROTOCOL_DEFINITION('international standard',
  'automotive_design',2000,#2);
#2 = APPLICATION_CONTEXT(
  'core data for automotive mechanical design processes');
#3 = SHAPE_DEFINITION_REPRESENTATION(#4,#10);
#4 = PRODUCT_DEFINITION_SHAPE('','',#5);
#5 = PRODUCT_DEFINITION('design','',#6,#9);
#6 = PRODUCT_DEFINITION_FORMATION('','',#7);
#7 = PRODUCT('=>[0:1:1:2]','=>[0:1:1:2]','',(#8));
#8 = PRODUCT_CONTEXT('',#2,'mechanical');
#9 = PRODUCT_DEFINITION_CONTEXT('part definition',#2,'design');
#10 = SHAPE_REPRESENTATION('',(#11,#15),#19);
#11 = AXIS2_PLACEMENT_3D('',#12,#13,#14);
#12 = CARTESIAN_POINT('',(0.,0.,0.));
#13 = DIRECTION('',(0.,0.,1.));
#14 = DIRECTION('',(1.,0.,-0.));
#15 = AXIS2_PLACEMENT_3D('',#16,#17,#18);
#16 = CARTESIAN_POINT('',(16.599614040548,-42.29854600341,
    -164.3558735817));
#17 = DIRECTION('',(-0.911620235179,-0.232909880278,0.338676149857));
#18 = DIRECTION('',(0.40942336584,-0.441680832679,0.798304797398));
#19 = ( GEOMETRIC_REPRESENTATION_CONTEXT(3) 
GLOBAL_UNCERTAINTY_ASSIGNED_CONTEXT((#23)) GLOBAL_UNIT_ASSIGNED_CONTEXT(
(#20,#21,#22)) REPRESENTATION_CONTEXT('Context #1',
  '3D Context with UNIT and UNCERTAINTY') );
#20 = ( LENGTH_UNIT() NAMED_UNIT(*) SI_UNIT(.MILLI.,.METRE.) );
#21 = ( NAMED_UNIT(*) PLANE_ANGLE_UNIT() SI_UNIT($,.RADIAN.) );
#22 = ( NAMED_UNIT(*) SI_UNIT($,.STERADIAN.) SOLID_ANGLE_UNIT() );
#23 = UNCERTAINTY_MEASURE_WITH_UNIT(LENGTH_MEASURE(5.E-06),#20,
  'distance_accuracy_value','confusion accuracy');
#24 = PRODUCT_RELATED_PRODUCT_CATEGORY('part',$,(#7));
#25 = SHAPE_DEFINITION_REPRESENTATION(#26,#32);
#26 = PRODUCT_DEFINITION_SHAPE('','',#27);
#27 = PRODUCT_DEFINITION('design','',#28,#31);
#28 = PRODUCT_DEFINITION_FORMATION('','',#29);
#29 = PRODUCT('SOLID','SOLID','',(#30));
#30 = PRODUCT_CONTEXT('',#2,'mechanical');
#31 = PRODUCT_DEFINITION_CONTEXT('part definition',#2,'design');
#32 = ADVANCED_BREP_SHAPE_REPRESENTATION('',(#11,#33),#9480);
#33 = MANIFOLD_SOLID_BREP('',#34);
#34 = CLOSED_SHELL('',(#35,#330,#566,#720,#919,#1487,#1819,#2401,#2432,
    #2513,#2619,#2720,#2767,#2870,#2919,#3038,#3354,#3540,#3701,#3815,
    #3870,#4142,#4296,#4349,#4774,#4823,#4872,#4899,#4952,#5050,#5077,
    #5251,#5308,#5379,#5405,#5431,#5438,#5509,#5535,#5561,#5568,#5575,
    #5671,#5726,#5775,#5824,#5851,#5858,#6019,#6100,#6176,#6511,#6581,
    #6709,#6737,#6883,#7024,#7096,#7145,#7287,#7387,#7394,#7401,#7408,
    #7442,#7470,#7498,#7552,#7559,#7606,#7693,#7738,#7783,#7808,#7878,
    #7925,#7985,#8010,#8035,#8108,#8135,#8325,#8377,#8674,#8701,#8708,
    #8735,#8742,#8749,#8756,#8832,#8879,#8955,#9002,#9078,#9128,#9177,
    #9205,#9255,#9304,#9332,#9382,#9431,#9459,#9466,#9473));
#35 = ADVANCED_FACE('',(#36),#50,.F.);
#36 = FACE_BOUND('',#37,.F.);
#37 = EDGE_LOOP('',(#38,#73,#105,#132,#166,#271,#299));
#38 = ORIENTED_EDGE('',*,*,#39,.F.);
#39 = EDGE_CURVE('',#40,#42,#44,.T.);
#40 = VERTEX_POINT('',#41);
#41 = CARTESIAN_POINT('',(-21.209,-16.015,-6.961833314931));
#42 = VERTEX_POINT('',#43);
#43 = CARTESIAN_POINT('',(-21.209,-16.015,-2.072));
#44 = SURFACE_CURVE('',#45,(#49,#61),.PCURVE_S1.);
#45 = LINE('',#46,#47);
#46 = CARTESIAN_POINT('',(-21.209,-16.015,-10.86688390631));
#47 = VECTOR('',#48,1.);
#48 = DIRECTION('',(0.,0.,1.));
#49 = PCURVE('',#50,#55);
#50 = PLANE('',#51);
#51 = AXIS2_PLACEMENT_3D('',#52,#53,#54);
#52 = CARTESIAN_POINT('',(-21.209,-16.015,-10.86688390631));
#53 = DIRECTION('',(1.,0.,-0.));
#54 = DIRECTION('',(0.,0.,1.));
#55 = DEFINITIONAL_REPRESENTATION('',(#56),#60);
#56 = LINE('',#57,#58);
#57 = CARTESIAN_POINT('',(0.,0.));
#58 = VECTOR('',#59,1.);
#59 = DIRECTION('',(1.,0.));
#60 = ( GEOMETRIC_REPRESENTATION_CONTEXT(2) 
PARAMETRIC_REPRESENTATION_CONTEXT() REPRESENTATION_CONTEXT('2D SPACE',''
  ) );
#61 = PCURVE('',#62,#67);
#62 = PLANE('',#63);
#63 = AXIS2_PLACEMENT_3D('',#64,#65,#66);
#64 = CARTESIAN_POINT('',(-21.209,-16.015,-10.86688390631));
#65 = DIRECTION('',(-0.,1.,0.));
#66 = DIRECTION('',(0.,0.,1.));
#67 = DEFINITIONAL_REPRESENTATION('',(#68),#72);
#68 = LINE('',#69,#70);
#69 = CARTESIAN_POINT('',(0.,0.));
#70 = VECTOR('',#71,1.);
#71 = DIRECTION('',(1.,0.));
#72 = ( GEOMETRIC_REPRESENTATION_CONTEXT(2) 
PARAMETRIC_REPRESENTATION_CONTEXT() REPRESENTATION_CONTEXT('2D SPACE',''
  ) );
#73 = ORIENTED_EDGE('',*,*,#74,.T.);
#74 = EDGE_CURVE('',#40,#75,#77,.T.);
#75 = VERTEX_POINT('',#76);
#76 = CARTESIAN_POINT('',(-21.209,-13.878,-9.099619571752));
#77 = SURFACE_CURVE('',#78,(#83,#90),.PCURVE_S1.);
#78 = ELLIPSE('',#79,2.137786256821,2.137);
#79 = AXIS2_PLACEMENT_3D('',#80,#81,#82);
#80 = CARTESIAN_POINT('',(-21.209,-13.878,-6.961833314931));
#81 = DIRECTION('',(1.,0.,-0.));
#82 = DIRECTION('',(0.,0.,1.));
#83 = PCURVE('',#50,#84);
#84 = DEFINITIONAL_REPRESENTATION('',(#85),#89);
#85 = ELLIPSE('',#86,2.137786256821,2.137);
#86 = AXIS2_PLACEMENT_2D('',#87,#88);
#87 = CARTESIAN_POINT('',(3.905050591382,-2.137));
#88 = DIRECTION('',(1.,0.));
#89 = ( GEOMETRIC_REPRESENTATION_CONTEXT(2) 
PARAMETRIC_REPRESENTATION_CONTEXT() REPRESENTATION_CONTEXT('2D SPACE',''
  ) );
#90 = PCURVE('',#91,#96);
#91 = CYLINDRICAL_SURFACE('',#92,2.137);
#92 = AXIS2_PLACEMENT_3D('',#93,#94,#95);
#93 = CARTESIAN_POINT('',(-1.007046501732,-13.878,-7.509893508966));
#94 = DIRECTION('',(-0.999632209807,-0.,2.711909137484E-02));
#95 = DIRECTION('',(0.,-1.,-0.));
#96 = DEFINITIONAL_REPRESENTATION('',(#97),#104);
#97 = B_SPLINE_CURVE_WITH_KNOTS('',5,(#98,#99,#100,#101,#102,#103),
  .UNSPECIFIED.,.F.,.F.,(6,6),(1.570796326795,3.14159265359),
  .PIECEWISE_BEZIER_KNOTS.);
#98 = CARTESIAN_POINT('',(-1.110223024625E-16,20.209386312367));
#99 = CARTESIAN_POINT('',(-0.314159265359,20.191172985243));
#100 = CARTESIAN_POINT('',(-0.628318520756,20.172943173941));
#101 = CARTESIAN_POINT('',(-0.942477819388,20.158544146479));
#102 = CARTESIAN_POINT('',(-1.256637061436,20.151411491528));
#103 = CARTESIAN_POINT('',(-1.570796326795,20.151411491528));
#104 = ( GEOMETRIC_REPRESENTATION_CONTEXT(2) 
PARAMETRIC_REPRESENTATION_CONTEXT() REPRESENTATION_CONTEXT('2D SPACE',''
  ) );
#105 = ORIENTED_EDGE('',*,*,#106,.T.);
#106 = EDGE_CURVE('',#75,#107,#109,.T.);
#107 = VERTEX_POINT('',#108);
#108 = CARTESIAN_POINT('',(-21.209,-7.148,-9.099619571752));
#109 = SURFACE_CURVE('',#110,(#114,#120),.PCURVE_S1.);
#110 = LINE('',#111,#112);
#111 = CARTESIAN_POINT('',(-21.209,-8.0075,-9.099619571752));
#112 = VECTOR('',#113,1.);
#113 = DIRECTION('',(0.,1.,0.));
#114 = PCURVE('',#50,#115);
#115 = DEFINITIONAL_REPRESENTATION('',(#116),#119);
#116 = B_SPLINE_CURVE_WITH_KNOTS('',1,(#117,#118),.UNSPECIFIED.,.F.,.F.,
  (2,2),(-8.0075,24.0365),.PIECEWISE_BEZIER_KNOTS.);
#117 = CARTESIAN_POINT('',(1.767264334561,0.));
#118 = CARTESIAN_POINT('',(1.767264334561,-32.044));
#119 = ( GEOMETRIC_REPRESENTATION_CONTEXT(2) 
PARAMETRIC_REPRESENTATION_CONTEXT() REPRESENTATION_CONTEXT('2D SPACE',''
  ) );
#120 = PCURVE('',#121,#126);
#121 = PLANE('',#122);
#122 = AXIS2_PLACEMENT_3D('',#123,#124,#125);
#123 = CARTESIAN_POINT('',(0.,0.,-9.675));
#124 = DIRECTION('',(-2.711909137484E-02,0.,-0.999632209807));
#125 = DIRECTION('',(-0.999632209807,0.,2.711909137484E-02));
#126 = DEFINITIONAL_REPRESENTATION('',(#127),#131);
#127 = LINE('',#128,#129);
#128 = CARTESIAN_POINT('',(21.216803332199,-8.0075));
#129 = VECTOR('',#130,1.);
#130 = DIRECTION('',(0.,1.));
#131 = ( GEOMETRIC_REPRESENTATION_CONTEXT(2) 
PARAMETRIC_REPRESENTATION_CONTEXT() REPRESENTATION_CONTEXT('2D SPACE',''
  ) );
#132 = ORIENTED_EDGE('',*,*,#133,.F.);
#133 = EDGE_CURVE('',#134,#107,#136,.T.);
#134 = VERTEX_POINT('',#135);
#135 = CARTESIAN_POINT('',(-21.209,-14.84130721082,-2.338927726169));
#136 = SURFACE_CURVE('',#137,(#142,#149),.PCURVE_S1.);
#137 = ELLIPSE('',#138,7.760854366128,7.758);
#138 = AXIS2_PLACEMENT_3D('',#139,#140,#141);
#139 = CARTESIAN_POINT('',(-21.209,-7.148,-1.338765205624));
#140 = DIRECTION('',(1.,0.,-0.));
#141 = DIRECTION('',(0.,0.,1.));
#142 = PCURVE('',#50,#143);
#143 = DEFINITIONAL_REPRESENTATION('',(#144),#148);
#144 = ELLIPSE('',#145,7.760854366128,7.758);
#145 = AXIS2_PLACEMENT_2D('',#146,#147);
#146 = CARTESIAN_POINT('',(9.528118700689,-8.867));
#147 = DIRECTION('',(1.,0.));
#148 = ( GEOMETRIC_REPRESENTATION_CONTEXT(2) 
PARAMETRIC_REPRESENTATION_CONTEXT() REPRESENTATION_CONTEXT('2D SPACE',''
  ) );
#149 = PCURVE('',#150,#155);
#150 = CYLINDRICAL_SURFACE('',#151,7.758);
#151 = AXIS2_PLACEMENT_3D('',#152,#153,#154);
#152 = CARTESIAN_POINT('',(-19.99861008911,-7.148,-1.371601957252));
#153 = DIRECTION('',(-0.999632209807,-0.,2.711909137484E-02));
#154 = DIRECTION('',(0.,-1.,-0.));
#155 = DEFINITIONAL_REPRESENTATION('',(#156),#165);
#156 = B_SPLINE_CURVE_WITH_KNOTS('',7,(#157,#158,#159,#160,#161,#162,
    #163,#164),.UNSPECIFIED.,.F.,.F.,(8,8),(1.69522166133,3.14159265359)
  ,.PIECEWISE_BEZIER_KNOTS.);
#157 = CARTESIAN_POINT('',(-0.124425334536,1.184715296316));
#158 = CARTESIAN_POINT('',(-0.331049762001,1.141563803906));
#159 = CARTESIAN_POINT('',(-0.537674189467,1.09971343356));
#160 = CARTESIAN_POINT('',(-0.744298616932,1.062172413735));
#161 = CARTESIAN_POINT('',(-0.950923044398,1.031816971723));
#162 = CARTESIAN_POINT('',(-1.157547471864,1.01085126518));
#163 = CARTESIAN_POINT('',(-1.364171899329,1.000367925513));
#164 = CARTESIAN_POINT('',(-1.570796326795,1.000367925513));
#165 = ( GEOMETRIC_REPRESENTATION_CONTEXT(2) 
PARAMETRIC_REPRESENTATION_CONTEXT() REPRESENTATION_CONTEXT('2D SPACE',''
  ) );
#166 = ORIENTED_EDGE('',*,*,#167,.F.);
#167 = EDGE_CURVE('',#168,#134,#170,.T.);
#168 = VERTEX_POINT('',#169);
#169 = CARTESIAN_POINT('',(-21.209,-12.78657275684,-2.241844060137E-17)
  );
#170 = SURFACE_CURVE('',#171,(#194,#220),.PCURVE_S1.);
#171 = B_SPLINE_CURVE_WITH_KNOTS('',6,(#172,#173,#174,#175,#176,#177,
    #178,#179,#180,#181,#182,#183,#184,#185,#186,#187,#188,#189,#190,
    #191,#192,#193),.UNSPECIFIED.,.F.,.F.,(7,5,5,5,7),(0.,0.249149246341
    ,0.499999999678,0.750850753234,1.),.UNSPECIFIED.);
#172 = CARTESIAN_POINT('',(-21.209,-12.78657275684,0.));
#173 = CARTESIAN_POINT('',(-21.209,-12.91690158837,0.));
#174 = CARTESIAN_POINT('',(-21.209,-13.0514294325,-9.837568731211E-03));
#175 = CARTESIAN_POINT('',(-21.209,-13.18901288985,-3.069886609081E-02)
  );
#176 = CARTESIAN_POINT('',(-21.209,-13.32810250167,-6.361937154472E-02)
  );
#177 = CARTESIAN_POINT('',(-21.209,-13.46673329161,-0.109225739961));
#178 = CARTESIAN_POINT('',(-21.209,-13.73980922229,-0.226263898554));
#179 = CARTESIAN_POINT('',(-21.209,-13.8742257642,-0.297873298105));
#180 = CARTESIAN_POINT('',(-21.209,-14.00390936894,-0.382403630856));
#181 = CARTESIAN_POINT('',(-21.209,-14.12658700573,-0.479289377754));
#182 = CARTESIAN_POINT('',(-21.209,-14.24020129973,-0.587241022762));
#183 = CARTESIAN_POINT('',(-21.209,-14.44622484091,-0.821759975023));
#184 = CARTESIAN_POINT('',(-21.209,-14.53864045936,-0.948334534806));
#185 = CARTESIAN_POINT('',(-21.209,-14.61891479485,-1.082471338276));
#186 = CARTESIAN_POINT('',(-21.209,-14.68603412018,-1.221964030957));
#187 = CARTESIAN_POINT('',(-21.209,-14.73973045432,-1.364485669098));
#188 = CARTESIAN_POINT('',(-21.209,-14.82061405122,-1.650363688334));
#189 = CARTESIAN_POINT('',(-21.209,-14.84798112763,-1.793714589615));
#190 = CARTESIAN_POINT('',(-21.209,-14.86270894177,-1.935886219487));
#191 = CARTESIAN_POINT('',(-21.209,-14.86567206692,-2.075010704796));
#192 = CARTESIAN_POINT('',(-21.209,-14.85809696476,-2.209684894809));
#193 = CARTESIAN_POINT('',(-21.209,-14.84130721082,-2.338927726169));
#194 = PCURVE('',#50,#195);
#195 = DEFINITIONAL_REPRESENTATION('',(#196),#219);
#196 = B_SPLINE_CURVE_WITH_KNOTS('',6,(#197,#198,#199,#200,#201,#202,
    #203,#204,#205,#206,#207,#208,#209,#210,#211,#212,#213,#214,#215,
    #216,#217,#218),.UNSPECIFIED.,.F.,.F.,(7,5,5,5,7),(0.,0.249149246341
    ,0.499999999678,0.750850753234,1.),.UNSPECIFIED.);
#197 = CARTESIAN_POINT('',(10.866883906313,-3.22842724316));
#198 = CARTESIAN_POINT('',(10.866883906313,-3.098098411626));
#199 = CARTESIAN_POINT('',(10.857046337582,-2.963570567497));
#200 = CARTESIAN_POINT('',(10.836185040222,-2.825987110144));
#201 = CARTESIAN_POINT('',(10.803264534769,-2.686897498325));
#202 = CARTESIAN_POINT('',(10.757658166352,-2.54826670839));
#203 = CARTESIAN_POINT('',(10.640620007759,-2.275190777705));
#204 = CARTESIAN_POINT('',(10.569010608208,-2.140774235796));
#205 = CARTESIAN_POINT('',(10.484480275457,-2.011090631051));
#206 = CARTESIAN_POINT('',(10.387594528559,-1.888412994267));
#207 = CARTESIAN_POINT('',(10.279642883551,-1.774798700268));
#208 = CARTESIAN_POINT('',(10.04512393129,-1.56877515909));
#209 = CARTESIAN_POINT('',(9.918549371507,-1.476359540638));
#210 = CARTESIAN_POINT('',(9.784412568037,-1.396085205147));
#211 = CARTESIAN_POINT('',(9.644919875356,-1.328965879812));
#212 = CARTESIAN_POINT('',(9.502398237215,-1.275269545676));
#213 = CARTESIAN_POINT('',(9.21652021798,-1.194385948774));
#214 = CARTESIAN_POINT('',(9.073169316698,-1.167018872365));
#215 = CARTESIAN_POINT('',(8.930997686826,-1.152291058222));
#216 = CARTESIAN_POINT('',(8.791873201517,-1.14932793308));
#217 = CARTESIAN_POINT('',(8.657199011504,-1.156903035235));
#218 = CARTESIAN_POINT('',(8.527956180144,-1.173692789176));
#219 = ( GEOMETRIC_REPRESENTATION_CONTEXT(2) 
PARAMETRIC_REPRESENTATION_CONTEXT() REPRESENTATION_CONTEXT('2D SPACE',''
  ) );
#220 = PCURVE('',#221,#246);
#221 = ( BOUNDED_SURFACE() B_SPLINE_SURFACE(2,3,(
    (#222,#223,#224,#225,#226,#227,#228,#229)
    ,(#230,#231,#232,#233,#234,#235,#236,#237)
    ,(#238,#239,#240,#241,#242,#243,#244,#245
)),.UNSPECIFIED.,.F.,.F.,.F.) B_SPLINE_SURFACE_WITH_KNOTS((3,3),(4,2,2,4
    ),(0.,12.590566130348),(-0.770484833119,1.776929778187E-06,
    12.590567907278,13.352287701276),.UNSPECIFIED.) 
GEOMETRIC_REPRESENTATION_ITEM() RATIONAL_B_SPLINE_SURFACE((
    (1.,1.,1.,1.,1.,1.,1.,1.)
    ,(0.638719946284,0.638240778429,0.638240778429,0.646550055835
      ,0.654236271388,0.662250363023,0.662250363023,0.661793175971)
,(1.,1.,1.,1.,1.,1.,1.,1.))) REPRESENTATION_ITEM('') SURFACE() );
#222 = CARTESIAN_POINT('',(-33.57005164744,-14.76800011512,
    -2.461010352739));
#223 = CARTESIAN_POINT('',(-33.31322277743,-14.76977998398,
    -2.458473776636));
#224 = CARTESIAN_POINT('',(-33.05639390741,-14.77155985284,
    -2.455937200533));
#225 = CARTESIAN_POINT('',(-28.60270966061,-14.80242466139,
    -2.411950288036));
#226 = CARTESIAN_POINT('',(-24.40585428383,-14.82660687231,
    -2.370500641182));
#227 = CARTESIAN_POINT('',(-19.95509230905,-14.84719879345,
    -2.326543814646));
#228 = CARTESIAN_POINT('',(-19.69826002013,-14.84838705521,
    -2.324007275411));
#229 = CARTESIAN_POINT('',(-19.43850204031,-14.84958885299,
    -2.321441841329));
#230 = CARTESIAN_POINT('',(-33.57008756263,-15.23837153831,
    -2.790248822303E-16));
#231 = CARTESIAN_POINT('',(-33.31362039361,-15.23651611433,
    -3.339662751487E-16));
#232 = CARTESIAN_POINT('',(-33.05658672514,-15.23465659198,
    -3.890290257772E-16));
#233 = CARTESIAN_POINT('',(-28.65353610022,-15.20280251197,
    -1.33226762955E-15));
#234 = CARTESIAN_POINT('',(-24.45433101467,-15.17105419005,
    4.440892098501E-16));
#235 = CARTESIAN_POINT('',(-19.95526759443,-15.13519225195,
    -2.654193718589E-17));
#236 = CARTESIAN_POINT('',(-19.69860550068,-15.1331464039,
    -5.339045304304E-17));
#237 = CARTESIAN_POINT('',(-19.43848069564,-15.13107295466,
    -8.060119090947E-17));
#238 = CARTESIAN_POINT('',(-33.57009778196,-12.73283038303,0.));
#239 = CARTESIAN_POINT('',(-33.3132381556,-12.73413537414,0.));
#240 = CARTESIAN_POINT('',(-33.05639390741,-12.73544028711,0.));
#241 = CARTESIAN_POINT('',(-28.60270966061,-12.75806750342,0.));
#242 = CARTESIAN_POINT('',(-24.40585428383,-12.77579575055,
    -2.22044604925E-16));
#243 = CARTESIAN_POINT('',(-19.95509230905,-12.79089195035,
    1.343353181824E-17));
#244 = CARTESIAN_POINT('',(-19.69824622347,-12.79176312698,
    2.70225842107E-17));
#245 = CARTESIAN_POINT('',(-19.43846065031,-12.79264427384,
    4.076715717737E-17));
#246 = DEFINITIONAL_REPRESENTATION('',(#247),#270);
#247 = B_SPLINE_CURVE_WITH_KNOTS('',6,(#248,#249,#250,#251,#252,#253,
    #254,#255,#256,#257,#258,#259,#260,#261,#262,#263,#264,#265,#266,
    #267,#268,#269),.UNSPECIFIED.,.F.,.F.,(7,5,5,5,7),(0.,0.249149246341
    ,0.499999999678,0.750850753234,1.),.UNSPECIFIED.);
#248 = CARTESIAN_POINT('',(12.590566130348,11.590566814329));
#249 = CARTESIAN_POINT('',(12.063497104389,11.59056689651));
#250 = CARTESIAN_POINT('',(11.5374518459,11.59056697589));
#251 = CARTESIAN_POINT('',(11.012444489987,11.59056705109));
#252 = CARTESIAN_POINT('',(10.488432559628,11.590567120559));
#253 = CARTESIAN_POINT('',(9.965300056393,11.590567182712));
#254 = CARTESIAN_POINT('',(8.916981697083,11.590567290072));
#255 = CARTESIAN_POINT('',(8.391779660227,11.590567335163));
#256 = CARTESIAN_POINT('',(7.867223115418,11.590567370111));
#257 = CARTESIAN_POINT('',(7.343108905472,11.590567393798));
#258 = CARTESIAN_POINT('',(6.819187303146,11.59056740564));
#259 = CARTESIAN_POINT('',(5.771378826745,11.59056740564));
#260 = CARTESIAN_POINT('',(5.247457224165,11.590567393798));
#261 = CARTESIAN_POINT('',(4.723343014176,11.590567370111));
#262 = CARTESIAN_POINT('',(4.19878646949,11.590567335163));
#263 = CARTESIAN_POINT('',(3.673584432907,11.590567290072));
#264 = CARTESIAN_POINT('',(2.625266073874,11.590567182712));
#265 = CARTESIAN_POINT('',(2.10213357064,11.590567120559));
#266 = CARTESIAN_POINT('',(1.578121640342,11.59056705109));
#267 = CARTESIAN_POINT('',(1.05311428447,11.59056697589));
#268 = CARTESIAN_POINT('',(0.527069026002,11.59056689651));
#269 = CARTESIAN_POINT('',(0.,11.590566814329));
#270 = ( GEOMETRIC_REPRESENTATION_CONTEXT(2) 
PARAMETRIC_REPRESENTATION_CONTEXT() REPRESENTATION_CONTEXT('2D SPACE',''
  ) );
#271 = ORIENTED_EDGE('',*,*,#272,.F.);
#272 = EDGE_CURVE('',#273,#168,#275,.T.);
#273 = VERTEX_POINT('',#274);
#274 = CARTESIAN_POINT('',(-21.209,-13.943,4.440892098501E-16));
#275 = SURFACE_CURVE('',#276,(#280,#287),.PCURVE_S1.);
#276 = LINE('',#277,#278);
#277 = CARTESIAN_POINT('',(-21.209,-16.015,0.));
#278 = VECTOR('',#279,1.);
#279 = DIRECTION('',(-0.,1.,0.));
#280 = PCURVE('',#50,#281);
#281 = DEFINITIONAL_REPRESENTATION('',(#282),#286);
#282 = LINE('',#283,#284);
#283 = CARTESIAN_POINT('',(10.866883906313,0.));
#284 = VECTOR('',#285,1.);
#285 = DIRECTION('',(0.,-1.));
#286 = ( GEOMETRIC_REPRESENTATION_CONTEXT(2) 
PARAMETRIC_REPRESENTATION_CONTEXT() REPRESENTATION_CONTEXT('2D SPACE',''
  ) );
#287 = PCURVE('',#288,#293);
#288 = PLANE('',#289);
#289 = AXIS2_PLACEMENT_3D('',#290,#291,#292);
#290 = CARTESIAN_POINT('',(-21.209,-16.015,0.));
#291 = DIRECTION('',(0.,0.,1.));
#292 = DIRECTION('',(1.,0.,-0.));
#293 = DEFINITIONAL_REPRESENTATION('',(#294),#298);
#294 = LINE('',#295,#296);
#295 = CARTESIAN_POINT('',(0.,0.));
#296 = VECTOR('',#297,1.);
#297 = DIRECTION('',(0.,1.));
#298 = ( GEOMETRIC_REPRESENTATION_CONTEXT(2) 
PARAMETRIC_REPRESENTATION_CONTEXT() REPRESENTATION_CONTEXT('2D SPACE',''
  ) );
#299 = ORIENTED_EDGE('',*,*,#300,.F.);
#300 = EDGE_CURVE('',#42,#273,#301,.T.);
#301 = SURFACE_CURVE('',#302,(#307,#318),.PCURVE_S1.);
#302 = CIRCLE('',#303,2.072);
#303 = AXIS2_PLACEMENT_3D('',#304,#305,#306);
#304 = CARTESIAN_POINT('',(-21.209,-13.943,-2.072));
#305 = DIRECTION('',(-1.,-0.,0.));
#306 = DIRECTION('',(0.,0.,1.));
#307 = PCURVE('',#50,#308);
#308 = DEFINITIONAL_REPRESENTATION('',(#309),#317);
#309 = ( BOUNDED_CURVE() B_SPLINE_CURVE(2,(#310,#311,#312,#313,#314,#315
,#316),.UNSPECIFIED.,.T.,.F.) B_SPLINE_CURVE_WITH_KNOTS((1,2,2,2,2,1),(
    -2.094395102393,0.,2.094395102393,4.188790204786,6.28318530718,
8.377580409573),.UNSPECIFIED.) CURVE() GEOMETRIC_REPRESENTATION_ITEM() 
RATIONAL_B_SPLINE_CURVE((1.,0.5,1.,0.5,1.,0.5,1.)) REPRESENTATION_ITEM(
  '') );
#310 = CARTESIAN_POINT('',(10.866883906313,-2.072));
#311 = CARTESIAN_POINT('',(10.866883906313,-5.660809273283));
#312 = CARTESIAN_POINT('',(7.758883906313,-3.866404636641));
#313 = CARTESIAN_POINT('',(4.650883906313,-2.072));
#314 = CARTESIAN_POINT('',(7.758883906313,-0.277595363359));
#315 = CARTESIAN_POINT('',(10.866883906313,1.516809273283));
#316 = CARTESIAN_POINT('',(10.866883906313,-2.072));
#317 = ( GEOMETRIC_REPRESENTATION_CONTEXT(2) 
PARAMETRIC_REPRESENTATION_CONTEXT() REPRESENTATION_CONTEXT('2D SPACE',''
  ) );
#318 = PCURVE('',#319,#324);
#319 = CYLINDRICAL_SURFACE('',#320,2.072);
#320 = AXIS2_PLACEMENT_3D('',#321,#322,#323);
#321 = CARTESIAN_POINT('',(-21.209,-13.943,-2.072));
#322 = DIRECTION('',(1.,0.,-0.));
#323 = DIRECTION('',(0.,-1.,0.));
#324 = DEFINITIONAL_REPRESENTATION('',(#325),#329);
#325 = LINE('',#326,#327);
#326 = CARTESIAN_POINT('',(4.712388980385,-0.));
#327 = VECTOR('',#328,1.);
#328 = DIRECTION('',(-1.,0.));
#329 = ( GEOMETRIC_REPRESENTATION_CONTEXT(2) 
PARAMETRIC_REPRESENTATION_CONTEXT() REPRESENTATION_CONTEXT('2D SPACE',''
  ) );
#330 = ADVANCED_FACE('',(#331),#62,.F.);
#331 = FACE_BOUND('',#332,.F.);
#332 = EDGE_LOOP('',(#333,#363,#384,#385,#408,#436,#462,#488,#514,#540)
  );
#333 = ORIENTED_EDGE('',*,*,#334,.F.);
#334 = EDGE_CURVE('',#335,#337,#339,.T.);
#335 = VERTEX_POINT('',#336);
#336 = CARTESIAN_POINT('',(-1.065,-16.015,-7.508321284502));
#337 = VERTEX_POINT('',#338);
#338 = CARTESIAN_POINT('',(-1.065,-16.015,-6.403));
#339 = SURFACE_CURVE('',#340,(#344,#351),.PCURVE_S1.);
#340 = LINE('',#341,#342);
#341 = CARTESIAN_POINT('',(-1.065,-16.015,-10.86688390631));
#342 = VECTOR('',#343,1.);
#343 = DIRECTION('',(0.,0.,1.));
#344 = PCURVE('',#62,#345);
#345 = DEFINITIONAL_REPRESENTATION('',(#346),#350);
#346 = LINE('',#347,#348);
#347 = CARTESIAN_POINT('',(0.,20.144));
#348 = VECTOR('',#349,1.);
#349 = DIRECTION('',(1.,0.));
#350 = ( GEOMETRIC_REPRESENTATION_CONTEXT(2) 
PARAMETRIC_REPRESENTATION_CONTEXT() REPRESENTATION_CONTEXT('2D SPACE',''
  ) );
#351 = PCURVE('',#352,#357);
#352 = PLANE('',#353);
#353 = AXIS2_PLACEMENT_3D('',#354,#355,#356);
#354 = CARTESIAN_POINT('',(-1.065,-16.329,-10.86688390631));
#355 = DIRECTION('',(1.,0.,-0.));
#356 = DIRECTION('',(0.,0.,1.));
#357 = DEFINITIONAL_REPRESENTATION('',(#358),#362);
#358 = LINE('',#359,#360);
#359 = CARTESIAN_POINT('',(0.,-0.314));
#360 = VECTOR('',#361,1.);
#361 = DIRECTION('',(1.,0.));
#362 = ( GEOMETRIC_REPRESENTATION_CONTEXT(2) 
PARAMETRIC_REPRESENTATION_CONTEXT() REPRESENTATION_CONTEXT('2D SPACE',''
  ) );
#363 = ORIENTED_EDGE('',*,*,#364,.T.);
#364 = EDGE_CURVE('',#335,#40,#365,.T.);
#365 = SURFACE_CURVE('',#366,(#370,#377),.PCURVE_S1.);
#366 = LINE('',#367,#368);
#367 = CARTESIAN_POINT('',(-1.007046501732,-16.015,-7.509893508966));
#368 = VECTOR('',#369,1.);
#369 = DIRECTION('',(-0.999632209807,-0.,2.711909137484E-02));
#370 = PCURVE('',#62,#371);
#371 = DEFINITIONAL_REPRESENTATION('',(#372),#376);
#372 = LINE('',#373,#374);
#373 = CARTESIAN_POINT('',(3.356990397347,20.201953498268));
#374 = VECTOR('',#375,1.);
#375 = DIRECTION('',(2.711909137484E-02,-0.999632209807));
#376 = ( GEOMETRIC_REPRESENTATION_CONTEXT(2) 
PARAMETRIC_REPRESENTATION_CONTEXT() REPRESENTATION_CONTEXT('2D SPACE',''
  ) );
#377 = PCURVE('',#91,#378);
#378 = DEFINITIONAL_REPRESENTATION('',(#379),#383);
#379 = LINE('',#380,#381);
#380 = CARTESIAN_POINT('',(-0.,0.));
#381 = VECTOR('',#382,1.);
#382 = DIRECTION('',(-0.,1.));
#383 = ( GEOMETRIC_REPRESENTATION_CONTEXT(2) 
PARAMETRIC_REPRESENTATION_CONTEXT() REPRESENTATION_CONTEXT('2D SPACE',''
  ) );
#384 = ORIENTED_EDGE('',*,*,#39,.T.);
#385 = ORIENTED_EDGE('',*,*,#386,.T.);
#386 = EDGE_CURVE('',#42,#387,#389,.T.);
#387 = VERTEX_POINT('',#388);
#388 = CARTESIAN_POINT('',(-1.065,-16.015,-2.072));
#389 = SURFACE_CURVE('',#390,(#394,#401),.PCURVE_S1.);
#390 = LINE('',#391,#392);
#391 = CARTESIAN_POINT('',(-21.209,-16.015,-2.072));
#392 = VECTOR('',#393,1.);
#393 = DIRECTION('',(1.,0.,-0.));
#394 = PCURVE('',#62,#395);
#395 = DEFINITIONAL_REPRESENTATION('',(#396),#400);
#396 = LINE('',#397,#398);
#397 = CARTESIAN_POINT('',(8.794883906313,0.));
#398 = VECTOR('',#399,1.);
#399 = DIRECTION('',(0.,1.));
#400 = ( GEOMETRIC_REPRESENTATION_CONTEXT(2) 
PARAMETRIC_REPRESENTATION_CONTEXT() REPRESENTATION_CONTEXT('2D SPACE',''
  ) );
#401 = PCURVE('',#319,#402);
#402 = DEFINITIONAL_REPRESENTATION('',(#403),#407);
#403 = LINE('',#404,#405);
#404 = CARTESIAN_POINT('',(-0.,0.));
#405 = VECTOR('',#406,1.);
#406 = DIRECTION('',(-0.,1.));
#407 = ( GEOMETRIC_REPRESENTATION_CONTEXT(2) 
PARAMETRIC_REPRESENTATION_CONTEXT() REPRESENTATION_CONTEXT('2D SPACE',''
  ) );
#408 = ORIENTED_EDGE('',*,*,#409,.F.);
#409 = EDGE_CURVE('',#410,#387,#412,.T.);
#410 = VERTEX_POINT('',#411);
#411 = CARTESIAN_POINT('',(-1.065,-16.015,-3.164));
#412 = SURFACE_CURVE('',#413,(#417,#424),.PCURVE_S1.);
#413 = LINE('',#414,#415);
#414 = CARTESIAN_POINT('',(-1.065,-16.015,-10.86688390631));
#415 = VECTOR('',#416,1.);
#416 = DIRECTION('',(0.,0.,1.));
#417 = PCURVE('',#62,#418);
#418 = DEFINITIONAL_REPRESENTATION('',(#419),#423);
#419 = LINE('',#420,#421);
#420 = CARTESIAN_POINT('',(0.,20.144));
#421 = VECTOR('',#422,1.);
#422 = DIRECTION('',(1.,0.));
#423 = ( GEOMETRIC_REPRESENTATION_CONTEXT(2) 
PARAMETRIC_REPRESENTATION_CONTEXT() REPRESENTATION_CONTEXT('2D SPACE',''
  ) );
#424 = PCURVE('',#425,#430);
#425 = PLANE('',#426);
#426 = AXIS2_PLACEMENT_3D('',#427,#428,#429);
#427 = CARTESIAN_POINT('',(-1.065,-16.329,-10.86688390631));
#428 = DIRECTION('',(1.,0.,-0.));
#429 = DIRECTION('',(0.,0.,1.));
#430 = DEFINITIONAL_REPRESENTATION('',(#431),#435);
#431 = LINE('',#432,#433);
#432 = CARTESIAN_POINT('',(0.,-0.314));
#433 = VECTOR('',#434,1.);
#434 = DIRECTION('',(1.,0.));
#435 = ( GEOMETRIC_REPRESENTATION_CONTEXT(2) 
PARAMETRIC_REPRESENTATION_CONTEXT() REPRESENTATION_CONTEXT('2D SPACE',''
  ) );
#436 = ORIENTED_EDGE('',*,*,#437,.F.);
#437 = EDGE_CURVE('',#438,#410,#440,.T.);
#438 = VERTEX_POINT('',#439);
#439 = CARTESIAN_POINT('',(-6.396,-16.015,-3.164));
#440 = SURFACE_CURVE('',#441,(#445,#451),.PCURVE_S1.);
#441 = LINE('',#442,#443);
#442 = CARTESIAN_POINT('',(-13.8025,-16.015,-3.164));
#443 = VECTOR('',#444,1.);
#444 = DIRECTION('',(1.,0.,-0.));
#445 = PCURVE('',#62,#446);
#446 = DEFINITIONAL_REPRESENTATION('',(#447),#450);
#447 = B_SPLINE_CURVE_WITH_KNOTS('',1,(#448,#449),.UNSPECIFIED.,.F.,.F.,
  (2,2),(7.4065,12.7375),.PIECEWISE_BEZIER_KNOTS.);
#448 = CARTESIAN_POINT('',(7.702883906313,14.813));
#449 = CARTESIAN_POINT('',(7.702883906313,20.144));
#450 = ( GEOMETRIC_REPRESENTATION_CONTEXT(2) 
PARAMETRIC_REPRESENTATION_CONTEXT() REPRESENTATION_CONTEXT('2D SPACE',''
  ) );
#451 = PCURVE('',#452,#457);
#452 = PLANE('',#453);
#453 = AXIS2_PLACEMENT_3D('',#454,#455,#456);
#454 = CARTESIAN_POINT('',(-6.396,-17.732,-3.164));
#455 = DIRECTION('',(0.,0.,1.));
#456 = DIRECTION('',(1.,0.,-0.));
#457 = DEFINITIONAL_REPRESENTATION('',(#458),#461);
#458 = B_SPLINE_CURVE_WITH_KNOTS('',1,(#459,#460),.UNSPECIFIED.,.F.,.F.,
  (2,2),(7.4065,12.7375),.PIECEWISE_BEZIER_KNOTS.);
#459 = CARTESIAN_POINT('',(0.,1.717));
#460 = CARTESIAN_POINT('',(5.331,1.717));
#461 = ( GEOMETRIC_REPRESENTATION_CONTEXT(2) 
PARAMETRIC_REPRESENTATION_CONTEXT() REPRESENTATION_CONTEXT('2D SPACE',''
  ) );
#462 = ORIENTED_EDGE('',*,*,#463,.T.);
#463 = EDGE_CURVE('',#438,#464,#466,.T.);
#464 = VERTEX_POINT('',#465);
#465 = CARTESIAN_POINT('',(-6.396,-16.015,-4.558));
#466 = SURFACE_CURVE('',#467,(#471,#477),.PCURVE_S1.);
#467 = LINE('',#468,#469);
#468 = CARTESIAN_POINT('',(-6.396,-16.015,-8.634941953157));
#469 = VECTOR('',#470,1.);
#470 = DIRECTION('',(-0.,0.,-1.));
#471 = PCURVE('',#62,#472);
#472 = DEFINITIONAL_REPRESENTATION('',(#473),#476);
#473 = B_SPLINE_CURVE_WITH_KNOTS('',1,(#474,#475),.UNSPECIFIED.,.F.,.F.,
  (2,2),(-5.470941953157,-2.231941953157),.PIECEWISE_BEZIER_KNOTS.);
#474 = CARTESIAN_POINT('',(7.702883906313,14.813));
#475 = CARTESIAN_POINT('',(4.463883906313,14.813));
#476 = ( GEOMETRIC_REPRESENTATION_CONTEXT(2) 
PARAMETRIC_REPRESENTATION_CONTEXT() REPRESENTATION_CONTEXT('2D SPACE',''
  ) );
#477 = PCURVE('',#478,#483);
#478 = PLANE('',#479);
#479 = AXIS2_PLACEMENT_3D('',#480,#481,#482);
#480 = CARTESIAN_POINT('',(-6.396,-17.732,-6.403));
#481 = DIRECTION('',(1.,0.,-0.));
#482 = DIRECTION('',(0.,0.,1.));
#483 = DEFINITIONAL_REPRESENTATION('',(#484),#487);
#484 = B_SPLINE_CURVE_WITH_KNOTS('',1,(#485,#486),.UNSPECIFIED.,.F.,.F.,
  (2,2),(-5.470941953157,-2.231941953157),.PIECEWISE_BEZIER_KNOTS.);
#485 = CARTESIAN_POINT('',(3.239,-1.717));
#486 = CARTESIAN_POINT('',(0.,-1.717));
#487 = ( GEOMETRIC_REPRESENTATION_CONTEXT(2) 
PARAMETRIC_REPRESENTATION_CONTEXT() REPRESENTATION_CONTEXT('2D SPACE',''
  ) );
#488 = ORIENTED_EDGE('',*,*,#489,.F.);
#489 = EDGE_CURVE('',#490,#464,#492,.T.);
#490 = VERTEX_POINT('',#491);
#491 = CARTESIAN_POINT('',(-15.05,-16.015,-4.558));
#492 = SURFACE_CURVE('',#493,(#497,#503),.PCURVE_S1.);
#493 = LINE('',#494,#495);
#494 = CARTESIAN_POINT('',(-18.1295,-16.015,-4.558));
#495 = VECTOR('',#496,1.);
#496 = DIRECTION('',(1.,0.,-0.));
#497 = PCURVE('',#62,#498);
#498 = DEFINITIONAL_REPRESENTATION('',(#499),#502);
#499 = B_SPLINE_CURVE_WITH_KNOTS('',1,(#500,#501),.UNSPECIFIED.,.F.,.F.,
  (2,2),(3.0795,16.7255),.PIECEWISE_BEZIER_KNOTS.);
#500 = CARTESIAN_POINT('',(6.308883906313,6.159));
#501 = CARTESIAN_POINT('',(6.308883906313,19.805));
#502 = ( GEOMETRIC_REPRESENTATION_CONTEXT(2) 
PARAMETRIC_REPRESENTATION_CONTEXT() REPRESENTATION_CONTEXT('2D SPACE',''
  ) );
#503 = PCURVE('',#504,#509);
#504 = PLANE('',#505);
#505 = AXIS2_PLACEMENT_3D('',#506,#507,#508);
#506 = CARTESIAN_POINT('',(-15.05,-18.988,-4.558));
#507 = DIRECTION('',(0.,0.,1.));
#508 = DIRECTION('',(1.,0.,-0.));
#509 = DEFINITIONAL_REPRESENTATION('',(#510),#513);
#510 = B_SPLINE_CURVE_WITH_KNOTS('',1,(#511,#512),.UNSPECIFIED.,.F.,.F.,
  (2,2),(3.0795,16.7255),.PIECEWISE_BEZIER_KNOTS.);
#511 = CARTESIAN_POINT('',(0.,2.973));
#512 = CARTESIAN_POINT('',(13.646,2.973));
#513 = ( GEOMETRIC_REPRESENTATION_CONTEXT(2) 
PARAMETRIC_REPRESENTATION_CONTEXT() REPRESENTATION_CONTEXT('2D SPACE',''
  ) );
#514 = ORIENTED_EDGE('',*,*,#515,.T.);
#515 = EDGE_CURVE('',#490,#516,#518,.T.);
#516 = VERTEX_POINT('',#517);
#517 = CARTESIAN_POINT('',(-15.05,-16.015,-6.403));
#518 = SURFACE_CURVE('',#519,(#523,#529),.PCURVE_S1.);
#519 = LINE('',#520,#521);
#520 = CARTESIAN_POINT('',(-15.05,-16.015,-8.634941953157));
#521 = VECTOR('',#522,1.);
#522 = DIRECTION('',(-0.,0.,-1.));
#523 = PCURVE('',#62,#524);
#524 = DEFINITIONAL_REPRESENTATION('',(#525),#528);
#525 = B_SPLINE_CURVE_WITH_KNOTS('',1,(#526,#527),.UNSPECIFIED.,.F.,.F.,
  (2,2),(-4.076941953157,-2.231941953157),.PIECEWISE_BEZIER_KNOTS.);
#526 = CARTESIAN_POINT('',(6.308883906313,6.159));
#527 = CARTESIAN_POINT('',(4.463883906313,6.159));
#528 = ( GEOMETRIC_REPRESENTATION_CONTEXT(2) 
PARAMETRIC_REPRESENTATION_CONTEXT() REPRESENTATION_CONTEXT('2D SPACE',''
  ) );
#529 = PCURVE('',#530,#535);
#530 = PLANE('',#531);
#531 = AXIS2_PLACEMENT_3D('',#532,#533,#534);
#532 = CARTESIAN_POINT('',(-15.05,-18.988,-6.403));
#533 = DIRECTION('',(1.,0.,-0.));
#534 = DIRECTION('',(0.,0.,1.));
#535 = DEFINITIONAL_REPRESENTATION('',(#536),#539);
#536 = B_SPLINE_CURVE_WITH_KNOTS('',1,(#537,#538),.UNSPECIFIED.,.F.,.F.,
  (2,2),(-4.076941953157,-2.231941953157),.PIECEWISE_BEZIER_KNOTS.);
#537 = CARTESIAN_POINT('',(1.845,-2.973));
#538 = CARTESIAN_POINT('',(0.,-2.973));
#539 = ( GEOMETRIC_REPRESENTATION_CONTEXT(2) 
PARAMETRIC_REPRESENTATION_CONTEXT() REPRESENTATION_CONTEXT('2D SPACE',''
  ) );
#540 = ORIENTED_EDGE('',*,*,#541,.F.);
#541 = EDGE_CURVE('',#337,#516,#542,.T.);
#542 = SURFACE_CURVE('',#543,(#547,#554),.PCURVE_S1.);
#543 = LINE('',#544,#545);
#544 = CARTESIAN_POINT('',(-1.065,-16.015,-6.403));
#545 = VECTOR('',#546,1.);
#546 = DIRECTION('',(-1.,0.,6.350936143726E-17));
#547 = PCURVE('',#62,#548);
#548 = DEFINITIONAL_REPRESENTATION('',(#549),#553);
#549 = LINE('',#550,#551);
#550 = CARTESIAN_POINT('',(4.463883906313,20.144));
#551 = VECTOR('',#552,1.);
#552 = DIRECTION('',(6.350936143726E-17,-1.));
#553 = ( GEOMETRIC_REPRESENTATION_CONTEXT(2) 
PARAMETRIC_REPRESENTATION_CONTEXT() REPRESENTATION_CONTEXT('2D SPACE',''
  ) );
#554 = PCURVE('',#555,#560);
#555 = PLANE('',#556);
#556 = AXIS2_PLACEMENT_3D('',#557,#558,#559);
#557 = CARTESIAN_POINT('',(-6.396,-17.732,-6.403));
#558 = DIRECTION('',(0.,0.,1.));
#559 = DIRECTION('',(1.,0.,-0.));
#560 = DEFINITIONAL_REPRESENTATION('',(#561),#565);
#561 = LINE('',#562,#563);
#562 = CARTESIAN_POINT('',(5.331,1.717));
#563 = VECTOR('',#564,1.);
#564 = DIRECTION('',(-1.,0.));
#565 = ( GEOMETRIC_REPRESENTATION_CONTEXT(2) 
PARAMETRIC_REPRESENTATION_CONTEXT() REPRESENTATION_CONTEXT('2D SPACE',''
  ) );
#566 = ADVANCED_FACE('',(#567),#319,.T.);
#567 = FACE_BOUND('',#568,.F.);
#568 = EDGE_LOOP('',(#569,#570,#571,#594,#694));
#569 = ORIENTED_EDGE('',*,*,#386,.F.);
#570 = ORIENTED_EDGE('',*,*,#300,.T.);
#571 = ORIENTED_EDGE('',*,*,#572,.T.);
#572 = EDGE_CURVE('',#273,#573,#575,.T.);
#573 = VERTEX_POINT('',#574);
#574 = CARTESIAN_POINT('',(-1.50487270886,-13.943,4.440892098501E-16));
#575 = SURFACE_CURVE('',#576,(#580,#587),.PCURVE_S1.);
#576 = LINE('',#577,#578);
#577 = CARTESIAN_POINT('',(-21.209,-13.943,4.440892098501E-16));
#578 = VECTOR('',#579,1.);
#579 = DIRECTION('',(1.,0.,-0.));
#580 = PCURVE('',#319,#581);
#581 = DEFINITIONAL_REPRESENTATION('',(#582),#586);
#582 = LINE('',#583,#584);
#583 = CARTESIAN_POINT('',(-1.570796326795,0.));
#584 = VECTOR('',#585,1.);
#585 = DIRECTION('',(-0.,1.));
#586 = ( GEOMETRIC_REPRESENTATION_CONTEXT(2) 
PARAMETRIC_REPRESENTATION_CONTEXT() REPRESENTATION_CONTEXT('2D SPACE',''
  ) );
#587 = PCURVE('',#288,#588);
#588 = DEFINITIONAL_REPRESENTATION('',(#589),#593);
#589 = LINE('',#590,#591);
#590 = CARTESIAN_POINT('',(0.,2.072));
#591 = VECTOR('',#592,1.);
#592 = DIRECTION('',(1.,0.));
#593 = ( GEOMETRIC_REPRESENTATION_CONTEXT(2) 
PARAMETRIC_REPRESENTATION_CONTEXT() REPRESENTATION_CONTEXT('2D SPACE',''
  ) );
#594 = ORIENTED_EDGE('',*,*,#595,.T.);
#595 = EDGE_CURVE('',#573,#596,#598,.T.);
#596 = VERTEX_POINT('',#597);
#597 = CARTESIAN_POINT('',(-1.065,-14.8956720317,-0.232));
#598 = SURFACE_CURVE('',#599,(#627,#658),.PCURVE_S1.);
#599 = B_SPLINE_CURVE_WITH_KNOTS('',6,(#600,#601,#602,#603,#604,#605,
    #606,#607,#608,#609,#610,#611,#612,#613,#614,#615,#616,#617,#618,
    #619,#620,#621,#622,#623,#624,#625,#626),.UNSPECIFIED.,.F.,.F.,(7,5,
    5,5,5,7),(0.,0.417352391477,0.573192506821,0.713083963086,
    0.960891597771,1.),.UNSPECIFIED.);
#600 = CARTESIAN_POINT('',(-1.50487270886,-13.943,3.053113317719E-16));
#601 = CARTESIAN_POINT('',(-1.50487270886,-14.03880819195,
    3.053113317719E-16));
#602 = CARTESIAN_POINT('',(-1.501234765476,-14.13468936229,
    -5.316414570026E-03));
#603 = CARTESIAN_POINT('',(-1.493949443952,-14.22937925424,
    -1.596274408552E-02));
#604 = CARTESIAN_POINT('',(-1.482546474053,-14.32158875826,
    -3.159377614644E-02));
#605 = CARTESIAN_POINT('',(-1.466101452592,-14.40989073836,
    -5.146678921389E-02));
#606 = CARTESIAN_POINT('',(-1.435129158346,-14.52347509602,
    -8.271407301445E-02));
#607 = CARTESIAN_POINT('',(-1.425859253492,-14.55356733982,
    -9.160866553293E-02));
#608 = CARTESIAN_POINT('',(-1.415693348586,-14.58275434411,
    -0.100823257721));
#609 = CARTESIAN_POINT('',(-1.404586819833,-14.61092116183,
    -0.11026461373));
#610 = CARTESIAN_POINT('',(-1.392500748579,-14.63795354669,
    -0.119826878672));
#611 = CARTESIAN_POINT('',(-1.367650187416,-14.6868828011,
    -0.137980397643));
#612 = CARTESIAN_POINT('',(-1.355081367832,-14.70902281128,
    -0.146571137337));
#613 = CARTESIAN_POINT('',(-1.341688866807,-14.73005175867,
    -0.155072374507));
#614 = CARTESIAN_POINT('',(-1.327473541521,-14.74987181486,
    -0.163384322373));
#615 = CARTESIAN_POINT('',(-1.312449043641,-14.7683922223,
    -0.171404435785));
#616 = CARTESIAN_POINT('',(-1.268645682338,-14.81588385525,
    -0.192542160829));
#617 = CARTESIAN_POINT('',(-1.238178522053,-14.84191630286,
    -0.204828416404));
#618 = CARTESIAN_POINT('',(-1.205491024729,-14.8630352981,
    -0.215277496076));
#619 = CARTESIAN_POINT('',(-1.171023510682,-14.87882645515,
    -0.223318272281));
#620 = CARTESIAN_POINT('',(-1.135395757235,-14.88902727198,
    -0.228567835483));
#621 = CARTESIAN_POINT('',(-1.093598109853,-14.8942472799,
    -0.231262850465));
#622 = CARTESIAN_POINT('',(-1.087889624338,-14.89481695943,
    -0.231557386142));
#623 = CARTESIAN_POINT('',(-1.082172706455,-14.89524444953,
    -0.231778616431));
#624 = CARTESIAN_POINT('',(-1.076450152098,-14.89552951671,
    -0.231926211629));
#625 = CARTESIAN_POINT('',(-1.070724773653,-14.89567204415,
    -0.232000006445));
#626 = CARTESIAN_POINT('',(-1.064999399999,-14.8956720317,-0.232));
#627 = PCURVE('',#319,#628);
#628 = DEFINITIONAL_REPRESENTATION('',(#629),#657);
#629 = B_SPLINE_CURVE_WITH_KNOTS('',6,(#630,#631,#632,#633,#634,#635,
    #636,#637,#638,#639,#640,#641,#642,#643,#644,#645,#646,#647,#648,
    #649,#650,#651,#652,#653,#654,#655,#656),.UNSPECIFIED.,.F.,.F.,(7,5,
    5,5,5,7),(0.,0.417352391477,0.573192506821,0.713083963086,
    0.960891597771,1.),.UNSPECIFIED.);
#630 = CARTESIAN_POINT('',(-1.570796326795,19.70412729114));
#631 = CARTESIAN_POINT('',(-1.524556851913,19.70412729114));
#632 = CARTESIAN_POINT('',(-1.478282174615,19.707765234524));
#633 = CARTESIAN_POINT('',(-1.432404337484,19.715050556048));
#634 = CARTESIAN_POINT('',(-1.387366974769,19.726453525947));
#635 = CARTESIAN_POINT('',(-1.343732679886,19.742898547408));
#636 = CARTESIAN_POINT('',(-1.286877433459,19.773870841654));
#637 = CARTESIAN_POINT('',(-1.271735733359,19.783140746508));
#638 = CARTESIAN_POINT('',(-1.256967633296,19.793306651414));
#639 = CARTESIAN_POINT('',(-1.242633336563,19.804413180167));
#640 = CARTESIAN_POINT('',(-1.228796238144,19.816499251421));
#641 = CARTESIAN_POINT('',(-1.203608818339,19.841349812584));
#642 = CARTESIAN_POINT('',(-1.192148567871,19.853918632168));
#643 = CARTESIAN_POINT('',(-1.181203004027,19.867311133193));
#644 = CARTESIAN_POINT('',(-1.170831348051,19.881526458479));
#645 = CARTESIAN_POINT('',(-1.161091314189,19.896550956359));
#646 = CARTESIAN_POINT('',(-1.136002871491,19.940354317662));
#647 = CARTESIAN_POINT('',(-1.122113431239,19.970821477947));
#648 = CARTESIAN_POINT('',(-1.110743298682,20.003508975271));
#649 = CARTESIAN_POINT('',(-1.102190867856,20.037976489318));
#650 = CARTESIAN_POINT('',(-1.096654068687,20.073604242765));
#651 = CARTESIAN_POINT('',(-1.093818809781,20.115401890147));
#652 = CARTESIAN_POINT('',(-1.093509294424,20.121110375663));
#653 = CARTESIAN_POINT('',(-1.0932769863,20.126827293545));
#654 = CARTESIAN_POINT('',(-1.093122058544,20.132549847902));
#655 = CARTESIAN_POINT('',(-1.093044597888,20.138275226346));
#656 = CARTESIAN_POINT('',(-1.093044604653,20.1440006));
#657 = ( GEOMETRIC_REPRESENTATION_CONTEXT(2) 
PARAMETRIC_REPRESENTATION_CONTEXT() REPRESENTATION_CONTEXT('2D SPACE',''
  ) );
#658 = PCURVE('',#659,#664);
#659 = CYLINDRICAL_SURFACE('',#660,0.533);
#660 = AXIS2_PLACEMENT_3D('',#661,#662,#663);
#661 = CARTESIAN_POINT('',(-1.065,17.208,0.301));
#662 = DIRECTION('',(0.,-1.,2.22044604925E-16));
#663 = DIRECTION('',(1.,0.,0.));
#664 = DEFINITIONAL_REPRESENTATION('',(#665),#693);
#665 = B_SPLINE_CURVE_WITH_KNOTS('',6,(#666,#667,#668,#669,#670,#671,
    #672,#673,#674,#675,#676,#677,#678,#679,#680,#681,#682,#683,#684,
    #685,#686,#687,#688,#689,#690,#691,#692),.UNSPECIFIED.,.F.,.F.,(7,5,
    5,5,5,7),(0.,0.417352391477,0.573192506821,0.713083963086,
    0.960891597771,1.),.UNSPECIFIED.);
#666 = CARTESIAN_POINT('',(3.741696229159,31.151));
#667 = CARTESIAN_POINT('',(3.741696229159,31.246808191955));
#668 = CARTESIAN_POINT('',(3.753782169374,31.342689362297));
#669 = CARTESIAN_POINT('',(3.777986886384,31.43737925424));
#670 = CARTESIAN_POINT('',(3.814267929858,31.529588758269));
#671 = CARTESIAN_POINT('',(3.862468826721,31.617890738366));
#672 = CARTESIAN_POINT('',(3.945013508245,31.731475096024));
#673 = CARTESIAN_POINT('',(3.96910910232,31.761567339826));
#674 = CARTESIAN_POINT('',(3.994834789301,31.790754344118));
#675 = CARTESIAN_POINT('',(4.022160760075,31.81892116183));
#676 = CARTESIAN_POINT('',(4.051053762682,31.845953546691));
#677 = CARTESIAN_POINT('',(4.108792975181,31.894882801106));
#678 = CARTESIAN_POINT('',(4.137342229795,31.917022811283));
#679 = CARTESIAN_POINT('',(4.167076707056,31.938051758671));
#680 = CARTESIAN_POINT('',(4.197938603892,31.957871814863));
#681 = CARTESIAN_POINT('',(4.229865288057,31.976392222306));
#682 = CARTESIAN_POINT('',(4.321116311605,32.023883855258));
#683 = CARTESIAN_POINT('',(4.382615680556,32.04991630286));
#684 = CARTESIAN_POINT('',(4.446724618456,32.071035298108));
#685 = CARTESIAN_POINT('',(4.512790027482,32.086826455153));
#686 = CARTESIAN_POINT('',(4.580129262512,32.097027271983));
#687 = CARTESIAN_POINT('',(4.658711704185,32.102247279903));
#688 = CARTESIAN_POINT('',(4.669435166575,32.102816959439));
#689 = CARTESIAN_POINT('',(4.680167788362,32.103244449532));
#690 = CARTESIAN_POINT('',(4.690906523321,32.10352951671));
#691 = CARTESIAN_POINT('',(4.701648316873,32.103672044156));
#692 = CARTESIAN_POINT('',(4.712390106093,32.103672031708));
#693 = ( GEOMETRIC_REPRESENTATION_CONTEXT(2) 
PARAMETRIC_REPRESENTATION_CONTEXT() REPRESENTATION_CONTEXT('2D SPACE',''
  ) );
#694 = ORIENTED_EDGE('',*,*,#695,.F.);
#695 = EDGE_CURVE('',#387,#596,#696,.T.);
#696 = SURFACE_CURVE('',#697,(#702,#709),.PCURVE_S1.);
#697 = CIRCLE('',#698,2.072);
#698 = AXIS2_PLACEMENT_3D('',#699,#700,#701);
#699 = CARTESIAN_POINT('',(-1.065,-13.943,-2.072));
#700 = DIRECTION('',(-1.,-0.,0.));
#701 = DIRECTION('',(0.,0.,1.));
#702 = PCURVE('',#319,#703);
#703 = DEFINITIONAL_REPRESENTATION('',(#704),#708);
#704 = LINE('',#705,#706);
#705 = CARTESIAN_POINT('',(4.712388980385,20.144));
#706 = VECTOR('',#707,1.);
#707 = DIRECTION('',(-1.,0.));
#708 = ( GEOMETRIC_REPRESENTATION_CONTEXT(2) 
PARAMETRIC_REPRESENTATION_CONTEXT() REPRESENTATION_CONTEXT('2D SPACE',''
  ) );
#709 = PCURVE('',#425,#710);
#710 = DEFINITIONAL_REPRESENTATION('',(#711),#719);
#711 = ( BOUNDED_CURVE() B_SPLINE_CURVE(2,(#712,#713,#714,#715,#716,#717
,#718),.UNSPECIFIED.,.T.,.F.) B_SPLINE_CURVE_WITH_KNOTS((1,2,2,2,2,1),(
    -2.094395102393,0.,2.094395102393,4.188790204786,6.28318530718,
8.377580409573),.UNSPECIFIED.) CURVE() GEOMETRIC_REPRESENTATION_ITEM() 
RATIONAL_B_SPLINE_CURVE((1.,0.5,1.,0.5,1.,0.5,1.)) REPRESENTATION_ITEM(
  '') );
#712 = CARTESIAN_POINT('',(10.866883906313,-2.386));
#713 = CARTESIAN_POINT('',(10.866883906313,-5.974809273283));
#714 = CARTESIAN_POINT('',(7.758883906313,-4.180404636641));
#715 = CARTESIAN_POINT('',(4.650883906313,-2.386));
#716 = CARTESIAN_POINT('',(7.758883906313,-0.591595363359));
#717 = CARTESIAN_POINT('',(10.866883906313,1.202809273283));
#718 = CARTESIAN_POINT('',(10.866883906313,-2.386));
#719 = ( GEOMETRIC_REPRESENTATION_CONTEXT(2) 
PARAMETRIC_REPRESENTATION_CONTEXT() REPRESENTATION_CONTEXT('2D SPACE',''
  ) );
#720 = ADVANCED_FACE('',(#721),#288,.T.);
#721 = FACE_BOUND('',#722,.T.);
#722 = EDGE_LOOP('',(#723,#724,#725,#746,#774,#802,#860,#888));
#723 = ORIENTED_EDGE('',*,*,#272,.F.);
#724 = ORIENTED_EDGE('',*,*,#572,.T.);
#725 = ORIENTED_EDGE('',*,*,#726,.F.);
#726 = EDGE_CURVE('',#727,#573,#729,.T.);
#727 = VERTEX_POINT('',#728);
#728 = CARTESIAN_POINT('',(-1.50487270886,13.957,4.440892098501E-16));
#729 = SURFACE_CURVE('',#730,(#734,#740),.PCURVE_S1.);
#730 = LINE('',#731,#732);
#731 = CARTESIAN_POINT('',(-1.50487270886,17.208,0.));
#732 = VECTOR('',#733,1.);
#733 = DIRECTION('',(0.,-1.,2.22044604925E-16));
#734 = PCURVE('',#288,#735);
#735 = DEFINITIONAL_REPRESENTATION('',(#736),#739);
#736 = B_SPLINE_CURVE_WITH_KNOTS('',1,(#737,#738),.UNSPECIFIED.,.F.,.F.,
  (2,2),(0.461,33.941),.PIECEWISE_BEZIER_KNOTS.);
#737 = CARTESIAN_POINT('',(19.70412729114,32.762));
#738 = CARTESIAN_POINT('',(19.70412729114,-0.718));
#739 = ( GEOMETRIC_REPRESENTATION_CONTEXT(2) 
PARAMETRIC_REPRESENTATION_CONTEXT() REPRESENTATION_CONTEXT('2D SPACE',''
  ) );
#740 = PCURVE('',#659,#741);
#741 = DEFINITIONAL_REPRESENTATION('',(#742),#745);
#742 = B_SPLINE_CURVE_WITH_KNOTS('',1,(#743,#744),.UNSPECIFIED.,.F.,.F.,
  (2,2),(0.461,33.941),.PIECEWISE_BEZIER_KNOTS.);
#743 = CARTESIAN_POINT('',(3.741696229158,0.461));
#744 = CARTESIAN_POINT('',(3.741696229158,33.941));
#745 = ( GEOMETRIC_REPRESENTATION_CONTEXT(2) 
PARAMETRIC_REPRESENTATION_CONTEXT() REPRESENTATION_CONTEXT('2D SPACE',''
  ) );
#746 = ORIENTED_EDGE('',*,*,#747,.F.);
#747 = EDGE_CURVE('',#748,#727,#750,.T.);
#748 = VERTEX_POINT('',#749);
#749 = CARTESIAN_POINT('',(-21.209,13.957,4.440892098501E-16));
#750 = SURFACE_CURVE('',#751,(#755,#762),.PCURVE_S1.);
#751 = LINE('',#752,#753);
#752 = CARTESIAN_POINT('',(-21.209,13.957,4.440892098501E-16));
#753 = VECTOR('',#754,1.);
#754 = DIRECTION('',(1.,0.,-0.));
#755 = PCURVE('',#288,#756);
#756 = DEFINITIONAL_REPRESENTATION('',(#757),#761);
#757 = LINE('',#758,#759);
#758 = CARTESIAN_POINT('',(0.,29.972));
#759 = VECTOR('',#760,1.);
#760 = DIRECTION('',(1.,0.));
#761 = ( GEOMETRIC_REPRESENTATION_CONTEXT(2) 
PARAMETRIC_REPRESENTATION_CONTEXT() REPRESENTATION_CONTEXT('2D SPACE',''
  ) );
#762 = PCURVE('',#763,#768);
#763 = CYLINDRICAL_SURFACE('',#764,2.072);
#764 = AXIS2_PLACEMENT_3D('',#765,#766,#767);
#765 = CARTESIAN_POINT('',(-21.209,13.957,-2.072));
#766 = DIRECTION('',(1.,0.,-0.));
#767 = DIRECTION('',(0.,0.,1.));
#768 = DEFINITIONAL_REPRESENTATION('',(#769),#773);
#769 = LINE('',#770,#771);
#770 = CARTESIAN_POINT('',(-0.,0.));
#771 = VECTOR('',#772,1.);
#772 = DIRECTION('',(-0.,1.));
#773 = ( GEOMETRIC_REPRESENTATION_CONTEXT(2) 
PARAMETRIC_REPRESENTATION_CONTEXT() REPRESENTATION_CONTEXT('2D SPACE',''
  ) );
#774 = ORIENTED_EDGE('',*,*,#775,.F.);
#775 = EDGE_CURVE('',#776,#748,#778,.T.);
#776 = VERTEX_POINT('',#777);
#777 = CARTESIAN_POINT('',(-21.209,12.78657275684,4.483688120274E-17));
#778 = SURFACE_CURVE('',#779,(#783,#790),.PCURVE_S1.);
#779 = LINE('',#780,#781);
#780 = CARTESIAN_POINT('',(-21.209,-16.015,0.));
#781 = VECTOR('',#782,1.);
#782 = DIRECTION('',(-0.,1.,0.));
#783 = PCURVE('',#288,#784);
#784 = DEFINITIONAL_REPRESENTATION('',(#785),#789);
#785 = LINE('',#786,#787);
#786 = CARTESIAN_POINT('',(0.,0.));
#787 = VECTOR('',#788,1.);
#788 = DIRECTION('',(0.,1.));
#789 = ( GEOMETRIC_REPRESENTATION_CONTEXT(2) 
PARAMETRIC_REPRESENTATION_CONTEXT() REPRESENTATION_CONTEXT('2D SPACE',''
  ) );
#790 = PCURVE('',#791,#796);
#791 = PLANE('',#792);
#792 = AXIS2_PLACEMENT_3D('',#793,#794,#795);
#793 = CARTESIAN_POINT('',(-21.209,-16.015,-10.86688390631));
#794 = DIRECTION('',(1.,0.,-0.));
#795 = DIRECTION('',(0.,0.,1.));
#796 = DEFINITIONAL_REPRESENTATION('',(#797),#801);
#797 = LINE('',#798,#799);
#798 = CARTESIAN_POINT('',(10.866883906313,0.));
#799 = VECTOR('',#800,1.);
#800 = DIRECTION('',(0.,-1.));
#801 = ( GEOMETRIC_REPRESENTATION_CONTEXT(2) 
PARAMETRIC_REPRESENTATION_CONTEXT() REPRESENTATION_CONTEXT('2D SPACE',''
  ) );
#802 = ORIENTED_EDGE('',*,*,#803,.F.);
#803 = EDGE_CURVE('',#804,#776,#806,.T.);
#804 = VERTEX_POINT('',#805);
#805 = CARTESIAN_POINT('',(-21.94009740679,12.783960791779,0.));
#806 = SURFACE_CURVE('',#807,(#816,#828),.PCURVE_S1.);
#807 = B_SPLINE_CURVE_WITH_KNOTS('',3,(#808,#809,#810,#811,#812,#813,
    #814,#815),.UNSPECIFIED.,.F.,.F.,(4,2,2,4),(-0.770484833119,
    1.776929778191E-06,12.590567907278,13.352287701276),.UNSPECIFIED.);
#808 = CARTESIAN_POINT('',(-33.57009778196,12.732830383038,0.));
#809 = CARTESIAN_POINT('',(-33.3132381556,12.734135374143,0.));
#810 = CARTESIAN_POINT('',(-33.05639390741,12.735440287118,0.));
#811 = CARTESIAN_POINT('',(-28.60270966061,12.758067503422,0.));
#812 = CARTESIAN_POINT('',(-24.40585428383,12.775795750551,
    4.440892098501E-16));
#813 = CARTESIAN_POINT('',(-19.95509230905,12.790891950354,
    -2.686706363649E-17));
#814 = CARTESIAN_POINT('',(-19.69824622347,12.791763126986,
    -5.40451684214E-17));
#815 = CARTESIAN_POINT('',(-19.43846065031,12.792644273841,
    -8.153431435474E-17));
#816 = PCURVE('',#288,#817);
#817 = DEFINITIONAL_REPRESENTATION('',(#818),#827);
#818 = B_SPLINE_CURVE_WITH_KNOTS('',3,(#819,#820,#821,#822,#823,#824,
    #825,#826),.UNSPECIFIED.,.F.,.F.,(4,2,2,4),(-0.770484833119,
    1.776929778191E-06,12.590567907278,13.352287701276),.UNSPECIFIED.);
#819 = CARTESIAN_POINT('',(-12.36109778196,28.747830383038));
#820 = CARTESIAN_POINT('',(-12.1042381556,28.749135374143));
#821 = CARTESIAN_POINT('',(-11.84739390741,28.750440287118));
#822 = CARTESIAN_POINT('',(-7.393709660616,28.773067503422));
#823 = CARTESIAN_POINT('',(-3.196854283833,28.790795750551));
#824 = CARTESIAN_POINT('',(1.253907690949,28.805891950354));
#825 = CARTESIAN_POINT('',(1.510753776526,28.806763126986));
#826 = CARTESIAN_POINT('',(1.770539349683,28.807644273841));
#827 = ( GEOMETRIC_REPRESENTATION_CONTEXT(2) 
PARAMETRIC_REPRESENTATION_CONTEXT() REPRESENTATION_CONTEXT('2D SPACE',''
  ) );
#828 = PCURVE('',#829,#854);
#829 = ( BOUNDED_SURFACE() B_SPLINE_SURFACE(2,3,(
    (#830,#831,#832,#833,#834,#835,#836,#837)
    ,(#838,#839,#840,#841,#842,#843,#844,#845)
    ,(#846,#847,#848,#849,#850,#851,#852,#853
)),.UNSPECIFIED.,.F.,.F.,.F.) B_SPLINE_SURFACE_WITH_KNOTS((3,3),(4,2,2,4
    ),(0.,12.590566130348),(-0.770484833119,1.776929778191E-06,
    12.590567907278,13.352287701276),.UNSPECIFIED.) 
GEOMETRIC_REPRESENTATION_ITEM() RATIONAL_B_SPLINE_SURFACE((
    (1.,1.,1.,1.,1.,1.,1.,1.)
    ,(0.638719946284,0.638240778429,0.638240778429,0.646550055835
      ,0.654236271388,0.662250363023,0.662250363023,0.661793175971)
,(1.,1.,1.,1.,1.,1.,1.,1.))) REPRESENTATION_ITEM('') SURFACE() );
#830 = CARTESIAN_POINT('',(-33.57009778196,12.732830383038,0.));
#831 = CARTESIAN_POINT('',(-33.3132381556,12.734135374143,0.));
#832 = CARTESIAN_POINT('',(-33.05639390741,12.735440287118,0.));
#833 = CARTESIAN_POINT('',(-28.60270966061,12.758067503422,0.));
#834 = CARTESIAN_POINT('',(-24.40585428383,12.775795750551,
    4.440892098501E-16));
#835 = CARTESIAN_POINT('',(-19.95509230905,12.790891950354,
    -2.686706363649E-17));
#836 = CARTESIAN_POINT('',(-19.69824622347,12.791763126986,
    -5.40451684214E-17));
#837 = CARTESIAN_POINT('',(-19.43846065031,12.792644273841,
    -8.153431435474E-17));
#838 = CARTESIAN_POINT('',(-33.57008756263,15.238371538314,0.));
#839 = CARTESIAN_POINT('',(-33.31362039361,15.236516114333,0.));
#840 = CARTESIAN_POINT('',(-33.05658672514,15.234656591984,0.));
#841 = CARTESIAN_POINT('',(-28.65353610022,15.202802511973,0.));
#842 = CARTESIAN_POINT('',(-24.45433101467,15.171054190055,
    -4.440892098501E-16));
#843 = CARTESIAN_POINT('',(-19.95526759443,15.135192251956,
    2.654193718589E-17));
#844 = CARTESIAN_POINT('',(-19.69860550068,15.133146403908,
    5.339045304304E-17));
#845 = CARTESIAN_POINT('',(-19.43848069564,15.131072954662,
    8.060119090947E-17));
#846 = CARTESIAN_POINT('',(-33.57005164744,14.768000115121,
    -2.461010352739));
#847 = CARTESIAN_POINT('',(-33.31322277743,14.769779983981,
    -2.458473776636));
#848 = CARTESIAN_POINT('',(-33.05639390741,14.771559852841,
    -2.455937200533));
#849 = CARTESIAN_POINT('',(-28.60270966061,14.802424661397,
    -2.411950288036));
#850 = CARTESIAN_POINT('',(-24.40585428383,14.826606872311,
    -2.370500641182));
#851 = CARTESIAN_POINT('',(-19.95509230905,14.847198793459,
    -2.326543814646));
#852 = CARTESIAN_POINT('',(-19.69826002013,14.848387055215,
    -2.324007275411));
#853 = CARTESIAN_POINT('',(-19.43850204031,14.84958885299,
    -2.321441841329));
#854 = DEFINITIONAL_REPRESENTATION('',(#855),#859);
#855 = LINE('',#856,#857);
#856 = CARTESIAN_POINT('',(0.,0.));
#857 = VECTOR('',#858,1.);
#858 = DIRECTION('',(0.,1.));
#859 = ( GEOMETRIC_REPRESENTATION_CONTEXT(2) 
PARAMETRIC_REPRESENTATION_CONTEXT() REPRESENTATION_CONTEXT('2D SPACE',''
  ) );
#860 = ORIENTED_EDGE('',*,*,#861,.F.);
#861 = EDGE_CURVE('',#862,#804,#864,.T.);
#862 = VERTEX_POINT('',#863);
#863 = CARTESIAN_POINT('',(-22.23183942825,-12.7828986967,0.));
#864 = SURFACE_CURVE('',#865,(#869,#876),.PCURVE_S1.);
#865 = LINE('',#866,#867);
#866 = CARTESIAN_POINT('',(-22.23186619435,-12.78524434818,0.));
#867 = VECTOR('',#868,1.);
#868 = DIRECTION('',(1.141020193085E-02,0.999934901527,-0.));
#869 = PCURVE('',#288,#870);
#870 = DEFINITIONAL_REPRESENTATION('',(#871),#875);
#871 = LINE('',#872,#873);
#872 = CARTESIAN_POINT('',(-1.022866194359,3.229755651815));
#873 = VECTOR('',#874,1.);
#874 = DIRECTION('',(1.141020193085E-02,0.999934901527));
#875 = ( GEOMETRIC_REPRESENTATION_CONTEXT(2) 
PARAMETRIC_REPRESENTATION_CONTEXT() REPRESENTATION_CONTEXT('2D SPACE',''
  ) );
#876 = PCURVE('',#877,#882);
#877 = CYLINDRICAL_SURFACE('',#878,0.53);
#878 = AXIS2_PLACEMENT_3D('',#879,#880,#881);
#879 = CARTESIAN_POINT('',(-22.23186619435,-12.78524434818,-0.53));
#880 = DIRECTION('',(1.141020193085E-02,0.999934901527,-0.));
#881 = DIRECTION('',(0.,0.,1.));
#882 = DEFINITIONAL_REPRESENTATION('',(#883),#887);
#883 = LINE('',#884,#885);
#884 = CARTESIAN_POINT('',(-0.,0.));
#885 = VECTOR('',#886,1.);
#886 = DIRECTION('',(-0.,1.));
#887 = ( GEOMETRIC_REPRESENTATION_CONTEXT(2) 
PARAMETRIC_REPRESENTATION_CONTEXT() REPRESENTATION_CONTEXT('2D SPACE',''
  ) );
#888 = ORIENTED_EDGE('',*,*,#889,.T.);
#889 = EDGE_CURVE('',#862,#168,#890,.T.);
#890 = SURFACE_CURVE('',#891,(#900,#912),.PCURVE_S1.);
#891 = B_SPLINE_CURVE_WITH_KNOTS('',3,(#892,#893,#894,#895,#896,#897,
    #898,#899),.UNSPECIFIED.,.F.,.F.,(4,2,2,4),(-0.770484833119,
    1.776929778187E-06,12.590567907278,13.352287701276),.UNSPECIFIED.);
#892 = CARTESIAN_POINT('',(-33.57009778196,-12.73283038303,0.));
#893 = CARTESIAN_POINT('',(-33.3132381556,-12.73413537414,0.));
#894 = CARTESIAN_POINT('',(-33.05639390741,-12.73544028711,0.));
#895 = CARTESIAN_POINT('',(-28.60270966061,-12.75806750342,0.));
#896 = CARTESIAN_POINT('',(-24.40585428383,-12.77579575055,
    -2.22044604925E-16));
#897 = CARTESIAN_POINT('',(-19.95509230905,-12.79089195035,
    1.343353181824E-17));
#898 = CARTESIAN_POINT('',(-19.69824622347,-12.79176312698,
    2.70225842107E-17));
#899 = CARTESIAN_POINT('',(-19.43846065031,-12.79264427384,
    4.076715717737E-17));
#900 = PCURVE('',#288,#901);
#901 = DEFINITIONAL_REPRESENTATION('',(#902),#911);
#902 = B_SPLINE_CURVE_WITH_KNOTS('',3,(#903,#904,#905,#906,#907,#908,
    #909,#910),.UNSPECIFIED.,.F.,.F.,(4,2,2,4),(-0.770484833119,
    1.776929778187E-06,12.590567907278,13.352287701276),.UNSPECIFIED.);
#903 = CARTESIAN_POINT('',(-12.36109778196,3.282169616962));
#904 = CARTESIAN_POINT('',(-12.1042381556,3.280864625857));
#905 = CARTESIAN_POINT('',(-11.84739390741,3.279559712882));
#906 = CARTESIAN_POINT('',(-7.393709660616,3.256932496578));
#907 = CARTESIAN_POINT('',(-3.196854283833,3.239204249449));
#908 = CARTESIAN_POINT('',(1.253907690949,3.224108049646));
#909 = CARTESIAN_POINT('',(1.510753776526,3.223236873014));
#910 = CARTESIAN_POINT('',(1.770539349683,3.222355726159));
#911 = ( GEOMETRIC_REPRESENTATION_CONTEXT(2) 
PARAMETRIC_REPRESENTATION_CONTEXT() REPRESENTATION_CONTEXT('2D SPACE',''
  ) );
#912 = PCURVE('',#221,#913);
#913 = DEFINITIONAL_REPRESENTATION('',(#914),#918);
#914 = LINE('',#915,#916);
#915 = CARTESIAN_POINT('',(12.590566130348,0.));
#916 = VECTOR('',#917,1.);
#917 = DIRECTION('',(0.,1.));
#918 = ( GEOMETRIC_REPRESENTATION_CONTEXT(2) 
PARAMETRIC_REPRESENTATION_CONTEXT() REPRESENTATION_CONTEXT('2D SPACE',''
  ) );
#919 = ADVANCED_FACE('',(#920),#221,.F.);
#920 = FACE_BOUND('',#921,.F.);
#921 = EDGE_LOOP('',(#922,#951,#1485,#1486));
#922 = ORIENTED_EDGE('',*,*,#923,.F.);
#923 = EDGE_CURVE('',#924,#134,#926,.T.);
#924 = VERTEX_POINT('',#925);
#925 = CARTESIAN_POINT('',(-23.28171352971,-14.83095393656,
    -2.359398223056));
#926 = SURFACE_CURVE('',#927,(#936,#943),.PCURVE_S1.);
#927 = B_SPLINE_CURVE_WITH_KNOTS('',3,(#928,#929,#930,#931,#932,#933,
    #934,#935),.UNSPECIFIED.,.F.,.F.,(4,2,2,4),(-0.770484833119,
    1.776929778187E-06,12.590567907278,13.352287701276),.UNSPECIFIED.);
#928 = CARTESIAN_POINT('',(-33.57005164744,-14.76800011512,
    -2.461010352739));
#929 = CARTESIAN_POINT('',(-33.31322277743,-14.76977998398,
    -2.458473776636));
#930 = CARTESIAN_POINT('',(-33.05639390741,-14.77155985284,
    -2.455937200533));
#931 = CARTESIAN_POINT('',(-28.60270966061,-14.80242466139,
    -2.411950288036));
#932 = CARTESIAN_POINT('',(-24.40585428383,-14.82660687231,
    -2.370500641182));
#933 = CARTESIAN_POINT('',(-19.95509230905,-14.84719879345,
    -2.326543814646));
#934 = CARTESIAN_POINT('',(-19.69826002013,-14.84838705521,
    -2.324007275411));
#935 = CARTESIAN_POINT('',(-19.43850204031,-14.84958885299,
    -2.321441841329));
#936 = PCURVE('',#221,#937);
#937 = DEFINITIONAL_REPRESENTATION('',(#938),#942);
#938 = LINE('',#939,#940);
#939 = CARTESIAN_POINT('',(0.,0.));
#940 = VECTOR('',#941,1.);
#941 = DIRECTION('',(0.,1.));
#942 = ( GEOMETRIC_REPRESENTATION_CONTEXT(2) 
PARAMETRIC_REPRESENTATION_CONTEXT() REPRESENTATION_CONTEXT('2D SPACE',''
  ) );
#943 = PCURVE('',#150,#944);
#944 = DEFINITIONAL_REPRESENTATION('',(#945),#950);
#945 = B_SPLINE_CURVE_WITH_KNOTS('',3,(#946,#947,#948,#949),
  .UNSPECIFIED.,.F.,.F.,(4,4),(1.776929778187E-06,12.590566814329),
  .PIECEWISE_BEZIER_KNOTS.);
#946 = CARTESIAN_POINT('',(-0.185195902701,12.766909485686));
#947 = CARTESIAN_POINT('',(-0.164836156381,8.572722130698));
#948 = CARTESIAN_POINT('',(-0.144592695699,4.378534757011));
#949 = CARTESIAN_POINT('',(-0.124425334925,0.184347370722));
#950 = ( GEOMETRIC_REPRESENTATION_CONTEXT(2) 
PARAMETRIC_REPRESENTATION_CONTEXT() REPRESENTATION_CONTEXT('2D SPACE',''
  ) );
#951 = ORIENTED_EDGE('',*,*,#952,.T.);
#952 = EDGE_CURVE('',#924,#862,#953,.T.);
#953 = SURFACE_CURVE('',#954,(#1057,#1171),.PCURVE_S1.);
#954 = ( BOUNDED_CURVE() B_SPLINE_CURVE(11,(#955,#956,#957,#958,#959,
    #960,#961,#962,#963,#964,#965,#966,#967,#968,#969,#970,#971,#972,
    #973,#974,#975,#976,#977,#978,#979,#980,#981,#982,#983,#984,#985,
    #986,#987,#988,#989,#990,#991,#992,#993,#994,#995,#996,#997,#998,
    #999,#1000,#1001,#1002,#1003,#1004,#1005,#1006,#1007,#1008,#1009,
    #1010,#1011,#1012,#1013,#1014,#1015,#1016,#1017,#1018,#1019,#1020,
    #1021,#1022,#1023,#1024,#1025,#1026,#1027,#1028,#1029,#1030,#1031,
    #1032,#1033,#1034,#1035,#1036,#1037,#1038,#1039,#1040,#1041,#1042,
    #1043,#1044,#1045,#1046,#1047,#1048,#1049,#1050,#1051,#1052,#1053,
#1054,#1055,#1056),.UNSPECIFIED.,.F.,.F.) B_SPLINE_CURVE_WITH_KNOTS((12,
    10,10,10,10,10,10,10,10,10,12),(83.658494741383,85.800001657828,
    86.325477740096,86.58821578123,86.719584801797,86.78526931208,
    86.818111567222,86.834532694793,86.842743258578,86.848374095635,
86.850953822363),.UNSPECIFIED.) CURVE() GEOMETRIC_REPRESENTATION_ITEM() 
RATIONAL_B_SPLINE_CURVE((1.,1.,1.,1.,1.,1.,1.,1.,1.,1.,1.,1.,1.,
    1.000000000001,0.999999999998,1.000000000002,0.999999999998,
    1.000000000001,0.999999999999,1.,1.,1.,1.,1.,1.,1.,1.,1.,1.,1.,1.,1.
    ,1.,0.999999999999,1.000000000001,0.999999999999,1.000000000001,
    0.999999999999,1.,1.,1.,1.,1.,0.999999999999,1.000000000001,
    0.999999999999,1.000000000001,0.999999999999,1.,1.,1.,1.,1.,
    1.000000000001,0.999999999999,1.000000000001,0.999999999999,
    1.000000000001,1.,1.,1.,1.,1.,0.999999999999,1.000000000001,
    0.999999999999,1.000000000001,0.999999999999,1.,1.,1.,1.,1.,1.,1.,1.
    ,1.,1.,1.,1.,1.,1.,1.,1.,1.,1.,1.,1.,1.,1.,1.,1.,0.999999999999,
    1.000000000002,0.999999999997,1.000000000003,0.999999999997,
1.000000000002,0.999999999999,1.,1.,1.)) REPRESENTATION_ITEM('') );
#955 = CARTESIAN_POINT('',(-23.28171360559,-14.83095441481,
    -2.359398435994));
#956 = CARTESIAN_POINT('',(-23.19682950451,-14.8586435065,
    -2.164005853334));
#957 = CARTESIAN_POINT('',(-23.1069995485,-14.86701266162,
    -1.957756249082));
#958 = CARTESIAN_POINT('',(-23.01321531983,-14.85280089504,
    -1.742882194972));
#959 = CARTESIAN_POINT('',(-22.91826264045,-14.81299282934,
    -1.526424052502));
#960 = CARTESIAN_POINT('',(-22.82238132741,-14.74687271934,
    -1.307879343823));
#961 = CARTESIAN_POINT('',(-22.72976397059,-14.65261035902,
    -1.098209397944));
#962 = CARTESIAN_POINT('',(-22.64116459407,-14.53221864747,
    -0.897853443059));
#963 = CARTESIAN_POINT('',(-22.56001809455,-14.38789701481,
    -0.715449909359));
#964 = CARTESIAN_POINT('',(-22.48742097389,-14.22368154267,
    -0.552965605808));
#965 = CARTESIAN_POINT('',(-22.42482909419,-14.04422404931,
    -0.413758750041));
#966 = CARTESIAN_POINT('',(-22.35999350554,-13.8078059228,
    -0.270679890152));
#967 = CARTESIAN_POINT('',(-22.34785373368,-13.76059766993,
    -0.243955234212));
#968 = CARTESIAN_POINT('',(-22.33635702682,-13.7128367323,
    -0.218713762876));
#969 = CARTESIAN_POINT('',(-22.32550961662,-13.66459606962,
    -0.194967848453));
#970 = CARTESIAN_POINT('',(-22.31531569595,-13.61594753409,
    -0.17272524543));
#971 = CARTESIAN_POINT('',(-22.30577741878,-13.56696187042,
    -0.151989090458));
#972 = CARTESIAN_POINT('',(-22.29689490027,-13.51770871577,
    -0.132757902376));
#973 = CARTESIAN_POINT('',(-22.2886662167,-13.46825659982,-0.11502558218
    ));
#974 = CARTESIAN_POINT('',(-22.28108740554,-13.41867294472,
    -9.87814130528E-02));
#975 = CARTESIAN_POINT('',(-22.27415246537,-13.36902406512,
    -8.401006034206E-02));
#976 = CARTESIAN_POINT('',(-22.26470380124,-13.29455071966,
    -6.403232718822E-02));
#977 = CARTESIAN_POINT('',(-22.26171385246,-13.26972684444,
    -5.773776237514E-02));
#978 = CARTESIAN_POINT('',(-22.25888219555,-13.24491080328,
    -5.180470572262E-02));
#979 = CARTESIAN_POINT('',(-22.25620751648,-13.22010985698,
    -4.622998581809E-02));
#980 = CARTESIAN_POINT('',(-22.25368850119,-13.19533126632,
    -4.101043125214E-02));
#981 = CARTESIAN_POINT('',(-22.25132383562,-13.1705822921,
    -3.614287061032E-02));
#982 = CARTESIAN_POINT('',(-22.24911220574,-13.14587019512,
    -3.162413248474E-02));
#983 = CARTESIAN_POINT('',(-22.24705229748,-13.12120223617,
    -2.745104546057E-02));
#984 = CARTESIAN_POINT('',(-22.2451427968,-13.09658567604,
    -2.362043812886E-02));
#985 = CARTESIAN_POINT('',(-22.24338238964,-13.07202777553,
    -2.012913907676E-02));
#986 = CARTESIAN_POINT('',(-22.24096344812,-13.03528980537,
    -1.539639580166E-02));
#987 = CARTESIAN_POINT('',(-22.2401939763,-13.02306010577,
    -1.390262011104E-02));
#988 = CARTESIAN_POINT('',(-22.23946112438,-13.01084747738,
    -1.249212469421E-02));
#989 = CARTESIAN_POINT('',(-22.23876467026,-12.99865270099,
    -1.116438442459E-02));
#990 = CARTESIAN_POINT('',(-22.23810439181,-12.98647655736,
    -9.918874174029E-03));
#991 = CARTESIAN_POINT('',(-22.23748006693,-12.97431982726,
    -8.755068816904E-03));
#992 = CARTESIAN_POINT('',(-22.23689147351,-12.96218329147,
    -7.672443224427E-03));
#993 = CARTESIAN_POINT('',(-22.23633838942,-12.95006773075,
    -6.670472270995E-03));
#994 = CARTESIAN_POINT('',(-22.23582059257,-12.93797392588,
    -5.748630828405E-03));
#995 = CARTESIAN_POINT('',(-22.23533786084,-12.92590265763,
    -4.906393770167E-03));
#996 = CARTESIAN_POINT('',(-22.23466602774,-12.90783073134,
    -3.761657068252E-03));
#997 = CARTESIAN_POINT('',(-22.2344507895,-12.90181257339,
    -3.399837686492E-03));
#998 = CARTESIAN_POINT('',(-22.2342442268,-12.89580032326,
    -3.057705884162E-03));
#999 = CARTESIAN_POINT('',(-22.2340463091,-12.8897940713,
    -2.735189723083E-03));
#1000 = CARTESIAN_POINT('',(-22.23385700582,-12.88379390787,
    -2.432217262445E-03));
#1001 = CARTESIAN_POINT('',(-22.23367628639,-12.87779992329,
    -2.148716565654E-03));
#1002 = CARTESIAN_POINT('',(-22.23350412026,-12.87181220794,
    -1.884615690724E-03));
#1003 = CARTESIAN_POINT('',(-22.23334047685,-12.86583085214,
    -1.639842701222E-03));
#1004 = CARTESIAN_POINT('',(-22.23318532561,-12.85985594626,
    -1.414325656137E-03));
#1005 = CARTESIAN_POINT('',(-22.23303863596,-12.85388758063,
    -1.207992617423E-03));
#1006 = CARTESIAN_POINT('',(-22.23283124803,-12.8449449781,
    -9.271611596586E-04));
#1007 = CARTESIAN_POINT('',(-22.23276422623,-12.84196576761,
    -8.383281408846E-04));
#1008 = CARTESIAN_POINT('',(-22.23269930798,-12.83898822505,
    -7.54263241769E-04));
#1009 = CARTESIAN_POINT('',(-22.23263648929,-12.83601236133,
    -6.749571147298E-04));
#1010 = CARTESIAN_POINT('',(-22.2325757662,-12.83303818736,
    -6.004004123317E-04));
#1011 = CARTESIAN_POINT('',(-22.23251713472,-12.83006571404,
    -5.305837870544E-04));
#1012 = CARTESIAN_POINT('',(-22.23246059088,-12.82709495229,
    -4.654978912719E-04));
#1013 = CARTESIAN_POINT('',(-22.23240613072,-12.82412591302,
    -4.051333776878E-04));
#1014 = CARTESIAN_POINT('',(-22.23235375024,-12.82115860712,
    -3.494808985318E-04));
#1015 = CARTESIAN_POINT('',(-22.23230344548,-12.81819304552,
    -2.98531106528E-04));
#1016 = CARTESIAN_POINT('',(-22.23223109596,-12.81374733591,
    -2.291464277202E-04));
#1017 = CARTESIAN_POINT('',(-22.23220749738,-12.81226587147,
    -2.071915039989E-04));
#1018 = CARTESIAN_POINT('',(-22.23218441621,-12.81078484714,
    -1.864086922096E-04));
#1019 = CARTESIAN_POINT('',(-22.23216185195,-12.80930426426,
    -1.667968043699E-04));
#1020 = CARTESIAN_POINT('',(-22.23213980409,-12.80782412418,
    -1.483546471386E-04));
#1021 = CARTESIAN_POINT('',(-22.23211827214,-12.80634442824,
    -1.31081035414E-04));
#1022 = CARTESIAN_POINT('',(-22.23209725557,-12.80486517777,
    -1.149747741678E-04));
#1023 = CARTESIAN_POINT('',(-22.2320767539,-12.80338637412,
    -1.00034677857E-04));
#1024 = CARTESIAN_POINT('',(-22.2320567666,-12.80190801864,
    -8.625955375052E-05));
#1025 = CARTESIAN_POINT('',(-22.23203729318,-12.80043011266,
    -7.364821341005E-05));
#1026 = CARTESIAN_POINT('',(-22.2320088531,-12.79821392997,
    -5.647509288687E-05));
#1027 = CARTESIAN_POINT('',(-22.23199950141,-12.79747531512,
    -5.10413658763E-05));
#1028 = CARTESIAN_POINT('',(-22.231990278,-12.79673681314,
    -4.589813467848E-05));
#1029 = CARTESIAN_POINT('',(-22.23198118281,-12.79599842421,
    -4.104525095117E-05));
#1030 = CARTESIAN_POINT('',(-22.23197221576,-12.79526014849,
    -3.648256121469E-05));
#1031 = CARTESIAN_POINT('',(-22.23196337681,-12.79452198615,
    -3.220992060315E-05));
#1032 = CARTESIAN_POINT('',(-22.23195466587,-12.79378393734,
    -2.822717289908E-05));
#1033 = CARTESIAN_POINT('',(-22.23194608289,-12.79304600225,
    -2.453417376569E-05));
#1034 = CARTESIAN_POINT('',(-22.23193762781,-12.79230818104,
    -2.113076898835E-05));
#1035 = CARTESIAN_POINT('',(-22.23192930056,-12.79157047386,
    -1.801681081059E-05));
#1036 = CARTESIAN_POINT('',(-22.23191547783,-12.79032703674,
    -1.325498350879E-05));
#1037 = CARTESIAN_POINT('',(-22.23190991469,-12.78982124629,
    -1.145388233592E-05));
#1038 = CARTESIAN_POINT('',(-22.23190441161,-12.78931550961,
    -9.78879579594E-06));
#1039 = CARTESIAN_POINT('',(-22.23189896859,-12.78880982675,
    -8.259675913003E-06));
#1040 = CARTESIAN_POINT('',(-22.23189358559,-12.78830419777,
    -6.866472830547E-06));
#1041 = CARTESIAN_POINT('',(-22.23188826261,-12.78779862272,
    -5.609139673401E-06));
#1042 = CARTESIAN_POINT('',(-22.23188299961,-12.78729310165,
    -4.487625745231E-06));
#1043 = CARTESIAN_POINT('',(-22.23187779659,-12.78678763462,
    -3.501884318968E-06));
#1044 = CARTESIAN_POINT('',(-22.23187265351,-12.78628222168,
    -2.651865317338E-06));
#1045 = CARTESIAN_POINT('',(-22.23186757036,-12.78577686289,
    -1.937520967665E-06));
#1046 = CARTESIAN_POINT('',(-22.23186024575,-12.78504005669,
    -1.093666440077E-06));
#1047 = CARTESIAN_POINT('',(-22.23185801354,-12.78481549581,
    -8.652950336252E-07));
#1048 = CARTESIAN_POINT('',(-22.23185584638,-12.78459715589,
    -6.68999839748E-07));
#1049 = CARTESIAN_POINT('',(-22.23185373326,-12.78438358921,
    -5.011646211361E-07));
#1050 = CARTESIAN_POINT('',(-22.23185165921,-12.7841729467,
    -3.591406583237E-07));
#1051 = CARTESIAN_POINT('',(-22.23184960819,-12.78396330459,
    -2.411701938154E-07));
#1052 = CARTESIAN_POINT('',(-22.23184756598,-12.78375299107,
    -1.462666672225E-07));
#1053 = CARTESIAN_POINT('',(-22.23184552312,-12.78354091292,
    -7.414955383034E-08));
#1054 = CARTESIAN_POINT('',(-22.23184347781,-12.78332688213,
    -2.512256824794E-08));
#1055 = CARTESIAN_POINT('',(-22.23184143878,-12.78311194259,
    -4.907185768843E-14));
#1056 = CARTESIAN_POINT('',(-22.23183942825,-12.7828986967,
    2.260806812476E-17));
#1057 = PCURVE('',#221,#1058);
#1058 = DEFINITIONAL_REPRESENTATION('',(#1059),#1170);
#1059 = B_SPLINE_CURVE_WITH_KNOTS('',10,(#1060,#1061,#1062,#1063,#1064,
    #1065,#1066,#1067,#1068,#1069,#1070,#1071,#1072,#1073,#1074,#1075,
    #1076,#1077,#1078,#1079,#1080,#1081,#1082,#1083,#1084,#1085,#1086,
    #1087,#1088,#1089,#1090,#1091,#1092,#1093,#1094,#1095,#1096,#1097,
    #1098,#1099,#1100,#1101,#1102,#1103,#1104,#1105,#1106,#1107,#1108,
    #1109,#1110,#1111,#1112,#1113,#1114,#1115,#1116,#1117,#1118,#1119,
    #1120,#1121,#1122,#1123,#1124,#1125,#1126,#1127,#1128,#1129,#1130,
    #1131,#1132,#1133,#1134,#1135,#1136,#1137,#1138,#1139,#1140,#1141,
    #1142,#1143,#1144,#1145,#1146,#1147,#1148,#1149,#1150,#1151,#1152,
    #1153,#1154,#1155,#1156,#1157,#1158,#1159,#1160,#1161,#1162,#1163,
    #1164,#1165,#1166,#1167,#1168,#1169),.UNSPECIFIED.,.F.,.F.,(11,9,9,9
    ,9,9,9,9,9,9,9,9,11),(83.658494741383,85.254724281873,
    86.052839052118,86.451896437241,86.651425129802,86.751189476083,
    86.801071649223,86.826012735793,86.838483279078,86.844718550721,
    86.847836186542,86.849395004453,86.850953822363),.UNSPECIFIED.);
#1060 = CARTESIAN_POINT('',(-7.559316552927E-15,9.517853208736));
#1061 = CARTESIAN_POINT('',(0.648578328836,9.587451554779));
#1062 = CARTESIAN_POINT('',(1.293790882827,9.660408473857));
#1063 = CARTESIAN_POINT('',(1.93645346856,9.736157804847));
#1064 = CARTESIAN_POINT('',(2.570954457046,9.813273506288));
#1065 = CARTESIAN_POINT('',(3.204454792408,9.891243262637));
#1066 = CARTESIAN_POINT('',(3.832368728665,9.968415786281));
#1067 = CARTESIAN_POINT('',(4.458655682023,10.043743638452));
#1068 = CARTESIAN_POINT('',(5.08260439323,10.115806882912));
#1069 = CARTESIAN_POINT('',(5.705419896544,10.183488961209));
#1070 = CARTESIAN_POINT('',(6.638820712832,10.276994386204));
#1071 = CARTESIAN_POINT('',(6.949821289877,10.306826961168));
#1072 = CARTESIAN_POINT('',(7.260770996045,10.335203754362));
#1073 = CARTESIAN_POINT('',(7.571754874341,10.36201961461));
#1074 = CARTESIAN_POINT('',(7.882878886723,10.387182403654));
#1075 = CARTESIAN_POINT('',(8.194150820968,10.41061597951));
#1076 = CARTESIAN_POINT('',(8.505630594082,10.432263739611));
#1077 = CARTESIAN_POINT('',(8.817461146111,10.452089108648));
#1078 = CARTESIAN_POINT('',(9.129582078213,10.470072883512));
#1079 = CARTESIAN_POINT('',(9.598367118312,10.494284374988));
#1080 = CARTESIAN_POINT('',(9.754723960186,10.501893544658));
#1081 = CARTESIAN_POINT('',(9.911202046278,10.509044329211));
#1082 = CARTESIAN_POINT('',(10.067771187504,10.515731459751));
#1083 = CARTESIAN_POINT('',(10.224466633892,10.521960699914));
#1084 = CARTESIAN_POINT('',(10.381312892892,10.527738243258));
#1085 = CARTESIAN_POINT('',(10.538281201837,10.533063744884));
#1086 = CARTESIAN_POINT('',(10.695351365779,10.537937985686));
#1087 = CARTESIAN_POINT('',(10.852587835707,10.542373685157));
#1088 = CARTESIAN_POINT('',(11.08867468256,10.548376402148));
#1089 = CARTESIAN_POINT('',(11.167410152372,10.550268895406));
#1090 = CARTESIAN_POINT('',(11.246185566858,10.552053734199));
#1091 = CARTESIAN_POINT('',(11.32500070248,10.55373163981));
#1092 = CARTESIAN_POINT('',(11.403855240749,10.555303339704));
#1093 = CARTESIAN_POINT('',(11.482748987179,10.556769610177));
#1094 = CARTESIAN_POINT('',(11.561682090391,10.558131319257));
#1095 = CARTESIAN_POINT('',(11.640655261058,10.559389469341));
#1096 = CARTESIAN_POINT('',(11.719669990986,10.560545240055));
#1097 = CARTESIAN_POINT('',(11.83825816266,10.562127426414));
#1098 = CARTESIAN_POINT('',(11.877798251712,10.562629519022));
#1099 = CARTESIAN_POINT('',(11.917349066127,10.563106447769));
#1100 = CARTESIAN_POINT('',(11.956910632802,10.563558351664));
#1101 = CARTESIAN_POINT('',(11.996482978576,10.563985369663));
#1102 = CARTESIAN_POINT('',(12.036066130378,10.564387640801));
#1103 = CARTESIAN_POINT('',(12.075660115032,10.564765304023));
#1104 = CARTESIAN_POINT('',(12.115264959455,10.565118498354));
#1105 = CARTESIAN_POINT('',(12.154880690501,10.565447362765));
#1106 = CARTESIAN_POINT('',(12.214320657333,10.565904372996));
#1107 = CARTESIAN_POINT('',(12.234136711921,10.566050665639));
#1108 = CARTESIAN_POINT('',(12.253955498667,10.566190932867));
#1109 = CARTESIAN_POINT('',(12.27377701746,10.566325193403));
#1110 = CARTESIAN_POINT('',(12.29360126811,10.566453465897));
#1111 = CARTESIAN_POINT('',(12.313428250536,10.566575769104));
#1112 = CARTESIAN_POINT('',(12.333257964541,10.566692121662));
#1113 = CARTESIAN_POINT('',(12.353090410026,10.566802542314));
#1114 = CARTESIAN_POINT('',(12.372925586826,10.566907049726));
#1115 = CARTESIAN_POINT('',(12.402682448804,10.56705496905));
#1116 = CARTESIAN_POINT('',(12.412602083808,10.567102802039));
#1117 = CARTESIAN_POINT('',(12.422522399127,10.567149163995));
#1118 = CARTESIAN_POINT('',(12.432443394019,10.567194057308));
#1119 = CARTESIAN_POINT('',(12.442365067821,10.567237484419));
#1120 = CARTESIAN_POINT('',(12.452287419764,10.5672794477));
#1121 = CARTESIAN_POINT('',(12.462210449192,10.567319949596));
#1122 = CARTESIAN_POINT('',(12.472134155354,10.567358992492));
#1123 = CARTESIAN_POINT('',(12.482058537562,10.567396578812));
#1124 = CARTESIAN_POINT('',(12.496946123861,10.567450777034));
#1125 = CARTESIAN_POINT('',(12.501908821368,10.567468479576));
#1126 = CARTESIAN_POINT('',(12.506871687486,10.567485818894));
#1127 = CARTESIAN_POINT('',(12.511834722086,10.567502795288));
#1128 = CARTESIAN_POINT('',(12.516797925044,10.567519409072));
#1129 = CARTESIAN_POINT('',(12.521761296225,10.567535660543));
#1130 = CARTESIAN_POINT('',(12.526724835505,10.567551550013));
#1131 = CARTESIAN_POINT('',(12.531688542755,10.567567077785));
#1132 = CARTESIAN_POINT('',(12.536652417846,10.567582244165));
#1133 = CARTESIAN_POINT('',(12.544098482051,10.567604452106));
#1134 = CARTESIAN_POINT('',(12.546580545373,10.56761176448));
#1135 = CARTESIAN_POINT('',(12.549062650604,10.567618986629));
#1136 = CARTESIAN_POINT('',(12.551544797705,10.56762611857));
#1137 = CARTESIAN_POINT('',(12.554026986694,10.567633160375));
#1138 = CARTESIAN_POINT('',(12.556509217504,10.567640112042));
#1139 = CARTESIAN_POINT('',(12.558991490164,10.567646973648));
#1140 = CARTESIAN_POINT('',(12.561473804619,10.567653745203));
#1141 = CARTESIAN_POINT('',(12.563956160871,10.567660426762));
#1142 = CARTESIAN_POINT('',(12.567679757903,10.567670314153));
#1143 = CARTESIAN_POINT('',(12.568920967357,10.567673587459));
#1144 = CARTESIAN_POINT('',(12.57016218725,10.567676838279));
#1145 = CARTESIAN_POINT('',(12.57140341758,10.56768006662));
#1146 = CARTESIAN_POINT('',(12.572644658346,10.56768327248));
#1147 = CARTESIAN_POINT('',(12.573885909544,10.567686455876));
#1148 = CARTESIAN_POINT('',(12.575127171171,10.567689616797));
#1149 = CARTESIAN_POINT('',(12.576368443226,10.567692755263));
#1150 = CARTESIAN_POINT('',(12.577609725705,10.567695871269));
#1151 = CARTESIAN_POINT('',(12.579471665058,10.567700511601));
#1152 = CARTESIAN_POINT('',(12.580098541877,10.56770206543));
#1153 = CARTESIAN_POINT('',(12.580688368548,10.567703538427));
#1154 = CARTESIAN_POINT('',(12.581364923575,10.567705181403));
#1155 = CARTESIAN_POINT('',(12.581967343286,10.567706669635));
#1156 = CARTESIAN_POINT('',(12.58253299893,10.567708076889));
#1157 = CARTESIAN_POINT('',(12.583149660521,10.567709579929));
#1158 = CARTESIAN_POINT('',(12.583717185746,10.567710977853));
#1159 = CARTESIAN_POINT('',(12.584293620104,10.567712386717));
#1160 = CARTESIAN_POINT('',(12.585435096603,10.56771516834));
#1161 = CARTESIAN_POINT('',(12.586001756564,10.567716544196));
#1162 = CARTESIAN_POINT('',(12.586567104221,10.567717910888));
#1163 = CARTESIAN_POINT('',(12.587133172202,10.567719272681));
#1164 = CARTESIAN_POINT('',(12.587701259772,10.567720632302));
#1165 = CARTESIAN_POINT('',(12.588271932828,10.567721990945));
#1166 = CARTESIAN_POINT('',(12.588845023919,10.56772334828));
#1167 = CARTESIAN_POINT('',(12.589419632216,10.567724702432));
#1168 = CARTESIAN_POINT('',(12.589994123541,10.567726050008));
#1169 = CARTESIAN_POINT('',(12.590566130348,10.56772738607));
#1170 = ( GEOMETRIC_REPRESENTATION_CONTEXT(2) 
PARAMETRIC_REPRESENTATION_CONTEXT() REPRESENTATION_CONTEXT('2D SPACE',''
  ) );
#1171 = PCURVE('',#1172,#1479);
#1172 = ( BOUNDED_SURFACE() B_SPLINE_SURFACE(2,11,(
    (#1173,#1174,#1175,#1176,#1177,#1178,#1179,#1180,#1181,#1182,#1183
      ,#1184,#1185,#1186,#1187,#1188,#1189,#1190,#1191,#1192,#1193,#1194
      ,#1195,#1196,#1197,#1198,#1199,#1200,#1201,#1202,#1203,#1204,#1205
      ,#1206,#1207,#1208,#1209,#1210,#1211,#1212,#1213,#1214,#1215,#1216
      ,#1217,#1218,#1219,#1220,#1221,#1222,#1223,#1224,#1225,#1226,#1227
      ,#1228,#1229,#1230,#1231,#1232,#1233,#1234,#1235,#1236,#1237,#1238
      ,#1239,#1240,#1241,#1242,#1243,#1244,#1245,#1246,#1247,#1248,#1249
      ,#1250,#1251,#1252,#1253,#1254,#1255,#1256,#1257,#1258,#1259,#1260
      ,#1261,#1262,#1263,#1264,#1265,#1266,#1267,#1268,#1269,#1270,#1271
      ,#1272,#1273,#1274)
    ,(#1275,#1276,#1277,#1278,#1279,#1280,#1281,#1282,#1283,#1284,#1285
      ,#1286,#1287,#1288,#1289,#1290,#1291,#1292,#1293,#1294,#1295,#1296
      ,#1297,#1298,#1299,#1300,#1301,#1302,#1303,#1304,#1305,#1306,#1307
      ,#1308,#1309,#1310,#1311,#1312,#1313,#1314,#1315,#1316,#1317,#1318
      ,#1319,#1320,#1321,#1322,#1323,#1324,#1325,#1326,#1327,#1328,#1329
      ,#1330,#1331,#1332,#1333,#1334,#1335,#1336,#1337,#1338,#1339,#1340
      ,#1341,#1342,#1343,#1344,#1345,#1346,#1347,#1348,#1349,#1350,#1351
      ,#1352,#1353,#1354,#1355,#1356,#1357,#1358,#1359,#1360,#1361,#1362
      ,#1363,#1364,#1365,#1366,#1367,#1368,#1369,#1370,#1371,#1372,#1373
      ,#1374,#1375,#1376)
    ,(#1377,#1378,#1379,#1380,#1381,#1382,#1383,#1384,#1385,#1386,#1387
      ,#1388,#1389,#1390,#1391,#1392,#1393,#1394,#1395,#1396,#1397,#1398
      ,#1399,#1400,#1401,#1402,#1403,#1404,#1405,#1406,#1407,#1408,#1409
      ,#1410,#1411,#1412,#1413,#1414,#1415,#1416,#1417,#1418,#1419,#1420
      ,#1421,#1422,#1423,#1424,#1425,#1426,#1427,#1428,#1429,#1430,#1431
      ,#1432,#1433,#1434,#1435,#1436,#1437,#1438,#1439,#1440,#1441,#1442
      ,#1443,#1444,#1445,#1446,#1447,#1448,#1449,#1450,#1451,#1452,#1453
      ,#1454,#1455,#1456,#1457,#1458,#1459,#1460,#1461,#1462,#1463,#1464
      ,#1465,#1466,#1467,#1468,#1469,#1470,#1471,#1472,#1473,#1474,#1475
      ,#1476,#1477,#1478
)),.UNSPECIFIED.,.F.,.F.,.F.) B_SPLINE_SURFACE_WITH_KNOTS((3,3),(12,10,
    10,10,10,10,10,10,10,10,12),(0.,3.192459080981),(83.658494741383,
    85.800001657828,86.325477740096,86.58821578123,86.719584801797,
    86.78526931208,86.818111567222,86.834532694793,86.842743258578,
    86.848374095635,86.850953822363),.UNSPECIFIED.) 
GEOMETRIC_REPRESENTATION_ITEM() RATIONAL_B_SPLINE_SURFACE((
    (1.,1.,1.,1.,1.,1.,1.,1.,1.,1.,1.,1.,1.,1.000000000001
      ,0.999999999998,1.000000000002,0.999999999998,1.000000000001
      ,0.999999999999,1.,1.,1.,1.,1.,1.,1.,1.,1.,1.,1.,1.,1.,1.
      ,0.999999999999,1.000000000001,0.999999999999,1.000000000001
      ,0.999999999999,1.,1.,1.,1.,1.,0.999999999999,1.000000000001
      ,0.999999999999,1.000000000001,0.999999999999,1.,1.,1.,1.,1.
      ,1.000000000001,0.999999999999,1.000000000001,0.999999999999
      ,1.000000000001,1.,1.,1.,1.,1.,0.999999999999,1.000000000001
      ,0.999999999999,1.000000000001,0.999999999999,1.,1.,1.,1.,1.,1.,1.
      ,1.,1.,1.,1.,1.,1.,1.,1.,1.,1.,1.,1.,1.,1.,1.,1.,1.,0.999999999999
      ,1.000000000002,0.999999999997,1.000000000003,0.999999999997
      ,1.000000000002,0.999999999999,1.,1.,1.)
    ,(0.679242190585,0.696913757987,0.715067156267,0.733483515607
      ,0.75138156639,0.769146057731,0.785543620968,0.80103053643
      ,0.814783437127,0.82690513796,0.83718539506,0.847700273607
      ,0.849661175997,0.851511016153,0.853249832051,0.854877916104
      ,0.856395815126,0.857804330381,0.85910451753,0.860297686677
      ,0.861385402337,0.862861524011,0.863327576144,0.863767897192
      ,0.864182744492,0.864572375384,0.864937047208,0.865277017302
      ,0.865592543006,0.865883881658,0.866151290597,0.866516895446
      ,0.866632856994,0.866742950312,0.86684721391,0.86694568629
      ,0.867038405966,0.867125411437,0.867206741217,0.867282433807
      ,0.867352527718,0.867449328324,0.867480205651,0.867509698568
      ,0.867537812212,0.867564551714,0.867589922212,0.867613928834
      ,0.867636576719,0.867657870999,0.867677816808,0.867705720516
      ,0.867714685947,0.867723316235,0.867731612038,0.867739574026
      ,0.86774720285,0.867754499181,0.867761463674,0.867768096994
      ,0.867774399801,0.867783359237,0.867786263254,0.867789084895
      ,0.867791824244,0.867794481382,0.867797056397,0.867799549371
      ,0.867801960388,0.867804289532,0.867806536888,0.867809785364
      ,0.867810847763,0.867811889747,0.867812911325,0.867813912511
      ,0.86781489331,0.867815853739,0.867816793803,0.867817713517
      ,0.867818612888,0.867820094779,0.867820688066,0.867821271796
      ,0.867821845969,0.867822410591,0.867822965664,0.867823511193
      ,0.867824047179,0.867824573628,0.867825090542,0.867825830379
      ,0.867826048009,0.86782625403,0.867826452014,0.867826645578
      ,0.867826837952,0.867827031714,0.867827228333,0.867827427894
      ,0.867827628683,0.867827826857)
    ,(1.,1.,1.,1.,1.,1.,1.,1.,1.,1.,1.,1.,1.,1.000000000001
      ,0.999999999998,1.000000000002,0.999999999998,1.000000000001
      ,0.999999999999,1.,1.,1.,1.,1.,1.,1.,1.,1.,1.,1.,1.,1.,1.
      ,0.999999999999,1.000000000001,0.999999999999,1.000000000001
      ,0.999999999999,1.,1.,1.,1.,1.,0.999999999999,1.000000000001
      ,0.999999999999,1.000000000001,0.999999999999,1.,1.,1.,1.,1.
      ,1.000000000001,0.999999999999,1.000000000001,0.999999999999
      ,1.000000000001,1.,1.,1.,1.,1.,0.999999999999,1.000000000001
      ,0.999999999999,1.000000000001,0.999999999999,1.,1.,1.,1.,1.,1.,1.
      ,1.,1.,1.,1.,1.,1.,1.,1.,1.,1.,1.,1.,1.,1.,1.,1.,1.,0.999999999999
      ,1.000000000002,0.999999999997,1.000000000003,0.999999999997
,1.000000000002,0.999999999999,1.,1.,1.
))) REPRESENTATION_ITEM('') SURFACE() );
#1173 = CARTESIAN_POINT('',(-23.28171360559,-14.83095441481,
    -2.359398435994));
#1174 = CARTESIAN_POINT('',(-23.19682950451,-14.8586435065,
    -2.164005853334));
#1175 = CARTESIAN_POINT('',(-23.1069995485,-14.86701266162,
    -1.957756249082));
#1176 = CARTESIAN_POINT('',(-23.01321531983,-14.85280089504,
    -1.742882194972));
#1177 = CARTESIAN_POINT('',(-22.91826264045,-14.81299282934,
    -1.526424052502));
#1178 = CARTESIAN_POINT('',(-22.82238132741,-14.74687271934,
    -1.307879343823));
#1179 = CARTESIAN_POINT('',(-22.72976397059,-14.65261035902,
    -1.098209397944));
#1180 = CARTESIAN_POINT('',(-22.64116459407,-14.53221864747,
    -0.897853443059));
#1181 = CARTESIAN_POINT('',(-22.56001809455,-14.38789701481,
    -0.715449909359));
#1182 = CARTESIAN_POINT('',(-22.48742097389,-14.22368154267,
    -0.552965605808));
#1183 = CARTESIAN_POINT('',(-22.42482909419,-14.04422404931,
    -0.413758750041));
#1184 = CARTESIAN_POINT('',(-22.35999350554,-13.8078059228,
    -0.270679890152));
#1185 = CARTESIAN_POINT('',(-22.34785373368,-13.76059766993,
    -0.243955234212));
#1186 = CARTESIAN_POINT('',(-22.33635702682,-13.7128367323,
    -0.218713762876));
#1187 = CARTESIAN_POINT('',(-22.32550961662,-13.66459606962,
    -0.194967848453));
#1188 = CARTESIAN_POINT('',(-22.31531569595,-13.61594753409,
    -0.17272524543));
#1189 = CARTESIAN_POINT('',(-22.30577741878,-13.56696187042,
    -0.151989090458));
#1190 = CARTESIAN_POINT('',(-22.29689490027,-13.51770871577,
    -0.132757902376));
#1191 = CARTESIAN_POINT('',(-22.2886662167,-13.46825659982,
    -0.11502558218));
#1192 = CARTESIAN_POINT('',(-22.28108740554,-13.41867294472,
    -9.87814130528E-02));
#1193 = CARTESIAN_POINT('',(-22.27415246537,-13.36902406512,
    -8.401006034206E-02));
#1194 = CARTESIAN_POINT('',(-22.26470380124,-13.29455071966,
    -6.403232718822E-02));
#1195 = CARTESIAN_POINT('',(-22.26171385246,-13.26972684444,
    -5.773776237514E-02));
#1196 = CARTESIAN_POINT('',(-22.25888219555,-13.24491080328,
    -5.180470572262E-02));
#1197 = CARTESIAN_POINT('',(-22.25620751648,-13.22010985698,
    -4.622998581809E-02));
#1198 = CARTESIAN_POINT('',(-22.25368850119,-13.19533126632,
    -4.101043125214E-02));
#1199 = CARTESIAN_POINT('',(-22.25132383562,-13.1705822921,
    -3.614287061032E-02));
#1200 = CARTESIAN_POINT('',(-22.24911220574,-13.14587019512,
    -3.162413248474E-02));
#1201 = CARTESIAN_POINT('',(-22.24705229748,-13.12120223617,
    -2.745104546057E-02));
#1202 = CARTESIAN_POINT('',(-22.2451427968,-13.09658567604,
    -2.362043812886E-02));
#1203 = CARTESIAN_POINT('',(-22.24338238964,-13.07202777553,
    -2.012913907676E-02));
#1204 = CARTESIAN_POINT('',(-22.24096344812,-13.03528980537,
    -1.539639580166E-02));
#1205 = CARTESIAN_POINT('',(-22.2401939763,-13.02306010577,
    -1.390262011104E-02));
#1206 = CARTESIAN_POINT('',(-22.23946112438,-13.01084747738,
    -1.249212469421E-02));
#1207 = CARTESIAN_POINT('',(-22.23876467026,-12.99865270099,
    -1.116438442459E-02));
#1208 = CARTESIAN_POINT('',(-22.23810439181,-12.98647655736,
    -9.918874174029E-03));
#1209 = CARTESIAN_POINT('',(-22.23748006693,-12.97431982726,
    -8.755068816904E-03));
#1210 = CARTESIAN_POINT('',(-22.23689147351,-12.96218329147,
    -7.672443224427E-03));
#1211 = CARTESIAN_POINT('',(-22.23633838942,-12.95006773075,
    -6.670472270995E-03));
#1212 = CARTESIAN_POINT('',(-22.23582059257,-12.93797392588,
    -5.748630828405E-03));
#1213 = CARTESIAN_POINT('',(-22.23533786084,-12.92590265763,
    -4.906393770167E-03));
#1214 = CARTESIAN_POINT('',(-22.23466602774,-12.90783073134,
    -3.761657068252E-03));
#1215 = CARTESIAN_POINT('',(-22.2344507895,-12.90181257339,
    -3.399837686492E-03));
#1216 = CARTESIAN_POINT('',(-22.2342442268,-12.89580032326,
    -3.057705884162E-03));
#1217 = CARTESIAN_POINT('',(-22.2340463091,-12.8897940713,
    -2.735189723083E-03));
#1218 = CARTESIAN_POINT('',(-22.23385700582,-12.88379390787,
    -2.432217262445E-03));
#1219 = CARTESIAN_POINT('',(-22.23367628639,-12.87779992329,
    -2.148716565654E-03));
#1220 = CARTESIAN_POINT('',(-22.23350412026,-12.87181220794,
    -1.884615690724E-03));
#1221 = CARTESIAN_POINT('',(-22.23334047685,-12.86583085214,
    -1.639842701222E-03));
#1222 = CARTESIAN_POINT('',(-22.23318532561,-12.85985594626,
    -1.414325656137E-03));
#1223 = CARTESIAN_POINT('',(-22.23303863596,-12.85388758063,
    -1.207992617423E-03));
#1224 = CARTESIAN_POINT('',(-22.23283124803,-12.8449449781,
    -9.271611596586E-04));
#1225 = CARTESIAN_POINT('',(-22.23276422623,-12.84196576761,
    -8.383281408846E-04));
#1226 = CARTESIAN_POINT('',(-22.23269930798,-12.83898822505,
    -7.54263241769E-04));
#1227 = CARTESIAN_POINT('',(-22.23263648929,-12.83601236133,
    -6.749571147298E-04));
#1228 = CARTESIAN_POINT('',(-22.2325757662,-12.83303818736,
    -6.004004123317E-04));
#1229 = CARTESIAN_POINT('',(-22.23251713472,-12.83006571404,
    -5.305837870544E-04));
#1230 = CARTESIAN_POINT('',(-22.23246059088,-12.82709495229,
    -4.654978912719E-04));
#1231 = CARTESIAN_POINT('',(-22.23240613072,-12.82412591302,
    -4.051333776878E-04));
#1232 = CARTESIAN_POINT('',(-22.23235375024,-12.82115860712,
    -3.494808985318E-04));
#1233 = CARTESIAN_POINT('',(-22.23230344548,-12.81819304552,
    -2.98531106528E-04));
#1234 = CARTESIAN_POINT('',(-22.23223109596,-12.81374733591,
    -2.291464277202E-04));
#1235 = CARTESIAN_POINT('',(-22.23220749738,-12.81226587147,
    -2.071915039989E-04));
#1236 = CARTESIAN_POINT('',(-22.23218441621,-12.81078484714,
    -1.864086922096E-04));
#1237 = CARTESIAN_POINT('',(-22.23216185195,-12.80930426426,
    -1.667968043699E-04));
#1238 = CARTESIAN_POINT('',(-22.23213980409,-12.80782412418,
    -1.483546471386E-04));
#1239 = CARTESIAN_POINT('',(-22.23211827214,-12.80634442824,
    -1.31081035414E-04));
#1240 = CARTESIAN_POINT('',(-22.23209725557,-12.80486517777,
    -1.149747741678E-04));
#1241 = CARTESIAN_POINT('',(-22.2320767539,-12.80338637412,
    -1.00034677857E-04));
#1242 = CARTESIAN_POINT('',(-22.2320567666,-12.80190801864,
    -8.625955375052E-05));
#1243 = CARTESIAN_POINT('',(-22.23203729318,-12.80043011266,
    -7.364821341005E-05));
#1244 = CARTESIAN_POINT('',(-22.2320088531,-12.79821392997,
    -5.647509288687E-05));
#1245 = CARTESIAN_POINT('',(-22.23199950141,-12.79747531512,
    -5.10413658763E-05));
#1246 = CARTESIAN_POINT('',(-22.231990278,-12.79673681314,
    -4.589813467848E-05));
#1247 = CARTESIAN_POINT('',(-22.23198118281,-12.79599842421,
    -4.104525095117E-05));
#1248 = CARTESIAN_POINT('',(-22.23197221576,-12.79526014849,
    -3.648256121469E-05));
#1249 = CARTESIAN_POINT('',(-22.23196337681,-12.79452198615,
    -3.220992060315E-05));
#1250 = CARTESIAN_POINT('',(-22.23195466587,-12.79378393734,
    -2.822717289908E-05));
#1251 = CARTESIAN_POINT('',(-22.23194608289,-12.79304600225,
    -2.453417376569E-05));
#1252 = CARTESIAN_POINT('',(-22.23193762781,-12.79230818104,
    -2.113076898835E-05));
#1253 = CARTESIAN_POINT('',(-22.23192930056,-12.79157047386,
    -1.801681081059E-05));
#1254 = CARTESIAN_POINT('',(-22.23191547783,-12.79032703674,
    -1.325498350879E-05));
#1255 = CARTESIAN_POINT('',(-22.23190991469,-12.78982124629,
    -1.145388233592E-05));
#1256 = CARTESIAN_POINT('',(-22.23190441161,-12.78931550961,
    -9.78879579594E-06));
#1257 = CARTESIAN_POINT('',(-22.23189896859,-12.78880982675,
    -8.259675913003E-06));
#1258 = CARTESIAN_POINT('',(-22.23189358559,-12.78830419777,
    -6.866472830547E-06));
#1259 = CARTESIAN_POINT('',(-22.23188826261,-12.78779862272,
    -5.609139673401E-06));
#1260 = CARTESIAN_POINT('',(-22.23188299961,-12.78729310165,
    -4.487625745231E-06));
#1261 = CARTESIAN_POINT('',(-22.23187779659,-12.78678763462,
    -3.501884318968E-06));
#1262 = CARTESIAN_POINT('',(-22.23187265351,-12.78628222168,
    -2.651865317338E-06));
#1263 = CARTESIAN_POINT('',(-22.23186757036,-12.78577686289,
    -1.937520967665E-06));
#1264 = CARTESIAN_POINT('',(-22.23186024575,-12.78504005669,
    -1.093666440077E-06));
#1265 = CARTESIAN_POINT('',(-22.23185801354,-12.78481549581,
    -8.652950336252E-07));
#1266 = CARTESIAN_POINT('',(-22.23185584638,-12.78459715589,
    -6.68999839748E-07));
#1267 = CARTESIAN_POINT('',(-22.23185373326,-12.78438358921,
    -5.011646211361E-07));
#1268 = CARTESIAN_POINT('',(-22.23185165921,-12.7841729467,
    -3.591406583237E-07));
#1269 = CARTESIAN_POINT('',(-22.23184960819,-12.78396330459,
    -2.411701938154E-07));
#1270 = CARTESIAN_POINT('',(-22.23184756598,-12.78375299107,
    -1.462666672225E-07));
#1271 = CARTESIAN_POINT('',(-22.23184552312,-12.78354091292,
    -7.414955383034E-08));
#1272 = CARTESIAN_POINT('',(-22.23184347781,-12.78332688213,
    -2.512256824794E-08));
#1273 = CARTESIAN_POINT('',(-22.23184143878,-12.78311194259,
    -4.907185768843E-14));
#1274 = CARTESIAN_POINT('',(-22.23183942825,-12.7828986967,
    2.260806812476E-17));
#1275 = CARTESIAN_POINT('',(-23.77451205927,-14.86957760927,
    -2.07026717313));
#1276 = CARTESIAN_POINT('',(-23.66838445117,-14.86794107404,
    -1.889524621461));
#1277 = CARTESIAN_POINT('',(-23.55826457885,-14.84897590022,
    -1.702318592438));
#1278 = CARTESIAN_POINT('',(-23.44524819168,-14.81056671974,
    -1.510556666891));
#1279 = CARTESIAN_POINT('',(-23.33139455932,-14.75108008232,
    -1.317778288062));
#1280 = CARTESIAN_POINT('',(-23.2183418391,-14.66923158807,
    -1.126798805501));
#1281 = CARTESIAN_POINT('',(-23.10852812649,-14.56454899791,
    -0.941780371721));
#1282 = CARTESIAN_POINT('',(-23.0048604669,-14.43768290403,
    -0.767662108937));
#1283 = CARTESIAN_POINT('',(-22.90989050789,-14.29138799913,
    -0.60873686867));
#1284 = CARTESIAN_POINT('',(-22.82566888507,-14.1290531906,
    -0.468431767447));
#1285 = CARTESIAN_POINT('',(-22.75351631451,-13.95512358426,
    -0.34891007097));
#1286 = CARTESIAN_POINT('',(-22.67951484956,-13.73007345213,
    -0.227232658681));
#1287 = CARTESIAN_POINT('',(-22.66579735625,-13.68568760826,
    -0.204729450187));
#1288 = CARTESIAN_POINT('',(-22.65280783706,-13.64087879,-0.183474470803
    ));
#1289 = CARTESIAN_POINT('',(-22.64055422249,-13.59570961725,
    -0.163480011956));
#1290 = CARTESIAN_POINT('',(-22.62904190548,-13.55024155896,
    -0.144754065016));
#1291 = CARTESIAN_POINT('',(-22.61827378978,-13.50453509252,
    -0.127300400667));
#1292 = CARTESIAN_POINT('',(-22.60825032973,-13.45864986009,
    -0.111118633508));
#1293 = CARTESIAN_POINT('',(-22.59896956139,-13.41264482174,
    -9.620427226152E-02));
#1294 = CARTESIAN_POINT('',(-22.59042712567,-13.36657840527,
    -8.25487560961E-02));
#1295 = CARTESIAN_POINT('',(-22.58261628334,-13.32050865244,
    -7.013947748701E-02));
#1296 = CARTESIAN_POINT('',(-22.57198980529,-13.25152507608,
    -5.337951219888E-02));
#1297 = CARTESIAN_POINT('',(-22.56863200132,-13.22856659276,
    -4.810618158165E-02));
#1298 = CARTESIAN_POINT('',(-22.56545291277,-13.20562413559,
    -4.313695757884E-02));
#1299 = CARTESIAN_POINT('',(-22.56245098094,-13.18270394564,
    -3.84690638551E-02));
#1300 = CARTESIAN_POINT('',(-22.55962468524,-13.15981228286,
    -3.409978857516E-02));
#1301 = CARTESIAN_POINT('',(-22.55697254207,-13.13695542779,
    -3.002648256473E-02));
#1302 = CARTESIAN_POINT('',(-22.55449310382,-13.11413968327,
    -2.624655751351E-02));
#1303 = CARTESIAN_POINT('',(-22.55218495788,-13.09137137605,
    -2.275748423195E-02));
#1304 = CARTESIAN_POINT('',(-22.55004672562,-13.06865685844,
    -1.955679094609E-02));
#1305 = CARTESIAN_POINT('',(-22.54807706145,-13.04600250989,
    -1.66420616408E-02));
#1306 = CARTESIAN_POINT('',(-22.54537382739,-13.01212561803,
    -1.269592590932E-02));
#1307 = CARTESIAN_POINT('',(-22.54451457314,-13.00085247417,
    -1.145141631801E-02));
#1308 = CARTESIAN_POINT('',(-22.54369663314,-12.98959596644,
    -1.027695674171E-02));
#1309 = CARTESIAN_POINT('',(-22.54291975333,-12.97835675664,
    -9.172101549197E-03));
#1310 = CARTESIAN_POINT('',(-22.54218368157,-12.96713550894,
    -8.136408341917E-03));
#1311 = CARTESIAN_POINT('',(-22.5414881676,-12.95593288993,
    -7.169437887223E-03));
#1312 = CARTESIAN_POINT('',(-22.54083296301,-12.94474956861,
    -6.270754063957E-03));
#1313 = CARTESIAN_POINT('',(-22.54021782124,-12.93358621647,
    -5.43992379198E-03));
#1314 = CARTESIAN_POINT('',(-22.53964249746,-12.92244350753,
    -4.67651698205E-03));
#1315 = CARTESIAN_POINT('',(-22.53910674862,-12.9113221183,
    -3.980106467953E-03));
#1316 = CARTESIAN_POINT('',(-22.53836215347,-12.89467365202,
    -3.035383838288E-03));
#1317 = CARTESIAN_POINT('',(-22.53812379434,-12.88913000598,
    -2.737122604854E-03));
#1318 = CARTESIAN_POINT('',(-22.53789522137,-12.88359186452,
    -2.455423798833E-03));
#1319 = CARTESIAN_POINT('',(-22.53767640001,-12.87805930258,
    -2.190227140759E-03));
#1320 = CARTESIAN_POINT('',(-22.53746729585,-12.87253239523,
    -1.941472521344E-03));
#1321 = CARTESIAN_POINT('',(-22.53726787454,-12.86701121774,
    -1.709100004357E-03));
#1322 = CARTESIAN_POINT('',(-22.53707810187,-12.86149584556,
    -1.493049817175E-03));
#1323 = CARTESIAN_POINT('',(-22.5368979437,-12.8559863543,
    -1.293262358033E-03));
#1324 = CARTESIAN_POINT('',(-22.536727366,-12.85048281977,
    -1.109678185202E-03));
#1325 = CARTESIAN_POINT('',(-22.53656633484,-12.84498531793,
    -9.422380218655E-04));
#1326 = CARTESIAN_POINT('',(-22.53633905959,-12.83674831674,
    -7.152075480463E-04));
#1327 = CARTESIAN_POINT('',(-22.53626568023,-12.83400422826,
    -6.435524538961E-04));
#1328 = CARTESIAN_POINT('',(-22.53619467384,-12.83126166835,
    -5.759096867832E-04));
#1329 = CARTESIAN_POINT('',(-22.53612603596,-12.82852064588,
    -5.122714750276E-04));
#1330 = CARTESIAN_POINT('',(-22.53605976212,-12.82578116973,
    -4.526300577117E-04));
#1331 = CARTESIAN_POINT('',(-22.5359958479,-12.8230432488,
    -3.969776821735E-04));
#1332 = CARTESIAN_POINT('',(-22.53593428883,-12.82030689198,
    -3.453066071197E-04));
#1333 = CARTESIAN_POINT('',(-22.53587508048,-12.8175721082,
    -2.976090990807E-04));
#1334 = CARTESIAN_POINT('',(-22.53581821842,-12.81483890639,
    -2.538774356671E-04));
#1335 = CARTESIAN_POINT('',(-22.53576369822,-12.81210729547,
    -2.141039027583E-04));
#1336 = CARTESIAN_POINT('',(-22.53568542435,-12.80801229298,
    -1.603694281842E-04));
#1337 = CARTESIAN_POINT('',(-22.53565991755,-12.80664770065,
    -1.434455981837E-04));
#1338 = CARTESIAN_POINT('',(-22.5356349945,-12.80528350851,
    -1.275083223069E-04));
#1339 = CARTESIAN_POINT('',(-22.53561065463,-12.80391971764,
    -1.125566129641E-04));
#1340 = CARTESIAN_POINT('',(-22.53558689736,-12.80255632912,
    -9.858949183217E-05));
#1341 = CARTESIAN_POINT('',(-22.53556372215,-12.80119334401,
    -8.560596707841E-05));
#1342 = CARTESIAN_POINT('',(-22.53554112842,-12.79983076341,
    -7.36050653638E-05));
#1343 = CARTESIAN_POINT('',(-22.53551911561,-12.7984685884,
    -6.258579579965E-05));
#1344 = CARTESIAN_POINT('',(-22.53549768316,-12.79710682005,
    -5.254718263803E-05));
#1345 = CARTESIAN_POINT('',(-22.53547683049,-12.79574545944,
    -4.348824153988E-05));
#1346 = CARTESIAN_POINT('',(-22.53544642038,-12.79370403433,
    -3.136788392899E-05));
#1347 = CARTESIAN_POINT('',(-22.5354364285,-12.7930236631,
    -2.757244348728E-05));
#1348 = CARTESIAN_POINT('',(-22.53542658136,-12.79234339411,
    -2.40215468541E-05));
#1349 = CARTESIAN_POINT('',(-22.53541687887,-12.79166322749,
    -2.071507293122E-05));
#1350 = CARTESIAN_POINT('',(-22.53540732098,-12.79098316337,
    -1.765289265232E-05));
#1351 = CARTESIAN_POINT('',(-22.53539790761,-12.7903032019,
    -1.483488973197E-05));
#1352 = CARTESIAN_POINT('',(-22.53538863868,-12.78962334319,
    -1.226093206186E-05));
#1353 = CARTESIAN_POINT('',(-22.53537951413,-12.78894358739,
    -9.930903305921E-06));
#1354 = CARTESIAN_POINT('',(-22.53537053388,-12.78826393462,
    -7.844674635216E-06));
#1355 = CARTESIAN_POINT('',(-22.53536169787,-12.78758438502,
    -6.002125186644E-06));
#1356 = CARTESIAN_POINT('',(-22.53534704512,-12.78643897258,
    -3.306535098835E-06));
#1357 = CARTESIAN_POINT('',(-22.53534115203,-12.78597305498,
    -2.324489754901E-06));
#1358 = CARTESIAN_POINT('',(-22.53533532672,-12.78550718599,
    -1.456954022538E-06));
#1359 = CARTESIAN_POINT('',(-22.53532956916,-12.78504136565,
    -7.038878184762E-07));
#1360 = CARTESIAN_POINT('',(-22.53532387934,-12.78457559399,
    -6.525140827662E-08));
#1361 = CARTESIAN_POINT('',(-22.53531825723,-12.78410987106,
    4.589963120694E-07));
#1362 = CARTESIAN_POINT('',(-22.53531270281,-12.78364419691,
    8.688936612433E-07));
#1363 = CARTESIAN_POINT('',(-22.53530721606,-12.78317857157,
    1.16448278642E-06));
#1364 = CARTESIAN_POINT('',(-22.53530179694,-12.78271299509,
    1.345801937447E-06));
#1365 = CARTESIAN_POINT('',(-22.53529644544,-12.78224746751,
    1.412892325359E-06));
#1366 = CARTESIAN_POINT('',(-22.53528874077,-12.78156873342,
    1.344215433408E-06));
#1367 = CARTESIAN_POINT('',(-22.53528632955,-12.78135549031,
    1.306581617344E-06));
#1368 = CARTESIAN_POINT('',(-22.53528392839,-12.78114225224,
    1.251936250446E-06));
#1369 = CARTESIAN_POINT('',(-22.53528153822,-12.7809290148,
    1.178561388038E-06));
#1370 = CARTESIAN_POINT('',(-22.53527916029,-12.78071577583,
    1.084323832945E-06));
#1371 = CARTESIAN_POINT('',(-22.53527679586,-12.78050253482,
    9.67048969569E-07));
#1372 = CARTESIAN_POINT('',(-22.53527444604,-12.78028929232,
    8.248528162724E-07));
#1373 = CARTESIAN_POINT('',(-22.53527211155,-12.78007604935,
    6.565270609382E-07));
#1374 = CARTESIAN_POINT('',(-22.53526979253,-12.77986280677,
    4.618687812208E-07));
#1375 = CARTESIAN_POINT('',(-22.53526748828,-12.77964956474,
    2.420576694639E-07));
#1376 = CARTESIAN_POINT('',(-22.53526519709,-12.77943632202,
    2.22044604925E-16));
#1377 = CARTESIAN_POINT('',(-23.76865226605,-14.29694919807,
    -2.071415989094));
#1378 = CARTESIAN_POINT('',(-23.6827970262,-14.32277379067,
    -1.924670975822));
#1379 = CARTESIAN_POINT('',(-23.59202829789,-14.33414038011,
    -1.769837504758));
#1380 = CARTESIAN_POINT('',(-23.49396268026,-14.32839386406,
    -1.60290737471));
#1381 = CARTESIAN_POINT('',(-23.39965505794,-14.30204699809,
    -1.442778903023));
#1382 = CARTESIAN_POINT('',(-23.29828449996,-14.25733189106,
    -1.270976677631));
#1383 = CARTESIAN_POINT('',(-23.20533057593,-14.18864749782,
    -1.113976968232));
#1384 = CARTESIAN_POINT('',(-23.11271785882,-14.10149734542,
    -0.957917379392));
#1385 = CARTESIAN_POINT('',(-23.02945260042,-13.99448490802,
    -0.818166015667));
#1386 = CARTESIAN_POINT('',(-22.95414678563,-13.87209135138,
    -0.692271476073));
#1387 = CARTESIAN_POINT('',(-22.88924583529,-13.73728694186,
    -0.584341478793));
#1388 = CARTESIAN_POINT('',(-22.82190778699,-13.55877231806,
    -0.473109804149));
#1389 = CARTESIAN_POINT('',(-22.80929414474,-13.52308320681,
    -0.452317821395));
#1390 = CARTESIAN_POINT('',(-22.79734423539,-13.48693488471,
    -0.432665345665));
#1391 = CARTESIAN_POINT('',(-22.78606564594,-13.45038392622,
    -0.414164200763));
#1392 = CARTESIAN_POINT('',(-22.77546380154,-13.41348634446,
    -0.396822538979));
#1393 = CARTESIAN_POINT('',(-22.76554196548,-13.37629759119,
    -0.380644841081));
#1394 = CARTESIAN_POINT('',(-22.75630123919,-13.33887255681,
    -0.365631916326));
#1395 = CARTESIAN_POINT('',(-22.74774056228,-13.30126557039,
    -0.351780902447));
#1396 = CARTESIAN_POINT('',(-22.73985671248,-13.2635303996,
    -0.339085265668));
#1397 = CARTESIAN_POINT('',(-22.73264430568,-13.22572025081,
    -0.327534800691));
#1398 = CARTESIAN_POINT('',(-22.72282154102,-13.16897152808,
    -0.311906045706));
#1399 = CARTESIAN_POINT('',(-22.71971394948,-13.15005017425,
    -0.306980449069));
#1400 = CARTESIAN_POINT('',(-22.71677170724,-13.1311295046,
    -0.302336489845));
#1401 = CARTESIAN_POINT('',(-22.71399350029,-13.11221531624,
    -0.297971817087));
#1402 = CARTESIAN_POINT('',(-22.71137801461,-13.09331340625,
    -0.293884079849));
#1403 = CARTESIAN_POINT('',(-22.70892393616,-13.07442957175,
    -0.290070927186));
#1404 = CARTESIAN_POINT('',(-22.70662995093,-13.05556960984,
    -0.286530008149));
#1405 = CARTESIAN_POINT('',(-22.70449474488,-13.0367393176,
    -0.283258971796));
#1406 = CARTESIAN_POINT('',(-22.702517004,-13.01794449215,
    -0.280255467179));
#1407 = CARTESIAN_POINT('',(-22.70069541426,-12.99919093059,
    -0.277517143351));
#1408 = CARTESIAN_POINT('',(-22.69819528531,-12.97113117972,
    -0.273803902376));
#1409 = CARTESIAN_POINT('',(-22.69740050161,-12.96178954336,
    -0.272631667062));
#1410 = CARTESIAN_POINT('',(-22.69664408214,-12.9524601113,
    -0.271524542928));
#1411 = CARTESIAN_POINT('',(-22.69592579851,-12.94314347392,
    -0.270482129474));
#1412 = CARTESIAN_POINT('',(-22.69524542233,-12.93384022159,
    -0.269504026203));
#1413 = CARTESIAN_POINT('',(-22.69460272524,-12.92455094469,
    -0.268589832617));
#1414 = CARTESIAN_POINT('',(-22.69399747883,-12.9152762336,
    -0.267739148215));
#1415 = CARTESIAN_POINT('',(-22.69342945473,-12.9060166787,
    -0.266951572501));
#1416 = CARTESIAN_POINT('',(-22.69289842454,-12.89677287035,
    -0.266226704976));
#1417 = CARTESIAN_POINT('',(-22.69240415989,-12.88754539895,
    -0.265564145141));
#1418 = CARTESIAN_POINT('',(-22.69171756864,-12.87372958281,
    -0.264663166177));
#1419 = CARTESIAN_POINT('',(-22.69149783414,-12.86912852757,
    -0.264378308367));
#1420 = CARTESIAN_POINT('',(-22.6912871976,-12.86453175096,
    -0.264108864561));
#1421 = CARTESIAN_POINT('',(-22.69108562773,-12.85993931477,
    -0.263854780254));
#1422 = CARTESIAN_POINT('',(-22.69089309322,-12.85535128081,
    -0.263616000936));
#1423 = CARTESIAN_POINT('',(-22.69070956278,-12.85076771088,
    -0.263392472102));
#1424 = CARTESIAN_POINT('',(-22.69053500513,-12.8461886668,
    -0.263184139244));
#1425 = CARTESIAN_POINT('',(-22.69036938896,-12.84161421036,
    -0.262990947856));
#1426 = CARTESIAN_POINT('',(-22.69021268298,-12.83704440338,
    -0.262812843429));
#1427 = CARTESIAN_POINT('',(-22.6900648559,-12.83247930766,
    -0.262649771458));
#1428 = CARTESIAN_POINT('',(-22.68985638668,-12.82563882367,
    -0.262427630424));
#1429 = CARTESIAN_POINT('',(-22.68978910863,-12.82335985433,
    -0.262357327562));
#1430 = CARTESIAN_POINT('',(-22.68972403823,-12.82108208379,
    -0.262290761856));
#1431 = CARTESIAN_POINT('',(-22.68966117147,-12.81880551883,
    -0.262227926313));
#1432 = CARTESIAN_POINT('',(-22.68960050432,-12.81653016625,
    -0.262168813936));
#1433 = CARTESIAN_POINT('',(-22.68954203273,-12.81425603286,
    -0.262113417736));
#1434 = CARTESIAN_POINT('',(-22.6894857527,-12.81198312543,
    -0.262061730713));
#1435 = CARTESIAN_POINT('',(-22.68943166018,-12.80971145078,
    -0.262013745879));
#1436 = CARTESIAN_POINT('',(-22.68937975115,-12.8074410157,
    -0.261969456237));
#1437 = CARTESIAN_POINT('',(-22.68933002158,-12.80517182697,
    -0.261928854793));
#1438 = CARTESIAN_POINT('',(-22.68925869038,-12.80176992363,
    -0.261873474434));
#1439 = CARTESIAN_POINT('',(-22.68923545716,-12.80063626904,
    -0.261855934603));
#1440 = CARTESIAN_POINT('',(-22.68921276729,-12.79950292844,
    -0.261839314176));
#1441 = CARTESIAN_POINT('',(-22.68919062024,-12.7983699026,
    -0.261823612275));
#1442 = CARTESIAN_POINT('',(-22.68916901552,-12.79723719232,
    -0.261808828013));
#1443 = CARTESIAN_POINT('',(-22.68914795261,-12.79610479836,
    -0.261794960516));
#1444 = CARTESIAN_POINT('',(-22.689127431,-12.79497272153,
    -0.261782008893));
#1445 = CARTESIAN_POINT('',(-22.6891074502,-12.7938409626,-0.26176997227
    ));
#1446 = CARTESIAN_POINT('',(-22.68908800968,-12.79270952236,
    -0.261758849761));
#1447 = CARTESIAN_POINT('',(-22.68906910894,-12.79157840159,
    -0.261748640487));
#1448 = CARTESIAN_POINT('',(-22.68904156674,-12.78988220083,
    -0.261734695101));
#1449 = CARTESIAN_POINT('',(-22.68903252082,-12.78931688063,
    -0.261730274727));
#1450 = CARTESIAN_POINT('',(-22.68902360966,-12.78875164059,
    -0.261726082329));
#1451 = CARTESIAN_POINT('',(-22.68901483319,-12.78818648079,
    -0.261722117799));
#1452 = CARTESIAN_POINT('',(-22.68900619134,-12.78762140133,
    -0.261718381022));
#1453 = CARTESIAN_POINT('',(-22.68899768405,-12.78705640231,
    -0.261714871893));
#1454 = CARTESIAN_POINT('',(-22.68898931127,-12.78649148381,
    -0.261711590296));
#1455 = CARTESIAN_POINT('',(-22.68898107291,-12.78592664593,
    -0.261708536125));
#1456 = CARTESIAN_POINT('',(-22.68897296893,-12.78536188877,
    -0.261705709266));
#1457 = CARTESIAN_POINT('',(-22.68896499925,-12.78479721241,
    -0.26170310961));
#1458 = CARTESIAN_POINT('',(-22.68895179025,-12.78384541517,
    -0.261699109934));
#1459 = CARTESIAN_POINT('',(-22.68894647982,-12.78345825143,
    -0.261697589628));
#1460 = CARTESIAN_POINT('',(-22.6889412325,-12.78307112577,
    -0.261696176094));
#1461 = CARTESIAN_POINT('',(-22.68893604828,-12.78268403822,
    -0.261694869297));
#1462 = CARTESIAN_POINT('',(-22.68893092714,-12.7822969888,-0.2616936692
    ));
#1463 = CARTESIAN_POINT('',(-22.68892586905,-12.78190997756,
    -0.261692575768));
#1464 = CARTESIAN_POINT('',(-22.688920874,-12.7815230045,-0.261691588965
    ));
#1465 = CARTESIAN_POINT('',(-22.68891594196,-12.78113606968,
    -0.261690708755));
#1466 = CARTESIAN_POINT('',(-22.68891107291,-12.78074917312,
    -0.261689935103));
#1467 = CARTESIAN_POINT('',(-22.68890626684,-12.78036231484,
    -0.261689267973));
#1468 = CARTESIAN_POINT('',(-22.6888993507,-12.77979827614,
    -0.261688450474));
#1469 = CARTESIAN_POINT('',(-22.68889703868,-12.77960738411,
    -0.261688222639));
#1470 = CARTESIAN_POINT('',(-22.68889460391,-12.77940421888,
    -0.261688024259));
#1471 = CARTESIAN_POINT('',(-22.68889207842,-12.77919162701,
    -0.261687854577));
#1472 = CARTESIAN_POINT('',(-22.68888950292,-12.77897325453,
    -0.261687712072));
#1473 = CARTESIAN_POINT('',(-22.68888691968,-12.77875289994,
    -0.261687594894));
#1474 = CARTESIAN_POINT('',(-22.68888436535,-12.77853386719,
    -0.261687501281));
#1475 = CARTESIAN_POINT('',(-22.68888186389,-12.77831831874,
    -0.261687430003));
#1476 = CARTESIAN_POINT('',(-22.68887941941,-12.77810662851,
    -0.261687380778));
#1477 = CARTESIAN_POINT('',(-22.68887700902,-12.77789673493,
    -0.261687354709));
#1478 = CARTESIAN_POINT('',(-22.68887457574,-12.7776834939,
    -0.261687354709));
#1479 = DEFINITIONAL_REPRESENTATION('',(#1480),#1484);
#1480 = LINE('',#1481,#1482);
#1481 = CARTESIAN_POINT('',(0.,0.));
#1482 = VECTOR('',#1483,1.);
#1483 = DIRECTION('',(0.,1.));
#1484 = ( GEOMETRIC_REPRESENTATION_CONTEXT(2) 
PARAMETRIC_REPRESENTATION_CONTEXT() REPRESENTATION_CONTEXT('2D SPACE',''
  ) );
#1485 = ORIENTED_EDGE('',*,*,#889,.T.);
#1486 = ORIENTED_EDGE('',*,*,#167,.T.);
#1487 = ADVANCED_FACE('',(#1488),#150,.T.);
#1488 = FACE_BOUND('',#1489,.F.);
#1489 = EDGE_LOOP('',(#1490,#1796,#1797,#1798));
#1490 = ORIENTED_EDGE('',*,*,#1491,.T.);
#1491 = EDGE_CURVE('',#1492,#924,#1494,.T.);
#1492 = VERTEX_POINT('',#1493);
#1493 = CARTESIAN_POINT('',(-26.81261762572,-7.148,-8.947598641523));
#1494 = SURFACE_CURVE('',#1495,(#1525,#1701),.PCURVE_S1.);
#1495 = ( BOUNDED_CURVE() B_SPLINE_CURVE(10,(#1496,#1497,#1498,#1499,
    #1500,#1501,#1502,#1503,#1504,#1505,#1506,#1507,#1508,#1509,#1510,
    #1511,#1512,#1513,#1514,#1515,#1516,#1517,#1518,#1519,#1520,#1521,
#1522,#1523,#1524),.UNSPECIFIED.,.F.,.F.) B_SPLINE_CURVE_WITH_KNOTS((11,
    9,9,11),(71.190780082816,71.201820433713,83.337551998513,
83.658494944188),.UNSPECIFIED.) CURVE() GEOMETRIC_REPRESENTATION_ITEM() 
RATIONAL_B_SPLINE_CURVE((1.,1.,1.,1.,1.,1.,1.,1.,1.,1.,1.,1.,1.,1.,1.,1.
,1.,1.,1.,1.,1.,1.,1.,1.,1.,1.,1.,1.,1.)) REPRESENTATION_ITEM('') );
#1496 = CARTESIAN_POINT('',(-26.81261762572,-7.148,-8.947598641523));
#1497 = CARTESIAN_POINT('',(-26.81262817546,-7.149008125013,
    -8.947598355318));
#1498 = CARTESIAN_POINT('',(-26.81263861038,-7.150012623368,
    -8.947597933445));
#1499 = CARTESIAN_POINT('',(-26.81264902805,-7.151024990427,
    -8.947597352057));
#1500 = CARTESIAN_POINT('',(-26.81265936063,-7.152037322291,
    -8.947596626618));
#1501 = CARTESIAN_POINT('',(-26.81266954814,-7.153042515393,
    -8.947595772188));
#1502 = CARTESIAN_POINT('',(-26.81267961859,-7.154043664575,
    -8.947594784301));
#1503 = CARTESIAN_POINT('',(-26.81268967474,-7.155052659617,
    -8.947593640437));
#1504 = CARTESIAN_POINT('',(-26.81269978761,-7.156077980251,
    -8.947592322092));
#1505 = CARTESIAN_POINT('',(-26.81270979675,-7.157101689636,
    -8.947590857436));
#1506 = CARTESIAN_POINT('',(-26.82285419908,-8.195636024491,
    -8.94597038306));
#1507 = CARTESIAN_POINT('',(-26.7496173745,-9.232117786027,
    -8.792356597718));
#1508 = CARTESIAN_POINT('',(-26.59308831632,-10.24928083228,
    -8.487275823811));
#1509 = CARTESIAN_POINT('',(-26.35294488901,-11.22739789822,
    -8.03040414176));
#1510 = CARTESIAN_POINT('',(-26.02851282434,-12.14899870217,
    -7.420923646949));
#1511 = CARTESIAN_POINT('',(-25.62130976766,-12.96604949313,
    -6.662309924532));
#1512 = CARTESIAN_POINT('',(-25.1460107404,-13.66960113916,
    -5.781751558247));
#1513 = CARTESIAN_POINT('',(-24.60675913423,-14.20541469393,
    -4.787711166338));
#1514 = CARTESIAN_POINT('',(-24.04533077381,-14.58143787306,
    -3.756466468376));
#1515 = CARTESIAN_POINT('',(-23.42786730921,-14.78818203652,
    -2.626315385121));
#1516 = CARTESIAN_POINT('',(-23.41199293175,-14.7933633675,
    -2.59727691901));
#1517 = CARTESIAN_POINT('',(-23.39609420273,-14.79842029093,
    -2.568208538904));
#1518 = CARTESIAN_POINT('',(-23.38012743753,-14.80336684717,
    -2.539028953136));
#1519 = CARTESIAN_POINT('',(-23.36406149529,-14.80821138613,
    -2.509680234629));
#1520 = CARTESIAN_POINT('',(-23.34787524933,-14.8129578069,
    -2.480122983596));
#1521 = CARTESIAN_POINT('',(-23.33155505744,-14.81760679754,
    -2.45033149019));
#1522 = CARTESIAN_POINT('',(-23.31509223231,-14.82215707471,
    -2.420288897221));
#1523 = CARTESIAN_POINT('',(-23.29848051189,-14.82660662338,
    -2.389982362803));
#1524 = CARTESIAN_POINT('',(-23.28171352971,-14.83095393656,
    -2.359398223056));
#1525 = PCURVE('',#150,#1526);
#1526 = DEFINITIONAL_REPRESENTATION('',(#1527),#1700);
#1527 = B_SPLINE_CURVE_WITH_KNOTS('',11,(#1528,#1529,#1530,#1531,#1532,
    #1533,#1534,#1535,#1536,#1537,#1538,#1539,#1540,#1541,#1542,#1543,
    #1544,#1545,#1546,#1547,#1548,#1549,#1550,#1551,#1552,#1553,#1554,
    #1555,#1556,#1557,#1558,#1559,#1560,#1561,#1562,#1563,#1564,#1565,
    #1566,#1567,#1568,#1569,#1570,#1571,#1572,#1573,#1574,#1575,#1576,
    #1577,#1578,#1579,#1580,#1581,#1582,#1583,#1584,#1585,#1586,#1587,
    #1588,#1589,#1590,#1591,#1592,#1593,#1594,#1595,#1596,#1597,#1598,
    #1599,#1600,#1601,#1602,#1603,#1604,#1605,#1606,#1607,#1608,#1609,
    #1610,#1611,#1612,#1613,#1614,#1615,#1616,#1617,#1618,#1619,#1620,
    #1621,#1622,#1623,#1624,#1625,#1626,#1627,#1628,#1629,#1630,#1631,
    #1632,#1633,#1634,#1635,#1636,#1637,#1638,#1639,#1640,#1641,#1642,
    #1643,#1644,#1645,#1646,#1647,#1648,#1649,#1650,#1651,#1652,#1653,
    #1654,#1655,#1656,#1657,#1658,#1659,#1660,#1661,#1662,#1663,#1664,
    #1665,#1666,#1667,#1668,#1669,#1670,#1671,#1672,#1673,#1674,#1675,
    #1676,#1677,#1678,#1679,#1680,#1681,#1682,#1683,#1684,#1685,#1686,
    #1687,#1688,#1689,#1690,#1691,#1692,#1693,#1694,#1695,#1696,#1697,
    #1698,#1699),.UNSPECIFIED.,.F.,.F.,(12,10,10,10,10,10,10,10,10,10,10
    ,10,10,10,10,10,10,12),(71.190780082816,71.202955585611,
    71.215131088405,71.239482093994,71.288184105171,71.385588127525,
    71.580396172234,71.970012261652,72.749244440488,74.307708798159,
    77.424637513502,80.541566228845,82.100030586517,82.879262765352,
    83.26887885477,83.366282877125,83.463686899479,83.658494944188),
  .UNSPECIFIED.);
#1528 = CARTESIAN_POINT('',(-1.570796326795,6.606047265121));
#1529 = CARTESIAN_POINT('',(-1.570666047332,6.606057845788));
#1530 = CARTESIAN_POINT('',(-1.570534509258,6.606068436855));
#1531 = CARTESIAN_POINT('',(-1.570415505499,6.606078064649));
#1532 = CARTESIAN_POINT('',(-1.570245498012,6.606091192256));
#1533 = CARTESIAN_POINT('',(-1.570196908017,6.606095716581));
#1534 = CARTESIAN_POINT('',(-1.569952598551,6.606113916002));
#1535 = CARTESIAN_POINT('',(-1.569934677838,6.606116117495));
#1536 = CARTESIAN_POINT('',(-1.569730852841,6.606131323491));
#1537 = CARTESIAN_POINT('',(-1.569619667329,6.606139894937));
#1538 = CARTESIAN_POINT('',(-1.569498336016,6.606149137069));
#1539 = CARTESIAN_POINT('',(-1.569254367261,6.606167576689));
#1540 = CARTESIAN_POINT('',(-1.569132382978,6.606176731259));
#1541 = CARTESIAN_POINT('',(-1.569010398787,6.606185820584));
#1542 = CARTESIAN_POINT('',(-1.568888414689,6.606194844672));
#1543 = CARTESIAN_POINT('',(-1.568766430682,6.606203803512));
#1544 = CARTESIAN_POINT('',(-1.568644446768,6.606212697118));
#1545 = CARTESIAN_POINT('',(-1.568522462942,6.606221525474));
#1546 = CARTESIAN_POINT('',(-1.568400479207,6.606230288596));
#1547 = CARTESIAN_POINT('',(-1.568278495561,6.606238986472));
#1548 = CARTESIAN_POINT('',(-1.568156512003,6.606247619108));
#1549 = CARTESIAN_POINT('',(-1.567790561592,6.606273321293));
#1550 = CARTESIAN_POINT('',(-1.567546595002,6.606290195116));
#1551 = CARTESIAN_POINT('',(-1.567302628759,6.606306807981));
#1552 = CARTESIAN_POINT('',(-1.56705866285,6.606323159867));
#1553 = CARTESIAN_POINT('',(-1.566814697284,6.606339250814));
#1554 = CARTESIAN_POINT('',(-1.566570732036,6.606355080766));
#1555 = CARTESIAN_POINT('',(-1.566326767122,6.606370649786));
#1556 = CARTESIAN_POINT('',(-1.566082802518,6.606385957821));
#1557 = CARTESIAN_POINT('',(-1.565838838231,6.606401004908));
#1558 = CARTESIAN_POINT('',(-1.565594874248,6.606415791027));
#1559 = CARTESIAN_POINT('',(-1.564862983207,6.606459366508));
#1560 = CARTESIAN_POINT('',(-1.564375057051,6.606487372984));
#1561 = CARTESIAN_POINT('',(-1.563887132058,6.606514335627));
#1562 = CARTESIAN_POINT('',(-1.56339920818,6.60654025442));
#1563 = CARTESIAN_POINT('',(-1.562911285379,6.606565129399));
#1564 = CARTESIAN_POINT('',(-1.562423363605,6.606588960527));
#1565 = CARTESIAN_POINT('',(-1.561935442818,6.606611747848));
#1566 = CARTESIAN_POINT('',(-1.561447522971,6.606633491332));
#1567 = CARTESIAN_POINT('',(-1.560959604022,6.606654191003));
#1568 = CARTESIAN_POINT('',(-1.560471685926,6.606673846855));
#1569 = CARTESIAN_POINT('',(-1.559007934065,6.606729682972));
#1570 = CARTESIAN_POINT('',(-1.558032102729,6.606762731799));
#1571 = CARTESIAN_POINT('',(-1.557056274279,6.606791605412));
#1572 = CARTESIAN_POINT('',(-1.556080448345,6.606816303778));
#1573 = CARTESIAN_POINT('',(-1.555104624593,6.606836827));
#1574 = CARTESIAN_POINT('',(-1.554128802636,6.606853174985));
#1575 = CARTESIAN_POINT('',(-1.553152982148,6.606865347864));
#1576 = CARTESIAN_POINT('',(-1.552177162745,6.606873345561));
#1577 = CARTESIAN_POINT('',(-1.551201344088,6.606877168153));
#1578 = CARTESIAN_POINT('',(-1.550225525811,6.606876815628));
#1579 = CARTESIAN_POINT('',(-1.547298071058,6.606863232787));
#1580 = CARTESIAN_POINT('',(-1.54534643454,6.606837477275));
#1581 = CARTESIAN_POINT('',(-1.543394795168,6.6067950215));
#1582 = CARTESIAN_POINT('',(-1.541443150093,6.606735865439));
#1583 = CARTESIAN_POINT('',(-1.539491496489,6.606660009157));
#1584 = CARTESIAN_POINT('',(-1.537539831493,6.606567452589));
#1585 = CARTESIAN_POINT('',(-1.535588152286,6.60645819582));
#1586 = CARTESIAN_POINT('',(-1.533636456007,6.606332238797));
#1587 = CARTESIAN_POINT('',(-1.531684739829,6.606189581569));
#1588 = CARTESIAN_POINT('',(-1.529733000904,6.606030224125));
#1589 = CARTESIAN_POINT('',(-1.523877707367,6.605502051191));
#1590 = CARTESIAN_POINT('',(-1.519974075636,6.605083135833));
#1591 = CARTESIAN_POINT('',(-1.516070318941,6.604597419061));
#1592 = CARTESIAN_POINT('',(-1.512166415025,6.604044899523));
#1593 = CARTESIAN_POINT('',(-1.508262341629,6.603425575879));
#1594 = CARTESIAN_POINT('',(-1.504358076497,6.602739446771));
#1595 = CARTESIAN_POINT('',(-1.50045359737,6.601986510863));
#1596 = CARTESIAN_POINT('',(-1.496548881992,6.6011667668));
#1597 = CARTESIAN_POINT('',(-1.492643908104,6.600280213237));
#1598 = CARTESIAN_POINT('',(-1.488738653449,6.599326848827));
#1599 = CARTESIAN_POINT('',(-1.47702198041,6.596266319011));
#1600 = CARTESIAN_POINT('',(-1.469209643893,6.593958712785));
#1601 = CARTESIAN_POINT('',(-1.461395918671,6.591383836394));
#1602 = CARTESIAN_POINT('',(-1.453580637202,6.588541672722));
#1603 = CARTESIAN_POINT('',(-1.445763631931,6.585432204585));
#1604 = CARTESIAN_POINT('',(-1.437944735323,6.582055414901));
#1605 = CARTESIAN_POINT('',(-1.43012377982,6.578411286468));
#1606 = CARTESIAN_POINT('',(-1.422300597885,6.574499802198));
#1607 = CARTESIAN_POINT('',(-1.414475021967,6.570320944915));
#1608 = CARTESIAN_POINT('',(-1.40664688452,6.565874697497));
#1609 = CARTESIAN_POINT('',(-1.383154284956,6.551733733397));
#1610 = CARTESIAN_POINT('',(-1.367481709743,6.54123699329));
#1611 = CARTESIAN_POINT('',(-1.351796998043,6.529670511909));
#1612 = CARTESIAN_POINT('',(-1.336098920739,6.517034165367));
#1613 = CARTESIAN_POINT('',(-1.320386313904,6.503328016454));
#1614 = CARTESIAN_POINT('',(-1.304658078816,6.488552314637));
#1615 = CARTESIAN_POINT('',(-1.288913181941,6.472707496059));
#1616 = CARTESIAN_POINT('',(-1.27315065495,6.455794183546));
#1617 = CARTESIAN_POINT('',(-1.257369594702,6.437813186593));
#1618 = CARTESIAN_POINT('',(-1.241569163262,6.418765501382));
#1619 = CARTESIAN_POINT('',(-1.194107437127,6.358425929529));
#1620 = CARTESIAN_POINT('',(-1.162385791638,6.313938566444));
#1621 = CARTESIAN_POINT('',(-1.130577588288,6.265201000259));
#1622 = CARTESIAN_POINT('',(-1.098678041873,6.212230211255));
#1623 = CARTESIAN_POINT('',(-1.066683592274,6.155050394554));
#1624 = CARTESIAN_POINT('',(-1.034591851609,6.093693973458));
#1625 = CARTESIAN_POINT('',(-1.002401551401,6.02820261276));
#1626 = CARTESIAN_POINT('',(-0.970112489724,5.958628232072));
#1627 = CARTESIAN_POINT('',(-0.937725478371,5.885034019154));
#1628 = CARTESIAN_POINT('',(-0.905242290006,5.807495443227));
#1629 = CARTESIAN_POINT('',(-0.84008892064,5.644707093382));
#1630 = CARTESIAN_POINT('',(-0.807419035206,5.559458682125));
#1631 = CARTESIAN_POINT('',(-0.774658053417,5.470440811045));
#1632 = CARTESIAN_POINT('',(-0.741809553042,5.377754146736));
#1633 = CARTESIAN_POINT('',(-0.708878258919,5.28151397659));
#1634 = CARTESIAN_POINT('',(-0.675869716631,5.181848939512));
#1635 = CARTESIAN_POINT('',(-0.642789966213,5.078899756632));
#1636 = CARTESIAN_POINT('',(-0.60964521582,4.972817962026));
#1637 = CARTESIAN_POINT('',(-0.576441515431,4.86376463342));
#1638 = CARTESIAN_POINT('',(-0.54318443053,4.751909122921));
#1639 = CARTESIAN_POINT('',(-0.493225858432,4.580187120115));
#1640 = CARTESIAN_POINT('',(-0.476560773648,4.522289593149));
#1641 = CARTESIAN_POINT('',(-0.45988384893,4.463756262784));
#1642 = CARTESIAN_POINT('',(-0.443195424036,4.404608574593));
#1643 = CARTESIAN_POINT('',(-0.426495694704,4.344867938046));
#1644 = CARTESIAN_POINT('',(-0.409784616364,4.284555301051));
#1645 = CARTESIAN_POINT('',(-0.393061807836,4.223690724144));
#1646 = CARTESIAN_POINT('',(-0.37632645505,4.162292955079));
#1647 = CARTESIAN_POINT('',(-0.359577214741,4.100379003039));
#1648 = CARTESIAN_POINT('',(-0.342812118165,4.037963713147));
#1649 = CARTESIAN_POINT('',(-0.317636653117,3.943607154599));
#1650 = CARTESIAN_POINT('',(-0.309240152985,3.912032520956));
#1651 = CARTESIAN_POINT('',(-0.300838665651,3.880337089929));
#1652 = CARTESIAN_POINT('',(-0.29243180646,3.848522219114));
#1653 = CARTESIAN_POINT('',(-0.284019114854,3.816588973595));
#1654 = CARTESIAN_POINT('',(-0.275600054375,3.784538125997));
#1655 = CARTESIAN_POINT('',(-0.267174012658,3.752370156415));
#1656 = CARTESIAN_POINT('',(-0.258740301442,3.720085252493));
#1657 = CARTESIAN_POINT('',(-0.250298156558,3.687683309351));
#1658 = CARTESIAN_POINT('',(-0.241846737938,3.655163929639));
#1659 = CARTESIAN_POINT('',(-0.229154325447,3.606207670441));
#1660 = CARTESIAN_POINT('',(-0.224921009628,3.589859526487));
#1661 = CARTESIAN_POINT('',(-0.22068503255,3.573481764216));
#1662 = CARTESIAN_POINT('',(-0.216446244609,3.557074156179));
#1663 = CARTESIAN_POINT('',(-0.212204496203,3.540636474966));
#1664 = CARTESIAN_POINT('',(-0.207959637726,3.524168493106));
#1665 = CARTESIAN_POINT('',(-0.203711519575,3.507669983204));
#1666 = CARTESIAN_POINT('',(-0.199459992147,3.491140717788));
#1667 = CARTESIAN_POINT('',(-0.195204905838,3.47458046945));
#1668 = CARTESIAN_POINT('',(-0.190946111044,3.457989010739));
#1669 = CARTESIAN_POINT('',(-0.185617794941,3.437210390099));
#1670 = CARTESIAN_POINT('',(-0.184551980731,3.433052992418));
#1671 = CARTESIAN_POINT('',(-0.18348558184,3.428892491597));
#1672 = CARTESIAN_POINT('',(-0.182419193749,3.42473089322));
#1673 = CARTESIAN_POINT('',(-0.181352886343,3.420568411533));
#1674 = CARTESIAN_POINT('',(-0.180286124062,3.416403228402));
#1675 = CARTESIAN_POINT('',(-0.179218458453,3.412233852329));
#1676 = CARTESIAN_POINT('',(-0.1781502905,3.408061690427));
#1677 = CARTESIAN_POINT('',(-0.177083000206,3.403891448205));
#1678 = CARTESIAN_POINT('',(-0.176017740846,3.399726970129));
#1679 = CARTESIAN_POINT('',(-0.173886649795,3.391393300801));
#1680 = CARTESIAN_POINT('',(-0.172821391908,3.387226105577));
#1681 = CARTESIAN_POINT('',(-0.17175617506,3.383057608941));
#1682 = CARTESIAN_POINT('',(-0.170690767991,3.378886928485));
#1683 = CARTESIAN_POINT('',(-0.169624954785,3.374713240358));
#1684 = CARTESIAN_POINT('',(-0.168558534863,3.370535779086));
#1685 = CARTESIAN_POINT('',(-0.16749132299,3.3663538378));
#1686 = CARTESIAN_POINT('',(-0.16642314927,3.362166768002));
#1687 = CARTESIAN_POINT('',(-0.165353859149,3.35797397976));
#1688 = CARTESIAN_POINT('',(-0.164283313413,3.353774941575));
#1689 = CARTESIAN_POINT('',(-0.161067537741,3.341157658217));
#1690 = CARTESIAN_POINT('',(-0.15891803098,3.332718735111));
#1691 = CARTESIAN_POINT('',(-0.156761999904,3.324249079671));
#1692 = CARTESIAN_POINT('',(-0.154598668232,3.315745730481));
#1693 = CARTESIAN_POINT('',(-0.152427351398,3.307206096147));
#1694 = CARTESIAN_POINT('',(-0.150247456561,3.298627955345));
#1695 = CARTESIAN_POINT('',(-0.148058482595,3.290009456759));
#1696 = CARTESIAN_POINT('',(-0.145860020095,3.281349119147));
#1697 = CARTESIAN_POINT('',(-0.143651751374,3.272645831283));
#1698 = CARTESIAN_POINT('',(-0.141433450467,3.263898851997));
#1699 = CARTESIAN_POINT('',(-0.139204983126,3.255107810155));
#1700 = ( GEOMETRIC_REPRESENTATION_CONTEXT(2) 
PARAMETRIC_REPRESENTATION_CONTEXT() REPRESENTATION_CONTEXT('2D SPACE',''
  ) );
#1701 = PCURVE('',#1702,#1790);
#1702 = ( BOUNDED_SURFACE() B_SPLINE_SURFACE(2,10,(
    (#1703,#1704,#1705,#1706,#1707,#1708,#1709,#1710,#1711,#1712,#1713
      ,#1714,#1715,#1716,#1717,#1718,#1719,#1720,#1721,#1722,#1723,#1724
      ,#1725,#1726,#1727,#1728,#1729,#1730,#1731)
    ,(#1732,#1733,#1734,#1735,#1736,#1737,#1738,#1739,#1740,#1741,#1742
      ,#1743,#1744,#1745,#1746,#1747,#1748,#1749,#1750,#1751,#1752,#1753
      ,#1754,#1755,#1756,#1757,#1758,#1759,#1760)
    ,(#1761,#1762,#1763,#1764,#1765,#1766,#1767,#1768,#1769,#1770,#1771
      ,#1772,#1773,#1774,#1775,#1776,#1777,#1778,#1779,#1780,#1781,#1782
      ,#1783,#1784,#1785,#1786,#1787,#1788,#1789
)),.UNSPECIFIED.,.F.,.F.,.F.) B_SPLINE_SURFACE_WITH_KNOTS((3,3),(11,9,9,
    11),(0.,12.467714861372),(71.190780082816,71.201820433713,
    83.337551998513,83.658494944188),.UNSPECIFIED.) 
GEOMETRIC_REPRESENTATION_ITEM() RATIONAL_B_SPLINE_SURFACE((
    (1.,1.,1.,1.,1.,1.,1.,1.,1.,1.,1.,1.,1.,1.,1.,1.,1.,1.,1.,1.,1.,1.
      ,1.,1.,1.,1.,1.,1.,1.)
    ,(0.508587032119,0.508586403577,0.508585779993,0.508585145707
      ,0.508584511315,0.508583886617,0.508583267861,0.508582639298
      ,0.508581989037,0.508581339209,0.507977558961,0.512069585235
      ,0.520866947725,0.534225131606,0.551838355256,0.572974013102
      ,0.59647458798,0.621684184182,0.646786814748,0.673192572859
      ,0.673865704099,0.674534846449,0.675202356414,0.675869910596
      ,0.676538686573,0.677209543775,0.677883204364,0.678560434111
      ,0.679242223273)
    ,(1.,1.,1.,1.,1.,1.,1.,1.,1.,1.,1.,1.,1.,1.,1.,1.,1.,1.,1.,1.,1.,1.
,1.,1.,1.,1.,1.,1.,1.))) REPRESENTATION_ITEM('') SURFACE() );
#1703 = CARTESIAN_POINT('',(-26.81261762572,-7.148,-8.947598641523));
#1704 = CARTESIAN_POINT('',(-26.81262817546,-7.149008125013,
    -8.947598355318));
#1705 = CARTESIAN_POINT('',(-26.81263861038,-7.150012623368,
    -8.947597933445));
#1706 = CARTESIAN_POINT('',(-26.81264902805,-7.151024990427,
    -8.947597352057));
#1707 = CARTESIAN_POINT('',(-26.81265936063,-7.152037322291,
    -8.947596626618));
#1708 = CARTESIAN_POINT('',(-26.81266954814,-7.153042515393,
    -8.947595772188));
#1709 = CARTESIAN_POINT('',(-26.81267961859,-7.154043664575,
    -8.947594784301));
#1710 = CARTESIAN_POINT('',(-26.81268967474,-7.155052659617,
    -8.947593640437));
#1711 = CARTESIAN_POINT('',(-26.81269978761,-7.156077980251,
    -8.947592322092));
#1712 = CARTESIAN_POINT('',(-26.81270979675,-7.157101689636,
    -8.947590857436));
#1713 = CARTESIAN_POINT('',(-26.82285419908,-8.195636024491,
    -8.94597038306));
#1714 = CARTESIAN_POINT('',(-26.7496173745,-9.232117786027,
    -8.792356597718));
#1715 = CARTESIAN_POINT('',(-26.59308831632,-10.24928083228,
    -8.487275823811));
#1716 = CARTESIAN_POINT('',(-26.35294488901,-11.22739789822,
    -8.03040414176));
#1717 = CARTESIAN_POINT('',(-26.02851282434,-12.14899870217,
    -7.420923646949));
#1718 = CARTESIAN_POINT('',(-25.62130976766,-12.96604949313,
    -6.662309924532));
#1719 = CARTESIAN_POINT('',(-25.1460107404,-13.66960113916,
    -5.781751558247));
#1720 = CARTESIAN_POINT('',(-24.60675913423,-14.20541469393,
    -4.787711166338));
#1721 = CARTESIAN_POINT('',(-24.04533077381,-14.58143787306,
    -3.756466468376));
#1722 = CARTESIAN_POINT('',(-23.42786730921,-14.78818203652,
    -2.626315385121));
#1723 = CARTESIAN_POINT('',(-23.41199293175,-14.7933633675,
    -2.59727691901));
#1724 = CARTESIAN_POINT('',(-23.39609420273,-14.79842029093,
    -2.568208538904));
#1725 = CARTESIAN_POINT('',(-23.38012743753,-14.80336684717,
    -2.539028953136));
#1726 = CARTESIAN_POINT('',(-23.36406149529,-14.80821138613,
    -2.509680234629));
#1727 = CARTESIAN_POINT('',(-23.34787524933,-14.8129578069,
    -2.480122983596));
#1728 = CARTESIAN_POINT('',(-23.33155505744,-14.81760679754,
    -2.45033149019));
#1729 = CARTESIAN_POINT('',(-23.31509223231,-14.82215707471,
    -2.420288897221));
#1730 = CARTESIAN_POINT('',(-23.29848051189,-14.82660662338,
    -2.389982362803));
#1731 = CARTESIAN_POINT('',(-23.28171352971,-14.83095393656,
    -2.359398223056));
#1732 = CARTESIAN_POINT('',(-27.70949260126,-7.137918836867,
    -8.923267258265));
#1733 = CARTESIAN_POINT('',(-27.7095046817,-7.138926946314,
    -8.92326824103));
#1734 = CARTESIAN_POINT('',(-27.70951667532,-7.139935056537,
    -8.9232690759));
#1735 = CARTESIAN_POINT('',(-27.70952859063,-7.140943167062,
    -8.923269777378));
#1736 = CARTESIAN_POINT('',(-27.70954042176,-7.141951278228,
    -8.923270335458));
#1737 = CARTESIAN_POINT('',(-27.70955216346,-7.142959390275,
    -8.92327074118));
#1738 = CARTESIAN_POINT('',(-27.70956381805,-7.143967503069,
    -8.923270998512));
#1739 = CARTESIAN_POINT('',(-27.70957539438,-7.14497561627,
    -8.923271122526));
#1740 = CARTESIAN_POINT('',(-27.70958689872,-7.14598372973,
    -8.923271123909));
#1741 = CARTESIAN_POINT('',(-27.70959831764,-7.146991843945,
    -8.923270979767));
#1742 = CARTESIAN_POINT('',(-27.72201818434,-8.257454868091,
    -8.922842471113));
#1743 = CARTESIAN_POINT('',(-27.6335778139,-9.34619145893,
    -8.751034169493));
#1744 = CARTESIAN_POINT('',(-27.45004093548,-10.39309229752,
    -8.418054691732));
#1745 = CARTESIAN_POINT('',(-27.17416068519,-11.37820839574,
    -7.92898139071));
#1746 = CARTESIAN_POINT('',(-26.81374766576,-12.2928206045,
    -7.297288070856));
#1747 = CARTESIAN_POINT('',(-26.36083785974,-13.09992843646,
    -6.510128260304));
#1748 = CARTESIAN_POINT('',(-25.8382631452,-13.79457524389,
    -5.606489389832));
#1749 = CARTESIAN_POINT('',(-25.23615741678,-14.31569658583,
    -4.570752764073));
#1750 = CARTESIAN_POINT('',(-24.61370597883,-14.66745968585,
    -3.503651732183));
#1751 = CARTESIAN_POINT('',(-23.93103670096,-14.83668111214,
    -2.337525633982));
#1752 = CARTESIAN_POINT('',(-23.91408388935,-14.84076137189,
    -2.30856945068));
#1753 = CARTESIAN_POINT('',(-23.89706096749,-14.84473406893,
    -2.279495934546));
#1754 = CARTESIAN_POINT('',(-23.87994290937,-14.8486021032,
    -2.250262400681));
#1755 = CARTESIAN_POINT('',(-23.86271146823,-14.85236637698,
    -2.220837750624));
#1756 = CARTESIAN_POINT('',(-23.8453537443,-14.85602622973,
    -2.191200024155));
#1757 = CARTESIAN_POINT('',(-23.82786078798,-14.85957986324,
    -2.161334011746));
#1758 = CARTESIAN_POINT('',(-23.81022623836,-14.86302475753,
    -2.131228927441));
#1759 = CARTESIAN_POINT('',(-23.79244499744,-14.86635807832,
    -2.100876142537));
#1760 = CARTESIAN_POINT('',(-23.7745119404,-14.86957707668,
    -2.070266981012));
#1761 = CARTESIAN_POINT('',(-27.25527965477,-7.142784797179,
    -8.149480925034));
#1762 = CARTESIAN_POINT('',(-27.25529097799,-7.143792913494,
    -8.149480617846));
#1763 = CARTESIAN_POINT('',(-27.25530213731,-7.144793515699,
    -8.149480177533));
#1764 = CARTESIAN_POINT('',(-27.25531338594,-7.145810418139,
    -8.149479572514));
#1765 = CARTESIAN_POINT('',(-27.25532454888,-7.146827246651,
    -8.149478822976));
#1766 = CARTESIAN_POINT('',(-27.25533546991,-7.147829285165,
    -8.149477948843));
#1767 = CARTESIAN_POINT('',(-27.25534621895,-7.148822945228,
    -8.149476944605));
#1768 = CARTESIAN_POINT('',(-27.25535705989,-7.149832858413,
    -8.149475781003));
#1769 = CARTESIAN_POINT('',(-27.25536817884,-7.150876591666,
    -8.149474433582));
#1770 = CARTESIAN_POINT('',(-27.25537917276,-7.151916985537,
    -8.149472938092));
#1771 = CARTESIAN_POINT('',(-27.26541952865,-8.114748886277,
    -8.147860758721));
#1772 = CARTESIAN_POINT('',(-27.19321335274,-9.075477584193,
    -8.006193357117));
#1773 = CARTESIAN_POINT('',(-27.03907500117,-10.01926667715,
    -7.725294573156));
#1774 = CARTESIAN_POINT('',(-26.80167005049,-10.92877220477,
    -7.303228507947));
#1775 = CARTESIAN_POINT('',(-26.48109465968,-11.78868844035,
    -6.740456453597));
#1776 = CARTESIAN_POINT('',(-26.07519236209,-12.55097876569,
    -6.034238843556));
#1777 = CARTESIAN_POINT('',(-25.60421948556,-13.20988297259,
    -5.219191617849));
#1778 = CARTESIAN_POINT('',(-25.06374790661,-13.71370198605,
    -4.288776929908));
#1779 = CARTESIAN_POINT('',(-24.50369106906,-14.06317790814,
    -3.328001313518));
#1780 = CARTESIAN_POINT('',(-23.89545431539,-14.25768827111,
    -2.288169645842));
#1781 = CARTESIAN_POINT('',(-23.8806004103,-14.26239648037,
    -2.262776467057));
#1782 = CARTESIAN_POINT('',(-23.86627533463,-14.26690570687,
    -2.238287946985));
#1783 = CARTESIAN_POINT('',(-23.85226169077,-14.27129281823,
    -2.214332283401));
#1784 = CARTESIAN_POINT('',(-23.83840177738,-14.27561140635,
    -2.190639811259));
#1785 = CARTESIAN_POINT('',(-23.82458635776,-14.27989596044,
    -2.167023789912));
#1786 = CARTESIAN_POINT('',(-23.81074342819,-14.28416604005,
    -2.143361190317));
#1787 = CARTESIAN_POINT('',(-23.79682698619,-14.28843044812,
    -2.119573482256));
#1788 = CARTESIAN_POINT('',(-23.7828057989,-14.292691404,-2.095607421545
    ));
#1789 = CARTESIAN_POINT('',(-23.76865217141,-14.29694871649,
    -2.071415837246));
#1790 = DEFINITIONAL_REPRESENTATION('',(#1791),#1795);
#1791 = LINE('',#1792,#1793);
#1792 = CARTESIAN_POINT('',(0.,0.));
#1793 = VECTOR('',#1794,1.);
#1794 = DIRECTION('',(0.,1.));
#1795 = ( GEOMETRIC_REPRESENTATION_CONTEXT(2) 
PARAMETRIC_REPRESENTATION_CONTEXT() REPRESENTATION_CONTEXT('2D SPACE',''
  ) );
#1796 = ORIENTED_EDGE('',*,*,#923,.T.);
#1797 = ORIENTED_EDGE('',*,*,#133,.T.);
#1798 = ORIENTED_EDGE('',*,*,#1799,.T.);
#1799 = EDGE_CURVE('',#107,#1492,#1800,.T.);
#1800 = SURFACE_CURVE('',#1801,(#1805,#1812),.PCURVE_S1.);
#1801 = LINE('',#1802,#1803);
#1802 = CARTESIAN_POINT('',(-20.209,-7.148,-9.126748640932));
#1803 = VECTOR('',#1804,1.);
#1804 = DIRECTION('',(-0.999632209807,-0.,2.711909137484E-02));
#1805 = PCURVE('',#150,#1806);
#1806 = DEFINITIONAL_REPRESENTATION('',(#1807),#1811);
#1807 = LINE('',#1808,#1809);
#1808 = CARTESIAN_POINT('',(-1.570796326795,0.));
#1809 = VECTOR('',#1810,1.);
#1810 = DIRECTION('',(-0.,1.));
#1811 = ( GEOMETRIC_REPRESENTATION_CONTEXT(2) 
PARAMETRIC_REPRESENTATION_CONTEXT() REPRESENTATION_CONTEXT('2D SPACE',''
  ) );
#1812 = PCURVE('',#121,#1813);
#1813 = DEFINITIONAL_REPRESENTATION('',(#1814),#1818);
#1814 = LINE('',#1815,#1816);
#1815 = CARTESIAN_POINT('',(20.216435406686,-7.148));
#1816 = VECTOR('',#1817,1.);
#1817 = DIRECTION('',(1.,0.));
#1818 = ( GEOMETRIC_REPRESENTATION_CONTEXT(2) 
PARAMETRIC_REPRESENTATION_CONTEXT() REPRESENTATION_CONTEXT('2D SPACE',''
  ) );
#1819 = ADVANCED_FACE('',(#1820,#2185,#2293),#121,.T.);
#1820 = FACE_BOUND('',#1821,.T.);
#1821 = EDGE_LOOP('',(#1822,#1846,#1867,#1868,#1869,#1897,#1925,#1947,
    #1975,#2002,#2030,#2058,#2084,#2110,#2136,#2159));
#1822 = ORIENTED_EDGE('',*,*,#1823,.T.);
#1823 = EDGE_CURVE('',#1824,#1826,#1828,.T.);
#1824 = VERTEX_POINT('',#1825);
#1825 = CARTESIAN_POINT('',(-1.065,-14.192,-9.646107541323));
#1826 = VERTEX_POINT('',#1827);
#1827 = CARTESIAN_POINT('',(-1.065,-13.878,-9.646107541323));
#1828 = SURFACE_CURVE('',#1829,(#1833,#1840),.PCURVE_S1.);
#1829 = LINE('',#1830,#1831);
#1830 = CARTESIAN_POINT('',(-1.065,-8.1645,-9.646107541323));
#1831 = VECTOR('',#1832,1.);
#1832 = DIRECTION('',(0.,1.,0.));
#1833 = PCURVE('',#121,#1834);
#1834 = DEFINITIONAL_REPRESENTATION('',(#1835),#1839);
#1835 = LINE('',#1836,#1837);
#1836 = CARTESIAN_POINT('',(1.065391840671,-8.1645));
#1837 = VECTOR('',#1838,1.);
#1838 = DIRECTION('',(0.,1.));
#1839 = ( GEOMETRIC_REPRESENTATION_CONTEXT(2) 
PARAMETRIC_REPRESENTATION_CONTEXT() REPRESENTATION_CONTEXT('2D SPACE',''
  ) );
#1840 = PCURVE('',#352,#1841);
#1841 = DEFINITIONAL_REPRESENTATION('',(#1842),#1845);
#1842 = B_SPLINE_CURVE_WITH_KNOTS('',1,(#1843,#1844),.UNSPECIFIED.,.F.,
  .F.,(2,2),(-8.1645,24.3725),.PIECEWISE_BEZIER_KNOTS.);
#1843 = CARTESIAN_POINT('',(1.22077636499,0.));
#1844 = CARTESIAN_POINT('',(1.22077636499,-32.537));
#1845 = ( GEOMETRIC_REPRESENTATION_CONTEXT(2) 
PARAMETRIC_REPRESENTATION_CONTEXT() REPRESENTATION_CONTEXT('2D SPACE',''
  ) );
#1846 = ORIENTED_EDGE('',*,*,#1847,.T.);
#1847 = EDGE_CURVE('',#1826,#75,#1848,.T.);
#1848 = SURFACE_CURVE('',#1849,(#1853,#1860),.PCURVE_S1.);
#1849 = LINE('',#1850,#1851);
#1850 = CARTESIAN_POINT('',(-1.065,-13.878,-9.646107541323));
#1851 = VECTOR('',#1852,1.);
#1852 = DIRECTION('',(-0.999632209807,-0.,2.711909137484E-02));
#1853 = PCURVE('',#121,#1854);
#1854 = DEFINITIONAL_REPRESENTATION('',(#1855),#1859);
#1855 = LINE('',#1856,#1857);
#1856 = CARTESIAN_POINT('',(1.065391840671,-13.878));
#1857 = VECTOR('',#1858,1.);
#1858 = DIRECTION('',(1.,0.));
#1859 = ( GEOMETRIC_REPRESENTATION_CONTEXT(2) 
PARAMETRIC_REPRESENTATION_CONTEXT() REPRESENTATION_CONTEXT('2D SPACE',''
  ) );
#1860 = PCURVE('',#91,#1861);
#1861 = DEFINITIONAL_REPRESENTATION('',(#1862),#1866);
#1862 = LINE('',#1863,#1864);
#1863 = CARTESIAN_POINT('',(-1.570796326795,0.));
#1864 = VECTOR('',#1865,1.);
#1865 = DIRECTION('',(-0.,1.));
#1866 = ( GEOMETRIC_REPRESENTATION_CONTEXT(2) 
PARAMETRIC_REPRESENTATION_CONTEXT() REPRESENTATION_CONTEXT('2D SPACE',''
  ) );
#1867 = ORIENTED_EDGE('',*,*,#106,.T.);
#1868 = ORIENTED_EDGE('',*,*,#1799,.T.);
#1869 = ORIENTED_EDGE('',*,*,#1870,.F.);
#1870 = EDGE_CURVE('',#1871,#1492,#1873,.T.);
#1871 = VERTEX_POINT('',#1872);
#1872 = CARTESIAN_POINT('',(-26.65204416836,7.148,-8.951954849956));
#1873 = SURFACE_CURVE('',#1874,(#1878,#1885),.PCURVE_S1.);
#1874 = LINE('',#1875,#1876);
#1875 = CARTESIAN_POINT('',(-26.65215740054,7.137918836862,
    -8.951951778073));
#1876 = VECTOR('',#1877,1.);
#1877 = DIRECTION('',(-1.123134596822E-02,-0.999936880022,
    3.046959617613E-04));
#1878 = PCURVE('',#121,#1879);
#1879 = DEFINITIONAL_REPRESENTATION('',(#1880),#1884);
#1880 = LINE('',#1881,#1882);
#1881 = CARTESIAN_POINT('',(26.66196340922,7.137918836862));
#1882 = VECTOR('',#1883,1.);
#1883 = DIRECTION('',(1.123547826694E-02,-0.999936880022));
#1884 = ( GEOMETRIC_REPRESENTATION_CONTEXT(2) 
PARAMETRIC_REPRESENTATION_CONTEXT() REPRESENTATION_CONTEXT('2D SPACE',''
  ) );
#1885 = PCURVE('',#1886,#1891);
#1886 = CYLINDRICAL_SURFACE('',#1887,0.53);
#1887 = AXIS2_PLACEMENT_3D('',#1888,#1889,#1890);
#1888 = CARTESIAN_POINT('',(-26.63778428211,7.137918836862,
    -8.422146706875));
#1889 = DIRECTION('',(-1.123134596822E-02,-0.999936880022,
    3.046959617613E-04));
#1890 = DIRECTION('',(-2.711909137484E-02,-5.421010862428E-20,
    -0.999632209807));
#1891 = DEFINITIONAL_REPRESENTATION('',(#1892),#1896);
#1892 = LINE('',#1893,#1894);
#1893 = CARTESIAN_POINT('',(-0.,0.));
#1894 = VECTOR('',#1895,1.);
#1895 = DIRECTION('',(-0.,1.));
#1896 = ( GEOMETRIC_REPRESENTATION_CONTEXT(2) 
PARAMETRIC_REPRESENTATION_CONTEXT() REPRESENTATION_CONTEXT('2D SPACE',''
  ) );
#1897 = ORIENTED_EDGE('',*,*,#1898,.F.);
#1898 = EDGE_CURVE('',#1899,#1871,#1901,.T.);
#1899 = VERTEX_POINT('',#1900);
#1900 = CARTESIAN_POINT('',(-21.209,7.148,-9.099619571752));
#1901 = SURFACE_CURVE('',#1902,(#1906,#1913),.PCURVE_S1.);
#1902 = LINE('',#1903,#1904);
#1903 = CARTESIAN_POINT('',(-20.209,7.148,-9.126748640932));
#1904 = VECTOR('',#1905,1.);
#1905 = DIRECTION('',(-0.999632209807,-0.,2.711909137484E-02));
#1906 = PCURVE('',#121,#1907);
#1907 = DEFINITIONAL_REPRESENTATION('',(#1908),#1912);
#1908 = LINE('',#1909,#1910);
#1909 = CARTESIAN_POINT('',(20.216435406686,7.148));
#1910 = VECTOR('',#1911,1.);
#1911 = DIRECTION('',(1.,0.));
#1912 = ( GEOMETRIC_REPRESENTATION_CONTEXT(2) 
PARAMETRIC_REPRESENTATION_CONTEXT() REPRESENTATION_CONTEXT('2D SPACE',''
  ) );
#1913 = PCURVE('',#1914,#1919);
#1914 = CYLINDRICAL_SURFACE('',#1915,7.758);
#1915 = AXIS2_PLACEMENT_3D('',#1916,#1917,#1918);
#1916 = CARTESIAN_POINT('',(-19.99861008911,7.148,-1.371601957252));
#1917 = DIRECTION('',(-0.999632209807,-0.,2.711909137484E-02));
#1918 = DIRECTION('',(-0.,1.,0.));
#1919 = DEFINITIONAL_REPRESENTATION('',(#1920),#1924);
#1920 = LINE('',#1921,#1922);
#1921 = CARTESIAN_POINT('',(1.570796326795,0.));
#1922 = VECTOR('',#1923,1.);
#1923 = DIRECTION('',(0.,1.));
#1924 = ( GEOMETRIC_REPRESENTATION_CONTEXT(2) 
PARAMETRIC_REPRESENTATION_CONTEXT() REPRESENTATION_CONTEXT('2D SPACE',''
  ) );
#1925 = ORIENTED_EDGE('',*,*,#1926,.T.);
#1926 = EDGE_CURVE('',#1899,#1927,#1929,.T.);
#1927 = VERTEX_POINT('',#1928);
#1928 = CARTESIAN_POINT('',(-21.209,13.892,-9.099619571752));
#1929 = SURFACE_CURVE('',#1930,(#1934,#1941),.PCURVE_S1.);
#1930 = LINE('',#1931,#1932);
#1931 = CARTESIAN_POINT('',(-21.209,-8.0075,-9.099619571752));
#1932 = VECTOR('',#1933,1.);
#1933 = DIRECTION('',(0.,1.,0.));
#1934 = PCURVE('',#121,#1935);
#1935 = DEFINITIONAL_REPRESENTATION('',(#1936),#1940);
#1936 = LINE('',#1937,#1938);
#1937 = CARTESIAN_POINT('',(21.216803332199,-8.0075));
#1938 = VECTOR('',#1939,1.);
#1939 = DIRECTION('',(0.,1.));
#1940 = ( GEOMETRIC_REPRESENTATION_CONTEXT(2) 
PARAMETRIC_REPRESENTATION_CONTEXT() REPRESENTATION_CONTEXT('2D SPACE',''
  ) );
#1941 = PCURVE('',#791,#1942);
#1942 = DEFINITIONAL_REPRESENTATION('',(#1943),#1946);
#1943 = B_SPLINE_CURVE_WITH_KNOTS('',1,(#1944,#1945),.UNSPECIFIED.,.F.,
  .F.,(2,2),(-8.0075,24.0365),.PIECEWISE_BEZIER_KNOTS.);
#1944 = CARTESIAN_POINT('',(1.767264334561,0.));
#1945 = CARTESIAN_POINT('',(1.767264334561,-32.044));
#1946 = ( GEOMETRIC_REPRESENTATION_CONTEXT(2) 
PARAMETRIC_REPRESENTATION_CONTEXT() REPRESENTATION_CONTEXT('2D SPACE',''
  ) );
#1947 = ORIENTED_EDGE('',*,*,#1948,.F.);
#1948 = EDGE_CURVE('',#1949,#1927,#1951,.T.);
#1949 = VERTEX_POINT('',#1950);
#1950 = CARTESIAN_POINT('',(-1.065,13.892,-9.646107541323));
#1951 = SURFACE_CURVE('',#1952,(#1956,#1963),.PCURVE_S1.);
#1952 = LINE('',#1953,#1954);
#1953 = CARTESIAN_POINT('',(-1.065,13.892,-9.646107541323));
#1954 = VECTOR('',#1955,1.);
#1955 = DIRECTION('',(-0.999632209807,-0.,2.711909137484E-02));
#1956 = PCURVE('',#121,#1957);
#1957 = DEFINITIONAL_REPRESENTATION('',(#1958),#1962);
#1958 = LINE('',#1959,#1960);
#1959 = CARTESIAN_POINT('',(1.065391840671,13.892));
#1960 = VECTOR('',#1961,1.);
#1961 = DIRECTION('',(1.,0.));
#1962 = ( GEOMETRIC_REPRESENTATION_CONTEXT(2) 
PARAMETRIC_REPRESENTATION_CONTEXT() REPRESENTATION_CONTEXT('2D SPACE',''
  ) );
#1963 = PCURVE('',#1964,#1969);
#1964 = CYLINDRICAL_SURFACE('',#1965,2.137);
#1965 = AXIS2_PLACEMENT_3D('',#1966,#1967,#1968);
#1966 = CARTESIAN_POINT('',(-1.007046501732,13.892,-7.509893508966));
#1967 = DIRECTION('',(-0.999632209807,-0.,2.711909137484E-02));
#1968 = DIRECTION('',(-2.711909137484E-02,0.,-0.999632209807));
#1969 = DEFINITIONAL_REPRESENTATION('',(#1970),#1974);
#1970 = LINE('',#1971,#1972);
#1971 = CARTESIAN_POINT('',(-0.,0.));
#1972 = VECTOR('',#1973,1.);
#1973 = DIRECTION('',(-0.,1.));
#1974 = ( GEOMETRIC_REPRESENTATION_CONTEXT(2) 
PARAMETRIC_REPRESENTATION_CONTEXT() REPRESENTATION_CONTEXT('2D SPACE',''
  ) );
#1975 = ORIENTED_EDGE('',*,*,#1976,.T.);
#1976 = EDGE_CURVE('',#1949,#1977,#1979,.T.);
#1977 = VERTEX_POINT('',#1978);
#1978 = CARTESIAN_POINT('',(-1.065,14.071,-9.646107541323));
#1979 = SURFACE_CURVE('',#1980,(#1984,#1991),.PCURVE_S1.);
#1980 = LINE('',#1981,#1982);
#1981 = CARTESIAN_POINT('',(-1.065,-8.1645,-9.646107541323));
#1982 = VECTOR('',#1983,1.);
#1983 = DIRECTION('',(0.,1.,0.));
#1984 = PCURVE('',#121,#1985);
#1985 = DEFINITIONAL_REPRESENTATION('',(#1986),#1990);
#1986 = LINE('',#1987,#1988);
#1987 = CARTESIAN_POINT('',(1.065391840671,-8.1645));
#1988 = VECTOR('',#1989,1.);
#1989 = DIRECTION('',(0.,1.));
#1990 = ( GEOMETRIC_REPRESENTATION_CONTEXT(2) 
PARAMETRIC_REPRESENTATION_CONTEXT() REPRESENTATION_CONTEXT('2D SPACE',''
  ) );
#1991 = PCURVE('',#1992,#1997);
#1992 = PLANE('',#1993);
#1993 = AXIS2_PLACEMENT_3D('',#1994,#1995,#1996);
#1994 = CARTESIAN_POINT('',(-1.065,-16.329,-10.86688390631));
#1995 = DIRECTION('',(1.,0.,-0.));
#1996 = DIRECTION('',(0.,0.,1.));
#1997 = DEFINITIONAL_REPRESENTATION('',(#1998),#2001);
#1998 = B_SPLINE_CURVE_WITH_KNOTS('',1,(#1999,#2000),.UNSPECIFIED.,.F.,
  .F.,(2,2),(-8.1645,24.3725),.PIECEWISE_BEZIER_KNOTS.);
#1999 = CARTESIAN_POINT('',(1.22077636499,0.));
#2000 = CARTESIAN_POINT('',(1.22077636499,-32.537));
#2001 = ( GEOMETRIC_REPRESENTATION_CONTEXT(2) 
PARAMETRIC_REPRESENTATION_CONTEXT() REPRESENTATION_CONTEXT('2D SPACE',''
  ) );
#2002 = ORIENTED_EDGE('',*,*,#2003,.F.);
#2003 = EDGE_CURVE('',#2004,#1977,#2006,.T.);
#2004 = VERTEX_POINT('',#2005);
#2005 = CARTESIAN_POINT('',(-2.2E-02,14.071,-9.674403160478));
#2006 = SURFACE_CURVE('',#2007,(#2011,#2018),.PCURVE_S1.);
#2007 = LINE('',#2008,#2009);
#2008 = CARTESIAN_POINT('',(-2.2E-02,14.071,-9.674403160478));
#2009 = VECTOR('',#2010,1.);
#2010 = DIRECTION('',(-0.999632209807,-0.,2.711909137484E-02));
#2011 = PCURVE('',#121,#2012);
#2012 = DEFINITIONAL_REPRESENTATION('',(#2013),#2017);
#2013 = LINE('',#2014,#2015);
#2014 = CARTESIAN_POINT('',(2.200809436128E-02,14.071));
#2015 = VECTOR('',#2016,1.);
#2016 = DIRECTION('',(1.,0.));
#2017 = ( GEOMETRIC_REPRESENTATION_CONTEXT(2) 
PARAMETRIC_REPRESENTATION_CONTEXT() REPRESENTATION_CONTEXT('2D SPACE',''
  ) );
#2018 = PCURVE('',#2019,#2024);
#2019 = CYLINDRICAL_SURFACE('',#2020,2.137);
#2020 = AXIS2_PLACEMENT_3D('',#2021,#2022,#2023);
#2021 = CARTESIAN_POINT('',(3.595349826804E-02,14.071,-7.538189128121));
#2022 = DIRECTION('',(-0.999632209807,-0.,2.711909137484E-02));
#2023 = DIRECTION('',(-2.711909137484E-02,0.,-0.999632209807));
#2024 = DEFINITIONAL_REPRESENTATION('',(#2025),#2029);
#2025 = LINE('',#2026,#2027);
#2026 = CARTESIAN_POINT('',(-0.,0.));
#2027 = VECTOR('',#2028,1.);
#2028 = DIRECTION('',(-0.,1.));
#2029 = ( GEOMETRIC_REPRESENTATION_CONTEXT(2) 
PARAMETRIC_REPRESENTATION_CONTEXT() REPRESENTATION_CONTEXT('2D SPACE',''
  ) );
#2030 = ORIENTED_EDGE('',*,*,#2031,.F.);
#2031 = EDGE_CURVE('',#2032,#2004,#2034,.T.);
#2032 = VERTEX_POINT('',#2033);
#2033 = CARTESIAN_POINT('',(-2.2E-02,1.504,-9.674403160478));
#2034 = SURFACE_CURVE('',#2035,(#2039,#2046),.PCURVE_S1.);
#2035 = LINE('',#2036,#2037);
#2036 = CARTESIAN_POINT('',(-2.2E-02,-8.1645,-9.674403160478));
#2037 = VECTOR('',#2038,1.);
#2038 = DIRECTION('',(0.,1.,0.));
#2039 = PCURVE('',#121,#2040);
#2040 = DEFINITIONAL_REPRESENTATION('',(#2041),#2045);
#2041 = LINE('',#2042,#2043);
#2042 = CARTESIAN_POINT('',(2.200809436128E-02,-8.1645));
#2043 = VECTOR('',#2044,1.);
#2044 = DIRECTION('',(0.,1.));
#2045 = ( GEOMETRIC_REPRESENTATION_CONTEXT(2) 
PARAMETRIC_REPRESENTATION_CONTEXT() REPRESENTATION_CONTEXT('2D SPACE',''
  ) );
#2046 = PCURVE('',#2047,#2052);
#2047 = PLANE('',#2048);
#2048 = AXIS2_PLACEMENT_3D('',#2049,#2050,#2051);
#2049 = CARTESIAN_POINT('',(-2.2E-02,-16.329,-10.86688390631));
#2050 = DIRECTION('',(1.,0.,-0.));
#2051 = DIRECTION('',(0.,0.,1.));
#2052 = DEFINITIONAL_REPRESENTATION('',(#2053),#2057);
#2053 = LINE('',#2054,#2055);
#2054 = CARTESIAN_POINT('',(1.192480745835,-8.1645));
#2055 = VECTOR('',#2056,1.);
#2056 = DIRECTION('',(0.,-1.));
#2057 = ( GEOMETRIC_REPRESENTATION_CONTEXT(2) 
PARAMETRIC_REPRESENTATION_CONTEXT() REPRESENTATION_CONTEXT('2D SPACE',''
  ) );
#2058 = ORIENTED_EDGE('',*,*,#2059,.F.);
#2059 = EDGE_CURVE('',#2060,#2032,#2062,.T.);
#2060 = VERTEX_POINT('',#2061);
#2061 = CARTESIAN_POINT('',(-1.502,1.504,-9.634252138091));
#2062 = SURFACE_CURVE('',#2063,(#2067,#2073),.PCURVE_S1.);
#2063 = LINE('',#2064,#2065);
#2064 = CARTESIAN_POINT('',(-0.720737661822,1.504,-9.655447058111));
#2065 = VECTOR('',#2066,1.);
#2066 = DIRECTION('',(0.999632209807,0.,-2.711909137484E-02));
#2067 = PCURVE('',#121,#2068);
#2068 = DEFINITIONAL_REPRESENTATION('',(#2069),#2072);
#2069 = B_SPLINE_CURVE_WITH_KNOTS('',1,(#2070,#2071),.UNSPECIFIED.,.F.,
  .F.,(2,2),(-0.781549784524,0.698994745234),.PIECEWISE_BEZIER_KNOTS.);
#2070 = CARTESIAN_POINT('',(1.50255262412,1.504));
#2071 = CARTESIAN_POINT('',(2.200809436128E-02,1.504));
#2072 = ( GEOMETRIC_REPRESENTATION_CONTEXT(2) 
PARAMETRIC_REPRESENTATION_CONTEXT() REPRESENTATION_CONTEXT('2D SPACE',''
  ) );
#2073 = PCURVE('',#2074,#2079);
#2074 = PLANE('',#2075);
#2075 = AXIS2_PLACEMENT_3D('',#2076,#2077,#2078);
#2076 = CARTESIAN_POINT('',(-1.502,1.504,-11.86688390631));
#2077 = DIRECTION('',(-0.,1.,0.));
#2078 = DIRECTION('',(0.,0.,1.));
#2079 = DEFINITIONAL_REPRESENTATION('',(#2080),#2083);
#2080 = B_SPLINE_CURVE_WITH_KNOTS('',1,(#2081,#2082),.UNSPECIFIED.,.F.,
  .F.,(2,2),(-0.781549784524,0.698994745234),.PIECEWISE_BEZIER_KNOTS.);
#2081 = CARTESIAN_POINT('',(2.232631768222,0.));
#2082 = CARTESIAN_POINT('',(2.192480745835,1.48));
#2083 = ( GEOMETRIC_REPRESENTATION_CONTEXT(2) 
PARAMETRIC_REPRESENTATION_CONTEXT() REPRESENTATION_CONTEXT('2D SPACE',''
  ) );
#2084 = ORIENTED_EDGE('',*,*,#2085,.T.);
#2085 = EDGE_CURVE('',#2060,#2086,#2088,.T.);
#2086 = VERTEX_POINT('',#2087);
#2087 = CARTESIAN_POINT('',(-1.502,-1.558,-9.634252138091));
#2088 = SURFACE_CURVE('',#2089,(#2093,#2099),.PCURVE_S1.);
#2089 = LINE('',#2090,#2091);
#2090 = CARTESIAN_POINT('',(-1.502,-0.779,-9.634252138091));
#2091 = VECTOR('',#2092,1.);
#2092 = DIRECTION('',(0.,-1.,-0.));
#2093 = PCURVE('',#121,#2094);
#2094 = DEFINITIONAL_REPRESENTATION('',(#2095),#2098);
#2095 = B_SPLINE_CURVE_WITH_KNOTS('',1,(#2096,#2097),.UNSPECIFIED.,.F.,
  .F.,(2,2),(-2.283,0.779),.PIECEWISE_BEZIER_KNOTS.);
#2096 = CARTESIAN_POINT('',(1.50255262412,1.504));
#2097 = CARTESIAN_POINT('',(1.50255262412,-1.558));
#2098 = ( GEOMETRIC_REPRESENTATION_CONTEXT(2) 
PARAMETRIC_REPRESENTATION_CONTEXT() REPRESENTATION_CONTEXT('2D SPACE',''
  ) );
#2099 = PCURVE('',#2100,#2105);
#2100 = PLANE('',#2101);
#2101 = AXIS2_PLACEMENT_3D('',#2102,#2103,#2104);
#2102 = CARTESIAN_POINT('',(-1.502,-1.558,-11.86688390631));
#2103 = DIRECTION('',(1.,0.,-0.));
#2104 = DIRECTION('',(0.,0.,1.));
#2105 = DEFINITIONAL_REPRESENTATION('',(#2106),#2109);
#2106 = B_SPLINE_CURVE_WITH_KNOTS('',1,(#2107,#2108),.UNSPECIFIED.,.F.,
  .F.,(2,2),(-2.283,0.779),.PIECEWISE_BEZIER_KNOTS.);
#2107 = CARTESIAN_POINT('',(2.232631768222,-3.062));
#2108 = CARTESIAN_POINT('',(2.232631768222,0.));
#2109 = ( GEOMETRIC_REPRESENTATION_CONTEXT(2) 
PARAMETRIC_REPRESENTATION_CONTEXT() REPRESENTATION_CONTEXT('2D SPACE',''
  ) );
#2110 = ORIENTED_EDGE('',*,*,#2111,.T.);
#2111 = EDGE_CURVE('',#2086,#2112,#2114,.T.);
#2112 = VERTEX_POINT('',#2113);
#2113 = CARTESIAN_POINT('',(-2.2E-02,-1.558,-9.674403160478));
#2114 = SURFACE_CURVE('',#2115,(#2119,#2125),.PCURVE_S1.);
#2115 = LINE('',#2116,#2117);
#2116 = CARTESIAN_POINT('',(-0.720737661822,-1.558,-9.655447058111));
#2117 = VECTOR('',#2118,1.);
#2118 = DIRECTION('',(0.999632209807,0.,-2.711909137484E-02));
#2119 = PCURVE('',#121,#2120);
#2120 = DEFINITIONAL_REPRESENTATION('',(#2121),#2124);
#2121 = B_SPLINE_CURVE_WITH_KNOTS('',1,(#2122,#2123),.UNSPECIFIED.,.F.,
  .F.,(2,2),(-0.781549784524,0.698994745234),.PIECEWISE_BEZIER_KNOTS.);
#2122 = CARTESIAN_POINT('',(1.50255262412,-1.558));
#2123 = CARTESIAN_POINT('',(2.200809436128E-02,-1.558));
#2124 = ( GEOMETRIC_REPRESENTATION_CONTEXT(2) 
PARAMETRIC_REPRESENTATION_CONTEXT() REPRESENTATION_CONTEXT('2D SPACE',''
  ) );
#2125 = PCURVE('',#2126,#2131);
#2126 = PLANE('',#2127);
#2127 = AXIS2_PLACEMENT_3D('',#2128,#2129,#2130);
#2128 = CARTESIAN_POINT('',(-1.502,-1.558,-11.86688390631));
#2129 = DIRECTION('',(-0.,1.,0.));
#2130 = DIRECTION('',(0.,0.,1.));
#2131 = DEFINITIONAL_REPRESENTATION('',(#2132),#2135);
#2132 = B_SPLINE_CURVE_WITH_KNOTS('',1,(#2133,#2134),.UNSPECIFIED.,.F.,
  .F.,(2,2),(-0.781549784524,0.698994745234),.PIECEWISE_BEZIER_KNOTS.);
#2133 = CARTESIAN_POINT('',(2.232631768222,0.));
#2134 = CARTESIAN_POINT('',(2.192480745835,1.48));
#2135 = ( GEOMETRIC_REPRESENTATION_CONTEXT(2) 
PARAMETRIC_REPRESENTATION_CONTEXT() REPRESENTATION_CONTEXT('2D SPACE',''
  ) );
#2136 = ORIENTED_EDGE('',*,*,#2137,.F.);
#2137 = EDGE_CURVE('',#2138,#2112,#2140,.T.);
#2138 = VERTEX_POINT('',#2139);
#2139 = CARTESIAN_POINT('',(-2.2E-02,-14.192,-9.674403160478));
#2140 = SURFACE_CURVE('',#2141,(#2145,#2152),.PCURVE_S1.);
#2141 = LINE('',#2142,#2143);
#2142 = CARTESIAN_POINT('',(-2.2E-02,-8.1645,-9.674403160478));
#2143 = VECTOR('',#2144,1.);
#2144 = DIRECTION('',(0.,1.,0.));
#2145 = PCURVE('',#121,#2146);
#2146 = DEFINITIONAL_REPRESENTATION('',(#2147),#2151);
#2147 = LINE('',#2148,#2149);
#2148 = CARTESIAN_POINT('',(2.200809436128E-02,-8.1645));
#2149 = VECTOR('',#2150,1.);
#2150 = DIRECTION('',(0.,1.));
#2151 = ( GEOMETRIC_REPRESENTATION_CONTEXT(2) 
PARAMETRIC_REPRESENTATION_CONTEXT() REPRESENTATION_CONTEXT('2D SPACE',''
  ) );
#2152 = PCURVE('',#2047,#2153);
#2153 = DEFINITIONAL_REPRESENTATION('',(#2154),#2158);
#2154 = LINE('',#2155,#2156);
#2155 = CARTESIAN_POINT('',(1.192480745835,-8.1645));
#2156 = VECTOR('',#2157,1.);
#2157 = DIRECTION('',(0.,-1.));
#2158 = ( GEOMETRIC_REPRESENTATION_CONTEXT(2) 
PARAMETRIC_REPRESENTATION_CONTEXT() REPRESENTATION_CONTEXT('2D SPACE',''
  ) );
#2159 = ORIENTED_EDGE('',*,*,#2160,.T.);
#2160 = EDGE_CURVE('',#2138,#1824,#2161,.T.);
#2161 = SURFACE_CURVE('',#2162,(#2166,#2173),.PCURVE_S1.);
#2162 = LINE('',#2163,#2164);
#2163 = CARTESIAN_POINT('',(-2.2E-02,-14.192,-9.674403160478));
#2164 = VECTOR('',#2165,1.);
#2165 = DIRECTION('',(-0.999632209807,-0.,2.711909137484E-02));
#2166 = PCURVE('',#121,#2167);
#2167 = DEFINITIONAL_REPRESENTATION('',(#2168),#2172);
#2168 = LINE('',#2169,#2170);
#2169 = CARTESIAN_POINT('',(2.200809436128E-02,-14.192));
#2170 = VECTOR('',#2171,1.);
#2171 = DIRECTION('',(1.,0.));
#2172 = ( GEOMETRIC_REPRESENTATION_CONTEXT(2) 
PARAMETRIC_REPRESENTATION_CONTEXT() REPRESENTATION_CONTEXT('2D SPACE',''
  ) );
#2173 = PCURVE('',#2174,#2179);
#2174 = CYLINDRICAL_SURFACE('',#2175,2.137);
#2175 = AXIS2_PLACEMENT_3D('',#2176,#2177,#2178);
#2176 = CARTESIAN_POINT('',(3.595349826804E-02,-14.192,-7.538189128121)
  );
#2177 = DIRECTION('',(-0.999632209807,-0.,2.711909137484E-02));
#2178 = DIRECTION('',(0.,-1.,-0.));
#2179 = DEFINITIONAL_REPRESENTATION('',(#2180),#2184);
#2180 = LINE('',#2181,#2182);
#2181 = CARTESIAN_POINT('',(-1.570796326795,0.));
#2182 = VECTOR('',#2183,1.);
#2183 = DIRECTION('',(-0.,1.));
#2184 = ( GEOMETRIC_REPRESENTATION_CONTEXT(2) 
PARAMETRIC_REPRESENTATION_CONTEXT() REPRESENTATION_CONTEXT('2D SPACE',''
  ) );
#2185 = FACE_BOUND('',#2186,.T.);
#2186 = EDGE_LOOP('',(#2187,#2217,#2243,#2269));
#2187 = ORIENTED_EDGE('',*,*,#2188,.F.);
#2188 = EDGE_CURVE('',#2189,#2191,#2193,.T.);
#2189 = VERTEX_POINT('',#2190);
#2190 = CARTESIAN_POINT('',(-19.618,-4.034,-9.142781920818));
#2191 = VERTEX_POINT('',#2192);
#2192 = CARTESIAN_POINT('',(-19.618,-1.954,-9.142781920818));
#2193 = SURFACE_CURVE('',#2194,(#2198,#2205),.PCURVE_S1.);
#2194 = LINE('',#2195,#2196);
#2195 = CARTESIAN_POINT('',(-19.618,-4.034,-9.142781920818));
#2196 = VECTOR('',#2197,1.);
#2197 = DIRECTION('',(0.,1.,0.));
#2198 = PCURVE('',#121,#2199);
#2199 = DEFINITIONAL_REPRESENTATION('',(#2200),#2204);
#2200 = LINE('',#2201,#2202);
#2201 = CARTESIAN_POINT('',(19.625217962708,-4.034));
#2202 = VECTOR('',#2203,1.);
#2203 = DIRECTION('',(0.,1.));
#2204 = ( GEOMETRIC_REPRESENTATION_CONTEXT(2) 
PARAMETRIC_REPRESENTATION_CONTEXT() REPRESENTATION_CONTEXT('2D SPACE',''
  ) );
#2205 = PCURVE('',#2206,#2211);
#2206 = PLANE('',#2207);
#2207 = AXIS2_PLACEMENT_3D('',#2208,#2209,#2210);
#2208 = CARTESIAN_POINT('',(-19.618,-4.034,-9.142781920818));
#2209 = DIRECTION('',(-0.155610722237,0.,-0.987818456562));
#2210 = DIRECTION('',(0.987818456562,0.,-0.155610722237));
#2211 = DEFINITIONAL_REPRESENTATION('',(#2212),#2216);
#2212 = LINE('',#2213,#2214);
#2213 = CARTESIAN_POINT('',(0.,0.));
#2214 = VECTOR('',#2215,1.);
#2215 = DIRECTION('',(0.,-1.));
#2216 = ( GEOMETRIC_REPRESENTATION_CONTEXT(2) 
PARAMETRIC_REPRESENTATION_CONTEXT() REPRESENTATION_CONTEXT('2D SPACE',''
  ) );
#2217 = ORIENTED_EDGE('',*,*,#2218,.F.);
#2218 = EDGE_CURVE('',#2219,#2189,#2221,.T.);
#2219 = VERTEX_POINT('',#2220);
#2220 = CARTESIAN_POINT('',(-14.881,-4.034,-9.271292321526));
#2221 = SURFACE_CURVE('',#2222,(#2226,#2232),.PCURVE_S1.);
#2222 = LINE('',#2223,#2224);
#2223 = CARTESIAN_POINT('',(-8.556511397732,-4.034,-9.442869810348));
#2224 = VECTOR('',#2225,1.);
#2225 = DIRECTION('',(-0.999632209807,0.,2.711909137484E-02));
#2226 = PCURVE('',#121,#2227);
#2227 = DEFINITIONAL_REPRESENTATION('',(#2228),#2231);
#2228 = B_SPLINE_CURVE_WITH_KNOTS('',1,(#2229,#2230),.UNSPECIFIED.,.F.,
  .F.,(2,2),(6.32681554298,11.065558406134),.PIECEWISE_BEZIER_KNOTS.);
#2229 = CARTESIAN_POINT('',(14.886475099555,-4.034));
#2230 = CARTESIAN_POINT('',(19.625217962708,-4.034));
#2231 = ( GEOMETRIC_REPRESENTATION_CONTEXT(2) 
PARAMETRIC_REPRESENTATION_CONTEXT() REPRESENTATION_CONTEXT('2D SPACE',''
  ) );
#2232 = PCURVE('',#2233,#2238);
#2233 = PLANE('',#2234);
#2234 = AXIS2_PLACEMENT_3D('',#2235,#2236,#2237);
#2235 = CARTESIAN_POINT('',(-17.1134268177,-4.034,-9.225632215748));
#2236 = DIRECTION('',(-0.,-1.,-0.));
#2237 = DIRECTION('',(0.,0.,-1.));
#2238 = DEFINITIONAL_REPRESENTATION('',(#2239),#2242);
#2239 = B_SPLINE_CURVE_WITH_KNOTS('',1,(#2240,#2241),.UNSPECIFIED.,.F.,
  .F.,(2,2),(6.32681554298,11.065558406134),.PIECEWISE_BEZIER_KNOTS.);
#2240 = CARTESIAN_POINT('',(4.566010577806E-02,2.232426817705));
#2241 = CARTESIAN_POINT('',(-8.285029492969E-02,-2.504573182295));
#2242 = ( GEOMETRIC_REPRESENTATION_CONTEXT(2) 
PARAMETRIC_REPRESENTATION_CONTEXT() REPRESENTATION_CONTEXT('2D SPACE',''
  ) );
#2243 = ORIENTED_EDGE('',*,*,#2244,.F.);
#2244 = EDGE_CURVE('',#2245,#2219,#2247,.T.);
#2245 = VERTEX_POINT('',#2246);
#2246 = CARTESIAN_POINT('',(-14.881,-1.954,-9.271292321526));
#2247 = SURFACE_CURVE('',#2248,(#2252,#2258),.PCURVE_S1.);
#2248 = LINE('',#2249,#2250);
#2249 = CARTESIAN_POINT('',(-14.881,-2.017,-9.271292321526));
#2250 = VECTOR('',#2251,1.);
#2251 = DIRECTION('',(0.,-1.,-0.));
#2252 = PCURVE('',#121,#2253);
#2253 = DEFINITIONAL_REPRESENTATION('',(#2254),#2257);
#2254 = B_SPLINE_CURVE_WITH_KNOTS('',1,(#2255,#2256),.UNSPECIFIED.,.F.,
  .F.,(2,2),(-6.3E-02,2.017),.PIECEWISE_BEZIER_KNOTS.);
#2255 = CARTESIAN_POINT('',(14.886475099555,-1.954));
#2256 = CARTESIAN_POINT('',(14.886475099555,-4.034));
#2257 = ( GEOMETRIC_REPRESENTATION_CONTEXT(2) 
PARAMETRIC_REPRESENTATION_CONTEXT() REPRESENTATION_CONTEXT('2D SPACE',''
  ) );
#2258 = PCURVE('',#2259,#2264);
#2259 = PLANE('',#2260);
#2260 = AXIS2_PLACEMENT_3D('',#2261,#2262,#2263);
#2261 = CARTESIAN_POINT('',(-14.881,-4.034,-9.889));
#2262 = DIRECTION('',(1.,0.,0.));
#2263 = DIRECTION('',(0.,0.,1.));
#2264 = DEFINITIONAL_REPRESENTATION('',(#2265),#2268);
#2265 = B_SPLINE_CURVE_WITH_KNOTS('',1,(#2266,#2267),.UNSPECIFIED.,.F.,
  .F.,(2,2),(-6.3E-02,2.017),.PIECEWISE_BEZIER_KNOTS.);
#2266 = CARTESIAN_POINT('',(0.617707678474,-2.08));
#2267 = CARTESIAN_POINT('',(0.617707678474,0.));
#2268 = ( GEOMETRIC_REPRESENTATION_CONTEXT(2) 
PARAMETRIC_REPRESENTATION_CONTEXT() REPRESENTATION_CONTEXT('2D SPACE',''
  ) );
#2269 = ORIENTED_EDGE('',*,*,#2270,.T.);
#2270 = EDGE_CURVE('',#2245,#2191,#2271,.T.);
#2271 = SURFACE_CURVE('',#2272,(#2276,#2282),.PCURVE_S1.);
#2272 = LINE('',#2273,#2274);
#2273 = CARTESIAN_POINT('',(-8.556511397732,-1.954,-9.442869810348));
#2274 = VECTOR('',#2275,1.);
#2275 = DIRECTION('',(-0.999632209807,0.,2.711909137484E-02));
#2276 = PCURVE('',#121,#2277);
#2277 = DEFINITIONAL_REPRESENTATION('',(#2278),#2281);
#2278 = B_SPLINE_CURVE_WITH_KNOTS('',1,(#2279,#2280),.UNSPECIFIED.,.F.,
  .F.,(2,2),(6.32681554298,11.065558406134),.PIECEWISE_BEZIER_KNOTS.);
#2279 = CARTESIAN_POINT('',(14.886475099555,-1.954));
#2280 = CARTESIAN_POINT('',(19.625217962708,-1.954));
#2281 = ( GEOMETRIC_REPRESENTATION_CONTEXT(2) 
PARAMETRIC_REPRESENTATION_CONTEXT() REPRESENTATION_CONTEXT('2D SPACE',''
  ) );
#2282 = PCURVE('',#2283,#2288);
#2283 = PLANE('',#2284);
#2284 = AXIS2_PLACEMENT_3D('',#2285,#2286,#2287);
#2285 = CARTESIAN_POINT('',(-17.1134268177,-1.954,-9.225632215748));
#2286 = DIRECTION('',(-0.,-1.,-0.));
#2287 = DIRECTION('',(0.,0.,-1.));
#2288 = DEFINITIONAL_REPRESENTATION('',(#2289),#2292);
#2289 = B_SPLINE_CURVE_WITH_KNOTS('',1,(#2290,#2291),.UNSPECIFIED.,.F.,
  .F.,(2,2),(6.32681554298,11.065558406134),.PIECEWISE_BEZIER_KNOTS.);
#2290 = CARTESIAN_POINT('',(4.566010577806E-02,2.232426817705));
#2291 = CARTESIAN_POINT('',(-8.285029492969E-02,-2.504573182295));
#2292 = ( GEOMETRIC_REPRESENTATION_CONTEXT(2) 
PARAMETRIC_REPRESENTATION_CONTEXT() REPRESENTATION_CONTEXT('2D SPACE',''
  ) );
#2293 = FACE_BOUND('',#2294,.T.);
#2294 = EDGE_LOOP('',(#2295,#2325,#2351,#2377));
#2295 = ORIENTED_EDGE('',*,*,#2296,.F.);
#2296 = EDGE_CURVE('',#2297,#2299,#2301,.T.);
#2297 = VERTEX_POINT('',#2298);
#2298 = CARTESIAN_POINT('',(-19.618,1.954,-9.142781920818));
#2299 = VERTEX_POINT('',#2300);
#2300 = CARTESIAN_POINT('',(-19.618,4.034,-9.142781920818));
#2301 = SURFACE_CURVE('',#2302,(#2306,#2313),.PCURVE_S1.);
#2302 = LINE('',#2303,#2304);
#2303 = CARTESIAN_POINT('',(-19.618,1.954,-9.142781920818));
#2304 = VECTOR('',#2305,1.);
#2305 = DIRECTION('',(0.,1.,0.));
#2306 = PCURVE('',#121,#2307);
#2307 = DEFINITIONAL_REPRESENTATION('',(#2308),#2312);
#2308 = LINE('',#2309,#2310);
#2309 = CARTESIAN_POINT('',(19.625217962708,1.954));
#2310 = VECTOR('',#2311,1.);
#2311 = DIRECTION('',(0.,1.));
#2312 = ( GEOMETRIC_REPRESENTATION_CONTEXT(2) 
PARAMETRIC_REPRESENTATION_CONTEXT() REPRESENTATION_CONTEXT('2D SPACE',''
  ) );
#2313 = PCURVE('',#2314,#2319);
#2314 = PLANE('',#2315);
#2315 = AXIS2_PLACEMENT_3D('',#2316,#2317,#2318);
#2316 = CARTESIAN_POINT('',(-19.618,1.954,-9.142781920818));
#2317 = DIRECTION('',(-0.155610722237,0.,-0.987818456562));
#2318 = DIRECTION('',(0.987818456562,0.,-0.155610722237));
#2319 = DEFINITIONAL_REPRESENTATION('',(#2320),#2324);
#2320 = LINE('',#2321,#2322);
#2321 = CARTESIAN_POINT('',(0.,0.));
#2322 = VECTOR('',#2323,1.);
#2323 = DIRECTION('',(0.,-1.));
#2324 = ( GEOMETRIC_REPRESENTATION_CONTEXT(2) 
PARAMETRIC_REPRESENTATION_CONTEXT() REPRESENTATION_CONTEXT('2D SPACE',''
  ) );
#2325 = ORIENTED_EDGE('',*,*,#2326,.F.);
#2326 = EDGE_CURVE('',#2327,#2297,#2329,.T.);
#2327 = VERTEX_POINT('',#2328);
#2328 = CARTESIAN_POINT('',(-14.881,1.954,-9.271292321526));
#2329 = SURFACE_CURVE('',#2330,(#2334,#2340),.PCURVE_S1.);
#2330 = LINE('',#2331,#2332);
#2331 = CARTESIAN_POINT('',(-8.556511397732,1.954,-9.442869810348));
#2332 = VECTOR('',#2333,1.);
#2333 = DIRECTION('',(-0.999632209807,0.,2.711909137484E-02));
#2334 = PCURVE('',#121,#2335);
#2335 = DEFINITIONAL_REPRESENTATION('',(#2336),#2339);
#2336 = B_SPLINE_CURVE_WITH_KNOTS('',1,(#2337,#2338),.UNSPECIFIED.,.F.,
  .F.,(2,2),(6.32681554298,11.065558406134),.PIECEWISE_BEZIER_KNOTS.);
#2337 = CARTESIAN_POINT('',(14.886475099555,1.954));
#2338 = CARTESIAN_POINT('',(19.625217962708,1.954));
#2339 = ( GEOMETRIC_REPRESENTATION_CONTEXT(2) 
PARAMETRIC_REPRESENTATION_CONTEXT() REPRESENTATION_CONTEXT('2D SPACE',''
  ) );
#2340 = PCURVE('',#2341,#2346);
#2341 = PLANE('',#2342);
#2342 = AXIS2_PLACEMENT_3D('',#2343,#2344,#2345);
#2343 = CARTESIAN_POINT('',(-17.1134268177,1.954,-9.225632215748));
#2344 = DIRECTION('',(-0.,-1.,-0.));
#2345 = DIRECTION('',(0.,0.,-1.));
#2346 = DEFINITIONAL_REPRESENTATION('',(#2347),#2350);
#2347 = B_SPLINE_CURVE_WITH_KNOTS('',1,(#2348,#2349),.UNSPECIFIED.,.F.,
  .F.,(2,2),(6.32681554298,11.065558406134),.PIECEWISE_BEZIER_KNOTS.);
#2348 = CARTESIAN_POINT('',(4.566010577806E-02,2.232426817705));
#2349 = CARTESIAN_POINT('',(-8.285029492969E-02,-2.504573182295));
#2350 = ( GEOMETRIC_REPRESENTATION_CONTEXT(2) 
PARAMETRIC_REPRESENTATION_CONTEXT() REPRESENTATION_CONTEXT('2D SPACE',''
  ) );
#2351 = ORIENTED_EDGE('',*,*,#2352,.F.);
#2352 = EDGE_CURVE('',#2353,#2327,#2355,.T.);
#2353 = VERTEX_POINT('',#2354);
#2354 = CARTESIAN_POINT('',(-14.881,4.034,-9.271292321526));
#2355 = SURFACE_CURVE('',#2356,(#2360,#2366),.PCURVE_S1.);
#2356 = LINE('',#2357,#2358);
#2357 = CARTESIAN_POINT('',(-14.881,0.977,-9.271292321526));
#2358 = VECTOR('',#2359,1.);
#2359 = DIRECTION('',(0.,-1.,-0.));
#2360 = PCURVE('',#121,#2361);
#2361 = DEFINITIONAL_REPRESENTATION('',(#2362),#2365);
#2362 = B_SPLINE_CURVE_WITH_KNOTS('',1,(#2363,#2364),.UNSPECIFIED.,.F.,
  .F.,(2,2),(-3.057,-0.977),.PIECEWISE_BEZIER_KNOTS.);
#2363 = CARTESIAN_POINT('',(14.886475099555,4.034));
#2364 = CARTESIAN_POINT('',(14.886475099555,1.954));
#2365 = ( GEOMETRIC_REPRESENTATION_CONTEXT(2) 
PARAMETRIC_REPRESENTATION_CONTEXT() REPRESENTATION_CONTEXT('2D SPACE',''
  ) );
#2366 = PCURVE('',#2367,#2372);
#2367 = PLANE('',#2368);
#2368 = AXIS2_PLACEMENT_3D('',#2369,#2370,#2371);
#2369 = CARTESIAN_POINT('',(-14.881,1.954,-9.889));
#2370 = DIRECTION('',(1.,0.,0.));
#2371 = DIRECTION('',(0.,0.,1.));
#2372 = DEFINITIONAL_REPRESENTATION('',(#2373),#2376);
#2373 = B_SPLINE_CURVE_WITH_KNOTS('',1,(#2374,#2375),.UNSPECIFIED.,.F.,
  .F.,(2,2),(-3.057,-0.977),.PIECEWISE_BEZIER_KNOTS.);
#2374 = CARTESIAN_POINT('',(0.617707678474,-2.08));
#2375 = CARTESIAN_POINT('',(0.617707678474,0.));
#2376 = ( GEOMETRIC_REPRESENTATION_CONTEXT(2) 
PARAMETRIC_REPRESENTATION_CONTEXT() REPRESENTATION_CONTEXT('2D SPACE',''
  ) );
#2377 = ORIENTED_EDGE('',*,*,#2378,.T.);
#2378 = EDGE_CURVE('',#2353,#2299,#2379,.T.);
#2379 = SURFACE_CURVE('',#2380,(#2384,#2390),.PCURVE_S1.);
#2380 = LINE('',#2381,#2382);
#2381 = CARTESIAN_POINT('',(-8.556511397732,4.034,-9.442869810348));
#2382 = VECTOR('',#2383,1.);
#2383 = DIRECTION('',(-0.999632209807,0.,2.711909137484E-02));
#2384 = PCURVE('',#121,#2385);
#2385 = DEFINITIONAL_REPRESENTATION('',(#2386),#2389);
#2386 = B_SPLINE_CURVE_WITH_KNOTS('',1,(#2387,#2388),.UNSPECIFIED.,.F.,
  .F.,(2,2),(6.32681554298,11.065558406134),.PIECEWISE_BEZIER_KNOTS.);
#2387 = CARTESIAN_POINT('',(14.886475099555,4.034));
#2388 = CARTESIAN_POINT('',(19.625217962708,4.034));
#2389 = ( GEOMETRIC_REPRESENTATION_CONTEXT(2) 
PARAMETRIC_REPRESENTATION_CONTEXT() REPRESENTATION_CONTEXT('2D SPACE',''
  ) );
#2390 = PCURVE('',#2391,#2396);
#2391 = PLANE('',#2392);
#2392 = AXIS2_PLACEMENT_3D('',#2393,#2394,#2395);
#2393 = CARTESIAN_POINT('',(-17.1134268177,4.034,-9.225632215748));
#2394 = DIRECTION('',(-0.,-1.,-0.));
#2395 = DIRECTION('',(0.,0.,-1.));
#2396 = DEFINITIONAL_REPRESENTATION('',(#2397),#2400);
#2397 = B_SPLINE_CURVE_WITH_KNOTS('',1,(#2398,#2399),.UNSPECIFIED.,.F.,
  .F.,(2,2),(6.32681554298,11.065558406134),.PIECEWISE_BEZIER_KNOTS.);
#2398 = CARTESIAN_POINT('',(4.566010577806E-02,2.232426817705));
#2399 = CARTESIAN_POINT('',(-8.285029492969E-02,-2.504573182295));
#2400 = ( GEOMETRIC_REPRESENTATION_CONTEXT(2) 
PARAMETRIC_REPRESENTATION_CONTEXT() REPRESENTATION_CONTEXT('2D SPACE',''
  ) );
#2401 = ADVANCED_FACE('',(#2402),#91,.T.);
#2402 = FACE_BOUND('',#2403,.F.);
#2403 = EDGE_LOOP('',(#2404,#2429,#2430,#2431));
#2404 = ORIENTED_EDGE('',*,*,#2405,.T.);
#2405 = EDGE_CURVE('',#335,#1826,#2406,.T.);
#2406 = SURFACE_CURVE('',#2407,(#2412,#2422),.PCURVE_S1.);
#2407 = ELLIPSE('',#2408,2.137786256821,2.137);
#2408 = AXIS2_PLACEMENT_3D('',#2409,#2410,#2411);
#2409 = CARTESIAN_POINT('',(-1.065,-13.878,-7.508321284502));
#2410 = DIRECTION('',(1.,0.,-0.));
#2411 = DIRECTION('',(0.,0.,1.));
#2412 = PCURVE('',#91,#2413);
#2413 = DEFINITIONAL_REPRESENTATION('',(#2414),#2421);
#2414 = B_SPLINE_CURVE_WITH_KNOTS('',5,(#2415,#2416,#2417,#2418,#2419,
    #2420),.UNSPECIFIED.,.F.,.F.,(6,6),(1.570796326795,3.14159265359),
  .PIECEWISE_BEZIER_KNOTS.);
#2415 = CARTESIAN_POINT('',(-1.110223024625E-16,5.79748208386E-02));
#2416 = CARTESIAN_POINT('',(-0.314159265359,3.976149371463E-02));
#2417 = CARTESIAN_POINT('',(-0.628318520756,2.153168241273E-02));
#2418 = CARTESIAN_POINT('',(-0.942477819388,7.132654950736E-03));
#2419 = CARTESIAN_POINT('',(-1.256637061436,2.373679956295E-17));
#2420 = CARTESIAN_POINT('',(-1.570796326795,3.469446951954E-18));
#2421 = ( GEOMETRIC_REPRESENTATION_CONTEXT(2) 
PARAMETRIC_REPRESENTATION_CONTEXT() REPRESENTATION_CONTEXT('2D SPACE',''
  ) );
#2422 = PCURVE('',#352,#2423);
#2423 = DEFINITIONAL_REPRESENTATION('',(#2424),#2428);
#2424 = ELLIPSE('',#2425,2.137786256821,2.137);
#2425 = AXIS2_PLACEMENT_2D('',#2426,#2427);
#2426 = CARTESIAN_POINT('',(3.358562621811,-2.451));
#2427 = DIRECTION('',(1.,0.));
#2428 = ( GEOMETRIC_REPRESENTATION_CONTEXT(2) 
PARAMETRIC_REPRESENTATION_CONTEXT() REPRESENTATION_CONTEXT('2D SPACE',''
  ) );
#2429 = ORIENTED_EDGE('',*,*,#1847,.T.);
#2430 = ORIENTED_EDGE('',*,*,#74,.F.);
#2431 = ORIENTED_EDGE('',*,*,#364,.F.);
#2432 = ADVANCED_FACE('',(#2433),#352,.F.);
#2433 = FACE_BOUND('',#2434,.F.);
#2434 = EDGE_LOOP('',(#2435,#2465,#2490,#2491,#2492,#2493));
#2435 = ORIENTED_EDGE('',*,*,#2436,.F.);
#2436 = EDGE_CURVE('',#2437,#2439,#2441,.T.);
#2437 = VERTEX_POINT('',#2438);
#2438 = CARTESIAN_POINT('',(-1.065,-16.329,-7.508321284502));
#2439 = VERTEX_POINT('',#2440);
#2440 = CARTESIAN_POINT('',(-1.065,-16.329,-6.403));
#2441 = SURFACE_CURVE('',#2442,(#2446,#2453),.PCURVE_S1.);
#2442 = LINE('',#2443,#2444);
#2443 = CARTESIAN_POINT('',(-1.065,-16.329,-10.86688390631));
#2444 = VECTOR('',#2445,1.);
#2445 = DIRECTION('',(0.,0.,1.));
#2446 = PCURVE('',#352,#2447);
#2447 = DEFINITIONAL_REPRESENTATION('',(#2448),#2452);
#2448 = LINE('',#2449,#2450);
#2449 = CARTESIAN_POINT('',(0.,0.));
#2450 = VECTOR('',#2451,1.);
#2451 = DIRECTION('',(1.,0.));
#2452 = ( GEOMETRIC_REPRESENTATION_CONTEXT(2) 
PARAMETRIC_REPRESENTATION_CONTEXT() REPRESENTATION_CONTEXT('2D SPACE',''
  ) );
#2453 = PCURVE('',#2454,#2459);
#2454 = PLANE('',#2455);
#2455 = AXIS2_PLACEMENT_3D('',#2456,#2457,#2458);
#2456 = CARTESIAN_POINT('',(-1.065,-16.329,-10.86688390631));
#2457 = DIRECTION('',(-0.,1.,0.));
#2458 = DIRECTION('',(0.,0.,1.));
#2459 = DEFINITIONAL_REPRESENTATION('',(#2460),#2464);
#2460 = LINE('',#2461,#2462);
#2461 = CARTESIAN_POINT('',(0.,0.));
#2462 = VECTOR('',#2463,1.);
#2463 = DIRECTION('',(1.,0.));
#2464 = ( GEOMETRIC_REPRESENTATION_CONTEXT(2) 
PARAMETRIC_REPRESENTATION_CONTEXT() REPRESENTATION_CONTEXT('2D SPACE',''
  ) );
#2465 = ORIENTED_EDGE('',*,*,#2466,.T.);
#2466 = EDGE_CURVE('',#2437,#1824,#2467,.T.);
#2467 = SURFACE_CURVE('',#2468,(#2473,#2480),.PCURVE_S1.);
#2468 = ELLIPSE('',#2469,2.137786256821,2.137);
#2469 = AXIS2_PLACEMENT_3D('',#2470,#2471,#2472);
#2470 = CARTESIAN_POINT('',(-1.065,-14.192,-7.508321284502));
#2471 = DIRECTION('',(1.,0.,-0.));
#2472 = DIRECTION('',(0.,0.,1.));
#2473 = PCURVE('',#352,#2474);
#2474 = DEFINITIONAL_REPRESENTATION('',(#2475),#2479);
#2475 = ELLIPSE('',#2476,2.137786256821,2.137);
#2476 = AXIS2_PLACEMENT_2D('',#2477,#2478);
#2477 = CARTESIAN_POINT('',(3.358562621811,-2.137));
#2478 = DIRECTION('',(1.,0.));
#2479 = ( GEOMETRIC_REPRESENTATION_CONTEXT(2) 
PARAMETRIC_REPRESENTATION_CONTEXT() REPRESENTATION_CONTEXT('2D SPACE',''
  ) );
#2480 = PCURVE('',#2174,#2481);
#2481 = DEFINITIONAL_REPRESENTATION('',(#2482),#2489);
#2482 = B_SPLINE_CURVE_WITH_KNOTS('',5,(#2483,#2484,#2485,#2486,#2487,
    #2488),.UNSPECIFIED.,.F.,.F.,(6,6),(1.570796326795,3.14159265359),
  .PIECEWISE_BEZIER_KNOTS.);
#2483 = CARTESIAN_POINT('',(-1.110223024625E-16,1.101358567148));
#2484 = CARTESIAN_POINT('',(-0.314159265359,1.083145240024));
#2485 = CARTESIAN_POINT('',(-0.628318520756,1.064915428722));
#2486 = CARTESIAN_POINT('',(-0.942477819388,1.05051640126));
#2487 = CARTESIAN_POINT('',(-1.256637061436,1.04338374631));
#2488 = CARTESIAN_POINT('',(-1.570796326795,1.04338374631));
#2489 = ( GEOMETRIC_REPRESENTATION_CONTEXT(2) 
PARAMETRIC_REPRESENTATION_CONTEXT() REPRESENTATION_CONTEXT('2D SPACE',''
  ) );
#2490 = ORIENTED_EDGE('',*,*,#1823,.T.);
#2491 = ORIENTED_EDGE('',*,*,#2405,.F.);
#2492 = ORIENTED_EDGE('',*,*,#334,.T.);
#2493 = ORIENTED_EDGE('',*,*,#2494,.T.);
#2494 = EDGE_CURVE('',#337,#2439,#2495,.T.);
#2495 = SURFACE_CURVE('',#2496,(#2500,#2506),.PCURVE_S1.);
#2496 = LINE('',#2497,#2498);
#2497 = CARTESIAN_POINT('',(-1.065,-17.0305,-6.403));
#2498 = VECTOR('',#2499,1.);
#2499 = DIRECTION('',(0.,-1.,0.));
#2500 = PCURVE('',#352,#2501);
#2501 = DEFINITIONAL_REPRESENTATION('',(#2502),#2505);
#2502 = B_SPLINE_CURVE_WITH_KNOTS('',1,(#2503,#2504),.UNSPECIFIED.,.F.,
  .F.,(2,2),(-1.3155,-0.7015),.PIECEWISE_BEZIER_KNOTS.);
#2503 = CARTESIAN_POINT('',(4.463883906313,-0.614));
#2504 = CARTESIAN_POINT('',(4.463883906313,0.));
#2505 = ( GEOMETRIC_REPRESENTATION_CONTEXT(2) 
PARAMETRIC_REPRESENTATION_CONTEXT() REPRESENTATION_CONTEXT('2D SPACE',''
  ) );
#2506 = PCURVE('',#555,#2507);
#2507 = DEFINITIONAL_REPRESENTATION('',(#2508),#2512);
#2508 = LINE('',#2509,#2510);
#2509 = CARTESIAN_POINT('',(5.331,0.7015));
#2510 = VECTOR('',#2511,1.);
#2511 = DIRECTION('',(0.,-1.));
#2512 = ( GEOMETRIC_REPRESENTATION_CONTEXT(2) 
PARAMETRIC_REPRESENTATION_CONTEXT() REPRESENTATION_CONTEXT('2D SPACE',''
  ) );
#2513 = ADVANCED_FACE('',(#2514),#425,.F.);
#2514 = FACE_BOUND('',#2515,.F.);
#2515 = EDGE_LOOP('',(#2516,#2546,#2565,#2566,#2567,#2588));
#2516 = ORIENTED_EDGE('',*,*,#2517,.F.);
#2517 = EDGE_CURVE('',#2518,#2520,#2522,.T.);
#2518 = VERTEX_POINT('',#2519);
#2519 = CARTESIAN_POINT('',(-1.065,-16.329,-3.164));
#2520 = VERTEX_POINT('',#2521);
#2521 = CARTESIAN_POINT('',(-1.065,-16.329,-1.817));
#2522 = SURFACE_CURVE('',#2523,(#2527,#2534),.PCURVE_S1.);
#2523 = LINE('',#2524,#2525);
#2524 = CARTESIAN_POINT('',(-1.065,-16.329,-10.86688390631));
#2525 = VECTOR('',#2526,1.);
#2526 = DIRECTION('',(0.,0.,1.));
#2527 = PCURVE('',#425,#2528);
#2528 = DEFINITIONAL_REPRESENTATION('',(#2529),#2533);
#2529 = LINE('',#2530,#2531);
#2530 = CARTESIAN_POINT('',(0.,0.));
#2531 = VECTOR('',#2532,1.);
#2532 = DIRECTION('',(1.,0.));
#2533 = ( GEOMETRIC_REPRESENTATION_CONTEXT(2) 
PARAMETRIC_REPRESENTATION_CONTEXT() REPRESENTATION_CONTEXT('2D SPACE',''
  ) );
#2534 = PCURVE('',#2535,#2540);
#2535 = PLANE('',#2536);
#2536 = AXIS2_PLACEMENT_3D('',#2537,#2538,#2539);
#2537 = CARTESIAN_POINT('',(-1.065,-16.329,-10.86688390631));
#2538 = DIRECTION('',(-0.,1.,0.));
#2539 = DIRECTION('',(0.,0.,1.));
#2540 = DEFINITIONAL_REPRESENTATION('',(#2541),#2545);
#2541 = LINE('',#2542,#2543);
#2542 = CARTESIAN_POINT('',(0.,0.));
#2543 = VECTOR('',#2544,1.);
#2544 = DIRECTION('',(1.,0.));
#2545 = ( GEOMETRIC_REPRESENTATION_CONTEXT(2) 
PARAMETRIC_REPRESENTATION_CONTEXT() REPRESENTATION_CONTEXT('2D SPACE',''
  ) );
#2546 = ORIENTED_EDGE('',*,*,#2547,.F.);
#2547 = EDGE_CURVE('',#410,#2518,#2548,.T.);
#2548 = SURFACE_CURVE('',#2549,(#2553,#2559),.PCURVE_S1.);
#2549 = LINE('',#2550,#2551);
#2550 = CARTESIAN_POINT('',(-1.065,-17.0305,-3.164));
#2551 = VECTOR('',#2552,1.);
#2552 = DIRECTION('',(0.,-1.,0.));
#2553 = PCURVE('',#425,#2554);
#2554 = DEFINITIONAL_REPRESENTATION('',(#2555),#2558);
#2555 = B_SPLINE_CURVE_WITH_KNOTS('',1,(#2556,#2557),.UNSPECIFIED.,.F.,
  .F.,(2,2),(-1.3155,-0.7015),.PIECEWISE_BEZIER_KNOTS.);
#2556 = CARTESIAN_POINT('',(7.702883906313,-0.614));
#2557 = CARTESIAN_POINT('',(7.702883906313,0.));
#2558 = ( GEOMETRIC_REPRESENTATION_CONTEXT(2) 
PARAMETRIC_REPRESENTATION_CONTEXT() REPRESENTATION_CONTEXT('2D SPACE',''
  ) );
#2559 = PCURVE('',#452,#2560);
#2560 = DEFINITIONAL_REPRESENTATION('',(#2561),#2564);
#2561 = B_SPLINE_CURVE_WITH_KNOTS('',1,(#2562,#2563),.UNSPECIFIED.,.F.,
  .F.,(2,2),(-1.3155,-0.7015),.PIECEWISE_BEZIER_KNOTS.);
#2562 = CARTESIAN_POINT('',(5.331,2.017));
#2563 = CARTESIAN_POINT('',(5.331,1.403));
#2564 = ( GEOMETRIC_REPRESENTATION_CONTEXT(2) 
PARAMETRIC_REPRESENTATION_CONTEXT() REPRESENTATION_CONTEXT('2D SPACE',''
  ) );
#2565 = ORIENTED_EDGE('',*,*,#409,.T.);
#2566 = ORIENTED_EDGE('',*,*,#695,.T.);
#2567 = ORIENTED_EDGE('',*,*,#2568,.T.);
#2568 = EDGE_CURVE('',#596,#2569,#2571,.T.);
#2569 = VERTEX_POINT('',#2570);
#2570 = CARTESIAN_POINT('',(-1.065,-15.30689623205,-0.232));
#2571 = SURFACE_CURVE('',#2572,(#2576,#2582),.PCURVE_S1.);
#2572 = LINE('',#2573,#2574);
#2573 = CARTESIAN_POINT('',(-1.065,17.208,-0.232));
#2574 = VECTOR('',#2575,1.);
#2575 = DIRECTION('',(0.,-1.,2.22044604925E-16));
#2576 = PCURVE('',#425,#2577);
#2577 = DEFINITIONAL_REPRESENTATION('',(#2578),#2581);
#2578 = B_SPLINE_CURVE_WITH_KNOTS('',1,(#2579,#2580),.UNSPECIFIED.,.F.,
  .F.,(2,2),(31.527966722622,33.719639388853),.PIECEWISE_BEZIER_KNOTS.);
#2579 = CARTESIAN_POINT('',(10.634883906313,-2.009033277378));
#2580 = CARTESIAN_POINT('',(10.634883906313,0.182639388853));
#2581 = ( GEOMETRIC_REPRESENTATION_CONTEXT(2) 
PARAMETRIC_REPRESENTATION_CONTEXT() REPRESENTATION_CONTEXT('2D SPACE',''
  ) );
#2582 = PCURVE('',#659,#2583);
#2583 = DEFINITIONAL_REPRESENTATION('',(#2584),#2587);
#2584 = B_SPLINE_CURVE_WITH_KNOTS('',1,(#2585,#2586),.UNSPECIFIED.,.F.,
  .F.,(2,2),(31.527966722622,33.719639388853),.PIECEWISE_BEZIER_KNOTS.);
#2585 = CARTESIAN_POINT('',(4.712388980385,31.527966722622));
#2586 = CARTESIAN_POINT('',(4.712388980385,33.719639388853));
#2587 = ( GEOMETRIC_REPRESENTATION_CONTEXT(2) 
PARAMETRIC_REPRESENTATION_CONTEXT() REPRESENTATION_CONTEXT('2D SPACE',''
  ) );
#2588 = ORIENTED_EDGE('',*,*,#2589,.F.);
#2589 = EDGE_CURVE('',#2520,#2569,#2590,.T.);
#2590 = SURFACE_CURVE('',#2591,(#2596,#2607),.PCURVE_S1.);
#2591 = CIRCLE('',#2592,1.74);
#2592 = AXIS2_PLACEMENT_3D('',#2593,#2594,#2595);
#2593 = CARTESIAN_POINT('',(-1.065,-14.589,-1.817));
#2594 = DIRECTION('',(-1.,-0.,0.));
#2595 = DIRECTION('',(0.,0.,1.));
#2596 = PCURVE('',#425,#2597);
#2597 = DEFINITIONAL_REPRESENTATION('',(#2598),#2606);
#2598 = ( BOUNDED_CURVE() B_SPLINE_CURVE(2,(#2599,#2600,#2601,#2602,
#2603,#2604,#2605),.UNSPECIFIED.,.T.,.F.) B_SPLINE_CURVE_WITH_KNOTS((1,2
    ,2,2,2,1),(-2.094395102393,0.,2.094395102393,4.188790204786,
6.28318530718,8.377580409573),.UNSPECIFIED.) CURVE() 
GEOMETRIC_REPRESENTATION_ITEM() RATIONAL_B_SPLINE_CURVE((1.,0.5,1.,0.5,
1.,0.5,1.)) REPRESENTATION_ITEM('') );
#2599 = CARTESIAN_POINT('',(10.789883906313,-1.74));
#2600 = CARTESIAN_POINT('',(10.789883906313,-4.75376840517));
#2601 = CARTESIAN_POINT('',(8.179883906313,-3.246884202585));
#2602 = CARTESIAN_POINT('',(5.569883906313,-1.74));
#2603 = CARTESIAN_POINT('',(8.179883906313,-0.233115797415));
#2604 = CARTESIAN_POINT('',(10.789883906313,1.27376840517));
#2605 = CARTESIAN_POINT('',(10.789883906313,-1.74));
#2606 = ( GEOMETRIC_REPRESENTATION_CONTEXT(2) 
PARAMETRIC_REPRESENTATION_CONTEXT() REPRESENTATION_CONTEXT('2D SPACE',''
  ) );
#2607 = PCURVE('',#2608,#2613);
#2608 = CYLINDRICAL_SURFACE('',#2609,1.74);
#2609 = AXIS2_PLACEMENT_3D('',#2610,#2611,#2612);
#2610 = CARTESIAN_POINT('',(-1.065,-14.589,-1.817));
#2611 = DIRECTION('',(1.,0.,-0.));
#2612 = DIRECTION('',(0.,-1.,0.));
#2613 = DEFINITIONAL_REPRESENTATION('',(#2614),#2618);
#2614 = LINE('',#2615,#2616);
#2615 = CARTESIAN_POINT('',(4.712388980385,-0.));
#2616 = VECTOR('',#2617,1.);
#2617 = DIRECTION('',(-1.,0.));
#2618 = ( GEOMETRIC_REPRESENTATION_CONTEXT(2) 
PARAMETRIC_REPRESENTATION_CONTEXT() REPRESENTATION_CONTEXT('2D SPACE',''
  ) );
#2619 = ADVANCED_FACE('',(#2620),#452,.T.);
#2620 = FACE_BOUND('',#2621,.T.);
#2621 = EDGE_LOOP('',(#2622,#2645,#2673,#2699,#2718,#2719));
#2622 = ORIENTED_EDGE('',*,*,#2623,.F.);
#2623 = EDGE_CURVE('',#2624,#438,#2626,.T.);
#2624 = VERTEX_POINT('',#2625);
#2625 = CARTESIAN_POINT('',(-6.396,-17.732,-3.164));
#2626 = SURFACE_CURVE('',#2627,(#2631,#2638),.PCURVE_S1.);
#2627 = LINE('',#2628,#2629);
#2628 = CARTESIAN_POINT('',(-6.396,-17.732,-3.164));
#2629 = VECTOR('',#2630,1.);
#2630 = DIRECTION('',(-0.,1.,0.));
#2631 = PCURVE('',#452,#2632);
#2632 = DEFINITIONAL_REPRESENTATION('',(#2633),#2637);
#2633 = LINE('',#2634,#2635);
#2634 = CARTESIAN_POINT('',(0.,0.));
#2635 = VECTOR('',#2636,1.);
#2636 = DIRECTION('',(0.,1.));
#2637 = ( GEOMETRIC_REPRESENTATION_CONTEXT(2) 
PARAMETRIC_REPRESENTATION_CONTEXT() REPRESENTATION_CONTEXT('2D SPACE',''
  ) );
#2638 = PCURVE('',#478,#2639);
#2639 = DEFINITIONAL_REPRESENTATION('',(#2640),#2644);
#2640 = LINE('',#2641,#2642);
#2641 = CARTESIAN_POINT('',(3.239,0.));
#2642 = VECTOR('',#2643,1.);
#2643 = DIRECTION('',(0.,-1.));
#2644 = ( GEOMETRIC_REPRESENTATION_CONTEXT(2) 
PARAMETRIC_REPRESENTATION_CONTEXT() REPRESENTATION_CONTEXT('2D SPACE',''
  ) );
#2645 = ORIENTED_EDGE('',*,*,#2646,.T.);
#2646 = EDGE_CURVE('',#2624,#2647,#2649,.T.);
#2647 = VERTEX_POINT('',#2648);
#2648 = CARTESIAN_POINT('',(-0.882,-17.732,-3.164));
#2649 = SURFACE_CURVE('',#2650,(#2654,#2661),.PCURVE_S1.);
#2650 = LINE('',#2651,#2652);
#2651 = CARTESIAN_POINT('',(-6.396,-17.732,-3.164));
#2652 = VECTOR('',#2653,1.);
#2653 = DIRECTION('',(1.,0.,-0.));
#2654 = PCURVE('',#452,#2655);
#2655 = DEFINITIONAL_REPRESENTATION('',(#2656),#2660);
#2656 = LINE('',#2657,#2658);
#2657 = CARTESIAN_POINT('',(0.,0.));
#2658 = VECTOR('',#2659,1.);
#2659 = DIRECTION('',(1.,0.));
#2660 = ( GEOMETRIC_REPRESENTATION_CONTEXT(2) 
PARAMETRIC_REPRESENTATION_CONTEXT() REPRESENTATION_CONTEXT('2D SPACE',''
  ) );
#2661 = PCURVE('',#2662,#2667);
#2662 = PLANE('',#2663);
#2663 = AXIS2_PLACEMENT_3D('',#2664,#2665,#2666);
#2664 = CARTESIAN_POINT('',(-6.396,-17.732,-6.403));
#2665 = DIRECTION('',(-0.,1.,0.));
#2666 = DIRECTION('',(0.,0.,1.));
#2667 = DEFINITIONAL_REPRESENTATION('',(#2668),#2672);
#2668 = LINE('',#2669,#2670);
#2669 = CARTESIAN_POINT('',(3.239,0.));
#2670 = VECTOR('',#2671,1.);
#2671 = DIRECTION('',(0.,1.));
#2672 = ( GEOMETRIC_REPRESENTATION_CONTEXT(2) 
PARAMETRIC_REPRESENTATION_CONTEXT() REPRESENTATION_CONTEXT('2D SPACE',''
  ) );
#2673 = ORIENTED_EDGE('',*,*,#2674,.T.);
#2674 = EDGE_CURVE('',#2647,#2675,#2677,.T.);
#2675 = VERTEX_POINT('',#2676);
#2676 = CARTESIAN_POINT('',(-0.882,-16.329,-3.164));
#2677 = SURFACE_CURVE('',#2678,(#2682,#2688),.PCURVE_S1.);
#2678 = LINE('',#2679,#2680);
#2679 = CARTESIAN_POINT('',(-0.882,-17.732,-3.164));
#2680 = VECTOR('',#2681,1.);
#2681 = DIRECTION('',(-0.,1.,0.));
#2682 = PCURVE('',#452,#2683);
#2683 = DEFINITIONAL_REPRESENTATION('',(#2684),#2687);
#2684 = B_SPLINE_CURVE_WITH_KNOTS('',1,(#2685,#2686),.UNSPECIFIED.,.F.,
  .F.,(2,2),(0.,1.717),.PIECEWISE_BEZIER_KNOTS.);
#2685 = CARTESIAN_POINT('',(5.514,0.));
#2686 = CARTESIAN_POINT('',(5.514,1.717));
#2687 = ( GEOMETRIC_REPRESENTATION_CONTEXT(2) 
PARAMETRIC_REPRESENTATION_CONTEXT() REPRESENTATION_CONTEXT('2D SPACE',''
  ) );
#2688 = PCURVE('',#2689,#2694);
#2689 = PLANE('',#2690);
#2690 = AXIS2_PLACEMENT_3D('',#2691,#2692,#2693);
#2691 = CARTESIAN_POINT('',(-0.882,-17.732,-6.403));
#2692 = DIRECTION('',(1.,0.,-0.));
#2693 = DIRECTION('',(0.,0.,1.));
#2694 = DEFINITIONAL_REPRESENTATION('',(#2695),#2698);
#2695 = B_SPLINE_CURVE_WITH_KNOTS('',1,(#2696,#2697),.UNSPECIFIED.,.F.,
  .F.,(2,2),(0.,1.717),.PIECEWISE_BEZIER_KNOTS.);
#2696 = CARTESIAN_POINT('',(3.239,0.));
#2697 = CARTESIAN_POINT('',(3.239,-1.717));
#2698 = ( GEOMETRIC_REPRESENTATION_CONTEXT(2) 
PARAMETRIC_REPRESENTATION_CONTEXT() REPRESENTATION_CONTEXT('2D SPACE',''
  ) );
#2699 = ORIENTED_EDGE('',*,*,#2700,.F.);
#2700 = EDGE_CURVE('',#2518,#2675,#2701,.T.);
#2701 = SURFACE_CURVE('',#2702,(#2706,#2712),.PCURVE_S1.);
#2702 = LINE('',#2703,#2704);
#2703 = CARTESIAN_POINT('',(-3.7305,-16.329,-3.164));
#2704 = VECTOR('',#2705,1.);
#2705 = DIRECTION('',(1.,0.,-0.));
#2706 = PCURVE('',#452,#2707);
#2707 = DEFINITIONAL_REPRESENTATION('',(#2708),#2711);
#2708 = B_SPLINE_CURVE_WITH_KNOTS('',1,(#2709,#2710),.UNSPECIFIED.,.F.,
  .F.,(2,2),(2.6655,3.7085),.PIECEWISE_BEZIER_KNOTS.);
#2709 = CARTESIAN_POINT('',(5.331,1.403));
#2710 = CARTESIAN_POINT('',(6.374,1.403));
#2711 = ( GEOMETRIC_REPRESENTATION_CONTEXT(2) 
PARAMETRIC_REPRESENTATION_CONTEXT() REPRESENTATION_CONTEXT('2D SPACE',''
  ) );
#2712 = PCURVE('',#2535,#2713);
#2713 = DEFINITIONAL_REPRESENTATION('',(#2714),#2717);
#2714 = B_SPLINE_CURVE_WITH_KNOTS('',1,(#2715,#2716),.UNSPECIFIED.,.F.,
  .F.,(2,2),(2.6655,3.7085),.PIECEWISE_BEZIER_KNOTS.);
#2715 = CARTESIAN_POINT('',(7.702883906313,0.));
#2716 = CARTESIAN_POINT('',(7.702883906313,1.043));
#2717 = ( GEOMETRIC_REPRESENTATION_CONTEXT(2) 
PARAMETRIC_REPRESENTATION_CONTEXT() REPRESENTATION_CONTEXT('2D SPACE',''
  ) );
#2718 = ORIENTED_EDGE('',*,*,#2547,.F.);
#2719 = ORIENTED_EDGE('',*,*,#437,.F.);
#2720 = ADVANCED_FACE('',(#2721),#478,.F.);
#2721 = FACE_BOUND('',#2722,.F.);
#2722 = EDGE_LOOP('',(#2723,#2724,#2747,#2766));
#2723 = ORIENTED_EDGE('',*,*,#2623,.F.);
#2724 = ORIENTED_EDGE('',*,*,#2725,.F.);
#2725 = EDGE_CURVE('',#2726,#2624,#2728,.T.);
#2726 = VERTEX_POINT('',#2727);
#2727 = CARTESIAN_POINT('',(-6.396,-17.732,-4.558));
#2728 = SURFACE_CURVE('',#2729,(#2733,#2740),.PCURVE_S1.);
#2729 = LINE('',#2730,#2731);
#2730 = CARTESIAN_POINT('',(-6.396,-17.732,-6.403));
#2731 = VECTOR('',#2732,1.);
#2732 = DIRECTION('',(0.,0.,1.));
#2733 = PCURVE('',#478,#2734);
#2734 = DEFINITIONAL_REPRESENTATION('',(#2735),#2739);
#2735 = LINE('',#2736,#2737);
#2736 = CARTESIAN_POINT('',(0.,0.));
#2737 = VECTOR('',#2738,1.);
#2738 = DIRECTION('',(1.,0.));
#2739 = ( GEOMETRIC_REPRESENTATION_CONTEXT(2) 
PARAMETRIC_REPRESENTATION_CONTEXT() REPRESENTATION_CONTEXT('2D SPACE',''
  ) );
#2740 = PCURVE('',#2662,#2741);
#2741 = DEFINITIONAL_REPRESENTATION('',(#2742),#2746);
#2742 = LINE('',#2743,#2744);
#2743 = CARTESIAN_POINT('',(0.,0.));
#2744 = VECTOR('',#2745,1.);
#2745 = DIRECTION('',(1.,0.));
#2746 = ( GEOMETRIC_REPRESENTATION_CONTEXT(2) 
PARAMETRIC_REPRESENTATION_CONTEXT() REPRESENTATION_CONTEXT('2D SPACE',''
  ) );
#2747 = ORIENTED_EDGE('',*,*,#2748,.F.);
#2748 = EDGE_CURVE('',#464,#2726,#2749,.T.);
#2749 = SURFACE_CURVE('',#2750,(#2754,#2760),.PCURVE_S1.);
#2750 = LINE('',#2751,#2752);
#2751 = CARTESIAN_POINT('',(-6.396,-18.36,-4.558));
#2752 = VECTOR('',#2753,1.);
#2753 = DIRECTION('',(0.,-1.,0.));
#2754 = PCURVE('',#478,#2755);
#2755 = DEFINITIONAL_REPRESENTATION('',(#2756),#2759);
#2756 = B_SPLINE_CURVE_WITH_KNOTS('',1,(#2757,#2758),.UNSPECIFIED.,.F.,
  .F.,(2,2),(-2.345,-0.628),.PIECEWISE_BEZIER_KNOTS.);
#2757 = CARTESIAN_POINT('',(1.845,-1.717));
#2758 = CARTESIAN_POINT('',(1.845,0.));
#2759 = ( GEOMETRIC_REPRESENTATION_CONTEXT(2) 
PARAMETRIC_REPRESENTATION_CONTEXT() REPRESENTATION_CONTEXT('2D SPACE',''
  ) );
#2760 = PCURVE('',#504,#2761);
#2761 = DEFINITIONAL_REPRESENTATION('',(#2762),#2765);
#2762 = B_SPLINE_CURVE_WITH_KNOTS('',1,(#2763,#2764),.UNSPECIFIED.,.F.,
  .F.,(2,2),(-2.345,-0.628),.PIECEWISE_BEZIER_KNOTS.);
#2763 = CARTESIAN_POINT('',(8.654,2.973));
#2764 = CARTESIAN_POINT('',(8.654,1.256));
#2765 = ( GEOMETRIC_REPRESENTATION_CONTEXT(2) 
PARAMETRIC_REPRESENTATION_CONTEXT() REPRESENTATION_CONTEXT('2D SPACE',''
  ) );
#2766 = ORIENTED_EDGE('',*,*,#463,.F.);
#2767 = ADVANCED_FACE('',(#2768),#504,.T.);
#2768 = FACE_BOUND('',#2769,.T.);
#2769 = EDGE_LOOP('',(#2770,#2793,#2821,#2849,#2868,#2869));
#2770 = ORIENTED_EDGE('',*,*,#2771,.F.);
#2771 = EDGE_CURVE('',#2772,#490,#2774,.T.);
#2772 = VERTEX_POINT('',#2773);
#2773 = CARTESIAN_POINT('',(-15.05,-18.988,-4.558));
#2774 = SURFACE_CURVE('',#2775,(#2779,#2786),.PCURVE_S1.);
#2775 = LINE('',#2776,#2777);
#2776 = CARTESIAN_POINT('',(-15.05,-18.988,-4.558));
#2777 = VECTOR('',#2778,1.);
#2778 = DIRECTION('',(-0.,1.,0.));
#2779 = PCURVE('',#504,#2780);
#2780 = DEFINITIONAL_REPRESENTATION('',(#2781),#2785);
#2781 = LINE('',#2782,#2783);
#2782 = CARTESIAN_POINT('',(0.,0.));
#2783 = VECTOR('',#2784,1.);
#2784 = DIRECTION('',(0.,1.));
#2785 = ( GEOMETRIC_REPRESENTATION_CONTEXT(2) 
PARAMETRIC_REPRESENTATION_CONTEXT() REPRESENTATION_CONTEXT('2D SPACE',''
  ) );
#2786 = PCURVE('',#530,#2787);
#2787 = DEFINITIONAL_REPRESENTATION('',(#2788),#2792);
#2788 = LINE('',#2789,#2790);
#2789 = CARTESIAN_POINT('',(1.845,0.));
#2790 = VECTOR('',#2791,1.);
#2791 = DIRECTION('',(0.,-1.));
#2792 = ( GEOMETRIC_REPRESENTATION_CONTEXT(2) 
PARAMETRIC_REPRESENTATION_CONTEXT() REPRESENTATION_CONTEXT('2D SPACE',''
  ) );
#2793 = ORIENTED_EDGE('',*,*,#2794,.T.);
#2794 = EDGE_CURVE('',#2772,#2795,#2797,.T.);
#2795 = VERTEX_POINT('',#2796);
#2796 = CARTESIAN_POINT('',(-1.404,-18.988,-4.558));
#2797 = SURFACE_CURVE('',#2798,(#2802,#2809),.PCURVE_S1.);
#2798 = LINE('',#2799,#2800);
#2799 = CARTESIAN_POINT('',(-15.05,-18.988,-4.558));
#2800 = VECTOR('',#2801,1.);
#2801 = DIRECTION('',(1.,0.,-0.));
#2802 = PCURVE('',#504,#2803);
#2803 = DEFINITIONAL_REPRESENTATION('',(#2804),#2808);
#2804 = LINE('',#2805,#2806);
#2805 = CARTESIAN_POINT('',(0.,0.));
#2806 = VECTOR('',#2807,1.);
#2807 = DIRECTION('',(1.,0.));
#2808 = ( GEOMETRIC_REPRESENTATION_CONTEXT(2) 
PARAMETRIC_REPRESENTATION_CONTEXT() REPRESENTATION_CONTEXT('2D SPACE',''
  ) );
#2809 = PCURVE('',#2810,#2815);
#2810 = PLANE('',#2811);
#2811 = AXIS2_PLACEMENT_3D('',#2812,#2813,#2814);
#2812 = CARTESIAN_POINT('',(-15.05,-18.988,-6.403));
#2813 = DIRECTION('',(-0.,1.,0.));
#2814 = DIRECTION('',(0.,0.,1.));
#2815 = DEFINITIONAL_REPRESENTATION('',(#2816),#2820);
#2816 = LINE('',#2817,#2818);
#2817 = CARTESIAN_POINT('',(1.845,0.));
#2818 = VECTOR('',#2819,1.);
#2819 = DIRECTION('',(0.,1.));
#2820 = ( GEOMETRIC_REPRESENTATION_CONTEXT(2) 
PARAMETRIC_REPRESENTATION_CONTEXT() REPRESENTATION_CONTEXT('2D SPACE',''
  ) );
#2821 = ORIENTED_EDGE('',*,*,#2822,.T.);
#2822 = EDGE_CURVE('',#2795,#2823,#2825,.T.);
#2823 = VERTEX_POINT('',#2824);
#2824 = CARTESIAN_POINT('',(-1.404,-17.732,-4.558));
#2825 = SURFACE_CURVE('',#2826,(#2830,#2837),.PCURVE_S1.);
#2826 = LINE('',#2827,#2828);
#2827 = CARTESIAN_POINT('',(-1.404,-18.988,-4.558));
#2828 = VECTOR('',#2829,1.);
#2829 = DIRECTION('',(-0.,1.,0.));
#2830 = PCURVE('',#504,#2831);
#2831 = DEFINITIONAL_REPRESENTATION('',(#2832),#2836);
#2832 = LINE('',#2833,#2834);
#2833 = CARTESIAN_POINT('',(13.646,0.));
#2834 = VECTOR('',#2835,1.);
#2835 = DIRECTION('',(0.,1.));
#2836 = ( GEOMETRIC_REPRESENTATION_CONTEXT(2) 
PARAMETRIC_REPRESENTATION_CONTEXT() REPRESENTATION_CONTEXT('2D SPACE',''
  ) );
#2837 = PCURVE('',#2838,#2843);
#2838 = PLANE('',#2839);
#2839 = AXIS2_PLACEMENT_3D('',#2840,#2841,#2842);
#2840 = CARTESIAN_POINT('',(-1.404,-18.988,-6.403));
#2841 = DIRECTION('',(1.,0.,-0.));
#2842 = DIRECTION('',(0.,0.,1.));
#2843 = DEFINITIONAL_REPRESENTATION('',(#2844),#2848);
#2844 = LINE('',#2845,#2846);
#2845 = CARTESIAN_POINT('',(1.845,0.));
#2846 = VECTOR('',#2847,1.);
#2847 = DIRECTION('',(0.,-1.));
#2848 = ( GEOMETRIC_REPRESENTATION_CONTEXT(2) 
PARAMETRIC_REPRESENTATION_CONTEXT() REPRESENTATION_CONTEXT('2D SPACE',''
  ) );
#2849 = ORIENTED_EDGE('',*,*,#2850,.F.);
#2850 = EDGE_CURVE('',#2726,#2823,#2851,.T.);
#2851 = SURFACE_CURVE('',#2852,(#2856,#2862),.PCURVE_S1.);
#2852 = LINE('',#2853,#2854);
#2853 = CARTESIAN_POINT('',(-10.723,-17.732,-4.558));
#2854 = VECTOR('',#2855,1.);
#2855 = DIRECTION('',(1.,0.,-0.));
#2856 = PCURVE('',#504,#2857);
#2857 = DEFINITIONAL_REPRESENTATION('',(#2858),#2861);
#2858 = B_SPLINE_CURVE_WITH_KNOTS('',1,(#2859,#2860),.UNSPECIFIED.,.F.,
  .F.,(2,2),(4.327,9.319),.PIECEWISE_BEZIER_KNOTS.);
#2859 = CARTESIAN_POINT('',(8.654,1.256));
#2860 = CARTESIAN_POINT('',(13.646,1.256));
#2861 = ( GEOMETRIC_REPRESENTATION_CONTEXT(2) 
PARAMETRIC_REPRESENTATION_CONTEXT() REPRESENTATION_CONTEXT('2D SPACE',''
  ) );
#2862 = PCURVE('',#2662,#2863);
#2863 = DEFINITIONAL_REPRESENTATION('',(#2864),#2867);
#2864 = B_SPLINE_CURVE_WITH_KNOTS('',1,(#2865,#2866),.UNSPECIFIED.,.F.,
  .F.,(2,2),(4.327,9.319),.PIECEWISE_BEZIER_KNOTS.);
#2865 = CARTESIAN_POINT('',(1.845,0.));
#2866 = CARTESIAN_POINT('',(1.845,4.992));
#2867 = ( GEOMETRIC_REPRESENTATION_CONTEXT(2) 
PARAMETRIC_REPRESENTATION_CONTEXT() REPRESENTATION_CONTEXT('2D SPACE',''
  ) );
#2868 = ORIENTED_EDGE('',*,*,#2748,.F.);
#2869 = ORIENTED_EDGE('',*,*,#489,.F.);
#2870 = ADVANCED_FACE('',(#2871),#530,.F.);
#2871 = FACE_BOUND('',#2872,.F.);
#2872 = EDGE_LOOP('',(#2873,#2874,#2897,#2918));
#2873 = ORIENTED_EDGE('',*,*,#2771,.F.);
#2874 = ORIENTED_EDGE('',*,*,#2875,.F.);
#2875 = EDGE_CURVE('',#2876,#2772,#2878,.T.);
#2876 = VERTEX_POINT('',#2877);
#2877 = CARTESIAN_POINT('',(-15.05,-18.988,-6.403));
#2878 = SURFACE_CURVE('',#2879,(#2883,#2890),.PCURVE_S1.);
#2879 = LINE('',#2880,#2881);
#2880 = CARTESIAN_POINT('',(-15.05,-18.988,-6.403));
#2881 = VECTOR('',#2882,1.);
#2882 = DIRECTION('',(0.,0.,1.));
#2883 = PCURVE('',#530,#2884);
#2884 = DEFINITIONAL_REPRESENTATION('',(#2885),#2889);
#2885 = LINE('',#2886,#2887);
#2886 = CARTESIAN_POINT('',(0.,0.));
#2887 = VECTOR('',#2888,1.);
#2888 = DIRECTION('',(1.,0.));
#2889 = ( GEOMETRIC_REPRESENTATION_CONTEXT(2) 
PARAMETRIC_REPRESENTATION_CONTEXT() REPRESENTATION_CONTEXT('2D SPACE',''
  ) );
#2890 = PCURVE('',#2810,#2891);
#2891 = DEFINITIONAL_REPRESENTATION('',(#2892),#2896);
#2892 = LINE('',#2893,#2894);
#2893 = CARTESIAN_POINT('',(0.,0.));
#2894 = VECTOR('',#2895,1.);
#2895 = DIRECTION('',(1.,0.));
#2896 = ( GEOMETRIC_REPRESENTATION_CONTEXT(2) 
PARAMETRIC_REPRESENTATION_CONTEXT() REPRESENTATION_CONTEXT('2D SPACE',''
  ) );
#2897 = ORIENTED_EDGE('',*,*,#2898,.T.);
#2898 = EDGE_CURVE('',#2876,#516,#2899,.T.);
#2899 = SURFACE_CURVE('',#2900,(#2904,#2911),.PCURVE_S1.);
#2900 = LINE('',#2901,#2902);
#2901 = CARTESIAN_POINT('',(-15.05,-18.988,-6.403));
#2902 = VECTOR('',#2903,1.);
#2903 = DIRECTION('',(-0.,1.,0.));
#2904 = PCURVE('',#530,#2905);
#2905 = DEFINITIONAL_REPRESENTATION('',(#2906),#2910);
#2906 = LINE('',#2907,#2908);
#2907 = CARTESIAN_POINT('',(0.,0.));
#2908 = VECTOR('',#2909,1.);
#2909 = DIRECTION('',(0.,-1.));
#2910 = ( GEOMETRIC_REPRESENTATION_CONTEXT(2) 
PARAMETRIC_REPRESENTATION_CONTEXT() REPRESENTATION_CONTEXT('2D SPACE',''
  ) );
#2911 = PCURVE('',#555,#2912);
#2912 = DEFINITIONAL_REPRESENTATION('',(#2913),#2917);
#2913 = LINE('',#2914,#2915);
#2914 = CARTESIAN_POINT('',(-8.654,-1.256));
#2915 = VECTOR('',#2916,1.);
#2916 = DIRECTION('',(0.,1.));
#2917 = ( GEOMETRIC_REPRESENTATION_CONTEXT(2) 
PARAMETRIC_REPRESENTATION_CONTEXT() REPRESENTATION_CONTEXT('2D SPACE',''
  ) );
#2918 = ORIENTED_EDGE('',*,*,#515,.F.);
#2919 = ADVANCED_FACE('',(#2920),#555,.F.);
#2920 = FACE_BOUND('',#2921,.F.);
#2921 = EDGE_LOOP('',(#2922,#2923,#2924,#2947,#2970,#2993,#3016,#3037));
#2922 = ORIENTED_EDGE('',*,*,#541,.T.);
#2923 = ORIENTED_EDGE('',*,*,#2898,.F.);
#2924 = ORIENTED_EDGE('',*,*,#2925,.T.);
#2925 = EDGE_CURVE('',#2876,#2926,#2928,.T.);
#2926 = VERTEX_POINT('',#2927);
#2927 = CARTESIAN_POINT('',(-1.404,-18.988,-6.403));
#2928 = SURFACE_CURVE('',#2929,(#2933,#2940),.PCURVE_S1.);
#2929 = LINE('',#2930,#2931);
#2930 = CARTESIAN_POINT('',(-15.05,-18.988,-6.403));
#2931 = VECTOR('',#2932,1.);
#2932 = DIRECTION('',(1.,0.,-0.));
#2933 = PCURVE('',#555,#2934);
#2934 = DEFINITIONAL_REPRESENTATION('',(#2935),#2939);
#2935 = LINE('',#2936,#2937);
#2936 = CARTESIAN_POINT('',(-8.654,-1.256));
#2937 = VECTOR('',#2938,1.);
#2938 = DIRECTION('',(1.,0.));
#2939 = ( GEOMETRIC_REPRESENTATION_CONTEXT(2) 
PARAMETRIC_REPRESENTATION_CONTEXT() REPRESENTATION_CONTEXT('2D SPACE',''
  ) );
#2940 = PCURVE('',#2810,#2941);
#2941 = DEFINITIONAL_REPRESENTATION('',(#2942),#2946);
#2942 = LINE('',#2943,#2944);
#2943 = CARTESIAN_POINT('',(0.,0.));
#2944 = VECTOR('',#2945,1.);
#2945 = DIRECTION('',(0.,1.));
#2946 = ( GEOMETRIC_REPRESENTATION_CONTEXT(2) 
PARAMETRIC_REPRESENTATION_CONTEXT() REPRESENTATION_CONTEXT('2D SPACE',''
  ) );
#2947 = ORIENTED_EDGE('',*,*,#2948,.T.);
#2948 = EDGE_CURVE('',#2926,#2949,#2951,.T.);
#2949 = VERTEX_POINT('',#2950);
#2950 = CARTESIAN_POINT('',(-1.404,-17.732,-6.403));
#2951 = SURFACE_CURVE('',#2952,(#2956,#2963),.PCURVE_S1.);
#2952 = LINE('',#2953,#2954);
#2953 = CARTESIAN_POINT('',(-1.404,-18.988,-6.403));
#2954 = VECTOR('',#2955,1.);
#2955 = DIRECTION('',(-0.,1.,0.));
#2956 = PCURVE('',#555,#2957);
#2957 = DEFINITIONAL_REPRESENTATION('',(#2958),#2962);
#2958 = LINE('',#2959,#2960);
#2959 = CARTESIAN_POINT('',(4.992,-1.256));
#2960 = VECTOR('',#2961,1.);
#2961 = DIRECTION('',(0.,1.));
#2962 = ( GEOMETRIC_REPRESENTATION_CONTEXT(2) 
PARAMETRIC_REPRESENTATION_CONTEXT() REPRESENTATION_CONTEXT('2D SPACE',''
  ) );
#2963 = PCURVE('',#2838,#2964);
#2964 = DEFINITIONAL_REPRESENTATION('',(#2965),#2969);
#2965 = LINE('',#2966,#2967);
#2966 = CARTESIAN_POINT('',(0.,0.));
#2967 = VECTOR('',#2968,1.);
#2968 = DIRECTION('',(0.,-1.));
#2969 = ( GEOMETRIC_REPRESENTATION_CONTEXT(2) 
PARAMETRIC_REPRESENTATION_CONTEXT() REPRESENTATION_CONTEXT('2D SPACE',''
  ) );
#2970 = ORIENTED_EDGE('',*,*,#2971,.F.);
#2971 = EDGE_CURVE('',#2972,#2949,#2974,.T.);
#2972 = VERTEX_POINT('',#2973);
#2973 = CARTESIAN_POINT('',(-2.2E-02,-17.732,-6.403));
#2974 = SURFACE_CURVE('',#2975,(#2979,#2986),.PCURVE_S1.);
#2975 = LINE('',#2976,#2977);
#2976 = CARTESIAN_POINT('',(-2.2E-02,-17.732,-6.403));
#2977 = VECTOR('',#2978,1.);
#2978 = DIRECTION('',(-1.,0.,-1.393439629275E-16));
#2979 = PCURVE('',#555,#2980);
#2980 = DEFINITIONAL_REPRESENTATION('',(#2981),#2985);
#2981 = LINE('',#2982,#2983);
#2982 = CARTESIAN_POINT('',(6.374,0.));
#2983 = VECTOR('',#2984,1.);
#2984 = DIRECTION('',(-1.,0.));
#2985 = ( GEOMETRIC_REPRESENTATION_CONTEXT(2) 
PARAMETRIC_REPRESENTATION_CONTEXT() REPRESENTATION_CONTEXT('2D SPACE',''
  ) );
#2986 = PCURVE('',#2662,#2987);
#2987 = DEFINITIONAL_REPRESENTATION('',(#2988),#2992);
#2988 = LINE('',#2989,#2990);
#2989 = CARTESIAN_POINT('',(8.881784197001E-16,6.374));
#2990 = VECTOR('',#2991,1.);
#2991 = DIRECTION('',(-1.393439629275E-16,-1.));
#2992 = ( GEOMETRIC_REPRESENTATION_CONTEXT(2) 
PARAMETRIC_REPRESENTATION_CONTEXT() REPRESENTATION_CONTEXT('2D SPACE',''
  ) );
#2993 = ORIENTED_EDGE('',*,*,#2994,.T.);
#2994 = EDGE_CURVE('',#2972,#2995,#2997,.T.);
#2995 = VERTEX_POINT('',#2996);
#2996 = CARTESIAN_POINT('',(-2.2E-02,-16.329,-6.403));
#2997 = SURFACE_CURVE('',#2998,(#3002,#3009),.PCURVE_S1.);
#2998 = LINE('',#2999,#3000);
#2999 = CARTESIAN_POINT('',(-2.2E-02,-17.732,-6.403));
#3000 = VECTOR('',#3001,1.);
#3001 = DIRECTION('',(-0.,1.,0.));
#3002 = PCURVE('',#555,#3003);
#3003 = DEFINITIONAL_REPRESENTATION('',(#3004),#3008);
#3004 = LINE('',#3005,#3006);
#3005 = CARTESIAN_POINT('',(6.374,0.));
#3006 = VECTOR('',#3007,1.);
#3007 = DIRECTION('',(0.,1.));
#3008 = ( GEOMETRIC_REPRESENTATION_CONTEXT(2) 
PARAMETRIC_REPRESENTATION_CONTEXT() REPRESENTATION_CONTEXT('2D SPACE',''
  ) );
#3009 = PCURVE('',#2047,#3010);
#3010 = DEFINITIONAL_REPRESENTATION('',(#3011),#3015);
#3011 = LINE('',#3012,#3013);
#3012 = CARTESIAN_POINT('',(4.463883906313,1.403));
#3013 = VECTOR('',#3014,1.);
#3014 = DIRECTION('',(0.,-1.));
#3015 = ( GEOMETRIC_REPRESENTATION_CONTEXT(2) 
PARAMETRIC_REPRESENTATION_CONTEXT() REPRESENTATION_CONTEXT('2D SPACE',''
  ) );
#3016 = ORIENTED_EDGE('',*,*,#3017,.F.);
#3017 = EDGE_CURVE('',#2439,#2995,#3018,.T.);
#3018 = SURFACE_CURVE('',#3019,(#3023,#3030),.PCURVE_S1.);
#3019 = LINE('',#3020,#3021);
#3020 = CARTESIAN_POINT('',(-1.065,-16.329,-6.403));
#3021 = VECTOR('',#3022,1.);
#3022 = DIRECTION('',(1.,0.,0.));
#3023 = PCURVE('',#555,#3024);
#3024 = DEFINITIONAL_REPRESENTATION('',(#3025),#3029);
#3025 = LINE('',#3026,#3027);
#3026 = CARTESIAN_POINT('',(5.331,1.403));
#3027 = VECTOR('',#3028,1.);
#3028 = DIRECTION('',(1.,0.));
#3029 = ( GEOMETRIC_REPRESENTATION_CONTEXT(2) 
PARAMETRIC_REPRESENTATION_CONTEXT() REPRESENTATION_CONTEXT('2D SPACE',''
  ) );
#3030 = PCURVE('',#2454,#3031);
#3031 = DEFINITIONAL_REPRESENTATION('',(#3032),#3036);
#3032 = LINE('',#3033,#3034);
#3033 = CARTESIAN_POINT('',(4.463883906313,0.));
#3034 = VECTOR('',#3035,1.);
#3035 = DIRECTION('',(0.,1.));
#3036 = ( GEOMETRIC_REPRESENTATION_CONTEXT(2) 
PARAMETRIC_REPRESENTATION_CONTEXT() REPRESENTATION_CONTEXT('2D SPACE',''
  ) );
#3037 = ORIENTED_EDGE('',*,*,#2494,.F.);
#3038 = ADVANCED_FACE('',(#3039),#659,.F.);
#3039 = FACE_BOUND('',#3040,.F.);
#3040 = EDGE_LOOP('',(#3041,#3042,#3043,#3138,#3164,#3249,#3275,#3353));
#3041 = ORIENTED_EDGE('',*,*,#595,.F.);
#3042 = ORIENTED_EDGE('',*,*,#726,.F.);
#3043 = ORIENTED_EDGE('',*,*,#3044,.T.);
#3044 = EDGE_CURVE('',#727,#3045,#3047,.T.);
#3045 = VERTEX_POINT('',#3046);
#3046 = CARTESIAN_POINT('',(-1.065,14.909672031709,-0.232));
#3047 = SURFACE_CURVE('',#3048,(#3076,#3107),.PCURVE_S1.);
#3048 = B_SPLINE_CURVE_WITH_KNOTS('',6,(#3049,#3050,#3051,#3052,#3053,
    #3054,#3055,#3056,#3057,#3058,#3059,#3060,#3061,#3062,#3063,#3064,
    #3065,#3066,#3067,#3068,#3069,#3070,#3071,#3072,#3073,#3074,#3075),
  .UNSPECIFIED.,.F.,.F.,(7,5,5,5,5,7),(0.,0.421460855052,0.575836053389,
    0.717004118222,0.96089077622,1.),.UNSPECIFIED.);
#3049 = CARTESIAN_POINT('',(-1.50487270886,13.957,4.163336342344E-16));
#3050 = CARTESIAN_POINT('',(-1.50487270886,14.053748664149,
    4.163336342344E-16));
#3051 = CARTESIAN_POINT('',(-1.501162978978,14.150575324655,
    -5.421319962294E-03));
#3052 = CARTESIAN_POINT('',(-1.49373336337,14.246175859629,
    -1.627851393693E-02));
#3053 = CARTESIAN_POINT('',(-1.482094855165,14.339220095512,
    -3.221259850883E-02));
#3054 = CARTESIAN_POINT('',(-1.465286619485,14.428233888773,
    -5.24494145979E-02));
#3055 = CARTESIAN_POINT('',(-1.433757650833,14.541952874841,
    -8.403237724254E-02));
#3056 = CARTESIAN_POINT('',(-1.424466649742,14.571654726095,
    -9.288314268516E-02));
#3057 = CARTESIAN_POINT('',(-1.414291886057,14.60045799956,
    -0.102039588671));
#3058 = CARTESIAN_POINT('',(-1.403190476609,14.628250297289,
    -0.111409980056));
#3059 = CARTESIAN_POINT('',(-1.391125302495,14.654920053837,
    -0.120890471854));
#3060 = CARTESIAN_POINT('',(-1.366128412838,14.703616084147,
    -0.139032193853));
#3061 = CARTESIAN_POINT('',(-1.353358652763,14.725845389719,
    -0.147694490248));
#3062 = CARTESIAN_POINT('',(-1.339749517626,14.746934926267,
    -0.156257403048));
#3063 = CARTESIAN_POINT('',(-1.325303004394,14.766784070646,
    -0.164617832687));
#3064 = CARTESIAN_POINT('',(-1.310034581353,14.785299718868,
    -0.17267006424));
#3065 = CARTESIAN_POINT('',(-1.266230282718,14.831930232884,
    -0.193509218446));
#3066 = CARTESIAN_POINT('',(-1.236108102548,14.857244253804,
    -0.205485733971));
#3067 = CARTESIAN_POINT('',(-1.203854524801,14.877780659638,
    -0.215657099915));
#3068 = CARTESIAN_POINT('',(-1.169895517775,14.893148141657,
    -0.22348380721));
#3069 = CARTESIAN_POINT('',(-1.134823806843,14.903098701496,
    -0.228604713512));
#3070 = CARTESIAN_POINT('',(-1.093598109853,14.908247279903,
    -0.231262850465));
#3071 = CARTESIAN_POINT('',(-1.087889624338,14.908816959439,
    -0.231557386142));
#3072 = CARTESIAN_POINT('',(-1.082172706455,14.909244449532,
    -0.231778616431));
#3073 = CARTESIAN_POINT('',(-1.076450152098,14.90952951671,
    -0.231926211629));
#3074 = CARTESIAN_POINT('',(-1.070724773653,14.909672044156,
    -0.232000006445));
#3075 = CARTESIAN_POINT('',(-1.064999399999,14.909672031708,-0.232));
#3076 = PCURVE('',#659,#3077);
#3077 = DEFINITIONAL_REPRESENTATION('',(#3078),#3106);
#3078 = B_SPLINE_CURVE_WITH_KNOTS('',6,(#3079,#3080,#3081,#3082,#3083,
    #3084,#3085,#3086,#3087,#3088,#3089,#3090,#3091,#3092,#3093,#3094,
    #3095,#3096,#3097,#3098,#3099,#3100,#3101,#3102,#3103,#3104,#3105),
  .UNSPECIFIED.,.F.,.F.,(7,5,5,5,5,7),(0.,0.421460855052,0.575836053389,
    0.717004118222,0.96089077622,1.),.UNSPECIFIED.);
#3079 = CARTESIAN_POINT('',(3.741696229158,3.251));
#3080 = CARTESIAN_POINT('',(3.741696229158,3.154251335851));
#3081 = CARTESIAN_POINT('',(3.754020632182,3.057424675345));
#3082 = CARTESIAN_POINT('',(3.778704855299,2.961824140371));
#3083 = CARTESIAN_POINT('',(3.815704389083,2.868779904488));
#3084 = CARTESIAN_POINT('',(3.864854011741,2.779766111227));
#3085 = CARTESIAN_POINT('',(3.94858176207,2.666047125159));
#3086 = CARTESIAN_POINT('',(3.972649128332,2.636345273905));
#3087 = CARTESIAN_POINT('',(3.998314100887,2.60754200044));
#3088 = CARTESIAN_POINT('',(4.025546938246,2.579749702711));
#3089 = CARTESIAN_POINT('',(4.054314508417,2.553079946163));
#3090 = CARTESIAN_POINT('',(4.112262630826,2.504383915853));
#3091 = CARTESIAN_POINT('',(4.141198499861,2.482154610281));
#3092 = CARTESIAN_POINT('',(4.171337251008,2.461065073733));
#3093 = CARTESIAN_POINT('',(4.202618440281,2.441215929354));
#3094 = CARTESIAN_POINT('',(4.234976555026,2.422700281132));
#3095 = CARTESIAN_POINT('',(4.325987112897,2.376069767116));
#3096 = CARTESIAN_POINT('',(4.38667405507,2.350755746196));
#3097 = CARTESIAN_POINT('',(4.449860694773,2.330219340362));
#3098 = CARTESIAN_POINT('',(4.514921951676,2.314851858343));
#3099 = CARTESIAN_POINT('',(4.581204568448,2.304901298504));
#3100 = CARTESIAN_POINT('',(4.658711704185,2.299752720097));
#3101 = CARTESIAN_POINT('',(4.669435166575,2.299183040561));
#3102 = CARTESIAN_POINT('',(4.680167788362,2.298755550468));
#3103 = CARTESIAN_POINT('',(4.690906523321,2.29847048329));
#3104 = CARTESIAN_POINT('',(4.701648316873,2.298327955844));
#3105 = CARTESIAN_POINT('',(4.712390106093,2.298327968292));
#3106 = ( GEOMETRIC_REPRESENTATION_CONTEXT(2) 
PARAMETRIC_REPRESENTATION_CONTEXT() REPRESENTATION_CONTEXT('2D SPACE',''
  ) );
#3107 = PCURVE('',#763,#3108);
#3108 = DEFINITIONAL_REPRESENTATION('',(#3109),#3137);
#3109 = B_SPLINE_CURVE_WITH_KNOTS('',6,(#3110,#3111,#3112,#3113,#3114,
    #3115,#3116,#3117,#3118,#3119,#3120,#3121,#3122,#3123,#3124,#3125,
    #3126,#3127,#3128,#3129,#3130,#3131,#3132,#3133,#3134,#3135,#3136),
  .UNSPECIFIED.,.F.,.F.,(7,5,5,5,5,7),(0.,0.421460855052,0.575836053389,
    0.717004118222,0.96089077622,1.),.UNSPECIFIED.);
#3110 = CARTESIAN_POINT('',(0.,19.70412729114));
#3111 = CARTESIAN_POINT('',(-4.669337072836E-02,19.70412729114));
#3112 = CARTESIAN_POINT('',(-9.342436693939E-02,19.707837021022));
#3113 = CARTESIAN_POINT('',(-0.139746993647,19.71526663663));
#3114 = CARTESIAN_POINT('',(-0.185203205048,19.726905144835));
#3115 = CARTESIAN_POINT('',(-0.229210349169,19.743713380515));
#3116 = CARTESIAN_POINT('',(-0.286171384893,19.775242349167));
#3117 = CARTESIAN_POINT('',(-0.301126537377,19.784533350258));
#3118 = CARTESIAN_POINT('',(-0.315709746113,19.794708113943));
#3119 = CARTESIAN_POINT('',(-0.329861915783,19.805809523391));
#3120 = CARTESIAN_POINT('',(-0.343520936414,19.817874697505));
#3121 = CARTESIAN_POINT('',(-0.368600867839,19.842871587162));
#3122 = CARTESIAN_POINT('',(-0.380113778209,19.855641347237));
#3123 = CARTESIAN_POINT('',(-0.391097604174,19.869250482374));
#3124 = CARTESIAN_POINT('',(-0.401491263482,19.883696995606));
#3125 = CARTESIAN_POINT('',(-0.411235365231,19.898965418647));
#3126 = CARTESIAN_POINT('',(-0.435885554172,19.942769717282));
#3127 = CARTESIAN_POINT('',(-0.449397900331,19.972891897452));
#3128 = CARTESIAN_POINT('',(-0.460456735405,20.005145475199));
#3129 = CARTESIAN_POINT('',(-0.468780058446,20.039104482225));
#3130 = CARTESIAN_POINT('',(-0.474181055207,20.074176193157));
#3131 = CARTESIAN_POINT('',(-0.476977517014,20.115401890147));
#3132 = CARTESIAN_POINT('',(-0.477287032371,20.121110375663));
#3133 = CARTESIAN_POINT('',(-0.477519340495,20.126827293545));
#3134 = CARTESIAN_POINT('',(-0.47767426825,20.132549847902));
#3135 = CARTESIAN_POINT('',(-0.477751728907,20.138275226346));
#3136 = CARTESIAN_POINT('',(-0.477751722142,20.1440006));
#3137 = ( GEOMETRIC_REPRESENTATION_CONTEXT(2) 
PARAMETRIC_REPRESENTATION_CONTEXT() REPRESENTATION_CONTEXT('2D SPACE',''
  ) );
#3138 = ORIENTED_EDGE('',*,*,#3139,.F.);
#3139 = EDGE_CURVE('',#3140,#3045,#3142,.T.);
#3140 = VERTEX_POINT('',#3141);
#3141 = CARTESIAN_POINT('',(-1.065,15.185896232056,-0.232));
#3142 = SURFACE_CURVE('',#3143,(#3147,#3153),.PCURVE_S1.);
#3143 = LINE('',#3144,#3145);
#3144 = CARTESIAN_POINT('',(-1.065,17.208,-0.232));
#3145 = VECTOR('',#3146,1.);
#3146 = DIRECTION('',(0.,-1.,2.22044604925E-16));
#3147 = PCURVE('',#659,#3148);
#3148 = DEFINITIONAL_REPRESENTATION('',(#3149),#3152);
#3149 = B_SPLINE_CURVE_WITH_KNOTS('',1,(#3150,#3151),.UNSPECIFIED.,.F.,
  .F.,(2,2),(0.831129519598,2.857575284421),.PIECEWISE_BEZIER_KNOTS.);
#3150 = CARTESIAN_POINT('',(4.712388980385,0.831129519598));
#3151 = CARTESIAN_POINT('',(4.712388980385,2.857575284421));
#3152 = ( GEOMETRIC_REPRESENTATION_CONTEXT(2) 
PARAMETRIC_REPRESENTATION_CONTEXT() REPRESENTATION_CONTEXT('2D SPACE',''
  ) );
#3153 = PCURVE('',#3154,#3159);
#3154 = PLANE('',#3155);
#3155 = AXIS2_PLACEMENT_3D('',#3156,#3157,#3158);
#3156 = CARTESIAN_POINT('',(-1.065,-16.329,-10.86688390631));
#3157 = DIRECTION('',(1.,0.,-0.));
#3158 = DIRECTION('',(0.,0.,1.));
#3159 = DEFINITIONAL_REPRESENTATION('',(#3160),#3163);
#3160 = B_SPLINE_CURVE_WITH_KNOTS('',1,(#3161,#3162),.UNSPECIFIED.,.F.,
  .F.,(2,2),(0.831129519598,2.857575284421),.PIECEWISE_BEZIER_KNOTS.);
#3161 = CARTESIAN_POINT('',(10.634883906313,-32.7058704804));
#3162 = CARTESIAN_POINT('',(10.634883906313,-30.67942471557));
#3163 = ( GEOMETRIC_REPRESENTATION_CONTEXT(2) 
PARAMETRIC_REPRESENTATION_CONTEXT() REPRESENTATION_CONTEXT('2D SPACE',''
  ) );
#3164 = ORIENTED_EDGE('',*,*,#3165,.T.);
#3165 = EDGE_CURVE('',#3140,#3166,#3168,.T.);
#3166 = VERTEX_POINT('',#3167);
#3167 = CARTESIAN_POINT('',(-0.689227462419,14.468,-7.7E-02));
#3168 = SURFACE_CURVE('',#3169,(#3192,#3218),.PCURVE_S1.);
#3169 = B_SPLINE_CURVE_WITH_KNOTS('',6,(#3170,#3171,#3172,#3173,#3174,
    #3175,#3176,#3177,#3178,#3179,#3180,#3181,#3182,#3183,#3184,#3185,
    #3186,#3187,#3188,#3189,#3190,#3191),.UNSPECIFIED.,.F.,.F.,(7,5,5,5,
    7),(0.,0.314231615339,0.464563056692,0.625341141442,1.),
  .UNSPECIFIED.);
#3170 = CARTESIAN_POINT('',(-1.065000600041,15.185896232055,-0.232));
#3171 = CARTESIAN_POINT('',(-1.028742096918,15.185896322183,
    -0.232000040822));
#3172 = CARTESIAN_POINT('',(-0.99249627815,15.179361056333,
    -0.22904037005));
#3173 = CARTESIAN_POINT('',(-0.957148831033,15.166301770129,
    -0.223123689742));
#3174 = CARTESIAN_POINT('',(-0.923556566246,15.146972933564,
    -0.214617039755));
#3175 = CARTESIAN_POINT('',(-0.892349236314,15.121846713237,
    -0.204197848244));
#3176 = CARTESIAN_POINT('',(-0.850279731351,15.077202355578,
    -0.18705768081));
#3177 = CARTESIAN_POINT('',(-0.837291459013,15.061590028759,
    -0.181240586909));
#3178 = CARTESIAN_POINT('',(-0.824958655259,15.044878262147,
    -0.17522913973));
#3179 = CARTESIAN_POINT('',(-0.813300488944,15.027138989825,
    -0.169101491852));
#3180 = CARTESIAN_POINT('',(-0.802326476515,15.008450594664,
    -0.162934380968));
#3181 = CARTESIAN_POINT('',(-0.781034187289,14.967987731801,
    -0.150238897177));
#3182 = CARTESIAN_POINT('',(-0.770814320654,14.946088755008,
    -0.143715100616));
#3183 = CARTESIAN_POINT('',(-0.761369916182,14.92328709135,
    -0.137310671402));
#3184 = CARTESIAN_POINT('',(-0.752685972438,14.89967038989,
    -0.131101471925));
#3185 = CARTESIAN_POINT('',(-0.744742983561,14.875328626223,
    -0.125155221871));
#3186 = CARTESIAN_POINT('',(-0.720685511616,14.792156966579,
    -0.106420848467));
#3187 = CARTESIAN_POINT('',(-0.707768971871,14.730566504366,
    -9.506335234117E-02));
#3188 = CARTESIAN_POINT('',(-0.698409193734,14.666502462173,
    -8.612775133684E-02));
#3189 = CARTESIAN_POINT('',(-0.692284719401,14.600828510121,
    -8.003919911019E-02));
#3190 = CARTESIAN_POINT('',(-0.689227462419,14.534383023601,-7.7E-02));
#3191 = CARTESIAN_POINT('',(-0.689227462419,14.468,-7.7E-02));
#3192 = PCURVE('',#659,#3193);
#3193 = DEFINITIONAL_REPRESENTATION('',(#3194),#3217);
#3194 = B_SPLINE_CURVE_WITH_KNOTS('',6,(#3195,#3196,#3197,#3198,#3199,
    #3200,#3201,#3202,#3203,#3204,#3205,#3206,#3207,#3208,#3209,#3210,
    #3211,#3212,#3213,#3214,#3215,#3216),.UNSPECIFIED.,.F.,.F.,(7,5,5,5,
    7),(0.,0.314231615339,0.464563056692,0.625341141442,1.),
  .UNSPECIFIED.);
#3195 = CARTESIAN_POINT('',(4.712387854529,2.022103767945));
#3196 = CARTESIAN_POINT('',(4.78041506489,2.022103677817));
#3197 = CARTESIAN_POINT('',(4.848418985879,2.028638943667));
#3198 = CARTESIAN_POINT('',(4.915300904527,2.041698229871));
#3199 = CARTESIAN_POINT('',(4.980031510001,2.061027066436));
#3200 = CARTESIAN_POINT('',(5.041630509626,2.086153286763));
#3201 = CARTESIAN_POINT('',(5.126859738428,2.130797644422));
#3202 = CARTESIAN_POINT('',(5.15354471086,2.146409971241));
#3203 = CARTESIAN_POINT('',(5.179266358098,2.163121737853));
#3204 = CARTESIAN_POINT('',(5.203961034489,2.180861010175));
#3205 = CARTESIAN_POINT('',(5.227570902311,2.199549405336));
#3206 = CARTESIAN_POINT('',(5.274080948394,2.240012268199));
#3207 = CARTESIAN_POINT('',(5.296818181731,2.261911244992));
#3208 = CARTESIAN_POINT('',(5.318216153923,2.28471290865));
#3209 = CARTESIAN_POINT('',(5.338237454595,2.30832961011));
#3210 = CARTESIAN_POINT('',(5.356849759148,2.332671373776));
#3211 = CARTESIAN_POINT('',(5.414057295609,2.415843033421));
#3212 = CARTESIAN_POINT('',(5.446269429754,2.477433495634));
#3213 = CARTESIAN_POINT('',(5.470541081493,2.541497537827));
#3214 = CARTESIAN_POINT('',(5.486744297706,2.607171489879));
#3215 = CARTESIAN_POINT('',(5.494832066721,2.673616976399));
#3216 = CARTESIAN_POINT('',(5.494832066721,2.74));
#3217 = ( GEOMETRIC_REPRESENTATION_CONTEXT(2) 
PARAMETRIC_REPRESENTATION_CONTEXT() REPRESENTATION_CONTEXT('2D SPACE',''
  ) );
#3218 = PCURVE('',#3219,#3224);
#3219 = CYLINDRICAL_SURFACE('',#3220,1.74);
#3220 = AXIS2_PLACEMENT_3D('',#3221,#3222,#3223);
#3221 = CARTESIAN_POINT('',(-1.065,14.468,-1.817));
#3222 = DIRECTION('',(1.,0.,-0.));
#3223 = DIRECTION('',(0.,0.,1.));
#3224 = DEFINITIONAL_REPRESENTATION('',(#3225),#3248);
#3225 = B_SPLINE_CURVE_WITH_KNOTS('',6,(#3226,#3227,#3228,#3229,#3230,
    #3231,#3232,#3233,#3234,#3235,#3236,#3237,#3238,#3239,#3240,#3241,
    #3242,#3243,#3244,#3245,#3246,#3247),.UNSPECIFIED.,.F.,.F.,(7,5,5,5,
    7),(0.,0.314231615339,0.464563056692,0.625341141442,1.),
  .UNSPECIFIED.);
#3226 = CARTESIAN_POINT('',(-0.425288985395,-6.E-07));
#3227 = CARTESIAN_POINT('',(-0.425289042258,3.625790312245E-02));
#3228 = CARTESIAN_POINT('',(-0.421166025833,7.250372168613E-02));
#3229 = CARTESIAN_POINT('',(-0.412925864645,0.10785116914));
#3230 = CARTESIAN_POINT('',(-0.400790968998,0.141443433684));
#3231 = CARTESIAN_POINT('',(-0.385163909188,0.172650763686));
#3232 = CARTESIAN_POINT('',(-0.357680239537,0.214720268649));
#3233 = CARTESIAN_POINT('',(-0.34810551135,0.227708540987));
#3234 = CARTESIAN_POINT('',(-0.337899630025,0.240041344741));
#3235 = CARTESIAN_POINT('',(-0.327114981953,0.251699511056));
#3236 = CARTESIAN_POINT('',(-0.315806060565,0.262673523485));
#3237 = CARTESIAN_POINT('',(-0.291433781508,0.283965812711));
#3238 = CARTESIAN_POINT('',(-0.27830293776,0.294185679346));
#3239 = CARTESIAN_POINT('',(-0.264694068265,0.303630083818));
#3240 = CARTESIAN_POINT('',(-0.2506630932,0.312314027562));
#3241 = CARTESIAN_POINT('',(-0.236264569563,0.320257016439));
#3242 = CARTESIAN_POINT('',(-0.187267150935,0.344314488384));
#3243 = CARTESIAN_POINT('',(-0.151301169016,0.357231028129));
#3244 = CARTESIAN_POINT('',(-0.114181754097,0.366590806266));
#3245 = CARTESIAN_POINT('',(-7.633824781E-02,0.372715280599));
#3246 = CARTESIAN_POINT('',(-3.815116298894E-02,0.375772537581));
#3247 = CARTESIAN_POINT('',(0.,0.375772537581));
#3248 = ( GEOMETRIC_REPRESENTATION_CONTEXT(2) 
PARAMETRIC_REPRESENTATION_CONTEXT() REPRESENTATION_CONTEXT('2D SPACE',''
  ) );
#3249 = ORIENTED_EDGE('',*,*,#3250,.T.);
#3250 = EDGE_CURVE('',#3166,#3251,#3253,.T.);
#3251 = VERTEX_POINT('',#3252);
#3252 = CARTESIAN_POINT('',(-0.689227462419,-14.589,-7.7E-02));
#3253 = SURFACE_CURVE('',#3254,(#3258,#3264),.PCURVE_S1.);
#3254 = LINE('',#3255,#3256);
#3255 = CARTESIAN_POINT('',(-0.689227462419,17.208,-7.7E-02));
#3256 = VECTOR('',#3257,1.);
#3257 = DIRECTION('',(0.,-1.,2.22044604925E-16));
#3258 = PCURVE('',#659,#3259);
#3259 = DEFINITIONAL_REPRESENTATION('',(#3260),#3263);
#3260 = B_SPLINE_CURVE_WITH_KNOTS('',1,(#3261,#3262),.UNSPECIFIED.,.F.,
  .F.,(2,2),(-5.999999999062E-07,34.5960006),.PIECEWISE_BEZIER_KNOTS.);
#3261 = CARTESIAN_POINT('',(5.494832066721,-5.999999999902E-07));
#3262 = CARTESIAN_POINT('',(5.494832066721,34.5960006));
#3263 = ( GEOMETRIC_REPRESENTATION_CONTEXT(2) 
PARAMETRIC_REPRESENTATION_CONTEXT() REPRESENTATION_CONTEXT('2D SPACE',''
  ) );
#3264 = PCURVE('',#3265,#3270);
#3265 = PLANE('',#3266);
#3266 = AXIS2_PLACEMENT_3D('',#3267,#3268,#3269);
#3267 = CARTESIAN_POINT('',(-1.065,-16.329,-7.7E-02));
#3268 = DIRECTION('',(0.,0.,1.));
#3269 = DIRECTION('',(1.,0.,-0.));
#3270 = DEFINITIONAL_REPRESENTATION('',(#3271),#3274);
#3271 = B_SPLINE_CURVE_WITH_KNOTS('',1,(#3272,#3273),.UNSPECIFIED.,.F.,
  .F.,(2,2),(-5.999999999062E-07,34.5960006),.PIECEWISE_BEZIER_KNOTS.);
#3272 = CARTESIAN_POINT('',(0.375772537581,33.5370006));
#3273 = CARTESIAN_POINT('',(0.375772537581,-1.0590006));
#3274 = ( GEOMETRIC_REPRESENTATION_CONTEXT(2) 
PARAMETRIC_REPRESENTATION_CONTEXT() REPRESENTATION_CONTEXT('2D SPACE',''
  ) );
#3275 = ORIENTED_EDGE('',*,*,#3276,.F.);
#3276 = EDGE_CURVE('',#2569,#3251,#3277,.T.);
#3277 = SURFACE_CURVE('',#3278,(#3301,#3327),.PCURVE_S1.);
#3278 = B_SPLINE_CURVE_WITH_KNOTS('',6,(#3279,#3280,#3281,#3282,#3283,
    #3284,#3285,#3286,#3287,#3288,#3289,#3290,#3291,#3292,#3293,#3294,
    #3295,#3296,#3297,#3298,#3299,#3300),.UNSPECIFIED.,.F.,.F.,(7,5,5,5,
    7),(0.,0.314231615339,0.464563056693,0.625341141442,1.),
  .UNSPECIFIED.);
#3279 = CARTESIAN_POINT('',(-1.065000600041,-15.30689623205,-0.232));
#3280 = CARTESIAN_POINT('',(-1.028742096918,-15.30689632218,
    -0.232000040821));
#3281 = CARTESIAN_POINT('',(-0.99249627815,-15.30036105633,
    -0.22904037005));
#3282 = CARTESIAN_POINT('',(-0.957148831033,-15.28730177012,
    -0.223123689742));
#3283 = CARTESIAN_POINT('',(-0.923556566246,-15.26797293356,
    -0.214617039755));
#3284 = CARTESIAN_POINT('',(-0.892349236314,-15.24284671323,
    -0.204197848244));
#3285 = CARTESIAN_POINT('',(-0.850279731351,-15.19820235557,
    -0.18705768081));
#3286 = CARTESIAN_POINT('',(-0.837291459013,-15.18259002875,
    -0.181240586909));
#3287 = CARTESIAN_POINT('',(-0.824958655259,-15.16587826214,
    -0.17522913973));
#3288 = CARTESIAN_POINT('',(-0.813300488944,-15.14813898982,
    -0.169101491852));
#3289 = CARTESIAN_POINT('',(-0.802326476515,-15.12945059466,
    -0.162934380968));
#3290 = CARTESIAN_POINT('',(-0.781034187289,-15.0889877318,
    -0.150238897177));
#3291 = CARTESIAN_POINT('',(-0.770814320654,-15.067088755,
    -0.143715100616));
#3292 = CARTESIAN_POINT('',(-0.761369916182,-15.04428709135,
    -0.137310671402));
#3293 = CARTESIAN_POINT('',(-0.752685972438,-15.02067038989,
    -0.131101471925));
#3294 = CARTESIAN_POINT('',(-0.744742983561,-14.99632862622,
    -0.125155221871));
#3295 = CARTESIAN_POINT('',(-0.720685511616,-14.91315696657,
    -0.106420848467));
#3296 = CARTESIAN_POINT('',(-0.707768971871,-14.85156650436,
    -9.506335234117E-02));
#3297 = CARTESIAN_POINT('',(-0.698409193734,-14.78750246217,
    -8.612775133684E-02));
#3298 = CARTESIAN_POINT('',(-0.692284719401,-14.72182851012,
    -8.003919911019E-02));
#3299 = CARTESIAN_POINT('',(-0.689227462419,-14.6553830236,-7.7E-02));
#3300 = CARTESIAN_POINT('',(-0.689227462419,-14.589,-7.7E-02));
#3301 = PCURVE('',#659,#3302);
#3302 = DEFINITIONAL_REPRESENTATION('',(#3303),#3326);
#3303 = B_SPLINE_CURVE_WITH_KNOTS('',6,(#3304,#3305,#3306,#3307,#3308,
    #3309,#3310,#3311,#3312,#3313,#3314,#3315,#3316,#3317,#3318,#3319,
    #3320,#3321,#3322,#3323,#3324,#3325),.UNSPECIFIED.,.F.,.F.,(7,5,5,5,
    7),(0.,0.314231615339,0.464563056693,0.625341141442,1.),
  .UNSPECIFIED.);
#3304 = CARTESIAN_POINT('',(4.712387854529,32.514896232055));
#3305 = CARTESIAN_POINT('',(4.78041506489,32.514896322183));
#3306 = CARTESIAN_POINT('',(4.848418985879,32.508361056333));
#3307 = CARTESIAN_POINT('',(4.915300904527,32.495301770129));
#3308 = CARTESIAN_POINT('',(4.980031510001,32.475972933564));
#3309 = CARTESIAN_POINT('',(5.041630509626,32.450846713237));
#3310 = CARTESIAN_POINT('',(5.126859738428,32.406202355578));
#3311 = CARTESIAN_POINT('',(5.15354471086,32.390590028759));
#3312 = CARTESIAN_POINT('',(5.179266358098,32.373878262146));
#3313 = CARTESIAN_POINT('',(5.203961034489,32.356138989825));
#3314 = CARTESIAN_POINT('',(5.227570902311,32.337450594664));
#3315 = CARTESIAN_POINT('',(5.274080948394,32.296987731801));
#3316 = CARTESIAN_POINT('',(5.296818181731,32.275088755008));
#3317 = CARTESIAN_POINT('',(5.318216153923,32.25228709135));
#3318 = CARTESIAN_POINT('',(5.338237454595,32.22867038989));
#3319 = CARTESIAN_POINT('',(5.356849759148,32.204328626223));
#3320 = CARTESIAN_POINT('',(5.414057295609,32.121156966579));
#3321 = CARTESIAN_POINT('',(5.446269429754,32.059566504366));
#3322 = CARTESIAN_POINT('',(5.470541081493,31.995502462173));
#3323 = CARTESIAN_POINT('',(5.486744297706,31.929828510121));
#3324 = CARTESIAN_POINT('',(5.494832066721,31.863383023601));
#3325 = CARTESIAN_POINT('',(5.494832066721,31.797));
#3326 = ( GEOMETRIC_REPRESENTATION_CONTEXT(2) 
PARAMETRIC_REPRESENTATION_CONTEXT() REPRESENTATION_CONTEXT('2D SPACE',''
  ) );
#3327 = PCURVE('',#2608,#3328);
#3328 = DEFINITIONAL_REPRESENTATION('',(#3329),#3352);
#3329 = B_SPLINE_CURVE_WITH_KNOTS('',6,(#3330,#3331,#3332,#3333,#3334,
    #3335,#3336,#3337,#3338,#3339,#3340,#3341,#3342,#3343,#3344,#3345,
    #3346,#3347,#3348,#3349,#3350,#3351),.UNSPECIFIED.,.F.,.F.,(7,5,5,5,
    7),(0.,0.314231615339,0.464563056693,0.625341141442,1.),
  .UNSPECIFIED.);
#3330 = CARTESIAN_POINT('',(-1.1455073414,-6.E-07));
#3331 = CARTESIAN_POINT('',(-1.145507284537,3.625790312245E-02));
#3332 = CARTESIAN_POINT('',(-1.149630300962,7.250372168612E-02));
#3333 = CARTESIAN_POINT('',(-1.157870462149,0.10785116914));
#3334 = CARTESIAN_POINT('',(-1.170005357797,0.141443433684));
#3335 = CARTESIAN_POINT('',(-1.185632417607,0.172650763686));
#3336 = CARTESIAN_POINT('',(-1.213116087258,0.214720268649));
#3337 = CARTESIAN_POINT('',(-1.222690815445,0.227708540987));
#3338 = CARTESIAN_POINT('',(-1.23289669677,0.240041344741));
#3339 = CARTESIAN_POINT('',(-1.243681344842,0.251699511056));
#3340 = CARTESIAN_POINT('',(-1.25499026623,0.262673523485));
#3341 = CARTESIAN_POINT('',(-1.279362545287,0.283965812711));
#3342 = CARTESIAN_POINT('',(-1.292493389035,0.294185679346));
#3343 = CARTESIAN_POINT('',(-1.30610225853,0.303630083818));
#3344 = CARTESIAN_POINT('',(-1.320133233595,0.312314027562));
#3345 = CARTESIAN_POINT('',(-1.334531757232,0.320257016439));
#3346 = CARTESIAN_POINT('',(-1.38352917586,0.344314488384));
#3347 = CARTESIAN_POINT('',(-1.419495157779,0.357231028129));
#3348 = CARTESIAN_POINT('',(-1.456614572698,0.366590806266));
#3349 = CARTESIAN_POINT('',(-1.494458078985,0.372715280599));
#3350 = CARTESIAN_POINT('',(-1.532645163806,0.375772537581));
#3351 = CARTESIAN_POINT('',(-1.570796326795,0.375772537581));
#3352 = ( GEOMETRIC_REPRESENTATION_CONTEXT(2) 
PARAMETRIC_REPRESENTATION_CONTEXT() REPRESENTATION_CONTEXT('2D SPACE',''
  ) );
#3353 = ORIENTED_EDGE('',*,*,#2568,.F.);
#3354 = ADVANCED_FACE('',(#3355),#877,.T.);
#3355 = FACE_BOUND('',#3356,.F.);
#3356 = EDGE_LOOP('',(#3357,#3415,#3443,#3539));
#3357 = ORIENTED_EDGE('',*,*,#3358,.T.);
#3358 = EDGE_CURVE('',#862,#3359,#3361,.T.);
#3359 = VERTEX_POINT('',#3360);
#3360 = CARTESIAN_POINT('',(-22.68887457574,-12.77768349388,
    -0.261687354709));
#3361 = SURFACE_CURVE('',#3362,(#3367,#3373),.PCURVE_S1.);
#3362 = CIRCLE('',#3363,0.53);
#3363 = AXIS2_PLACEMENT_3D('',#3364,#3365,#3366);
#3364 = CARTESIAN_POINT('',(-22.23183942825,-12.7828986967,-0.53));
#3365 = DIRECTION('',(-1.141020193085E-02,-0.999934901527,0.));
#3366 = DIRECTION('',(0.,0.,1.));
#3367 = PCURVE('',#877,#3368);
#3368 = DEFINITIONAL_REPRESENTATION('',(#3369),#3372);
#3369 = B_SPLINE_CURVE_WITH_KNOTS('',1,(#3370,#3371),.UNSPECIFIED.,.F.,
  .F.,(2,2),(0.,1.039965193575),.PIECEWISE_BEZIER_KNOTS.);
#3370 = CARTESIAN_POINT('',(0.,2.345804188645E-03));
#3371 = CARTESIAN_POINT('',(-1.039965193575,2.345804188645E-03));
#3372 = ( GEOMETRIC_REPRESENTATION_CONTEXT(2) 
PARAMETRIC_REPRESENTATION_CONTEXT() REPRESENTATION_CONTEXT('2D SPACE',''
  ) );
#3373 = PCURVE('',#1172,#3374);
#3374 = DEFINITIONAL_REPRESENTATION('',(#3375),#3414);
#3375 = B_SPLINE_CURVE_WITH_KNOTS('',10,(#3376,#3377,#3378,#3379,#3380,
    #3381,#3382,#3383,#3384,#3385,#3386,#3387,#3388,#3389,#3390,#3391,
    #3392,#3393,#3394,#3395,#3396,#3397,#3398,#3399,#3400,#3401,#3402,
    #3403,#3404,#3405,#3406,#3407,#3408,#3409,#3410,#3411,#3412,#3413),
  .UNSPECIFIED.,.F.,.F.,(11,9,9,9,11),(0.,0.259991298394,0.519982596787,
    0.779973895181,1.039965193575),.UNSPECIFIED.);
#3376 = CARTESIAN_POINT('',(0.,86.850953822363));
#3377 = CARTESIAN_POINT('',(8.352485314803E-02,86.850953822364));
#3378 = CARTESIAN_POINT('',(0.166407884502,86.85095382236));
#3379 = CARTESIAN_POINT('',(0.248703207422,86.850953822371));
#3380 = CARTESIAN_POINT('',(0.330423141608,86.850953822353));
#3381 = CARTESIAN_POINT('',(0.411685558784,86.850953822374));
#3382 = CARTESIAN_POINT('',(0.492441810378,86.850953822355));
#3383 = CARTESIAN_POINT('',(0.57280196531,86.850953822367));
#3384 = CARTESIAN_POINT('',(0.652780766559,86.850953822362));
#3385 = CARTESIAN_POINT('',(0.732417889726,86.850953822363));
#3386 = CARTESIAN_POINT('',(0.89109332279,86.850953822364));
#3387 = CARTESIAN_POINT('',(0.970131066483,86.850953822361));
#3388 = CARTESIAN_POINT('',(1.048910977065,86.85095382237));
#3389 = CARTESIAN_POINT('',(1.12747035032,86.850953822352));
#3390 = CARTESIAN_POINT('',(1.205828444781,86.850953822378));
#3391 = CARTESIAN_POINT('',(1.284073645383,86.850953822351));
#3392 = CARTESIAN_POINT('',(1.362172782279,86.850953822372));
#3393 = CARTESIAN_POINT('',(1.440219214501,86.85095382236));
#3394 = CARTESIAN_POINT('',(1.51822403023,86.850953822364));
#3395 = CARTESIAN_POINT('',(1.674235050751,86.850953822363));
#3396 = CARTESIAN_POINT('',(1.752239866479,86.850953822365));
#3397 = CARTESIAN_POINT('',(1.830286298702,86.850953822359));
#3398 = CARTESIAN_POINT('',(1.908385435598,86.850953822372));
#3399 = CARTESIAN_POINT('',(1.986630636199,86.850953822353));
#3400 = CARTESIAN_POINT('',(2.06498873066,86.850953822373));
#3401 = CARTESIAN_POINT('',(2.143548103916,86.850953822358));
#3402 = CARTESIAN_POINT('',(2.222328014497,86.850953822366));
#3403 = CARTESIAN_POINT('',(2.301365758191,86.850953822363));
#3404 = CARTESIAN_POINT('',(2.460041191255,86.850953822364));
#3405 = CARTESIAN_POINT('',(2.539678314422,86.850953822361));
#3406 = CARTESIAN_POINT('',(2.61965711567,86.850953822371));
#3407 = CARTESIAN_POINT('',(2.700017270602,86.850953822351));
#3408 = CARTESIAN_POINT('',(2.780773522198,86.850953822378));
#3409 = CARTESIAN_POINT('',(2.862035939371,86.85095382235));
#3410 = CARTESIAN_POINT('',(2.94375587356,86.850953822373));
#3411 = CARTESIAN_POINT('',(3.026051196479,86.850953822359));
#3412 = CARTESIAN_POINT('',(3.108934227833,86.850953822365));
#3413 = CARTESIAN_POINT('',(3.192459080981,86.850953822363));
#3414 = ( GEOMETRIC_REPRESENTATION_CONTEXT(2) 
PARAMETRIC_REPRESENTATION_CONTEXT() REPRESENTATION_CONTEXT('2D SPACE',''
  ) );
#3415 = ORIENTED_EDGE('',*,*,#3416,.T.);
#3416 = EDGE_CURVE('',#3359,#3417,#3419,.T.);
#3417 = VERTEX_POINT('',#3418);
#3418 = CARTESIAN_POINT('',(-22.39713255428,12.789175994603,
    -0.261687354709));
#3419 = SURFACE_CURVE('',#3420,(#3424,#3431),.PCURVE_S1.);
#3420 = LINE('',#3421,#3422);
#3421 = CARTESIAN_POINT('',(-22.68890134184,-12.78002914536,
    -0.261687354709));
#3422 = VECTOR('',#3423,1.);
#3423 = DIRECTION('',(1.141020193085E-02,0.999934901527,-0.));
#3424 = PCURVE('',#877,#3425);
#3425 = DEFINITIONAL_REPRESENTATION('',(#3426),#3430);
#3426 = LINE('',#3427,#3428);
#3427 = CARTESIAN_POINT('',(-1.039965193575,0.));
#3428 = VECTOR('',#3429,1.);
#3429 = DIRECTION('',(-0.,1.));
#3430 = ( GEOMETRIC_REPRESENTATION_CONTEXT(2) 
PARAMETRIC_REPRESENTATION_CONTEXT() REPRESENTATION_CONTEXT('2D SPACE',''
  ) );
#3431 = PCURVE('',#3432,#3437);
#3432 = PLANE('',#3433);
#3433 = AXIS2_PLACEMENT_3D('',#3434,#3435,#3436);
#3434 = CARTESIAN_POINT('',(-24.7547,-3.13E-02,-4.0283));
#3435 = DIRECTION('',(-0.862330466952,9.840005328364E-03,0.506250274135)
  );
#3436 = DIRECTION('',(-0.506274784934,0.,-0.862372217862));
#3437 = DEFINITIONAL_REPRESENTATION('',(#3438),#3442);
#3438 = LINE('',#3439,#3440);
#3439 = CARTESIAN_POINT('',(-4.294083872122,12.749346392528));
#3440 = VECTOR('',#3441,1.);
#3441 = DIRECTION('',(-5.776697528597E-03,-0.999983314744));
#3442 = ( GEOMETRIC_REPRESENTATION_CONTEXT(2) 
PARAMETRIC_REPRESENTATION_CONTEXT() REPRESENTATION_CONTEXT('2D SPACE',''
  ) );
#3443 = ORIENTED_EDGE('',*,*,#3444,.F.);
#3444 = EDGE_CURVE('',#804,#3417,#3445,.T.);
#3445 = SURFACE_CURVE('',#3446,(#3451,#3457),.PCURVE_S1.);
#3446 = CIRCLE('',#3447,0.53);
#3447 = AXIS2_PLACEMENT_3D('',#3448,#3449,#3450);
#3448 = CARTESIAN_POINT('',(-21.94009740679,12.783960791779,-0.53));
#3449 = DIRECTION('',(-1.141020193085E-02,-0.999934901527,0.));
#3450 = DIRECTION('',(0.,0.,1.));
#3451 = PCURVE('',#877,#3452);
#3452 = DEFINITIONAL_REPRESENTATION('',(#3453),#3456);
#3453 = B_SPLINE_CURVE_WITH_KNOTS('',1,(#3454,#3455),.UNSPECIFIED.,.F.,
  .F.,(2,2),(0.,1.039965193575),.PIECEWISE_BEZIER_KNOTS.);
#3454 = CARTESIAN_POINT('',(0.,25.570869764538));
#3455 = CARTESIAN_POINT('',(-1.039965193575,25.570869764538));
#3456 = ( GEOMETRIC_REPRESENTATION_CONTEXT(2) 
PARAMETRIC_REPRESENTATION_CONTEXT() REPRESENTATION_CONTEXT('2D SPACE',''
  ) );
#3457 = PCURVE('',#3458,#3498);
#3458 = ( BOUNDED_SURFACE() B_SPLINE_SURFACE(2,12,(
    (#3459,#3460,#3461,#3462,#3463,#3464,#3465,#3466,#3467,#3468,#3469
      ,#3470,#3471)
    ,(#3472,#3473,#3474,#3475,#3476,#3477,#3478,#3479,#3480,#3481,#3482
      ,#3483,#3484)
    ,(#3485,#3486,#3487,#3488,#3489,#3490,#3491,#3492,#3493,#3494,#3495
      ,#3496,#3497
)),.UNSPECIFIED.,.F.,.F.,.F.) B_SPLINE_SURFACE_WITH_KNOTS((3,3),(13,13),
  (0.,3.196971204708),(41.218615905314,44.415587110021),
.PIECEWISE_BEZIER_KNOTS.) GEOMETRIC_REPRESENTATION_ITEM() 
RATIONAL_B_SPLINE_SURFACE((
    (1.,1.,1.,1.000000000001,0.999999999998,1.000000000002
      ,0.999999999997,1.000000000002,0.999999999998,1.000000000001,1.,1.
      ,1.)
    ,(0.867827826857,0.868301502368,0.866250470492,0.861266197938
      ,0.852695887233,0.841028278698,0.82446986906,0.806235643164
      ,0.783519896299,0.760315549736,0.735478240272,0.710720856647
      ,0.686714780683)
    ,(1.,1.,1.,1.000000000001,0.999999999998,1.000000000002
      ,0.999999999997,1.000000000002,0.999999999998,1.000000000001,1.,1.
,1.))) REPRESENTATION_ITEM('') SURFACE() );
#3459 = CARTESIAN_POINT('',(-21.94009740679,12.783960791779,
    1.362682098897E-16));
#3460 = CARTESIAN_POINT('',(-21.93810880937,13.046795403194,
    -8.215650382226E-14));
#3461 = CARTESIAN_POINT('',(-21.95194965225,13.323696601575,
    -3.640630959571E-02));
#3462 = CARTESIAN_POINT('',(-21.9843626762,13.608290166911,
    -0.115314048131));
#3463 = CARTESIAN_POINT('',(-22.03838558396,13.889578804715,
    -0.243755037883));
#3464 = CARTESIAN_POINT('',(-22.11281669308,14.159400275859,
    -0.418066770915));
#3465 = CARTESIAN_POINT('',(-22.2125077069,14.395892866932,
    -0.650725833238));
#3466 = CARTESIAN_POINT('',(-22.32363091105,14.592788072349,
    -0.907432895826));
#3467 = CARTESIAN_POINT('',(-22.45237907351,14.7369302898,
    -1.205285483951));
#3468 = CARTESIAN_POINT('',(-22.5812061715,14.829118190178,
    -1.501452036952));
#3469 = CARTESIAN_POINT('',(-22.71204616377,14.871658900014,
    -1.802144791429));
#3470 = CARTESIAN_POINT('',(-22.83717538184,14.870059806843,
    -2.089079016464));
#3471 = CARTESIAN_POINT('',(-22.95387006661,14.832643782937,
    -2.356160554371));
#3472 = CARTESIAN_POINT('',(-22.24352317563,12.787423166468,
    4.440892098501E-16));
#3473 = CARTESIAN_POINT('',(-22.2411030062,13.029265054221,
    -5.782508042451E-04));
#3474 = CARTESIAN_POINT('',(-22.2565325645,13.285424857918,
    -3.183945273914E-02));
#3475 = CARTESIAN_POINT('',(-22.29343608384,13.550965574966,
    -9.986104778054E-02));
#3476 = CARTESIAN_POINT('',(-22.35502649746,13.8165673883,
    -0.209934693643));
#3477 = CARTESIAN_POINT('',(-22.44258511728,14.074755835016,
    -0.364097654533));
#3478 = CARTESIAN_POINT('',(-22.55745005824,14.305871454852,
    -0.564247110802));
#3479 = CARTESIAN_POINT('',(-22.68956115868,14.502127899182,
    -0.793095562467));
#3480 = CARTESIAN_POINT('',(-22.83823824571,14.6553863523,
    -1.049326230395));
#3481 = CARTESIAN_POINT('',(-22.98959819581,14.765031941444,
    -1.309279096293));
#3482 = CARTESIAN_POINT('',(-23.14354355575,14.834861421029,
    -1.572861959141));
#3483 = CARTESIAN_POINT('',(-23.29337646796,14.868103235045,
    -1.82872865472));
#3484 = CARTESIAN_POINT('',(-23.43671030272,14.870045752258,
    -2.072916664791));
#3485 = CARTESIAN_POINT('',(-22.39713255428,12.789175994603,
    -0.261687354709));
#3486 = CARTESIAN_POINT('',(-22.39484147857,12.98995478704,
    -0.261687354709));
#3487 = CARTESIAN_POINT('',(-22.40924499418,13.201445801442,
    -0.290332599554));
#3488 = CARTESIAN_POINT('',(-22.44221301161,13.418504058557,
    -0.350708231595));
#3489 = CARTESIAN_POINT('',(-22.50163450157,13.631939923953,
    -0.456073451059));
#3490 = CARTESIAN_POINT('',(-22.57172777993,13.836021683329,
    -0.579434836221));
#3491 = CARTESIAN_POINT('',(-22.68803254456,14.011353752813,
    -0.780952574977));
#3492 = CARTESIAN_POINT('',(-22.78629984737,14.157952347224,
    -0.951187386627));
#3493 = CARTESIAN_POINT('',(-22.93453003733,14.26100916642,
    -1.205681053413));
#3494 = CARTESIAN_POINT('',(-23.05556260852,14.325615948763,
    -1.413099814606));
#3495 = CARTESIAN_POINT('',(-23.19515556131,14.351802139022,
    -1.65138695158));
#3496 = CARTESIAN_POINT('',(-23.32163261765,14.343795687528,
    -1.866668287892));
#3497 = CARTESIAN_POINT('',(-23.43979510835,14.309047295916,
    -2.067267075916));
#3498 = DEFINITIONAL_REPRESENTATION('',(#3499),#3538);
#3499 = B_SPLINE_CURVE_WITH_KNOTS('',10,(#3500,#3501,#3502,#3503,#3504,
    #3505,#3506,#3507,#3508,#3509,#3510,#3511,#3512,#3513,#3514,#3515,
    #3516,#3517,#3518,#3519,#3520,#3521,#3522,#3523,#3524,#3525,#3526,
    #3527,#3528,#3529,#3530,#3531,#3532,#3533,#3534,#3535,#3536,#3537),
  .UNSPECIFIED.,.F.,.F.,(11,9,9,9,11),(0.,0.259991298394,0.519982596787,
    0.779973895181,1.039965193575),.UNSPECIFIED.);
#3500 = CARTESIAN_POINT('',(1.665334536938E-16,41.218615905314));
#3501 = CARTESIAN_POINT('',(8.364290461309E-02,41.218615905314));
#3502 = CARTESIAN_POINT('',(0.166643080301,41.21861590531));
#3503 = CARTESIAN_POINT('',(0.249054716905,41.21861590532));
#3504 = CARTESIAN_POINT('',(0.33089015154,41.218615905303));
#3505 = CARTESIAN_POINT('',(0.412267422523,41.218615905326));
#3506 = CARTESIAN_POINT('',(0.493137812526,41.218615905303));
#3507 = CARTESIAN_POINT('',(0.573611546036,41.218615905321));
#3508 = CARTESIAN_POINT('',(0.653703386869,41.218615905311));
#3509 = CARTESIAN_POINT('',(0.733453066702,41.218615905314));
#3510 = CARTESIAN_POINT('',(0.892352766755,41.218615905313));
#3511 = CARTESIAN_POINT('',(0.971502219971,41.218615905313));
#3512 = CARTESIAN_POINT('',(1.050393475661,41.218615905315));
#3513 = CARTESIAN_POINT('',(1.129063882326,41.218615905311));
#3514 = CARTESIAN_POINT('',(1.207532725712,41.218615905317));
#3515 = CARTESIAN_POINT('',(1.285888515681,41.21861590531));
#3516 = CARTESIAN_POINT('',(1.3640980355,41.218615905316));
#3517 = CARTESIAN_POINT('',(1.442254776156,41.218615905312));
#3518 = CARTESIAN_POINT('',(1.520369841498,41.218615905314));
#3519 = CARTESIAN_POINT('',(1.676601363209,41.218615905313));
#3520 = CARTESIAN_POINT('',(1.754716428551,41.218615905316));
#3521 = CARTESIAN_POINT('',(1.832873169207,41.218615905308));
#3522 = CARTESIAN_POINT('',(1.911082689027,41.218615905323));
#3523 = CARTESIAN_POINT('',(1.989438478995,41.218615905302));
#3524 = CARTESIAN_POINT('',(2.067907322382,41.218615905324));
#3525 = CARTESIAN_POINT('',(2.146577729046,41.218615905307));
#3526 = CARTESIAN_POINT('',(2.225468984736,41.218615905316));
#3527 = CARTESIAN_POINT('',(2.304618437952,41.218615905313));
#3528 = CARTESIAN_POINT('',(2.463518138005,41.218615905314));
#3529 = CARTESIAN_POINT('',(2.543267817839,41.218615905314));
#3530 = CARTESIAN_POINT('',(2.623359658672,41.218615905313));
#3531 = CARTESIAN_POINT('',(2.70383339218,41.218615905314));
#3532 = CARTESIAN_POINT('',(2.784703782186,41.218615905314));
#3533 = CARTESIAN_POINT('',(2.866081053165,41.218615905313));
#3534 = CARTESIAN_POINT('',(2.947916487803,41.218615905314));
#3535 = CARTESIAN_POINT('',(3.030328124406,41.218615905313));
#3536 = CARTESIAN_POINT('',(3.113328300094,41.218615905314));
#3537 = CARTESIAN_POINT('',(3.196971204708,41.218615905314));
#3538 = ( GEOMETRIC_REPRESENTATION_CONTEXT(2) 
PARAMETRIC_REPRESENTATION_CONTEXT() REPRESENTATION_CONTEXT('2D SPACE',''
  ) );
#3539 = ORIENTED_EDGE('',*,*,#861,.F.);
#3540 = ADVANCED_FACE('',(#3541),#829,.F.);
#3541 = FACE_BOUND('',#3542,.F.);
#3542 = EDGE_LOOP('',(#3543,#3544,#3594,#3623));
#3543 = ORIENTED_EDGE('',*,*,#803,.F.);
#3544 = ORIENTED_EDGE('',*,*,#3545,.T.);
#3545 = EDGE_CURVE('',#804,#3546,#3548,.T.);
#3546 = VERTEX_POINT('',#3547);
#3547 = CARTESIAN_POINT('',(-22.95387006661,14.832643782937,
    -2.356160554371));
#3548 = SURFACE_CURVE('',#3549,(#3563,#3587),.PCURVE_S1.);
#3549 = ( BOUNDED_CURVE() B_SPLINE_CURVE(12,(#3550,#3551,#3552,#3553,
    #3554,#3555,#3556,#3557,#3558,#3559,#3560,#3561,#3562),
.UNSPECIFIED.,.F.,.F.) B_SPLINE_CURVE_WITH_KNOTS((13,13),(
41.218615905314,44.415587110021),.PIECEWISE_BEZIER_KNOTS.) CURVE() 
GEOMETRIC_REPRESENTATION_ITEM() RATIONAL_B_SPLINE_CURVE((1.,1.,1.,
    1.000000000001,0.999999999998,1.000000000002,0.999999999997,
    1.000000000002,0.999999999998,1.000000000001,1.,1.,1.)) 
REPRESENTATION_ITEM('') );
#3550 = CARTESIAN_POINT('',(-21.94009740679,12.783960791779,
    1.362682098897E-16));
#3551 = CARTESIAN_POINT('',(-21.93810880937,13.046795403194,
    -8.215650382226E-14));
#3552 = CARTESIAN_POINT('',(-21.95194965225,13.323696601575,
    -3.640630959571E-02));
#3553 = CARTESIAN_POINT('',(-21.9843626762,13.608290166911,
    -0.115314048131));
#3554 = CARTESIAN_POINT('',(-22.03838558396,13.889578804715,
    -0.243755037883));
#3555 = CARTESIAN_POINT('',(-22.11281669308,14.159400275859,
    -0.418066770915));
#3556 = CARTESIAN_POINT('',(-22.2125077069,14.395892866932,
    -0.650725833238));
#3557 = CARTESIAN_POINT('',(-22.32363091105,14.592788072349,
    -0.907432895826));
#3558 = CARTESIAN_POINT('',(-22.45237907351,14.7369302898,
    -1.205285483951));
#3559 = CARTESIAN_POINT('',(-22.5812061715,14.829118190178,
    -1.501452036952));
#3560 = CARTESIAN_POINT('',(-22.71204616377,14.871658900014,
    -1.802144791429));
#3561 = CARTESIAN_POINT('',(-22.83717538184,14.870059806843,
    -2.089079016464));
#3562 = CARTESIAN_POINT('',(-22.95387006661,14.832643782937,
    -2.356160554371));
#3563 = PCURVE('',#829,#3564);
#3564 = DEFINITIONAL_REPRESENTATION('',(#3565),#3586);
#3565 = B_SPLINE_CURVE_WITH_KNOTS('',10,(#3566,#3567,#3568,#3569,#3570,
    #3571,#3572,#3573,#3574,#3575,#3576,#3577,#3578,#3579,#3580,#3581,
    #3582,#3583,#3584,#3585),.UNSPECIFIED.,.F.,.F.,(11,9,11),(
    41.218615905314,42.817101507667,44.415587110021),.UNSPECIFIED.);
#3566 = CARTESIAN_POINT('',(-1.098575916289E-15,10.859469407531));
#3567 = CARTESIAN_POINT('',(0.636765596525,10.860662827162));
#3568 = CARTESIAN_POINT('',(1.270023376516,10.856052776731));
#3569 = CARTESIAN_POINT('',(1.900385040996,10.845006686397));
#3570 = CARTESIAN_POINT('',(2.527538941781,10.826863358178));
#3571 = CARTESIAN_POINT('',(3.153134630413,10.801331358589));
#3572 = CARTESIAN_POINT('',(3.776628367762,10.76802044227));
#3573 = CARTESIAN_POINT('',(4.399123753789,10.727138805195));
#3574 = CARTESIAN_POINT('',(5.020736099479,10.679054277849));
#3575 = CARTESIAN_POINT('',(5.642212895797,10.624492601308));
#3576 = CARTESIAN_POINT('',(6.886215393623,10.504235843682));
#3577 = CARTESIAN_POINT('',(7.508748802091,10.438540875054));
#3578 = CARTESIAN_POINT('',(8.1324663459,10.368198782555));
#3579 = CARTESIAN_POINT('',(8.758304972751,10.294316831516));
#3580 = CARTESIAN_POINT('',(9.386549169114,10.218216323006));
#3581 = CARTESIAN_POINT('',(10.018957454514,10.141081832595));
#3582 = CARTESIAN_POINT('',(10.653924435355,10.064409310535));
#3583 = CARTESIAN_POINT('',(11.296108923527,9.98882196326));
#3584 = CARTESIAN_POINT('',(11.941523886265,9.91571410876));
#3585 = CARTESIAN_POINT('',(12.590566130348,9.845696747712));
#3586 = ( GEOMETRIC_REPRESENTATION_CONTEXT(2) 
PARAMETRIC_REPRESENTATION_CONTEXT() REPRESENTATION_CONTEXT('2D SPACE',''
  ) );
#3587 = PCURVE('',#3458,#3588);
#3588 = DEFINITIONAL_REPRESENTATION('',(#3589),#3593);
#3589 = LINE('',#3590,#3591);
#3590 = CARTESIAN_POINT('',(0.,0.));
#3591 = VECTOR('',#3592,1.);
#3592 = DIRECTION('',(0.,1.));
#3593 = ( GEOMETRIC_REPRESENTATION_CONTEXT(2) 
PARAMETRIC_REPRESENTATION_CONTEXT() REPRESENTATION_CONTEXT('2D SPACE',''
  ) );
#3594 = ORIENTED_EDGE('',*,*,#3595,.T.);
#3595 = EDGE_CURVE('',#3546,#3596,#3598,.T.);
#3596 = VERTEX_POINT('',#3597);
#3597 = CARTESIAN_POINT('',(-21.209,14.841307210824,-2.338927726169));
#3598 = SURFACE_CURVE('',#3599,(#3608,#3615),.PCURVE_S1.);
#3599 = B_SPLINE_CURVE_WITH_KNOTS('',3,(#3600,#3601,#3602,#3603,#3604,
    #3605,#3606,#3607),.UNSPECIFIED.,.F.,.F.,(4,2,2,4),(-0.770484833119,
    1.776929778191E-06,12.590567907278,13.352287701276),.UNSPECIFIED.);
#3600 = CARTESIAN_POINT('',(-33.57005164744,14.768000115121,
    -2.461010352739));
#3601 = CARTESIAN_POINT('',(-33.31322277743,14.769779983981,
    -2.458473776636));
#3602 = CARTESIAN_POINT('',(-33.05639390741,14.771559852841,
    -2.455937200533));
#3603 = CARTESIAN_POINT('',(-28.60270966061,14.802424661397,
    -2.411950288036));
#3604 = CARTESIAN_POINT('',(-24.40585428383,14.826606872311,
    -2.370500641182));
#3605 = CARTESIAN_POINT('',(-19.95509230905,14.847198793459,
    -2.326543814646));
#3606 = CARTESIAN_POINT('',(-19.69826002013,14.848387055215,
    -2.324007275411));
#3607 = CARTESIAN_POINT('',(-19.43850204031,14.84958885299,
    -2.321441841329));
#3608 = PCURVE('',#829,#3609);
#3609 = DEFINITIONAL_REPRESENTATION('',(#3610),#3614);
#3610 = LINE('',#3611,#3612);
#3611 = CARTESIAN_POINT('',(12.590566130348,0.));
#3612 = VECTOR('',#3613,1.);
#3613 = DIRECTION('',(0.,1.));
#3614 = ( GEOMETRIC_REPRESENTATION_CONTEXT(2) 
PARAMETRIC_REPRESENTATION_CONTEXT() REPRESENTATION_CONTEXT('2D SPACE',''
  ) );
#3615 = PCURVE('',#1914,#3616);
#3616 = DEFINITIONAL_REPRESENTATION('',(#3617),#3622);
#3617 = B_SPLINE_CURVE_WITH_KNOTS('',3,(#3618,#3619,#3620,#3621),
  .UNSPECIFIED.,.F.,.F.,(4,4),(1.776929778191E-06,12.590566814329),
  .PIECEWISE_BEZIER_KNOTS.);
#3618 = CARTESIAN_POINT('',(0.185195902701,12.766909485686));
#3619 = CARTESIAN_POINT('',(0.164836156381,8.572722130698));
#3620 = CARTESIAN_POINT('',(0.144592695699,4.378534757011));
#3621 = CARTESIAN_POINT('',(0.124425334925,0.184347370722));
#3622 = ( GEOMETRIC_REPRESENTATION_CONTEXT(2) 
PARAMETRIC_REPRESENTATION_CONTEXT() REPRESENTATION_CONTEXT('2D SPACE',''
  ) );
#3623 = ORIENTED_EDGE('',*,*,#3624,.T.);
#3624 = EDGE_CURVE('',#3596,#776,#3625,.T.);
#3625 = SURFACE_CURVE('',#3626,(#3649,#3675),.PCURVE_S1.);
#3626 = B_SPLINE_CURVE_WITH_KNOTS('',6,(#3627,#3628,#3629,#3630,#3631,
    #3632,#3633,#3634,#3635,#3636,#3637,#3638,#3639,#3640,#3641,#3642,
    #3643,#3644,#3645,#3646,#3647,#3648),.UNSPECIFIED.,.F.,.F.,(7,5,5,5,
    7),(0.,0.249149246767,0.500000000323,0.75085075366,1.),
  .UNSPECIFIED.);
#3627 = CARTESIAN_POINT('',(-21.209,14.841307210824,-2.338927726169));
#3628 = CARTESIAN_POINT('',(-21.209,14.858096964765,-2.209684894809));
#3629 = CARTESIAN_POINT('',(-21.209,14.86567206692,-2.075010704796));
#3630 = CARTESIAN_POINT('',(-21.209,14.862708941777,-1.935886219487));
#3631 = CARTESIAN_POINT('',(-21.209,14.847981127636,-1.793714589615));
#3632 = CARTESIAN_POINT('',(-21.209,14.820614051226,-1.650363688333));
#3633 = CARTESIAN_POINT('',(-21.209,14.739730454324,-1.364485669098));
#3634 = CARTESIAN_POINT('',(-21.209,14.686034120188,-1.221964030957));
#3635 = CARTESIAN_POINT('',(-21.209,14.618914794853,-1.082471338276));
#3636 = CARTESIAN_POINT('',(-21.209,14.538640459362,-0.948334534806));
#3637 = CARTESIAN_POINT('',(-21.209,14.44622484091,-0.821759975023));
#3638 = CARTESIAN_POINT('',(-21.209,14.240201299732,-0.587241022762));
#3639 = CARTESIAN_POINT('',(-21.209,14.126587005733,-0.479289377753));
#3640 = CARTESIAN_POINT('',(-21.209,14.003909368949,-0.382403630857));
#3641 = CARTESIAN_POINT('',(-21.209,13.874225764204,-0.297873298105));
#3642 = CARTESIAN_POINT('',(-21.209,13.739809222295,-0.226263898554));
#3643 = CARTESIAN_POINT('',(-21.209,13.46673329161,-0.109225739961));
#3644 = CARTESIAN_POINT('',(-21.209,13.328102501674,-6.361937154413E-02)
  );
#3645 = CARTESIAN_POINT('',(-21.209,13.189012889858,-3.069886609146E-02)
  );
#3646 = CARTESIAN_POINT('',(-21.209,13.051429432502,-9.837568730916E-03)
  );
#3647 = CARTESIAN_POINT('',(-21.209,12.916901588375,0.));
#3648 = CARTESIAN_POINT('',(-21.209,12.78657275684,0.));
#3649 = PCURVE('',#829,#3650);
#3650 = DEFINITIONAL_REPRESENTATION('',(#3651),#3674);
#3651 = B_SPLINE_CURVE_WITH_KNOTS('',6,(#3652,#3653,#3654,#3655,#3656,
    #3657,#3658,#3659,#3660,#3661,#3662,#3663,#3664,#3665,#3666,#3667,
    #3668,#3669,#3670,#3671,#3672,#3673),.UNSPECIFIED.,.F.,.F.,(7,5,5,5,
    7),(0.,0.249149246767,0.500000000323,0.75085075366,1.),
  .UNSPECIFIED.);
#3652 = CARTESIAN_POINT('',(12.590566130348,11.590566814329));
#3653 = CARTESIAN_POINT('',(12.063497104346,11.59056689651));
#3654 = CARTESIAN_POINT('',(11.537451845879,11.59056697589));
#3655 = CARTESIAN_POINT('',(11.012444490004,11.59056705109));
#3656 = CARTESIAN_POINT('',(10.488432559709,11.590567120559));
#3657 = CARTESIAN_POINT('',(9.965300056473,11.590567182712));
#3658 = CARTESIAN_POINT('',(8.916981697441,11.590567290072));
#3659 = CARTESIAN_POINT('',(8.391779660857,11.590567335163));
#3660 = CARTESIAN_POINT('',(7.867223116172,11.590567370111));
#3661 = CARTESIAN_POINT('',(7.343108906183,11.590567393798));
#3662 = CARTESIAN_POINT('',(6.819187303602,11.59056740564));
#3663 = CARTESIAN_POINT('',(5.771378827202,11.59056740564));
#3664 = CARTESIAN_POINT('',(5.247457224874,11.590567393798));
#3665 = CARTESIAN_POINT('',(4.723343014931,11.590567370111));
#3666 = CARTESIAN_POINT('',(4.198786470119,11.590567335163));
#3667 = CARTESIAN_POINT('',(3.673584433265,11.590567290072));
#3668 = CARTESIAN_POINT('',(2.625266073957,11.590567182712));
#3669 = CARTESIAN_POINT('',(2.102133570715,11.590567120559));
#3670 = CARTESIAN_POINT('',(1.578121640367,11.59056705109));
#3671 = CARTESIAN_POINT('',(1.053114284445,11.59056697589));
#3672 = CARTESIAN_POINT('',(0.52706902596,11.59056689651));
#3673 = CARTESIAN_POINT('',(0.,11.590566814329));
#3674 = ( GEOMETRIC_REPRESENTATION_CONTEXT(2) 
PARAMETRIC_REPRESENTATION_CONTEXT() REPRESENTATION_CONTEXT('2D SPACE',''
  ) );
#3675 = PCURVE('',#791,#3676);
#3676 = DEFINITIONAL_REPRESENTATION('',(#3677),#3700);
#3677 = B_SPLINE_CURVE_WITH_KNOTS('',6,(#3678,#3679,#3680,#3681,#3682,
    #3683,#3684,#3685,#3686,#3687,#3688,#3689,#3690,#3691,#3692,#3693,
    #3694,#3695,#3696,#3697,#3698,#3699),.UNSPECIFIED.,.F.,.F.,(7,5,5,5,
    7),(0.,0.249149246767,0.500000000323,0.75085075366,1.),
  .UNSPECIFIED.);
#3678 = CARTESIAN_POINT('',(8.527956180144,-30.85630721082));
#3679 = CARTESIAN_POINT('',(8.657199011504,-30.87309696476));
#3680 = CARTESIAN_POINT('',(8.791873201517,-30.88067206692));
#3681 = CARTESIAN_POINT('',(8.930997686826,-30.87770894177));
#3682 = CARTESIAN_POINT('',(9.073169316698,-30.86298112763));
#3683 = CARTESIAN_POINT('',(9.21652021798,-30.83561405122));
#3684 = CARTESIAN_POINT('',(9.502398237215,-30.75473045432));
#3685 = CARTESIAN_POINT('',(9.644919875357,-30.70103412018));
#3686 = CARTESIAN_POINT('',(9.784412568037,-30.63391479485));
#3687 = CARTESIAN_POINT('',(9.918549371507,-30.55364045936));
#3688 = CARTESIAN_POINT('',(10.04512393129,-30.46122484091));
#3689 = CARTESIAN_POINT('',(10.279642883551,-30.25520129973));
#3690 = CARTESIAN_POINT('',(10.38759452856,-30.14158700573));
#3691 = CARTESIAN_POINT('',(10.484480275457,-30.01890936894));
#3692 = CARTESIAN_POINT('',(10.569010608208,-29.8892257642));
#3693 = CARTESIAN_POINT('',(10.640620007759,-29.75480922229));
#3694 = CARTESIAN_POINT('',(10.757658166352,-29.48173329161));
#3695 = CARTESIAN_POINT('',(10.803264534769,-29.34310250167));
#3696 = CARTESIAN_POINT('',(10.836185040222,-29.20401288985));
#3697 = CARTESIAN_POINT('',(10.857046337582,-29.0664294325));
#3698 = CARTESIAN_POINT('',(10.866883906313,-28.93190158837));
#3699 = CARTESIAN_POINT('',(10.866883906313,-28.80157275684));
#3700 = ( GEOMETRIC_REPRESENTATION_CONTEXT(2) 
PARAMETRIC_REPRESENTATION_CONTEXT() REPRESENTATION_CONTEXT('2D SPACE',''
  ) );
#3701 = ADVANCED_FACE('',(#3702),#791,.F.);
#3702 = FACE_BOUND('',#3703,.F.);
#3703 = EDGE_LOOP('',(#3704,#3731,#3732,#3759,#3787,#3813,#3814));
#3704 = ORIENTED_EDGE('',*,*,#3705,.F.);
#3705 = EDGE_CURVE('',#1899,#3596,#3706,.T.);
#3706 = SURFACE_CURVE('',#3707,(#3712,#3719),.PCURVE_S1.);
#3707 = ELLIPSE('',#3708,7.760854366128,7.758);
#3708 = AXIS2_PLACEMENT_3D('',#3709,#3710,#3711);
#3709 = CARTESIAN_POINT('',(-21.209,7.148,-1.338765205624));
#3710 = DIRECTION('',(1.,0.,-0.));
#3711 = DIRECTION('',(0.,0.,1.));
#3712 = PCURVE('',#791,#3713);
#3713 = DEFINITIONAL_REPRESENTATION('',(#3714),#3718);
#3714 = ELLIPSE('',#3715,7.760854366128,7.758);
#3715 = AXIS2_PLACEMENT_2D('',#3716,#3717);
#3716 = CARTESIAN_POINT('',(9.528118700689,-23.163));
#3717 = DIRECTION('',(1.,0.));
#3718 = ( GEOMETRIC_REPRESENTATION_CONTEXT(2) 
PARAMETRIC_REPRESENTATION_CONTEXT() REPRESENTATION_CONTEXT('2D SPACE',''
  ) );
#3719 = PCURVE('',#1914,#3720);
#3720 = DEFINITIONAL_REPRESENTATION('',(#3721),#3730);
#3721 = B_SPLINE_CURVE_WITH_KNOTS('',7,(#3722,#3723,#3724,#3725,#3726,
    #3727,#3728,#3729),.UNSPECIFIED.,.F.,.F.,(8,8),(3.14159265359,
    4.587963645849),.PIECEWISE_BEZIER_KNOTS.);
#3722 = CARTESIAN_POINT('',(1.570796326795,1.000367925513));
#3723 = CARTESIAN_POINT('',(1.364171899329,1.000367925513));
#3724 = CARTESIAN_POINT('',(1.157547471864,1.01085126518));
#3725 = CARTESIAN_POINT('',(0.950923044398,1.031816971724));
#3726 = CARTESIAN_POINT('',(0.744298616932,1.062172413735));
#3727 = CARTESIAN_POINT('',(0.537674189467,1.09971343356));
#3728 = CARTESIAN_POINT('',(0.331049762001,1.141563803906));
#3729 = CARTESIAN_POINT('',(0.124425334536,1.184715296316));
#3730 = ( GEOMETRIC_REPRESENTATION_CONTEXT(2) 
PARAMETRIC_REPRESENTATION_CONTEXT() REPRESENTATION_CONTEXT('2D SPACE',''
  ) );
#3731 = ORIENTED_EDGE('',*,*,#1926,.T.);
#3732 = ORIENTED_EDGE('',*,*,#3733,.T.);
#3733 = EDGE_CURVE('',#1927,#3734,#3736,.T.);
#3734 = VERTEX_POINT('',#3735);
#3735 = CARTESIAN_POINT('',(-21.209,16.029,-6.961833314931));
#3736 = SURFACE_CURVE('',#3737,(#3742,#3749),.PCURVE_S1.);
#3737 = ELLIPSE('',#3738,2.137786256821,2.137);
#3738 = AXIS2_PLACEMENT_3D('',#3739,#3740,#3741);
#3739 = CARTESIAN_POINT('',(-21.209,13.892,-6.961833314931));
#3740 = DIRECTION('',(1.,0.,-0.));
#3741 = DIRECTION('',(0.,0.,1.));
#3742 = PCURVE('',#791,#3743);
#3743 = DEFINITIONAL_REPRESENTATION('',(#3744),#3748);
#3744 = ELLIPSE('',#3745,2.137786256821,2.137);
#3745 = AXIS2_PLACEMENT_2D('',#3746,#3747);
#3746 = CARTESIAN_POINT('',(3.905050591382,-29.907));
#3747 = DIRECTION('',(1.,0.));
#3748 = ( GEOMETRIC_REPRESENTATION_CONTEXT(2) 
PARAMETRIC_REPRESENTATION_CONTEXT() REPRESENTATION_CONTEXT('2D SPACE',''
  ) );
#3749 = PCURVE('',#1964,#3750);
#3750 = DEFINITIONAL_REPRESENTATION('',(#3751),#3758);
#3751 = B_SPLINE_CURVE_WITH_KNOTS('',5,(#3752,#3753,#3754,#3755,#3756,
    #3757),.UNSPECIFIED.,.F.,.F.,(6,6),(3.14159265359,4.712388980385),
  .PIECEWISE_BEZIER_KNOTS.);
#3752 = CARTESIAN_POINT('',(0.,20.151411491528));
#3753 = CARTESIAN_POINT('',(-0.314159265359,20.151411491528));
#3754 = CARTESIAN_POINT('',(-0.628318507407,20.158544146479));
#3755 = CARTESIAN_POINT('',(-0.942477806038,20.172943173941));
#3756 = CARTESIAN_POINT('',(-1.256637061436,20.191172985243));
#3757 = CARTESIAN_POINT('',(-1.570796326795,20.209386312367));
#3758 = ( GEOMETRIC_REPRESENTATION_CONTEXT(2) 
PARAMETRIC_REPRESENTATION_CONTEXT() REPRESENTATION_CONTEXT('2D SPACE',''
  ) );
#3759 = ORIENTED_EDGE('',*,*,#3760,.T.);
#3760 = EDGE_CURVE('',#3734,#3761,#3763,.T.);
#3761 = VERTEX_POINT('',#3762);
#3762 = CARTESIAN_POINT('',(-21.209,16.029,-2.072));
#3763 = SURFACE_CURVE('',#3764,(#3768,#3775),.PCURVE_S1.);
#3764 = LINE('',#3765,#3766);
#3765 = CARTESIAN_POINT('',(-21.209,16.029,-10.86688390631));
#3766 = VECTOR('',#3767,1.);
#3767 = DIRECTION('',(0.,0.,1.));
#3768 = PCURVE('',#791,#3769);
#3769 = DEFINITIONAL_REPRESENTATION('',(#3770),#3774);
#3770 = LINE('',#3771,#3772);
#3771 = CARTESIAN_POINT('',(0.,-32.044));
#3772 = VECTOR('',#3773,1.);
#3773 = DIRECTION('',(1.,0.));
#3774 = ( GEOMETRIC_REPRESENTATION_CONTEXT(2) 
PARAMETRIC_REPRESENTATION_CONTEXT() REPRESENTATION_CONTEXT('2D SPACE',''
  ) );
#3775 = PCURVE('',#3776,#3781);
#3776 = PLANE('',#3777);
#3777 = AXIS2_PLACEMENT_3D('',#3778,#3779,#3780);
#3778 = CARTESIAN_POINT('',(-21.209,16.029,-10.86688390631));
#3779 = DIRECTION('',(-0.,1.,0.));
#3780 = DIRECTION('',(0.,0.,1.));
#3781 = DEFINITIONAL_REPRESENTATION('',(#3782),#3786);
#3782 = LINE('',#3783,#3784);
#3783 = CARTESIAN_POINT('',(0.,0.));
#3784 = VECTOR('',#3785,1.);
#3785 = DIRECTION('',(1.,0.));
#3786 = ( GEOMETRIC_REPRESENTATION_CONTEXT(2) 
PARAMETRIC_REPRESENTATION_CONTEXT() REPRESENTATION_CONTEXT('2D SPACE',''
  ) );
#3787 = ORIENTED_EDGE('',*,*,#3788,.F.);
#3788 = EDGE_CURVE('',#748,#3761,#3789,.T.);
#3789 = SURFACE_CURVE('',#3790,(#3795,#3806),.PCURVE_S1.);
#3790 = CIRCLE('',#3791,2.072);
#3791 = AXIS2_PLACEMENT_3D('',#3792,#3793,#3794);
#3792 = CARTESIAN_POINT('',(-21.209,13.957,-2.072));
#3793 = DIRECTION('',(-1.,-0.,0.));
#3794 = DIRECTION('',(0.,0.,1.));
#3795 = PCURVE('',#791,#3796);
#3796 = DEFINITIONAL_REPRESENTATION('',(#3797),#3805);
#3797 = ( BOUNDED_CURVE() B_SPLINE_CURVE(2,(#3798,#3799,#3800,#3801,
#3802,#3803,#3804),.UNSPECIFIED.,.T.,.F.) B_SPLINE_CURVE_WITH_KNOTS((1,2
    ,2,2,2,1),(-2.094395102393,0.,2.094395102393,4.188790204786,
6.28318530718,8.377580409573),.UNSPECIFIED.) CURVE() 
GEOMETRIC_REPRESENTATION_ITEM() RATIONAL_B_SPLINE_CURVE((1.,0.5,1.,0.5,
1.,0.5,1.)) REPRESENTATION_ITEM('') );
#3798 = CARTESIAN_POINT('',(10.866883906313,-29.972));
#3799 = CARTESIAN_POINT('',(10.866883906313,-33.56080927328));
#3800 = CARTESIAN_POINT('',(7.758883906313,-31.76640463664));
#3801 = CARTESIAN_POINT('',(4.650883906313,-29.972));
#3802 = CARTESIAN_POINT('',(7.758883906313,-28.17759536335));
#3803 = CARTESIAN_POINT('',(10.866883906313,-26.38319072671));
#3804 = CARTESIAN_POINT('',(10.866883906313,-29.972));
#3805 = ( GEOMETRIC_REPRESENTATION_CONTEXT(2) 
PARAMETRIC_REPRESENTATION_CONTEXT() REPRESENTATION_CONTEXT('2D SPACE',''
  ) );
#3806 = PCURVE('',#763,#3807);
#3807 = DEFINITIONAL_REPRESENTATION('',(#3808),#3812);
#3808 = LINE('',#3809,#3810);
#3809 = CARTESIAN_POINT('',(-0.,0.));
#3810 = VECTOR('',#3811,1.);
#3811 = DIRECTION('',(-1.,0.));
#3812 = ( GEOMETRIC_REPRESENTATION_CONTEXT(2) 
PARAMETRIC_REPRESENTATION_CONTEXT() REPRESENTATION_CONTEXT('2D SPACE',''
  ) );
#3813 = ORIENTED_EDGE('',*,*,#775,.F.);
#3814 = ORIENTED_EDGE('',*,*,#3624,.F.);
#3815 = ADVANCED_FACE('',(#3816),#763,.T.);
#3816 = FACE_BOUND('',#3817,.F.);
#3817 = EDGE_LOOP('',(#3818,#3819,#3820,#3843,#3869));
#3818 = ORIENTED_EDGE('',*,*,#747,.F.);
#3819 = ORIENTED_EDGE('',*,*,#3788,.T.);
#3820 = ORIENTED_EDGE('',*,*,#3821,.T.);
#3821 = EDGE_CURVE('',#3761,#3822,#3824,.T.);
#3822 = VERTEX_POINT('',#3823);
#3823 = CARTESIAN_POINT('',(-1.065,16.029,-2.072));
#3824 = SURFACE_CURVE('',#3825,(#3829,#3836),.PCURVE_S1.);
#3825 = LINE('',#3826,#3827);
#3826 = CARTESIAN_POINT('',(-21.209,16.029,-2.072));
#3827 = VECTOR('',#3828,1.);
#3828 = DIRECTION('',(1.,0.,-0.));
#3829 = PCURVE('',#763,#3830);
#3830 = DEFINITIONAL_REPRESENTATION('',(#3831),#3835);
#3831 = LINE('',#3832,#3833);
#3832 = CARTESIAN_POINT('',(-1.570796326795,0.));
#3833 = VECTOR('',#3834,1.);
#3834 = DIRECTION('',(-0.,1.));
#3835 = ( GEOMETRIC_REPRESENTATION_CONTEXT(2) 
PARAMETRIC_REPRESENTATION_CONTEXT() REPRESENTATION_CONTEXT('2D SPACE',''
  ) );
#3836 = PCURVE('',#3776,#3837);
#3837 = DEFINITIONAL_REPRESENTATION('',(#3838),#3842);
#3838 = LINE('',#3839,#3840);
#3839 = CARTESIAN_POINT('',(8.794883906313,0.));
#3840 = VECTOR('',#3841,1.);
#3841 = DIRECTION('',(0.,1.));
#3842 = ( GEOMETRIC_REPRESENTATION_CONTEXT(2) 
PARAMETRIC_REPRESENTATION_CONTEXT() REPRESENTATION_CONTEXT('2D SPACE',''
  ) );
#3843 = ORIENTED_EDGE('',*,*,#3844,.F.);
#3844 = EDGE_CURVE('',#3045,#3822,#3845,.T.);
#3845 = SURFACE_CURVE('',#3846,(#3851,#3858),.PCURVE_S1.);
#3846 = CIRCLE('',#3847,2.072);
#3847 = AXIS2_PLACEMENT_3D('',#3848,#3849,#3850);
#3848 = CARTESIAN_POINT('',(-1.065,13.957,-2.072));
#3849 = DIRECTION('',(-1.,-0.,0.));
#3850 = DIRECTION('',(0.,0.,1.));
#3851 = PCURVE('',#763,#3852);
#3852 = DEFINITIONAL_REPRESENTATION('',(#3853),#3857);
#3853 = LINE('',#3854,#3855);
#3854 = CARTESIAN_POINT('',(-0.,20.144));
#3855 = VECTOR('',#3856,1.);
#3856 = DIRECTION('',(-1.,0.));
#3857 = ( GEOMETRIC_REPRESENTATION_CONTEXT(2) 
PARAMETRIC_REPRESENTATION_CONTEXT() REPRESENTATION_CONTEXT('2D SPACE',''
  ) );
#3858 = PCURVE('',#3154,#3859);
#3859 = DEFINITIONAL_REPRESENTATION('',(#3860),#3868);
#3860 = ( BOUNDED_CURVE() B_SPLINE_CURVE(2,(#3861,#3862,#3863,#3864,
#3865,#3866,#3867),.UNSPECIFIED.,.T.,.F.) B_SPLINE_CURVE_WITH_KNOTS((1,2
    ,2,2,2,1),(-2.094395102393,0.,2.094395102393,4.188790204786,
6.28318530718,8.377580409573),.UNSPECIFIED.) CURVE() 
GEOMETRIC_REPRESENTATION_ITEM() RATIONAL_B_SPLINE_CURVE((1.,0.5,1.,0.5,
1.,0.5,1.)) REPRESENTATION_ITEM('') );
#3861 = CARTESIAN_POINT('',(10.866883906313,-30.286));
#3862 = CARTESIAN_POINT('',(10.866883906313,-33.87480927328));
#3863 = CARTESIAN_POINT('',(7.758883906313,-32.08040463664));
#3864 = CARTESIAN_POINT('',(4.650883906313,-30.286));
#3865 = CARTESIAN_POINT('',(7.758883906313,-28.49159536335));
#3866 = CARTESIAN_POINT('',(10.866883906313,-26.69719072671));
#3867 = CARTESIAN_POINT('',(10.866883906313,-30.286));
#3868 = ( GEOMETRIC_REPRESENTATION_CONTEXT(2) 
PARAMETRIC_REPRESENTATION_CONTEXT() REPRESENTATION_CONTEXT('2D SPACE',''
  ) );
#3869 = ORIENTED_EDGE('',*,*,#3044,.F.);
#3870 = ADVANCED_FACE('',(#3871),#1172,.F.);
#3871 = FACE_BOUND('',#3872,.F.);
#3872 = EDGE_LOOP('',(#3873,#3921,#4140,#4141));
#3873 = ORIENTED_EDGE('',*,*,#3874,.T.);
#3874 = EDGE_CURVE('',#924,#3875,#3877,.T.);
#3875 = VERTEX_POINT('',#3876);
#3876 = CARTESIAN_POINT('',(-23.76865217141,-14.29694871649,
    -2.071415837246));
#3877 = SURFACE_CURVE('',#3878,(#3882,#3915),.PCURVE_S1.);
#3878 = ( BOUNDED_CURVE() B_SPLINE_CURVE(2,(#3879,#3880,#3881),
.UNSPECIFIED.,.F.,.F.) B_SPLINE_CURVE_WITH_KNOTS((3,3),(0.,
12.467714861372),.PIECEWISE_BEZIER_KNOTS.) CURVE() 
GEOMETRIC_REPRESENTATION_ITEM() RATIONAL_B_SPLINE_CURVE((1.,
0.679242223273,1.)) REPRESENTATION_ITEM('') );
#3879 = CARTESIAN_POINT('',(-23.28171352971,-14.83095393656,
    -2.359398223056));
#3880 = CARTESIAN_POINT('',(-23.7745119404,-14.86957707668,
    -2.070266981012));
#3881 = CARTESIAN_POINT('',(-23.76865217141,-14.29694871649,
    -2.071415837246));
#3882 = PCURVE('',#1172,#3883);
#3883 = DEFINITIONAL_REPRESENTATION('',(#3884),#3914);
#3884 = B_SPLINE_CURVE_WITH_KNOTS('',10,(#3885,#3886,#3887,#3888,#3889,
    #3890,#3891,#3892,#3893,#3894,#3895,#3896,#3897,#3898,#3899,#3900,
    #3901,#3902,#3903,#3904,#3905,#3906,#3907,#3908,#3909,#3910,#3911,
    #3912,#3913),.UNSPECIFIED.,.F.,.F.,(11,9,9,11),(0.,6.233857430686,
    9.350786146029,12.467714861372),.UNSPECIFIED.);
#3885 = CARTESIAN_POINT('',(-1.110223024625E-16,83.658494741383));
#3886 = CARTESIAN_POINT('',(0.159622947471,83.658494741381));
#3887 = CARTESIAN_POINT('',(0.319246039031,83.65849474137));
#3888 = CARTESIAN_POINT('',(0.478869200284,83.658494741396));
#3889 = CARTESIAN_POINT('',(0.638492374543,83.658494741355));
#3890 = CARTESIAN_POINT('',(0.798115522836,83.658494741411));
#3891 = CARTESIAN_POINT('',(0.957738623897,83.658494741362));
#3892 = CARTESIAN_POINT('',(1.117361674172,83.6584947414));
#3893 = CARTESIAN_POINT('',(1.276984687817,83.65849474138));
#3894 = CARTESIAN_POINT('',(1.4366076967,83.658494741387));
#3895 = CARTESIAN_POINT('',(1.676042277244,83.658494741379));
#3896 = CARTESIAN_POINT('',(1.755853803193,83.658494741386));
#3897 = CARTESIAN_POINT('',(1.835665328048,83.658494741373));
#3898 = CARTESIAN_POINT('',(1.915476851617,83.658494741385));
#3899 = CARTESIAN_POINT('',(1.995288373704,83.658494741392));
#3900 = CARTESIAN_POINT('',(2.075099894116,83.658494741369));
#3901 = CARTESIAN_POINT('',(2.154911412661,83.658494741399));
#3902 = CARTESIAN_POINT('',(2.234722929141,83.658494741378));
#3903 = CARTESIAN_POINT('',(2.314534443366,83.658494741386));
#3904 = CARTESIAN_POINT('',(2.474157466915,83.658494741379));
#3905 = CARTESIAN_POINT('',(2.553971186776,83.658494741398));
#3906 = CARTESIAN_POINT('',(2.633768691247,83.658494741354));
#3907 = CARTESIAN_POINT('',(2.713623200051,83.658494741412));
#3908 = CARTESIAN_POINT('',(2.793352530326,83.658494741371));
#3909 = CARTESIAN_POINT('',(2.873270106223,83.658494741376));
#3910 = CARTESIAN_POINT('',(2.952987432569,83.658494741397));
#3911 = CARTESIAN_POINT('',(3.032854495374,83.658494741373));
#3912 = CARTESIAN_POINT('',(3.112647607248,83.658494741386));
#3913 = CARTESIAN_POINT('',(3.192459080981,83.658494741383));
#3914 = ( GEOMETRIC_REPRESENTATION_CONTEXT(2) 
PARAMETRIC_REPRESENTATION_CONTEXT() REPRESENTATION_CONTEXT('2D SPACE',''
  ) );
#3915 = PCURVE('',#1702,#3916);
#3916 = DEFINITIONAL_REPRESENTATION('',(#3917),#3920);
#3917 = B_SPLINE_CURVE_WITH_KNOTS('',1,(#3918,#3919),.UNSPECIFIED.,.F.,
  .F.,(2,2),(0.,12.467714861372),.PIECEWISE_BEZIER_KNOTS.);
#3918 = CARTESIAN_POINT('',(0.,83.658494944188));
#3919 = CARTESIAN_POINT('',(12.467714861372,83.658494944188));
#3920 = ( GEOMETRIC_REPRESENTATION_CONTEXT(2) 
PARAMETRIC_REPRESENTATION_CONTEXT() REPRESENTATION_CONTEXT('2D SPACE',''
  ) );
#3921 = ORIENTED_EDGE('',*,*,#3922,.T.);
#3922 = EDGE_CURVE('',#3875,#3359,#3923,.T.);
#3923 = SURFACE_CURVE('',#3924,(#4027,#4034),.PCURVE_S1.);
#3924 = ( BOUNDED_CURVE() B_SPLINE_CURVE(11,(#3925,#3926,#3927,#3928,
    #3929,#3930,#3931,#3932,#3933,#3934,#3935,#3936,#3937,#3938,#3939,
    #3940,#3941,#3942,#3943,#3944,#3945,#3946,#3947,#3948,#3949,#3950,
    #3951,#3952,#3953,#3954,#3955,#3956,#3957,#3958,#3959,#3960,#3961,
    #3962,#3963,#3964,#3965,#3966,#3967,#3968,#3969,#3970,#3971,#3972,
    #3973,#3974,#3975,#3976,#3977,#3978,#3979,#3980,#3981,#3982,#3983,
    #3984,#3985,#3986,#3987,#3988,#3989,#3990,#3991,#3992,#3993,#3994,
    #3995,#3996,#3997,#3998,#3999,#4000,#4001,#4002,#4003,#4004,#4005,
    #4006,#4007,#4008,#4009,#4010,#4011,#4012,#4013,#4014,#4015,#4016,
    #4017,#4018,#4019,#4020,#4021,#4022,#4023,#4024,#4025,#4026),
.UNSPECIFIED.,.F.,.F.) B_SPLINE_CURVE_WITH_KNOTS((12,10,10,10,10,10,10,
    10,10,10,12),(83.658494741383,85.800001657828,86.325477740096,
    86.58821578123,86.719584801797,86.78526931208,86.818111567222,
    86.834532694793,86.842743258578,86.848374095635,86.850953822363),
.UNSPECIFIED.) CURVE() GEOMETRIC_REPRESENTATION_ITEM() 
RATIONAL_B_SPLINE_CURVE((1.,1.,1.,1.,1.,1.,1.,1.,1.,1.,1.,1.,1.,
    1.000000000001,0.999999999998,1.000000000002,0.999999999998,
    1.000000000001,0.999999999999,1.,1.,1.,1.,1.,1.,1.,1.,1.,1.,1.,1.,1.
    ,1.,0.999999999999,1.000000000001,0.999999999999,1.000000000001,
    0.999999999999,1.,1.,1.,1.,1.,0.999999999999,1.000000000001,
    0.999999999999,1.000000000001,0.999999999999,1.,1.,1.,1.,1.,
    1.000000000001,0.999999999999,1.000000000001,0.999999999999,
    1.000000000001,1.,1.,1.,1.,1.,0.999999999999,1.000000000001,
    0.999999999999,1.000000000001,0.999999999999,1.,1.,1.,1.,1.,1.,1.,1.
    ,1.,1.,1.,1.,1.,1.,1.,1.,1.,1.,1.,1.,1.,1.,1.,1.,0.999999999999,
    1.000000000002,0.999999999997,1.000000000003,0.999999999997,
1.000000000002,0.999999999999,1.,1.,1.)) REPRESENTATION_ITEM('') );
#3925 = CARTESIAN_POINT('',(-23.76865226605,-14.29694919807,
    -2.071415989094));
#3926 = CARTESIAN_POINT('',(-23.6827970262,-14.32277379067,
    -1.924670975822));
#3927 = CARTESIAN_POINT('',(-23.59202829789,-14.33414038011,
    -1.769837504758));
#3928 = CARTESIAN_POINT('',(-23.49396268026,-14.32839386406,
    -1.60290737471));
#3929 = CARTESIAN_POINT('',(-23.39965505794,-14.30204699809,
    -1.442778903023));
#3930 = CARTESIAN_POINT('',(-23.29828449996,-14.25733189106,
    -1.270976677631));
#3931 = CARTESIAN_POINT('',(-23.20533057593,-14.18864749782,
    -1.113976968232));
#3932 = CARTESIAN_POINT('',(-23.11271785882,-14.10149734542,
    -0.957917379392));
#3933 = CARTESIAN_POINT('',(-23.02945260042,-13.99448490802,
    -0.818166015667));
#3934 = CARTESIAN_POINT('',(-22.95414678563,-13.87209135138,
    -0.692271476073));
#3935 = CARTESIAN_POINT('',(-22.88924583529,-13.73728694186,
    -0.584341478793));
#3936 = CARTESIAN_POINT('',(-22.82190778699,-13.55877231806,
    -0.473109804149));
#3937 = CARTESIAN_POINT('',(-22.80929414474,-13.52308320681,
    -0.452317821395));
#3938 = CARTESIAN_POINT('',(-22.79734423539,-13.48693488471,
    -0.432665345665));
#3939 = CARTESIAN_POINT('',(-22.78606564594,-13.45038392622,
    -0.414164200763));
#3940 = CARTESIAN_POINT('',(-22.77546380154,-13.41348634446,
    -0.396822538979));
#3941 = CARTESIAN_POINT('',(-22.76554196548,-13.37629759119,
    -0.380644841081));
#3942 = CARTESIAN_POINT('',(-22.75630123919,-13.33887255681,
    -0.365631916326));
#3943 = CARTESIAN_POINT('',(-22.74774056228,-13.30126557039,
    -0.351780902447));
#3944 = CARTESIAN_POINT('',(-22.73985671248,-13.2635303996,
    -0.339085265668));
#3945 = CARTESIAN_POINT('',(-22.73264430568,-13.22572025081,
    -0.327534800691));
#3946 = CARTESIAN_POINT('',(-22.72282154102,-13.16897152808,
    -0.311906045706));
#3947 = CARTESIAN_POINT('',(-22.71971394948,-13.15005017425,
    -0.306980449069));
#3948 = CARTESIAN_POINT('',(-22.71677170724,-13.1311295046,
    -0.302336489845));
#3949 = CARTESIAN_POINT('',(-22.71399350029,-13.11221531624,
    -0.297971817087));
#3950 = CARTESIAN_POINT('',(-22.71137801461,-13.09331340625,
    -0.293884079849));
#3951 = CARTESIAN_POINT('',(-22.70892393616,-13.07442957175,
    -0.290070927186));
#3952 = CARTESIAN_POINT('',(-22.70662995093,-13.05556960984,
    -0.286530008149));
#3953 = CARTESIAN_POINT('',(-22.70449474488,-13.0367393176,
    -0.283258971796));
#3954 = CARTESIAN_POINT('',(-22.702517004,-13.01794449215,
    -0.280255467179));
#3955 = CARTESIAN_POINT('',(-22.70069541426,-12.99919093059,
    -0.277517143351));
#3956 = CARTESIAN_POINT('',(-22.69819528531,-12.97113117972,
    -0.273803902376));
#3957 = CARTESIAN_POINT('',(-22.69740050161,-12.96178954336,
    -0.272631667062));
#3958 = CARTESIAN_POINT('',(-22.69664408214,-12.9524601113,
    -0.271524542928));
#3959 = CARTESIAN_POINT('',(-22.69592579851,-12.94314347392,
    -0.270482129474));
#3960 = CARTESIAN_POINT('',(-22.69524542233,-12.93384022159,
    -0.269504026203));
#3961 = CARTESIAN_POINT('',(-22.69460272524,-12.92455094469,
    -0.268589832617));
#3962 = CARTESIAN_POINT('',(-22.69399747883,-12.9152762336,
    -0.267739148215));
#3963 = CARTESIAN_POINT('',(-22.69342945473,-12.9060166787,
    -0.266951572501));
#3964 = CARTESIAN_POINT('',(-22.69289842454,-12.89677287035,
    -0.266226704976));
#3965 = CARTESIAN_POINT('',(-22.69240415989,-12.88754539895,
    -0.265564145141));
#3966 = CARTESIAN_POINT('',(-22.69171756864,-12.87372958281,
    -0.264663166177));
#3967 = CARTESIAN_POINT('',(-22.69149783414,-12.86912852757,
    -0.264378308367));
#3968 = CARTESIAN_POINT('',(-22.6912871976,-12.86453175096,
    -0.264108864561));
#3969 = CARTESIAN_POINT('',(-22.69108562773,-12.85993931477,
    -0.263854780254));
#3970 = CARTESIAN_POINT('',(-22.69089309322,-12.85535128081,
    -0.263616000936));
#3971 = CARTESIAN_POINT('',(-22.69070956278,-12.85076771088,
    -0.263392472102));
#3972 = CARTESIAN_POINT('',(-22.69053500513,-12.8461886668,
    -0.263184139244));
#3973 = CARTESIAN_POINT('',(-22.69036938896,-12.84161421036,
    -0.262990947856));
#3974 = CARTESIAN_POINT('',(-22.69021268298,-12.83704440338,
    -0.262812843429));
#3975 = CARTESIAN_POINT('',(-22.6900648559,-12.83247930766,
    -0.262649771458));
#3976 = CARTESIAN_POINT('',(-22.68985638668,-12.82563882367,
    -0.262427630424));
#3977 = CARTESIAN_POINT('',(-22.68978910863,-12.82335985433,
    -0.262357327562));
#3978 = CARTESIAN_POINT('',(-22.68972403823,-12.82108208379,
    -0.262290761856));
#3979 = CARTESIAN_POINT('',(-22.68966117147,-12.81880551883,
    -0.262227926313));
#3980 = CARTESIAN_POINT('',(-22.68960050432,-12.81653016625,
    -0.262168813936));
#3981 = CARTESIAN_POINT('',(-22.68954203273,-12.81425603286,
    -0.262113417736));
#3982 = CARTESIAN_POINT('',(-22.6894857527,-12.81198312543,
    -0.262061730713));
#3983 = CARTESIAN_POINT('',(-22.68943166018,-12.80971145078,
    -0.262013745879));
#3984 = CARTESIAN_POINT('',(-22.68937975115,-12.8074410157,
    -0.261969456237));
#3985 = CARTESIAN_POINT('',(-22.68933002158,-12.80517182697,
    -0.261928854793));
#3986 = CARTESIAN_POINT('',(-22.68925869038,-12.80176992363,
    -0.261873474434));
#3987 = CARTESIAN_POINT('',(-22.68923545716,-12.80063626904,
    -0.261855934603));
#3988 = CARTESIAN_POINT('',(-22.68921276729,-12.79950292844,
    -0.261839314176));
#3989 = CARTESIAN_POINT('',(-22.68919062024,-12.7983699026,
    -0.261823612275));
#3990 = CARTESIAN_POINT('',(-22.68916901552,-12.79723719232,
    -0.261808828013));
#3991 = CARTESIAN_POINT('',(-22.68914795261,-12.79610479836,
    -0.261794960516));
#3992 = CARTESIAN_POINT('',(-22.689127431,-12.79497272153,
    -0.261782008893));
#3993 = CARTESIAN_POINT('',(-22.6891074502,-12.7938409626,-0.26176997227
    ));
#3994 = CARTESIAN_POINT('',(-22.68908800968,-12.79270952236,
    -0.261758849761));
#3995 = CARTESIAN_POINT('',(-22.68906910894,-12.79157840159,
    -0.261748640487));
#3996 = CARTESIAN_POINT('',(-22.68904156674,-12.78988220083,
    -0.261734695101));
#3997 = CARTESIAN_POINT('',(-22.68903252082,-12.78931688063,
    -0.261730274727));
#3998 = CARTESIAN_POINT('',(-22.68902360966,-12.78875164059,
    -0.261726082329));
#3999 = CARTESIAN_POINT('',(-22.68901483319,-12.78818648079,
    -0.261722117799));
#4000 = CARTESIAN_POINT('',(-22.68900619134,-12.78762140133,
    -0.261718381022));
#4001 = CARTESIAN_POINT('',(-22.68899768405,-12.78705640231,
    -0.261714871893));
#4002 = CARTESIAN_POINT('',(-22.68898931127,-12.78649148381,
    -0.261711590296));
#4003 = CARTESIAN_POINT('',(-22.68898107291,-12.78592664593,
    -0.261708536125));
#4004 = CARTESIAN_POINT('',(-22.68897296893,-12.78536188877,
    -0.261705709266));
#4005 = CARTESIAN_POINT('',(-22.68896499925,-12.78479721241,
    -0.26170310961));
#4006 = CARTESIAN_POINT('',(-22.68895179025,-12.78384541517,
    -0.261699109934));
#4007 = CARTESIAN_POINT('',(-22.68894647982,-12.78345825143,
    -0.261697589628));
#4008 = CARTESIAN_POINT('',(-22.6889412325,-12.78307112577,
    -0.261696176094));
#4009 = CARTESIAN_POINT('',(-22.68893604828,-12.78268403822,
    -0.261694869297));
#4010 = CARTESIAN_POINT('',(-22.68893092714,-12.7822969888,-0.2616936692
    ));
#4011 = CARTESIAN_POINT('',(-22.68892586905,-12.78190997756,
    -0.261692575768));
#4012 = CARTESIAN_POINT('',(-22.688920874,-12.7815230045,-0.261691588965
    ));
#4013 = CARTESIAN_POINT('',(-22.68891594196,-12.78113606968,
    -0.261690708755));
#4014 = CARTESIAN_POINT('',(-22.68891107291,-12.78074917312,
    -0.261689935103));
#4015 = CARTESIAN_POINT('',(-22.68890626684,-12.78036231484,
    -0.261689267973));
#4016 = CARTESIAN_POINT('',(-22.6888993507,-12.77979827614,
    -0.261688450474));
#4017 = CARTESIAN_POINT('',(-22.68889703868,-12.77960738411,
    -0.261688222639));
#4018 = CARTESIAN_POINT('',(-22.68889460391,-12.77940421888,
    -0.261688024259));
#4019 = CARTESIAN_POINT('',(-22.68889207842,-12.77919162701,
    -0.261687854577));
#4020 = CARTESIAN_POINT('',(-22.68888950292,-12.77897325453,
    -0.261687712072));
#4021 = CARTESIAN_POINT('',(-22.68888691968,-12.77875289994,
    -0.261687594894));
#4022 = CARTESIAN_POINT('',(-22.68888436535,-12.77853386719,
    -0.261687501281));
#4023 = CARTESIAN_POINT('',(-22.68888186389,-12.77831831874,
    -0.261687430003));
#4024 = CARTESIAN_POINT('',(-22.68887941941,-12.77810662851,
    -0.261687380778));
#4025 = CARTESIAN_POINT('',(-22.68887700902,-12.77789673493,
    -0.261687354709));
#4026 = CARTESIAN_POINT('',(-22.68887457574,-12.7776834939,
    -0.261687354709));
#4027 = PCURVE('',#1172,#4028);
#4028 = DEFINITIONAL_REPRESENTATION('',(#4029),#4033);
#4029 = LINE('',#4030,#4031);
#4030 = CARTESIAN_POINT('',(3.192459080981,0.));
#4031 = VECTOR('',#4032,1.);
#4032 = DIRECTION('',(0.,1.));
#4033 = ( GEOMETRIC_REPRESENTATION_CONTEXT(2) 
PARAMETRIC_REPRESENTATION_CONTEXT() REPRESENTATION_CONTEXT('2D SPACE',''
  ) );
#4034 = PCURVE('',#3432,#4035);
#4035 = DEFINITIONAL_REPRESENTATION('',(#4036),#4139);
#4036 = B_SPLINE_CURVE_WITH_KNOTS('',11,(#4037,#4038,#4039,#4040,#4041,
    #4042,#4043,#4044,#4045,#4046,#4047,#4048,#4049,#4050,#4051,#4052,
    #4053,#4054,#4055,#4056,#4057,#4058,#4059,#4060,#4061,#4062,#4063,
    #4064,#4065,#4066,#4067,#4068,#4069,#4070,#4071,#4072,#4073,#4074,
    #4075,#4076,#4077,#4078,#4079,#4080,#4081,#4082,#4083,#4084,#4085,
    #4086,#4087,#4088,#4089,#4090,#4091,#4092,#4093,#4094,#4095,#4096,
    #4097,#4098,#4099,#4100,#4101,#4102,#4103,#4104,#4105,#4106,#4107,
    #4108,#4109,#4110,#4111,#4112,#4113,#4114,#4115,#4116,#4117,#4118,
    #4119,#4120,#4121,#4122,#4123,#4124,#4125,#4126,#4127,#4128,#4129,
    #4130,#4131,#4132,#4133,#4134,#4135,#4136,#4137,#4138),
  .UNSPECIFIED.,.F.,.F.,(12,10,10,10,10,10,10,10,10,10,12),(
    83.658494741383,85.800001657828,86.325477740096,86.58821578123,
    86.719584801797,86.78526931208,86.818111567222,86.834532694793,
    86.842743258578,86.848374095635,86.850953822363),.UNSPECIFIED.);
#4037 = CARTESIAN_POINT('',(-2.186773509021,14.266339889002));
#4038 = CARTESIAN_POINT('',(-2.356788674665,14.292165731938));
#4039 = CARTESIAN_POINT('',(-2.536266676911,14.303532871702));
#4040 = CARTESIAN_POINT('',(-2.729870732866,14.297786077426));
#4041 = CARTESIAN_POINT('',(-2.915706649344,14.271437935842));
#4042 = CARTESIAN_POINT('',(-3.115185472926,14.226720663862));
#4043 = CARTESIAN_POINT('',(-3.297637888424,14.158032945176));
#4044 = CARTESIAN_POINT('',(-3.479106825609,14.070878573289));
#4045 = CARTESIAN_POINT('',(-3.64177961988,13.963860954724));
#4046 = CARTESIAN_POINT('',(-3.788473008393,13.841461472237));
#4047 = CARTESIAN_POINT('',(-3.914406554199,13.706650535973));
#4048 = CARTESIAN_POINT('',(-4.044421216077,13.528127269148));
#4049 = CARTESIAN_POINT('',(-4.068737613376,13.492436429955));
#4050 = CARTESIAN_POINT('',(-4.091735300248,13.456286357697));
#4051 = CARTESIAN_POINT('',(-4.113400239048,13.419733629517));
#4052 = CARTESIAN_POINT('',(-4.133722652888,13.382834261348));
#4053 = CARTESIAN_POINT('',(-4.152697025512,13.345643707496));
#4054 = CARTESIAN_POINT('',(-4.170322101451,13.308216861166));
#4055 = CARTESIAN_POINT('',(-4.186600885865,13.270608053926));
#4056 = CARTESIAN_POINT('',(-4.201540644678,13.23287105615));
#4057 = CARTESIAN_POINT('',(-4.21515290448,13.195059076721));
#4058 = CARTESIAN_POINT('',(-4.233603726641,13.138307606427));
#4059 = CARTESIAN_POINT('',(-4.239424719579,13.119385336495));
#4060 = CARTESIAN_POINT('',(-4.24491912405,13.10046375078));
#4061 = CARTESIAN_POINT('',(-4.250089632701,13.081548646653));
#4062 = CARTESIAN_POINT('',(-4.254938938183,13.062645821516));
#4063 = CARTESIAN_POINT('',(-4.259469733139,13.043761072721));
#4064 = CARTESIAN_POINT('',(-4.263684710223,13.024900197679));
#4065 = CARTESIAN_POINT('',(-4.267586562079,13.006068993749));
#4066 = CARTESIAN_POINT('',(-4.271177981357,12.987273258323));
#4067 = CARTESIAN_POINT('',(-4.274461660705,12.968518788781));
#4068 = CARTESIAN_POINT('',(-4.278929608804,12.940457679361));
#4069 = CARTESIAN_POINT('',(-4.28034289092,12.931115590714));
#4070 = CARTESIAN_POINT('',(-4.281680600117,12.921785706943));
#4071 = CARTESIAN_POINT('',(-4.282943197418,12.912468618505));
#4072 = CARTESIAN_POINT('',(-4.284131143793,12.903164915716));
#4073 = CARTESIAN_POINT('',(-4.285244900292,12.893875189098));
#4074 = CARTESIAN_POINT('',(-4.286284927871,12.884600028937));
#4075 = CARTESIAN_POINT('',(-4.287251687573,12.875340025733));
#4076 = CARTESIAN_POINT('',(-4.288145640378,12.86609576983));
#4077 = CARTESIAN_POINT('',(-4.288967247302,12.856867851665));
#4078 = CARTESIAN_POINT('',(-4.290091830366,12.843051366613));
#4079 = CARTESIAN_POINT('',(-4.290448729864,12.838450088615));
#4080 = CARTESIAN_POINT('',(-4.290787730683,12.833853089434));
#4081 = CARTESIAN_POINT('',(-4.291108895683,12.829260430908));
#4082 = CARTESIAN_POINT('',(-4.291412287692,12.824672174791));
#4083 = CARTESIAN_POINT('',(-4.291697969589,12.82008838297));
#4084 = CARTESIAN_POINT('',(-4.29196600419,12.815509117168));
#4085 = CARTESIAN_POINT('',(-4.292216454372,12.810934439264));
#4086 = CARTESIAN_POINT('',(-4.292449382964,12.806364411024));
#4087 = CARTESIAN_POINT('',(-4.292664852826,12.801799094276));
#4088 = CARTESIAN_POINT('',(-4.292961963792,12.794958279096));
#4089 = CARTESIAN_POINT('',(-4.293056652206,12.792679199416));
#4090 = CARTESIAN_POINT('',(-4.293147000124,12.790401318605));
#4091 = CARTESIAN_POINT('',(-4.293233015599,12.788124643394));
#4092 = CARTESIAN_POINT('',(-4.293314706732,12.785849180694));
#4093 = CARTESIAN_POINT('',(-4.293392081554,12.783574937148));
#4094 = CARTESIAN_POINT('',(-4.293465148177,12.781301919714));
#4095 = CARTESIAN_POINT('',(-4.293533914638,12.779030135054));
#4096 = CARTESIAN_POINT('',(-4.29359838903,12.776759590053));
#4097 = CARTESIAN_POINT('',(-4.293658579413,12.774490291462));
#4098 = CARTESIAN_POINT('',(-4.293742451084,12.77108822341));
#4099 = CARTESIAN_POINT('',(-4.293769339341,12.76995451394));
#4100 = CARTESIAN_POINT('',(-4.293795159646,12.768821118457));
#4101 = CARTESIAN_POINT('',(-4.293819913025,12.767688037776));
#4102 = CARTESIAN_POINT('',(-4.293843600482,12.76655527263));
#4103 = CARTESIAN_POINT('',(-4.293866223052,12.765422823868));
#4104 = CARTESIAN_POINT('',(-4.293887781737,12.764290692211));
#4105 = CARTESIAN_POINT('',(-4.293908277567,12.763158878494));
#4106 = CARTESIAN_POINT('',(-4.293927711553,12.762027383471));
#4107 = CARTESIAN_POINT('',(-4.293946084715,12.760896207939));
#4108 = CARTESIAN_POINT('',(-4.29397205475,12.759199925052));
#4109 = CARTESIAN_POINT('',(-4.293980446477,12.758634577483));
#4110 = CARTESIAN_POINT('',(-4.293988573383,12.758069310079));
#4111 = CARTESIAN_POINT('',(-4.293996435588,12.757504122901));
#4112 = CARTESIAN_POINT('',(-4.294004033235,12.756939016109));
#4113 = CARTESIAN_POINT('',(-4.294011366429,12.756373989696));
#4114 = CARTESIAN_POINT('',(-4.294018435324,12.755809043875));
#4115 = CARTESIAN_POINT('',(-4.294025240023,12.755244178629));
#4116 = CARTESIAN_POINT('',(-4.294031780672,12.754679394133));
#4117 = CARTESIAN_POINT('',(-4.294038057388,12.754114690435));
#4118 = CARTESIAN_POINT('',(-4.294048193984,12.75316284711));
#4119 = CARTESIAN_POINT('',(-4.294052193592,12.752775664622));
#4120 = CARTESIAN_POINT('',(-4.294056069168,12.752388520223));
#4121 = CARTESIAN_POINT('',(-4.294059820753,12.752001413922));
#4122 = CARTESIAN_POINT('',(-4.294063448389,12.751614345778));
#4123 = CARTESIAN_POINT('',(-4.294066952117,12.751227315785));
#4124 = CARTESIAN_POINT('',(-4.294070331978,12.750840324008));
#4125 = CARTESIAN_POINT('',(-4.294073588013,12.750453370446));
#4126 = CARTESIAN_POINT('',(-4.294076720264,12.750066455152));
#4127 = CARTESIAN_POINT('',(-4.294079728771,12.749679578138));
#4128 = CARTESIAN_POINT('',(-4.29408393523,12.749115512134));
#4129 = CARTESIAN_POINT('',(-4.29408530222,12.74892461085));
#4130 = CARTESIAN_POINT('',(-4.294086705969,12.748721435813));
#4131 = CARTESIAN_POINT('',(-4.294088130873,12.748508833597));
#4132 = CARTESIAN_POINT('',(-4.294089557697,12.748290450627));
#4133 = CARTESIAN_POINT('',(-4.294090966557,12.748070085273));
#4134 = CARTESIAN_POINT('',(-4.294092340498,12.747851041997));
#4135 = CARTESIAN_POINT('',(-4.294093668378,12.74763548306));
#4136 = CARTESIAN_POINT('',(-4.294094948415,12.747423782609));
#4137 = CARTESIAN_POINT('',(-4.294096191213,12.747213878853));
#4138 = CARTESIAN_POINT('',(-4.294097423123,12.747000627499));
#4139 = ( GEOMETRIC_REPRESENTATION_CONTEXT(2) 
PARAMETRIC_REPRESENTATION_CONTEXT() REPRESENTATION_CONTEXT('2D SPACE',''
  ) );
#4140 = ORIENTED_EDGE('',*,*,#3358,.F.);
#4141 = ORIENTED_EDGE('',*,*,#952,.F.);
#4142 = ADVANCED_FACE('',(#4143),#1702,.F.);
#4143 = FACE_BOUND('',#4144,.F.);
#4144 = EDGE_LOOP('',(#4145,#4221,#4294,#4295));
#4145 = ORIENTED_EDGE('',*,*,#4146,.T.);
#4146 = EDGE_CURVE('',#1492,#4147,#4149,.T.);
#4147 = VERTEX_POINT('',#4148);
#4148 = CARTESIAN_POINT('',(-27.25527965477,-7.142784797176,
    -8.149480925034));
#4149 = SURFACE_CURVE('',#4150,(#4155,#4215),.PCURVE_S1.);
#4150 = CIRCLE('',#4151,0.53);
#4151 = AXIS2_PLACEMENT_3D('',#4152,#4153,#4154);
#4152 = CARTESIAN_POINT('',(-26.79824450729,-7.148,-8.417793570326));
#4153 = DIRECTION('',(1.123134596822E-02,0.999936880022,
    -3.046959617613E-04));
#4154 = DIRECTION('',(-2.711909137484E-02,0.,-0.999632209807));
#4155 = PCURVE('',#1702,#4156);
#4156 = DEFINITIONAL_REPRESENTATION('',(#4157),#4214);
#4157 = B_SPLINE_CURVE_WITH_KNOTS('',10,(#4158,#4159,#4160,#4161,#4162,
    #4163,#4164,#4165,#4166,#4167,#4168,#4169,#4170,#4171,#4172,#4173,
    #4174,#4175,#4176,#4177,#4178,#4179,#4180,#4181,#4182,#4183,#4184,
    #4185,#4186,#4187,#4188,#4189,#4190,#4191,#4192,#4193,#4194,#4195,
    #4196,#4197,#4198,#4199,#4200,#4201,#4202,#4203,#4204,#4205,#4206,
    #4207,#4208,#4209,#4210,#4211,#4212,#4213),.UNSPECIFIED.,.F.,.F.,(11
    ,9,9,9,9,9,11),(0.,0.259313347727,0.518626695454,1.037253390908,
    1.555880086362,1.815193434089,2.074506781816),.UNSPECIFIED.);
#4158 = CARTESIAN_POINT('',(-7.771561172376E-16,71.190780082816));
#4159 = CARTESIAN_POINT('',(0.187747103717,71.190780082818));
#4160 = CARTESIAN_POINT('',(0.372407203289,71.19078008281));
#4161 = CARTESIAN_POINT('',(0.554152975713,71.190780082828));
#4162 = CARTESIAN_POINT('',(0.733145223423,71.190780082803));
#4163 = CARTESIAN_POINT('',(0.909541110021,71.190780082828));
#4164 = CARTESIAN_POINT('',(1.08348089771,71.19078008281));
#4165 = CARTESIAN_POINT('',(1.25509804206,71.190780082818));
#4166 = CARTESIAN_POINT('',(1.424526659684,71.190780082817));
#4167 = CARTESIAN_POINT('',(1.591884584985,71.190780082816));
#4168 = CARTESIAN_POINT('',(1.922694361844,71.190780082818));
#4169 = CARTESIAN_POINT('',(2.086145995357,71.190780082809));
#4170 = CARTESIAN_POINT('',(2.247760537554,71.190780082833));
#4171 = CARTESIAN_POINT('',(2.407648300843,71.190780082792));
#4172 = CARTESIAN_POINT('',(2.565914319469,71.190780082843));
#4173 = CARTESIAN_POINT('',(2.72265888081,71.190780082793));
#4174 = CARTESIAN_POINT('',(2.877978015074,71.190780082831));
#4175 = CARTESIAN_POINT('',(3.031963943233,71.190780082811));
#4176 = CARTESIAN_POINT('',(3.184705483354,71.190780082817));
#4177 = CARTESIAN_POINT('',(3.639454278906,71.190780082818));
#4178 = CARTESIAN_POINT('',(3.937985555879,71.190780082807));
#4179 = CARTESIAN_POINT('',(4.232569534738,71.190780082838));
#4180 = CARTESIAN_POINT('',(4.52384107905,71.190780082786));
#4181 = CARTESIAN_POINT('',(4.81239036072,71.190780082848));
#4182 = CARTESIAN_POINT('',(5.098814586557,71.190780082791));
#4183 = CARTESIAN_POINT('',(5.383627928519,71.190780082831));
#4184 = CARTESIAN_POINT('',(5.667392088034,71.190780082811));
#4185 = CARTESIAN_POINT('',(5.950624584251,71.190780082817));
#4186 = CARTESIAN_POINT('',(6.517090277121,71.190780082818));
#4187 = CARTESIAN_POINT('',(6.800322773337,71.190780082807));
#4188 = CARTESIAN_POINT('',(7.084086932856,71.190780082836));
#4189 = CARTESIAN_POINT('',(7.36890027481,71.190780082788));
#4190 = CARTESIAN_POINT('',(7.655324500657,71.190780082845));
#4191 = CARTESIAN_POINT('',(7.943873782318,71.190780082794));
#4192 = CARTESIAN_POINT('',(8.235145326636,71.190780082829));
#4193 = CARTESIAN_POINT('',(8.529729305492,71.190780082812));
#4194 = CARTESIAN_POINT('',(8.828260582466,71.190780082817));
#4195 = CARTESIAN_POINT('',(9.283009378018,71.190780082817));
#4196 = CARTESIAN_POINT('',(9.435750918138,71.190780082815));
#4197 = CARTESIAN_POINT('',(9.5897368463,71.19078008282));
#4198 = CARTESIAN_POINT('',(9.745055980557,71.190780082814));
#4199 = CARTESIAN_POINT('',(9.901800541907,71.190780082817));
#4200 = CARTESIAN_POINT('',(10.060066560525,71.190780082817));
#4201 = CARTESIAN_POINT('',(10.21995432382,71.190780082816));
#4202 = CARTESIAN_POINT('',(10.381568866014,71.190780082817));
#4203 = CARTESIAN_POINT('',(10.545020499528,71.190780082816));
#4204 = CARTESIAN_POINT('',(10.875830276387,71.190780082817));
#4205 = CARTESIAN_POINT('',(11.043188201688,71.190780082814));
#4206 = CARTESIAN_POINT('',(11.212616819312,71.190780082819));
#4207 = CARTESIAN_POINT('',(11.384233963663,71.190780082817));
#4208 = CARTESIAN_POINT('',(11.558173751348,71.190780082811));
#4209 = CARTESIAN_POINT('',(11.734569637952,71.190780082824));
#4210 = CARTESIAN_POINT('',(11.913561885656,71.19078008281));
#4211 = CARTESIAN_POINT('',(12.095307658084,71.19078008282));
#4212 = CARTESIAN_POINT('',(12.279967757655,71.190780082816));
#4213 = CARTESIAN_POINT('',(12.467714861372,71.190780082817));
#4214 = ( GEOMETRIC_REPRESENTATION_CONTEXT(2) 
PARAMETRIC_REPRESENTATION_CONTEXT() REPRESENTATION_CONTEXT('2D SPACE',''
  ) );
#4215 = PCURVE('',#1886,#4216);
#4216 = DEFINITIONAL_REPRESENTATION('',(#4217),#4220);
#4217 = B_SPLINE_CURVE_WITH_KNOTS('',1,(#4218,#4219),.UNSPECIFIED.,.F.,
  .F.,(2,2),(0.,2.074506781816),.PIECEWISE_BEZIER_KNOTS.);
#4218 = CARTESIAN_POINT('',(0.,14.286820620666));
#4219 = CARTESIAN_POINT('',(-2.074506781816,14.286820620666));
#4220 = ( GEOMETRIC_REPRESENTATION_CONTEXT(2) 
PARAMETRIC_REPRESENTATION_CONTEXT() REPRESENTATION_CONTEXT('2D SPACE',''
  ) );
#4221 = ORIENTED_EDGE('',*,*,#4222,.T.);
#4222 = EDGE_CURVE('',#4147,#3875,#4223,.T.);
#4223 = SURFACE_CURVE('',#4224,(#4254,#4261),.PCURVE_S1.);
#4224 = ( BOUNDED_CURVE() B_SPLINE_CURVE(10,(#4225,#4226,#4227,#4228,
    #4229,#4230,#4231,#4232,#4233,#4234,#4235,#4236,#4237,#4238,#4239,
    #4240,#4241,#4242,#4243,#4244,#4245,#4246,#4247,#4248,#4249,#4250,
#4251,#4252,#4253),.UNSPECIFIED.,.F.,.F.) B_SPLINE_CURVE_WITH_KNOTS((11,
    9,9,11),(71.190780082816,71.201820433713,83.337551998513,
83.658494944188),.UNSPECIFIED.) CURVE() GEOMETRIC_REPRESENTATION_ITEM() 
RATIONAL_B_SPLINE_CURVE((1.,1.,1.,1.,1.,1.,1.,1.,1.,1.,1.,1.,1.,1.,1.,1.
,1.,1.,1.,1.,1.,1.,1.,1.,1.,1.,1.,1.,1.)) REPRESENTATION_ITEM('') );
#4225 = CARTESIAN_POINT('',(-27.25527965477,-7.142784797179,
    -8.149480925034));
#4226 = CARTESIAN_POINT('',(-27.25529097799,-7.143792913494,
    -8.149480617846));
#4227 = CARTESIAN_POINT('',(-27.25530213731,-7.144793515699,
    -8.149480177533));
#4228 = CARTESIAN_POINT('',(-27.25531338594,-7.145810418139,
    -8.149479572514));
#4229 = CARTESIAN_POINT('',(-27.25532454888,-7.146827246651,
    -8.149478822976));
#4230 = CARTESIAN_POINT('',(-27.25533546991,-7.147829285165,
    -8.149477948843));
#4231 = CARTESIAN_POINT('',(-27.25534621895,-7.148822945228,
    -8.149476944605));
#4232 = CARTESIAN_POINT('',(-27.25535705989,-7.149832858413,
    -8.149475781003));
#4233 = CARTESIAN_POINT('',(-27.25536817884,-7.150876591666,
    -8.149474433582));
#4234 = CARTESIAN_POINT('',(-27.25537917276,-7.151916985537,
    -8.149472938092));
#4235 = CARTESIAN_POINT('',(-27.26541952865,-8.114748886277,
    -8.147860758721));
#4236 = CARTESIAN_POINT('',(-27.19321335274,-9.075477584193,
    -8.006193357117));
#4237 = CARTESIAN_POINT('',(-27.03907500117,-10.01926667715,
    -7.725294573156));
#4238 = CARTESIAN_POINT('',(-26.80167005049,-10.92877220477,
    -7.303228507947));
#4239 = CARTESIAN_POINT('',(-26.48109465968,-11.78868844035,
    -6.740456453597));
#4240 = CARTESIAN_POINT('',(-26.07519236209,-12.55097876569,
    -6.034238843556));
#4241 = CARTESIAN_POINT('',(-25.60421948556,-13.20988297259,
    -5.219191617849));
#4242 = CARTESIAN_POINT('',(-25.06374790661,-13.71370198605,
    -4.288776929908));
#4243 = CARTESIAN_POINT('',(-24.50369106906,-14.06317790814,
    -3.328001313518));
#4244 = CARTESIAN_POINT('',(-23.89545431539,-14.25768827111,
    -2.288169645842));
#4245 = CARTESIAN_POINT('',(-23.8806004103,-14.26239648037,
    -2.262776467057));
#4246 = CARTESIAN_POINT('',(-23.86627533463,-14.26690570687,
    -2.238287946985));
#4247 = CARTESIAN_POINT('',(-23.85226169077,-14.27129281823,
    -2.214332283401));
#4248 = CARTESIAN_POINT('',(-23.83840177738,-14.27561140635,
    -2.190639811259));
#4249 = CARTESIAN_POINT('',(-23.82458635776,-14.27989596044,
    -2.167023789912));
#4250 = CARTESIAN_POINT('',(-23.81074342819,-14.28416604005,
    -2.143361190317));
#4251 = CARTESIAN_POINT('',(-23.79682698619,-14.28843044812,
    -2.119573482256));
#4252 = CARTESIAN_POINT('',(-23.7828057989,-14.292691404,-2.095607421545
    ));
#4253 = CARTESIAN_POINT('',(-23.76865217141,-14.29694871649,
    -2.071415837246));
#4254 = PCURVE('',#1702,#4255);
#4255 = DEFINITIONAL_REPRESENTATION('',(#4256),#4260);
#4256 = LINE('',#4257,#4258);
#4257 = CARTESIAN_POINT('',(12.467714861372,0.));
#4258 = VECTOR('',#4259,1.);
#4259 = DIRECTION('',(0.,1.));
#4260 = ( GEOMETRIC_REPRESENTATION_CONTEXT(2) 
PARAMETRIC_REPRESENTATION_CONTEXT() REPRESENTATION_CONTEXT('2D SPACE',''
  ) );
#4261 = PCURVE('',#3432,#4262);
#4262 = DEFINITIONAL_REPRESENTATION('',(#4263),#4293);
#4263 = B_SPLINE_CURVE_WITH_KNOTS('',10,(#4264,#4265,#4266,#4267,#4268,
    #4269,#4270,#4271,#4272,#4273,#4274,#4275,#4276,#4277,#4278,#4279,
    #4280,#4281,#4282,#4283,#4284,#4285,#4286,#4287,#4288,#4289,#4290,
    #4291,#4292),.UNSPECIFIED.,.F.,.F.,(11,9,9,11),(71.190780082816,
    71.201820433713,83.337551998513,83.658494944188),.UNSPECIFIED.);
#4264 = CARTESIAN_POINT('',(4.819972361464,7.111829109447));
#4265 = CARTESIAN_POINT('',(4.819977829213,7.112837274571));
#4266 = CARTESIAN_POINT('',(4.819983099182,7.113837925221));
#4267 = CARTESIAN_POINT('',(4.819988272328,7.114854876897));
#4268 = CARTESIAN_POINT('',(4.81999327746,7.115871754639));
#4269 = CARTESIAN_POINT('',(4.819998052676,7.116873841669));
#4270 = CARTESIAN_POINT('',(4.820002628614,7.117867549841));
#4271 = CARTESIAN_POINT('',(4.820007113655,7.118877511923));
#4272 = CARTESIAN_POINT('',(4.820011580919,7.11992129571));
#4273 = CARTESIAN_POINT('',(4.820015857193,7.120961739953));
#4274 = CARTESIAN_POINT('',(4.823708737513,8.083840257517));
#4275 = CARTESIAN_POINT('',(4.664982540012,9.044615470427));
#4276 = CARTESIAN_POINT('',(4.344706871906,9.988450258226));
#4277 = CARTESIAN_POINT('',(3.860536682816,10.897999820803));
#4278 = CARTESIAN_POINT('',(3.212918461122,11.75795769041));
#4279 = CARTESIAN_POINT('',(2.398397916038,12.520284923077));
#4280 = CARTESIAN_POINT('',(1.457082140569,13.179221031719));
#4281 = CARTESIAN_POINT('',(0.381091230201,13.68306443827));
#4282 = CARTESIAN_POINT('',(-0.730997623954,14.03255728071));
#4283 = CARTESIAN_POINT('',(-1.935654497063,14.227077061172));
#4284 = CARTESIAN_POINT('',(-1.965073026578,14.231785498383));
#4285 = CARTESIAN_POINT('',(-1.993443670545,14.236294943203));
#4286 = CARTESIAN_POINT('',(-2.021197123814,14.240682266971));
#4287 = CARTESIAN_POINT('',(-2.048645778233,14.245001064181));
#4288 = CARTESIAN_POINT('',(-2.076005977533,14.249285825713));
#4289 = CARTESIAN_POINT('',(-2.10342027222,14.253556112069));
#4290 = CARTESIAN_POINT('',(-2.130979674459,14.257820726609));
#4291 = CARTESIAN_POINT('',(-2.158745912964,14.262081888789));
#4292 = CARTESIAN_POINT('',(-2.186773687884,14.266339407394));
#4293 = ( GEOMETRIC_REPRESENTATION_CONTEXT(2) 
PARAMETRIC_REPRESENTATION_CONTEXT() REPRESENTATION_CONTEXT('2D SPACE',''
  ) );
#4294 = ORIENTED_EDGE('',*,*,#3874,.F.);
#4295 = ORIENTED_EDGE('',*,*,#1491,.F.);
#4296 = ADVANCED_FACE('',(#4297),#2174,.T.);
#4297 = FACE_BOUND('',#4298,.F.);
#4298 = EDGE_LOOP('',(#4299,#4326,#4327,#4328));
#4299 = ORIENTED_EDGE('',*,*,#4300,.T.);
#4300 = EDGE_CURVE('',#4301,#2138,#4303,.T.);
#4301 = VERTEX_POINT('',#4302);
#4302 = CARTESIAN_POINT('',(-2.2E-02,-16.329,-7.536616903657));
#4303 = SURFACE_CURVE('',#4304,(#4309,#4319),.PCURVE_S1.);
#4304 = ELLIPSE('',#4305,2.137786256821,2.137);
#4305 = AXIS2_PLACEMENT_3D('',#4306,#4307,#4308);
#4306 = CARTESIAN_POINT('',(-2.2E-02,-14.192,-7.536616903657));
#4307 = DIRECTION('',(1.,0.,-0.));
#4308 = DIRECTION('',(0.,0.,1.));
#4309 = PCURVE('',#2174,#4310);
#4310 = DEFINITIONAL_REPRESENTATION('',(#4311),#4318);
#4311 = B_SPLINE_CURVE_WITH_KNOTS('',5,(#4312,#4313,#4314,#4315,#4316,
    #4317),.UNSPECIFIED.,.F.,.F.,(6,6),(1.570796326795,3.14159265359),
  .PIECEWISE_BEZIER_KNOTS.);
#4312 = CARTESIAN_POINT('',(-1.110223024625E-16,5.79748208386E-02));
#4313 = CARTESIAN_POINT('',(-0.314159265359,3.976149371463E-02));
#4314 = CARTESIAN_POINT('',(-0.628318520756,2.153168241273E-02));
#4315 = CARTESIAN_POINT('',(-0.942477819388,7.132654950736E-03));
#4316 = CARTESIAN_POINT('',(-1.256637061436,-3.527271067819E-18));
#4317 = CARTESIAN_POINT('',(-1.570796326795,-2.428612866368E-17));
#4318 = ( GEOMETRIC_REPRESENTATION_CONTEXT(2) 
PARAMETRIC_REPRESENTATION_CONTEXT() REPRESENTATION_CONTEXT('2D SPACE',''
  ) );
#4319 = PCURVE('',#2047,#4320);
#4320 = DEFINITIONAL_REPRESENTATION('',(#4321),#4325);
#4321 = ELLIPSE('',#4322,2.137786256821,2.137);
#4322 = AXIS2_PLACEMENT_2D('',#4323,#4324);
#4323 = CARTESIAN_POINT('',(3.330267002656,-2.137));
#4324 = DIRECTION('',(1.,0.));
#4325 = ( GEOMETRIC_REPRESENTATION_CONTEXT(2) 
PARAMETRIC_REPRESENTATION_CONTEXT() REPRESENTATION_CONTEXT('2D SPACE',''
  ) );
#4326 = ORIENTED_EDGE('',*,*,#2160,.T.);
#4327 = ORIENTED_EDGE('',*,*,#2466,.F.);
#4328 = ORIENTED_EDGE('',*,*,#4329,.F.);
#4329 = EDGE_CURVE('',#4301,#2437,#4330,.T.);
#4330 = SURFACE_CURVE('',#4331,(#4335,#4342),.PCURVE_S1.);
#4331 = LINE('',#4332,#4333);
#4332 = CARTESIAN_POINT('',(3.595349826804E-02,-16.329,-7.538189128121)
  );
#4333 = VECTOR('',#4334,1.);
#4334 = DIRECTION('',(-0.999632209807,-0.,2.711909137484E-02));
#4335 = PCURVE('',#2174,#4336);
#4336 = DEFINITIONAL_REPRESENTATION('',(#4337),#4341);
#4337 = LINE('',#4338,#4339);
#4338 = CARTESIAN_POINT('',(-0.,0.));
#4339 = VECTOR('',#4340,1.);
#4340 = DIRECTION('',(-0.,1.));
#4341 = ( GEOMETRIC_REPRESENTATION_CONTEXT(2) 
PARAMETRIC_REPRESENTATION_CONTEXT() REPRESENTATION_CONTEXT('2D SPACE',''
  ) );
#4342 = PCURVE('',#2454,#4343);
#4343 = DEFINITIONAL_REPRESENTATION('',(#4344),#4348);
#4344 = LINE('',#4345,#4346);
#4345 = CARTESIAN_POINT('',(3.328694778192,1.100953498268));
#4346 = VECTOR('',#4347,1.);
#4347 = DIRECTION('',(2.711909137484E-02,-0.999632209807));
#4348 = ( GEOMETRIC_REPRESENTATION_CONTEXT(2) 
PARAMETRIC_REPRESENTATION_CONTEXT() REPRESENTATION_CONTEXT('2D SPACE',''
  ) );
#4349 = ADVANCED_FACE('',(#4350),#2047,.T.);
#4350 = FACE_BOUND('',#4351,.T.);
#4351 = EDGE_LOOP('',(#4352,#4373,#4374,#4375,#4397,#4424,#4444,#4445,
    #4472,#4500,#4528,#4556,#4584,#4612,#4640,#4668,#4696,#4724,#4752,
    #4773));
#4352 = ORIENTED_EDGE('',*,*,#4353,.F.);
#4353 = EDGE_CURVE('',#4301,#2995,#4354,.T.);
#4354 = SURFACE_CURVE('',#4355,(#4359,#4366),.PCURVE_S1.);
#4355 = LINE('',#4356,#4357);
#4356 = CARTESIAN_POINT('',(-2.2E-02,-16.329,-10.86688390631));
#4357 = VECTOR('',#4358,1.);
#4358 = DIRECTION('',(0.,0.,1.));
#4359 = PCURVE('',#2047,#4360);
#4360 = DEFINITIONAL_REPRESENTATION('',(#4361),#4365);
#4361 = LINE('',#4362,#4363);
#4362 = CARTESIAN_POINT('',(0.,0.));
#4363 = VECTOR('',#4364,1.);
#4364 = DIRECTION('',(1.,0.));
#4365 = ( GEOMETRIC_REPRESENTATION_CONTEXT(2) 
PARAMETRIC_REPRESENTATION_CONTEXT() REPRESENTATION_CONTEXT('2D SPACE',''
  ) );
#4366 = PCURVE('',#2454,#4367);
#4367 = DEFINITIONAL_REPRESENTATION('',(#4368),#4372);
#4368 = LINE('',#4369,#4370);
#4369 = CARTESIAN_POINT('',(0.,1.043));
#4370 = VECTOR('',#4371,1.);
#4371 = DIRECTION('',(1.,0.));
#4372 = ( GEOMETRIC_REPRESENTATION_CONTEXT(2) 
PARAMETRIC_REPRESENTATION_CONTEXT() REPRESENTATION_CONTEXT('2D SPACE',''
  ) );
#4373 = ORIENTED_EDGE('',*,*,#4300,.T.);
#4374 = ORIENTED_EDGE('',*,*,#2137,.T.);
#4375 = ORIENTED_EDGE('',*,*,#4376,.T.);
#4376 = EDGE_CURVE('',#2112,#4377,#4379,.T.);
#4377 = VERTEX_POINT('',#4378);
#4378 = CARTESIAN_POINT('',(-2.2E-02,-1.558,-6.084));
#4379 = SURFACE_CURVE('',#4380,(#4384,#4391),.PCURVE_S1.);
#4380 = LINE('',#4381,#4382);
#4381 = CARTESIAN_POINT('',(-2.2E-02,-1.558,-11.36688390631));
#4382 = VECTOR('',#4383,1.);
#4383 = DIRECTION('',(0.,0.,1.));
#4384 = PCURVE('',#2047,#4385);
#4385 = DEFINITIONAL_REPRESENTATION('',(#4386),#4390);
#4386 = LINE('',#4387,#4388);
#4387 = CARTESIAN_POINT('',(-0.5,-14.771));
#4388 = VECTOR('',#4389,1.);
#4389 = DIRECTION('',(1.,0.));
#4390 = ( GEOMETRIC_REPRESENTATION_CONTEXT(2) 
PARAMETRIC_REPRESENTATION_CONTEXT() REPRESENTATION_CONTEXT('2D SPACE',''
  ) );
#4391 = PCURVE('',#2126,#4392);
#4392 = DEFINITIONAL_REPRESENTATION('',(#4393),#4396);
#4393 = B_SPLINE_CURVE_WITH_KNOTS('',1,(#4394,#4395),.UNSPECIFIED.,.F.,
  .F.,(2,2),(1.692480745835,5.282883906313),.PIECEWISE_BEZIER_KNOTS.);
#4394 = CARTESIAN_POINT('',(2.192480745835,1.48));
#4395 = CARTESIAN_POINT('',(5.782883906313,1.48));
#4396 = ( GEOMETRIC_REPRESENTATION_CONTEXT(2) 
PARAMETRIC_REPRESENTATION_CONTEXT() REPRESENTATION_CONTEXT('2D SPACE',''
  ) );
#4397 = ORIENTED_EDGE('',*,*,#4398,.F.);
#4398 = EDGE_CURVE('',#4399,#4377,#4401,.T.);
#4399 = VERTEX_POINT('',#4400);
#4400 = CARTESIAN_POINT('',(-2.2E-02,1.504,-6.084));
#4401 = SURFACE_CURVE('',#4402,(#4406,#4413),.PCURVE_S1.);
#4402 = LINE('',#4403,#4404);
#4403 = CARTESIAN_POINT('',(-2.2E-02,-8.9435,-6.084));
#4404 = VECTOR('',#4405,1.);
#4405 = DIRECTION('',(0.,-1.,0.));
#4406 = PCURVE('',#2047,#4407);
#4407 = DEFINITIONAL_REPRESENTATION('',(#4408),#4412);
#4408 = LINE('',#4409,#4410);
#4409 = CARTESIAN_POINT('',(4.782883906313,-7.3855));
#4410 = VECTOR('',#4411,1.);
#4411 = DIRECTION('',(0.,1.));
#4412 = ( GEOMETRIC_REPRESENTATION_CONTEXT(2) 
PARAMETRIC_REPRESENTATION_CONTEXT() REPRESENTATION_CONTEXT('2D SPACE',''
  ) );
#4413 = PCURVE('',#4414,#4419);
#4414 = PLANE('',#4415);
#4415 = AXIS2_PLACEMENT_3D('',#4416,#4417,#4418);
#4416 = CARTESIAN_POINT('',(-1.502,-1.558,-6.084));
#4417 = DIRECTION('',(0.,0.,1.));
#4418 = DIRECTION('',(1.,0.,-0.));
#4419 = DEFINITIONAL_REPRESENTATION('',(#4420),#4423);
#4420 = B_SPLINE_CURVE_WITH_KNOTS('',1,(#4421,#4422),.UNSPECIFIED.,.F.,
  .F.,(2,2),(-10.4475,-7.3855),.PIECEWISE_BEZIER_KNOTS.);
#4421 = CARTESIAN_POINT('',(1.48,3.062));
#4422 = CARTESIAN_POINT('',(1.48,0.));
#4423 = ( GEOMETRIC_REPRESENTATION_CONTEXT(2) 
PARAMETRIC_REPRESENTATION_CONTEXT() REPRESENTATION_CONTEXT('2D SPACE',''
  ) );
#4424 = ORIENTED_EDGE('',*,*,#4425,.F.);
#4425 = EDGE_CURVE('',#2032,#4399,#4426,.T.);
#4426 = SURFACE_CURVE('',#4427,(#4431,#4438),.PCURVE_S1.);
#4427 = LINE('',#4428,#4429);
#4428 = CARTESIAN_POINT('',(-2.2E-02,1.504,-11.36688390631));
#4429 = VECTOR('',#4430,1.);
#4430 = DIRECTION('',(0.,0.,1.));
#4431 = PCURVE('',#2047,#4432);
#4432 = DEFINITIONAL_REPRESENTATION('',(#4433),#4437);
#4433 = LINE('',#4434,#4435);
#4434 = CARTESIAN_POINT('',(-0.5,-17.833));
#4435 = VECTOR('',#4436,1.);
#4436 = DIRECTION('',(1.,0.));
#4437 = ( GEOMETRIC_REPRESENTATION_CONTEXT(2) 
PARAMETRIC_REPRESENTATION_CONTEXT() REPRESENTATION_CONTEXT('2D SPACE',''
  ) );
#4438 = PCURVE('',#2074,#4439);
#4439 = DEFINITIONAL_REPRESENTATION('',(#4440),#4443);
#4440 = B_SPLINE_CURVE_WITH_KNOTS('',1,(#4441,#4442),.UNSPECIFIED.,.F.,
  .F.,(2,2),(1.692480745835,5.282883906313),.PIECEWISE_BEZIER_KNOTS.);
#4441 = CARTESIAN_POINT('',(2.192480745835,1.48));
#4442 = CARTESIAN_POINT('',(5.782883906313,1.48));
#4443 = ( GEOMETRIC_REPRESENTATION_CONTEXT(2) 
PARAMETRIC_REPRESENTATION_CONTEXT() REPRESENTATION_CONTEXT('2D SPACE',''
  ) );
#4444 = ORIENTED_EDGE('',*,*,#2031,.T.);
#4445 = ORIENTED_EDGE('',*,*,#4446,.T.);
#4446 = EDGE_CURVE('',#2004,#4447,#4449,.T.);
#4447 = VERTEX_POINT('',#4448);
#4448 = CARTESIAN_POINT('',(-2.2E-02,16.208,-7.536616903657));
#4449 = SURFACE_CURVE('',#4450,(#4455,#4462),.PCURVE_S1.);
#4450 = ELLIPSE('',#4451,2.137786256821,2.137);
#4451 = AXIS2_PLACEMENT_3D('',#4452,#4453,#4454);
#4452 = CARTESIAN_POINT('',(-2.2E-02,14.071,-7.536616903657));
#4453 = DIRECTION('',(1.,0.,-0.));
#4454 = DIRECTION('',(0.,0.,1.));
#4455 = PCURVE('',#2047,#4456);
#4456 = DEFINITIONAL_REPRESENTATION('',(#4457),#4461);
#4457 = ELLIPSE('',#4458,2.137786256821,2.137);
#4458 = AXIS2_PLACEMENT_2D('',#4459,#4460);
#4459 = CARTESIAN_POINT('',(3.330267002656,-30.4));
#4460 = DIRECTION('',(1.,0.));
#4461 = ( GEOMETRIC_REPRESENTATION_CONTEXT(2) 
PARAMETRIC_REPRESENTATION_CONTEXT() REPRESENTATION_CONTEXT('2D SPACE',''
  ) );
#4462 = PCURVE('',#2019,#4463);
#4463 = DEFINITIONAL_REPRESENTATION('',(#4464),#4471);
#4464 = B_SPLINE_CURVE_WITH_KNOTS('',5,(#4465,#4466,#4467,#4468,#4469,
    #4470),.UNSPECIFIED.,.F.,.F.,(6,6),(3.14159265359,4.712388980385),
  .PIECEWISE_BEZIER_KNOTS.);
#4465 = CARTESIAN_POINT('',(0.,-3.122502256758E-17));
#4466 = CARTESIAN_POINT('',(-0.314159265359,-5.92923063078E-17));
#4467 = CARTESIAN_POINT('',(-0.628318507407,7.132654950737E-03));
#4468 = CARTESIAN_POINT('',(-0.942477806038,2.153168241273E-02));
#4469 = CARTESIAN_POINT('',(-1.256637061436,3.976149371463E-02));
#4470 = CARTESIAN_POINT('',(-1.570796326795,5.79748208386E-02));
#4471 = ( GEOMETRIC_REPRESENTATION_CONTEXT(2) 
PARAMETRIC_REPRESENTATION_CONTEXT() REPRESENTATION_CONTEXT('2D SPACE',''
  ) );
#4472 = ORIENTED_EDGE('',*,*,#4473,.T.);
#4473 = EDGE_CURVE('',#4447,#4474,#4476,.T.);
#4474 = VERTEX_POINT('',#4475);
#4475 = CARTESIAN_POINT('',(-2.2E-02,16.208,-6.403));
#4476 = SURFACE_CURVE('',#4477,(#4481,#4488),.PCURVE_S1.);
#4477 = LINE('',#4478,#4479);
#4478 = CARTESIAN_POINT('',(-2.2E-02,16.208,-10.86688390631));
#4479 = VECTOR('',#4480,1.);
#4480 = DIRECTION('',(0.,0.,1.));
#4481 = PCURVE('',#2047,#4482);
#4482 = DEFINITIONAL_REPRESENTATION('',(#4483),#4487);
#4483 = LINE('',#4484,#4485);
#4484 = CARTESIAN_POINT('',(0.,-32.537));
#4485 = VECTOR('',#4486,1.);
#4486 = DIRECTION('',(1.,0.));
#4487 = ( GEOMETRIC_REPRESENTATION_CONTEXT(2) 
PARAMETRIC_REPRESENTATION_CONTEXT() REPRESENTATION_CONTEXT('2D SPACE',''
  ) );
#4488 = PCURVE('',#4489,#4494);
#4489 = PLANE('',#4490);
#4490 = AXIS2_PLACEMENT_3D('',#4491,#4492,#4493);
#4491 = CARTESIAN_POINT('',(-1.065,16.208,-10.86688390631));
#4492 = DIRECTION('',(-0.,1.,0.));
#4493 = DIRECTION('',(0.,0.,1.));
#4494 = DEFINITIONAL_REPRESENTATION('',(#4495),#4499);
#4495 = LINE('',#4496,#4497);
#4496 = CARTESIAN_POINT('',(0.,1.043));
#4497 = VECTOR('',#4498,1.);
#4498 = DIRECTION('',(1.,0.));
#4499 = ( GEOMETRIC_REPRESENTATION_CONTEXT(2) 
PARAMETRIC_REPRESENTATION_CONTEXT() REPRESENTATION_CONTEXT('2D SPACE',''
  ) );
#4500 = ORIENTED_EDGE('',*,*,#4501,.T.);
#4501 = EDGE_CURVE('',#4474,#4502,#4504,.T.);
#4502 = VERTEX_POINT('',#4503);
#4503 = CARTESIAN_POINT('',(-2.2E-02,17.74,-6.403));
#4504 = SURFACE_CURVE('',#4505,(#4509,#4516),.PCURVE_S1.);
#4505 = LINE('',#4506,#4507);
#4506 = CARTESIAN_POINT('',(-2.2E-02,15.729,-6.403));
#4507 = VECTOR('',#4508,1.);
#4508 = DIRECTION('',(-0.,1.,0.));
#4509 = PCURVE('',#2047,#4510);
#4510 = DEFINITIONAL_REPRESENTATION('',(#4511),#4515);
#4511 = LINE('',#4512,#4513);
#4512 = CARTESIAN_POINT('',(4.463883906313,-32.058));
#4513 = VECTOR('',#4514,1.);
#4514 = DIRECTION('',(0.,-1.));
#4515 = ( GEOMETRIC_REPRESENTATION_CONTEXT(2) 
PARAMETRIC_REPRESENTATION_CONTEXT() REPRESENTATION_CONTEXT('2D SPACE',''
  ) );
#4516 = PCURVE('',#4517,#4522);
#4517 = PLANE('',#4518);
#4518 = AXIS2_PLACEMENT_3D('',#4519,#4520,#4521);
#4519 = CARTESIAN_POINT('',(-6.176,15.729,-6.403));
#4520 = DIRECTION('',(0.,0.,1.));
#4521 = DIRECTION('',(1.,0.,-0.));
#4522 = DEFINITIONAL_REPRESENTATION('',(#4523),#4527);
#4523 = LINE('',#4524,#4525);
#4524 = CARTESIAN_POINT('',(6.154,0.));
#4525 = VECTOR('',#4526,1.);
#4526 = DIRECTION('',(0.,1.));
#4527 = ( GEOMETRIC_REPRESENTATION_CONTEXT(2) 
PARAMETRIC_REPRESENTATION_CONTEXT() REPRESENTATION_CONTEXT('2D SPACE',''
  ) );
#4528 = ORIENTED_EDGE('',*,*,#4529,.T.);
#4529 = EDGE_CURVE('',#4502,#4530,#4532,.T.);
#4530 = VERTEX_POINT('',#4531);
#4531 = CARTESIAN_POINT('',(-2.2E-02,17.74,-2.282));
#4532 = SURFACE_CURVE('',#4533,(#4537,#4544),.PCURVE_S1.);
#4533 = LINE('',#4534,#4535);
#4534 = CARTESIAN_POINT('',(-2.2E-02,17.74,-6.403));
#4535 = VECTOR('',#4536,1.);
#4536 = DIRECTION('',(2.6940621806E-17,0.,1.));
#4537 = PCURVE('',#2047,#4538);
#4538 = DEFINITIONAL_REPRESENTATION('',(#4539),#4543);
#4539 = LINE('',#4540,#4541);
#4540 = CARTESIAN_POINT('',(4.463883906313,-34.069));
#4541 = VECTOR('',#4542,1.);
#4542 = DIRECTION('',(1.,0.));
#4543 = ( GEOMETRIC_REPRESENTATION_CONTEXT(2) 
PARAMETRIC_REPRESENTATION_CONTEXT() REPRESENTATION_CONTEXT('2D SPACE',''
  ) );
#4544 = PCURVE('',#4545,#4550);
#4545 = PLANE('',#4546);
#4546 = AXIS2_PLACEMENT_3D('',#4547,#4548,#4549);
#4547 = CARTESIAN_POINT('',(-6.176,17.74,-6.403));
#4548 = DIRECTION('',(-0.,1.,0.));
#4549 = DIRECTION('',(0.,0.,1.));
#4550 = DEFINITIONAL_REPRESENTATION('',(#4551),#4555);
#4551 = LINE('',#4552,#4553);
#4552 = CARTESIAN_POINT('',(8.881784197001E-16,6.154));
#4553 = VECTOR('',#4554,1.);
#4554 = DIRECTION('',(1.,2.6940621806E-17));
#4555 = ( GEOMETRIC_REPRESENTATION_CONTEXT(2) 
PARAMETRIC_REPRESENTATION_CONTEXT() REPRESENTATION_CONTEXT('2D SPACE',''
  ) );
#4556 = ORIENTED_EDGE('',*,*,#4557,.F.);
#4557 = EDGE_CURVE('',#4558,#4530,#4560,.T.);
#4558 = VERTEX_POINT('',#4559);
#4559 = CARTESIAN_POINT('',(-2.2E-02,16.208,-2.282));
#4560 = SURFACE_CURVE('',#4561,(#4565,#4572),.PCURVE_S1.);
#4561 = LINE('',#4562,#4563);
#4562 = CARTESIAN_POINT('',(-2.2E-02,15.729,-2.282));
#4563 = VECTOR('',#4564,1.);
#4564 = DIRECTION('',(-0.,1.,0.));
#4565 = PCURVE('',#2047,#4566);
#4566 = DEFINITIONAL_REPRESENTATION('',(#4567),#4571);
#4567 = LINE('',#4568,#4569);
#4568 = CARTESIAN_POINT('',(8.584883906313,-32.058));
#4569 = VECTOR('',#4570,1.);
#4570 = DIRECTION('',(0.,-1.));
#4571 = ( GEOMETRIC_REPRESENTATION_CONTEXT(2) 
PARAMETRIC_REPRESENTATION_CONTEXT() REPRESENTATION_CONTEXT('2D SPACE',''
  ) );
#4572 = PCURVE('',#4573,#4578);
#4573 = PLANE('',#4574);
#4574 = AXIS2_PLACEMENT_3D('',#4575,#4576,#4577);
#4575 = CARTESIAN_POINT('',(-0.882,15.729,-2.282));
#4576 = DIRECTION('',(0.,0.,1.));
#4577 = DIRECTION('',(1.,0.,-0.));
#4578 = DEFINITIONAL_REPRESENTATION('',(#4579),#4583);
#4579 = LINE('',#4580,#4581);
#4580 = CARTESIAN_POINT('',(0.86,0.));
#4581 = VECTOR('',#4582,1.);
#4582 = DIRECTION('',(0.,1.));
#4583 = ( GEOMETRIC_REPRESENTATION_CONTEXT(2) 
PARAMETRIC_REPRESENTATION_CONTEXT() REPRESENTATION_CONTEXT('2D SPACE',''
  ) );
#4584 = ORIENTED_EDGE('',*,*,#4585,.T.);
#4585 = EDGE_CURVE('',#4558,#4586,#4588,.T.);
#4586 = VERTEX_POINT('',#4587);
#4587 = CARTESIAN_POINT('',(-2.2E-02,16.208,-1.817));
#4588 = SURFACE_CURVE('',#4589,(#4593,#4600),.PCURVE_S1.);
#4589 = LINE('',#4590,#4591);
#4590 = CARTESIAN_POINT('',(-2.2E-02,16.208,-10.86688390631));
#4591 = VECTOR('',#4592,1.);
#4592 = DIRECTION('',(0.,0.,1.));
#4593 = PCURVE('',#2047,#4594);
#4594 = DEFINITIONAL_REPRESENTATION('',(#4595),#4599);
#4595 = LINE('',#4596,#4597);
#4596 = CARTESIAN_POINT('',(0.,-32.537));
#4597 = VECTOR('',#4598,1.);
#4598 = DIRECTION('',(1.,0.));
#4599 = ( GEOMETRIC_REPRESENTATION_CONTEXT(2) 
PARAMETRIC_REPRESENTATION_CONTEXT() REPRESENTATION_CONTEXT('2D SPACE',''
  ) );
#4600 = PCURVE('',#4601,#4606);
#4601 = PLANE('',#4602);
#4602 = AXIS2_PLACEMENT_3D('',#4603,#4604,#4605);
#4603 = CARTESIAN_POINT('',(-1.065,16.208,-10.86688390631));
#4604 = DIRECTION('',(-0.,1.,0.));
#4605 = DIRECTION('',(0.,0.,1.));
#4606 = DEFINITIONAL_REPRESENTATION('',(#4607),#4611);
#4607 = LINE('',#4608,#4609);
#4608 = CARTESIAN_POINT('',(0.,1.043));
#4609 = VECTOR('',#4610,1.);
#4610 = DIRECTION('',(1.,0.));
#4611 = ( GEOMETRIC_REPRESENTATION_CONTEXT(2) 
PARAMETRIC_REPRESENTATION_CONTEXT() REPRESENTATION_CONTEXT('2D SPACE',''
  ) );
#4612 = ORIENTED_EDGE('',*,*,#4613,.F.);
#4613 = EDGE_CURVE('',#4614,#4586,#4616,.T.);
#4614 = VERTEX_POINT('',#4615);
#4615 = CARTESIAN_POINT('',(-2.2E-02,16.189,-1.560564823006));
#4616 = SURFACE_CURVE('',#4617,(#4622,#4633),.PCURVE_S1.);
#4617 = CIRCLE('',#4618,1.74);
#4618 = AXIS2_PLACEMENT_3D('',#4619,#4620,#4621);
#4619 = CARTESIAN_POINT('',(-2.2E-02,14.468,-1.817));
#4620 = DIRECTION('',(-1.,-0.,0.));
#4621 = DIRECTION('',(0.,0.,1.));
#4622 = PCURVE('',#2047,#4623);
#4623 = DEFINITIONAL_REPRESENTATION('',(#4624),#4632);
#4624 = ( BOUNDED_CURVE() B_SPLINE_CURVE(2,(#4625,#4626,#4627,#4628,
#4629,#4630,#4631),.UNSPECIFIED.,.T.,.F.) B_SPLINE_CURVE_WITH_KNOTS((1,2
    ,2,2,2,1),(-2.094395102393,0.,2.094395102393,4.188790204786,
6.28318530718,8.377580409573),.UNSPECIFIED.) CURVE() 
GEOMETRIC_REPRESENTATION_ITEM() RATIONAL_B_SPLINE_CURVE((1.,0.5,1.,0.5,
1.,0.5,1.)) REPRESENTATION_ITEM('') );
#4625 = CARTESIAN_POINT('',(10.789883906313,-30.797));
#4626 = CARTESIAN_POINT('',(10.789883906313,-33.81076840517));
#4627 = CARTESIAN_POINT('',(8.179883906313,-32.30388420258));
#4628 = CARTESIAN_POINT('',(5.569883906313,-30.797));
#4629 = CARTESIAN_POINT('',(8.179883906313,-29.29011579741));
#4630 = CARTESIAN_POINT('',(10.789883906313,-27.78323159483));
#4631 = CARTESIAN_POINT('',(10.789883906313,-30.797));
#4632 = ( GEOMETRIC_REPRESENTATION_CONTEXT(2) 
PARAMETRIC_REPRESENTATION_CONTEXT() REPRESENTATION_CONTEXT('2D SPACE',''
  ) );
#4633 = PCURVE('',#3219,#4634);
#4634 = DEFINITIONAL_REPRESENTATION('',(#4635),#4639);
#4635 = LINE('',#4636,#4637);
#4636 = CARTESIAN_POINT('',(-8.881784197001E-16,1.043));
#4637 = VECTOR('',#4638,1.);
#4638 = DIRECTION('',(-1.,0.));
#4639 = ( GEOMETRIC_REPRESENTATION_CONTEXT(2) 
PARAMETRIC_REPRESENTATION_CONTEXT() REPRESENTATION_CONTEXT('2D SPACE',''
  ) );
#4640 = ORIENTED_EDGE('',*,*,#4641,.T.);
#4641 = EDGE_CURVE('',#4614,#4642,#4644,.T.);
#4642 = VERTEX_POINT('',#4643);
#4643 = CARTESIAN_POINT('',(-2.2E-02,16.189,-3.536));
#4644 = SURFACE_CURVE('',#4645,(#4649,#4656),.PCURVE_S1.);
#4645 = LINE('',#4646,#4647);
#4646 = CARTESIAN_POINT('',(-2.2E-02,16.189,-1.560564823006));
#4647 = VECTOR('',#4648,1.);
#4648 = DIRECTION('',(-5.211249967209E-17,3.335199979014E-15,-1.));
#4649 = PCURVE('',#2047,#4650);
#4650 = DEFINITIONAL_REPRESENTATION('',(#4651),#4655);
#4651 = LINE('',#4652,#4653);
#4652 = CARTESIAN_POINT('',(9.306319083307,-32.518));
#4653 = VECTOR('',#4654,1.);
#4654 = DIRECTION('',(-1.,-3.335199979014E-15));
#4655 = ( GEOMETRIC_REPRESENTATION_CONTEXT(2) 
PARAMETRIC_REPRESENTATION_CONTEXT() REPRESENTATION_CONTEXT('2D SPACE',''
  ) );
#4656 = PCURVE('',#4657,#4662);
#4657 = PLANE('',#4658);
#4658 = AXIS2_PLACEMENT_3D('',#4659,#4660,#4661);
#4659 = CARTESIAN_POINT('',(-2.2E-02,16.189,-3.691));
#4660 = DIRECTION('',(-0.,1.,0.));
#4661 = DIRECTION('',(0.,0.,1.));
#4662 = DEFINITIONAL_REPRESENTATION('',(#4663),#4667);
#4663 = LINE('',#4664,#4665);
#4664 = CARTESIAN_POINT('',(2.130435176994,1.110223024625E-16));
#4665 = VECTOR('',#4666,1.);
#4666 = DIRECTION('',(-1.,-5.211249967209E-17));
#4667 = ( GEOMETRIC_REPRESENTATION_CONTEXT(2) 
PARAMETRIC_REPRESENTATION_CONTEXT() REPRESENTATION_CONTEXT('2D SPACE',''
  ) );
#4668 = ORIENTED_EDGE('',*,*,#4669,.F.);
#4669 = EDGE_CURVE('',#4670,#4642,#4672,.T.);
#4670 = VERTEX_POINT('',#4671);
#4671 = CARTESIAN_POINT('',(-2.2E-02,-16.388,-3.536));
#4672 = SURFACE_CURVE('',#4673,(#4677,#4684),.PCURVE_S1.);
#4673 = LINE('',#4674,#4675);
#4674 = CARTESIAN_POINT('',(-2.2E-02,-17.388,-3.536));
#4675 = VECTOR('',#4676,1.);
#4676 = DIRECTION('',(-0.,1.,0.));
#4677 = PCURVE('',#2047,#4678);
#4678 = DEFINITIONAL_REPRESENTATION('',(#4679),#4683);
#4679 = LINE('',#4680,#4681);
#4680 = CARTESIAN_POINT('',(7.330883906313,1.059));
#4681 = VECTOR('',#4682,1.);
#4682 = DIRECTION('',(0.,-1.));
#4683 = ( GEOMETRIC_REPRESENTATION_CONTEXT(2) 
PARAMETRIC_REPRESENTATION_CONTEXT() REPRESENTATION_CONTEXT('2D SPACE',''
  ) );
#4684 = PCURVE('',#4685,#4690);
#4685 = PLANE('',#4686);
#4686 = AXIS2_PLACEMENT_3D('',#4687,#4688,#4689);
#4687 = CARTESIAN_POINT('',(-2.2E-02,-17.388,-3.536));
#4688 = DIRECTION('',(0.,0.,1.));
#4689 = DIRECTION('',(1.,0.,-0.));
#4690 = DEFINITIONAL_REPRESENTATION('',(#4691),#4695);
#4691 = LINE('',#4692,#4693);
#4692 = CARTESIAN_POINT('',(0.,0.));
#4693 = VECTOR('',#4694,1.);
#4694 = DIRECTION('',(0.,1.));
#4695 = ( GEOMETRIC_REPRESENTATION_CONTEXT(2) 
PARAMETRIC_REPRESENTATION_CONTEXT() REPRESENTATION_CONTEXT('2D SPACE',''
  ) );
#4696 = ORIENTED_EDGE('',*,*,#4697,.T.);
#4697 = EDGE_CURVE('',#4670,#4698,#4700,.T.);
#4698 = VERTEX_POINT('',#4699);
#4699 = CARTESIAN_POINT('',(-2.2E-02,-16.388,-2.282));
#4700 = SURFACE_CURVE('',#4701,(#4705,#4712),.PCURVE_S1.);
#4701 = LINE('',#4702,#4703);
#4702 = CARTESIAN_POINT('',(-2.2E-02,-16.388,-3.691));
#4703 = VECTOR('',#4704,1.);
#4704 = DIRECTION('',(7.879510465757E-17,0.,1.));
#4705 = PCURVE('',#2047,#4706);
#4706 = DEFINITIONAL_REPRESENTATION('',(#4707),#4711);
#4707 = LINE('',#4708,#4709);
#4708 = CARTESIAN_POINT('',(7.175883906313,5.9E-02));
#4709 = VECTOR('',#4710,1.);
#4710 = DIRECTION('',(1.,0.));
#4711 = ( GEOMETRIC_REPRESENTATION_CONTEXT(2) 
PARAMETRIC_REPRESENTATION_CONTEXT() REPRESENTATION_CONTEXT('2D SPACE',''
  ) );
#4712 = PCURVE('',#4713,#4718);
#4713 = PLANE('',#4714);
#4714 = AXIS2_PLACEMENT_3D('',#4715,#4716,#4717);
#4715 = CARTESIAN_POINT('',(-2.2E-02,-16.388,-3.691));
#4716 = DIRECTION('',(-0.,1.,0.));
#4717 = DIRECTION('',(0.,0.,1.));
#4718 = DEFINITIONAL_REPRESENTATION('',(#4719),#4723);
#4719 = LINE('',#4720,#4721);
#4720 = CARTESIAN_POINT('',(0.,0.));
#4721 = VECTOR('',#4722,1.);
#4722 = DIRECTION('',(1.,7.879510465757E-17));
#4723 = ( GEOMETRIC_REPRESENTATION_CONTEXT(2) 
PARAMETRIC_REPRESENTATION_CONTEXT() REPRESENTATION_CONTEXT('2D SPACE',''
  ) );
#4724 = ORIENTED_EDGE('',*,*,#4725,.F.);
#4725 = EDGE_CURVE('',#4726,#4698,#4728,.T.);
#4726 = VERTEX_POINT('',#4727);
#4727 = CARTESIAN_POINT('',(-2.2E-02,-17.732,-2.282));
#4728 = SURFACE_CURVE('',#4729,(#4733,#4740),.PCURVE_S1.);
#4729 = LINE('',#4730,#4731);
#4730 = CARTESIAN_POINT('',(-2.2E-02,-17.732,-2.282));
#4731 = VECTOR('',#4732,1.);
#4732 = DIRECTION('',(-0.,1.,0.));
#4733 = PCURVE('',#2047,#4734);
#4734 = DEFINITIONAL_REPRESENTATION('',(#4735),#4739);
#4735 = LINE('',#4736,#4737);
#4736 = CARTESIAN_POINT('',(8.584883906313,1.403));
#4737 = VECTOR('',#4738,1.);
#4738 = DIRECTION('',(0.,-1.));
#4739 = ( GEOMETRIC_REPRESENTATION_CONTEXT(2) 
PARAMETRIC_REPRESENTATION_CONTEXT() REPRESENTATION_CONTEXT('2D SPACE',''
  ) );
#4740 = PCURVE('',#4741,#4746);
#4741 = PLANE('',#4742);
#4742 = AXIS2_PLACEMENT_3D('',#4743,#4744,#4745);
#4743 = CARTESIAN_POINT('',(-0.882,-17.732,-2.282));
#4744 = DIRECTION('',(0.,0.,1.));
#4745 = DIRECTION('',(1.,0.,-0.));
#4746 = DEFINITIONAL_REPRESENTATION('',(#4747),#4751);
#4747 = LINE('',#4748,#4749);
#4748 = CARTESIAN_POINT('',(0.86,0.));
#4749 = VECTOR('',#4750,1.);
#4750 = DIRECTION('',(0.,1.));
#4751 = ( GEOMETRIC_REPRESENTATION_CONTEXT(2) 
PARAMETRIC_REPRESENTATION_CONTEXT() REPRESENTATION_CONTEXT('2D SPACE',''
  ) );
#4752 = ORIENTED_EDGE('',*,*,#4753,.T.);
#4753 = EDGE_CURVE('',#4726,#2972,#4754,.T.);
#4754 = SURFACE_CURVE('',#4755,(#4759,#4766),.PCURVE_S1.);
#4755 = LINE('',#4756,#4757);
#4756 = CARTESIAN_POINT('',(-2.2E-02,-17.732,-2.282));
#4757 = VECTOR('',#4758,1.);
#4758 = DIRECTION('',(-2.6940621806E-17,0.,-1.));
#4759 = PCURVE('',#2047,#4760);
#4760 = DEFINITIONAL_REPRESENTATION('',(#4761),#4765);
#4761 = LINE('',#4762,#4763);
#4762 = CARTESIAN_POINT('',(8.584883906313,1.403));
#4763 = VECTOR('',#4764,1.);
#4764 = DIRECTION('',(-1.,0.));
#4765 = ( GEOMETRIC_REPRESENTATION_CONTEXT(2) 
PARAMETRIC_REPRESENTATION_CONTEXT() REPRESENTATION_CONTEXT('2D SPACE',''
  ) );
#4766 = PCURVE('',#2662,#4767);
#4767 = DEFINITIONAL_REPRESENTATION('',(#4768),#4772);
#4768 = LINE('',#4769,#4770);
#4769 = CARTESIAN_POINT('',(4.121,6.374));
#4770 = VECTOR('',#4771,1.);
#4771 = DIRECTION('',(-1.,-2.6940621806E-17));
#4772 = ( GEOMETRIC_REPRESENTATION_CONTEXT(2) 
PARAMETRIC_REPRESENTATION_CONTEXT() REPRESENTATION_CONTEXT('2D SPACE',''
  ) );
#4773 = ORIENTED_EDGE('',*,*,#2994,.T.);
#4774 = ADVANCED_FACE('',(#4775),#2126,.T.);
#4775 = FACE_BOUND('',#4776,.T.);
#4776 = EDGE_LOOP('',(#4777,#4778,#4801,#4822));
#4777 = ORIENTED_EDGE('',*,*,#2111,.F.);
#4778 = ORIENTED_EDGE('',*,*,#4779,.T.);
#4779 = EDGE_CURVE('',#2086,#4780,#4782,.T.);
#4780 = VERTEX_POINT('',#4781);
#4781 = CARTESIAN_POINT('',(-1.502,-1.558,-6.084));
#4782 = SURFACE_CURVE('',#4783,(#4787,#4794),.PCURVE_S1.);
#4783 = LINE('',#4784,#4785);
#4784 = CARTESIAN_POINT('',(-1.502,-1.558,-11.86688390631));
#4785 = VECTOR('',#4786,1.);
#4786 = DIRECTION('',(0.,0.,1.));
#4787 = PCURVE('',#2126,#4788);
#4788 = DEFINITIONAL_REPRESENTATION('',(#4789),#4793);
#4789 = LINE('',#4790,#4791);
#4790 = CARTESIAN_POINT('',(0.,0.));
#4791 = VECTOR('',#4792,1.);
#4792 = DIRECTION('',(1.,0.));
#4793 = ( GEOMETRIC_REPRESENTATION_CONTEXT(2) 
PARAMETRIC_REPRESENTATION_CONTEXT() REPRESENTATION_CONTEXT('2D SPACE',''
  ) );
#4794 = PCURVE('',#2100,#4795);
#4795 = DEFINITIONAL_REPRESENTATION('',(#4796),#4800);
#4796 = LINE('',#4797,#4798);
#4797 = CARTESIAN_POINT('',(0.,0.));
#4798 = VECTOR('',#4799,1.);
#4799 = DIRECTION('',(1.,0.));
#4800 = ( GEOMETRIC_REPRESENTATION_CONTEXT(2) 
PARAMETRIC_REPRESENTATION_CONTEXT() REPRESENTATION_CONTEXT('2D SPACE',''
  ) );
#4801 = ORIENTED_EDGE('',*,*,#4802,.T.);
#4802 = EDGE_CURVE('',#4780,#4377,#4803,.T.);
#4803 = SURFACE_CURVE('',#4804,(#4808,#4815),.PCURVE_S1.);
#4804 = LINE('',#4805,#4806);
#4805 = CARTESIAN_POINT('',(-1.502,-1.558,-6.084));
#4806 = VECTOR('',#4807,1.);
#4807 = DIRECTION('',(1.,0.,-0.));
#4808 = PCURVE('',#2126,#4809);
#4809 = DEFINITIONAL_REPRESENTATION('',(#4810),#4814);
#4810 = LINE('',#4811,#4812);
#4811 = CARTESIAN_POINT('',(5.782883906313,0.));
#4812 = VECTOR('',#4813,1.);
#4813 = DIRECTION('',(0.,1.));
#4814 = ( GEOMETRIC_REPRESENTATION_CONTEXT(2) 
PARAMETRIC_REPRESENTATION_CONTEXT() REPRESENTATION_CONTEXT('2D SPACE',''
  ) );
#4815 = PCURVE('',#4414,#4816);
#4816 = DEFINITIONAL_REPRESENTATION('',(#4817),#4821);
#4817 = LINE('',#4818,#4819);
#4818 = CARTESIAN_POINT('',(0.,0.));
#4819 = VECTOR('',#4820,1.);
#4820 = DIRECTION('',(1.,0.));
#4821 = ( GEOMETRIC_REPRESENTATION_CONTEXT(2) 
PARAMETRIC_REPRESENTATION_CONTEXT() REPRESENTATION_CONTEXT('2D SPACE',''
  ) );
#4822 = ORIENTED_EDGE('',*,*,#4376,.F.);
#4823 = ADVANCED_FACE('',(#4824),#2100,.T.);
#4824 = FACE_BOUND('',#4825,.T.);
#4825 = EDGE_LOOP('',(#4826,#4827,#4828,#4851));
#4826 = ORIENTED_EDGE('',*,*,#4779,.F.);
#4827 = ORIENTED_EDGE('',*,*,#2085,.F.);
#4828 = ORIENTED_EDGE('',*,*,#4829,.T.);
#4829 = EDGE_CURVE('',#2060,#4830,#4832,.T.);
#4830 = VERTEX_POINT('',#4831);
#4831 = CARTESIAN_POINT('',(-1.502,1.504,-6.084));
#4832 = SURFACE_CURVE('',#4833,(#4837,#4844),.PCURVE_S1.);
#4833 = LINE('',#4834,#4835);
#4834 = CARTESIAN_POINT('',(-1.502,1.504,-11.86688390631));
#4835 = VECTOR('',#4836,1.);
#4836 = DIRECTION('',(0.,0.,1.));
#4837 = PCURVE('',#2100,#4838);
#4838 = DEFINITIONAL_REPRESENTATION('',(#4839),#4843);
#4839 = LINE('',#4840,#4841);
#4840 = CARTESIAN_POINT('',(0.,-3.062));
#4841 = VECTOR('',#4842,1.);
#4842 = DIRECTION('',(1.,0.));
#4843 = ( GEOMETRIC_REPRESENTATION_CONTEXT(2) 
PARAMETRIC_REPRESENTATION_CONTEXT() REPRESENTATION_CONTEXT('2D SPACE',''
  ) );
#4844 = PCURVE('',#2074,#4845);
#4845 = DEFINITIONAL_REPRESENTATION('',(#4846),#4850);
#4846 = LINE('',#4847,#4848);
#4847 = CARTESIAN_POINT('',(0.,0.));
#4848 = VECTOR('',#4849,1.);
#4849 = DIRECTION('',(1.,0.));
#4850 = ( GEOMETRIC_REPRESENTATION_CONTEXT(2) 
PARAMETRIC_REPRESENTATION_CONTEXT() REPRESENTATION_CONTEXT('2D SPACE',''
  ) );
#4851 = ORIENTED_EDGE('',*,*,#4852,.F.);
#4852 = EDGE_CURVE('',#4780,#4830,#4853,.T.);
#4853 = SURFACE_CURVE('',#4854,(#4858,#4865),.PCURVE_S1.);
#4854 = LINE('',#4855,#4856);
#4855 = CARTESIAN_POINT('',(-1.502,-1.558,-6.084));
#4856 = VECTOR('',#4857,1.);
#4857 = DIRECTION('',(-0.,1.,0.));
#4858 = PCURVE('',#2100,#4859);
#4859 = DEFINITIONAL_REPRESENTATION('',(#4860),#4864);
#4860 = LINE('',#4861,#4862);
#4861 = CARTESIAN_POINT('',(5.782883906313,0.));
#4862 = VECTOR('',#4863,1.);
#4863 = DIRECTION('',(0.,-1.));
#4864 = ( GEOMETRIC_REPRESENTATION_CONTEXT(2) 
PARAMETRIC_REPRESENTATION_CONTEXT() REPRESENTATION_CONTEXT('2D SPACE',''
  ) );
#4865 = PCURVE('',#4414,#4866);
#4866 = DEFINITIONAL_REPRESENTATION('',(#4867),#4871);
#4867 = LINE('',#4868,#4869);
#4868 = CARTESIAN_POINT('',(0.,0.));
#4869 = VECTOR('',#4870,1.);
#4870 = DIRECTION('',(0.,1.));
#4871 = ( GEOMETRIC_REPRESENTATION_CONTEXT(2) 
PARAMETRIC_REPRESENTATION_CONTEXT() REPRESENTATION_CONTEXT('2D SPACE',''
  ) );
#4872 = ADVANCED_FACE('',(#4873),#2074,.F.);
#4873 = FACE_BOUND('',#4874,.F.);
#4874 = EDGE_LOOP('',(#4875,#4876,#4877,#4898));
#4875 = ORIENTED_EDGE('',*,*,#2059,.F.);
#4876 = ORIENTED_EDGE('',*,*,#4829,.T.);
#4877 = ORIENTED_EDGE('',*,*,#4878,.T.);
#4878 = EDGE_CURVE('',#4830,#4399,#4879,.T.);
#4879 = SURFACE_CURVE('',#4880,(#4884,#4891),.PCURVE_S1.);
#4880 = LINE('',#4881,#4882);
#4881 = CARTESIAN_POINT('',(-1.502,1.504,-6.084));
#4882 = VECTOR('',#4883,1.);
#4883 = DIRECTION('',(1.,0.,-0.));
#4884 = PCURVE('',#2074,#4885);
#4885 = DEFINITIONAL_REPRESENTATION('',(#4886),#4890);
#4886 = LINE('',#4887,#4888);
#4887 = CARTESIAN_POINT('',(5.782883906313,0.));
#4888 = VECTOR('',#4889,1.);
#4889 = DIRECTION('',(0.,1.));
#4890 = ( GEOMETRIC_REPRESENTATION_CONTEXT(2) 
PARAMETRIC_REPRESENTATION_CONTEXT() REPRESENTATION_CONTEXT('2D SPACE',''
  ) );
#4891 = PCURVE('',#4414,#4892);
#4892 = DEFINITIONAL_REPRESENTATION('',(#4893),#4897);
#4893 = LINE('',#4894,#4895);
#4894 = CARTESIAN_POINT('',(0.,3.062));
#4895 = VECTOR('',#4896,1.);
#4896 = DIRECTION('',(1.,0.));
#4897 = ( GEOMETRIC_REPRESENTATION_CONTEXT(2) 
PARAMETRIC_REPRESENTATION_CONTEXT() REPRESENTATION_CONTEXT('2D SPACE',''
  ) );
#4898 = ORIENTED_EDGE('',*,*,#4425,.F.);
#4899 = ADVANCED_FACE('',(#4900),#2019,.T.);
#4900 = FACE_BOUND('',#4901,.F.);
#4901 = EDGE_LOOP('',(#4902,#4903,#4926,#4951));
#4902 = ORIENTED_EDGE('',*,*,#4446,.T.);
#4903 = ORIENTED_EDGE('',*,*,#4904,.T.);
#4904 = EDGE_CURVE('',#4447,#4905,#4907,.T.);
#4905 = VERTEX_POINT('',#4906);
#4906 = CARTESIAN_POINT('',(-1.065,16.208,-7.508321284502));
#4907 = SURFACE_CURVE('',#4908,(#4912,#4919),.PCURVE_S1.);
#4908 = LINE('',#4909,#4910);
#4909 = CARTESIAN_POINT('',(3.595349826804E-02,16.208,-7.538189128121));
#4910 = VECTOR('',#4911,1.);
#4911 = DIRECTION('',(-0.999632209807,-0.,2.711909137484E-02));
#4912 = PCURVE('',#2019,#4913);
#4913 = DEFINITIONAL_REPRESENTATION('',(#4914),#4918);
#4914 = LINE('',#4915,#4916);
#4915 = CARTESIAN_POINT('',(-1.570796326795,0.));
#4916 = VECTOR('',#4917,1.);
#4917 = DIRECTION('',(-0.,1.));
#4918 = ( GEOMETRIC_REPRESENTATION_CONTEXT(2) 
PARAMETRIC_REPRESENTATION_CONTEXT() REPRESENTATION_CONTEXT('2D SPACE',''
  ) );
#4919 = PCURVE('',#4489,#4920);
#4920 = DEFINITIONAL_REPRESENTATION('',(#4921),#4925);
#4921 = LINE('',#4922,#4923);
#4922 = CARTESIAN_POINT('',(3.328694778192,1.100953498268));
#4923 = VECTOR('',#4924,1.);
#4924 = DIRECTION('',(2.711909137484E-02,-0.999632209807));
#4925 = ( GEOMETRIC_REPRESENTATION_CONTEXT(2) 
PARAMETRIC_REPRESENTATION_CONTEXT() REPRESENTATION_CONTEXT('2D SPACE',''
  ) );
#4926 = ORIENTED_EDGE('',*,*,#4927,.F.);
#4927 = EDGE_CURVE('',#1977,#4905,#4928,.T.);
#4928 = SURFACE_CURVE('',#4929,(#4934,#4944),.PCURVE_S1.);
#4929 = ELLIPSE('',#4930,2.137786256821,2.137);
#4930 = AXIS2_PLACEMENT_3D('',#4931,#4932,#4933);
#4931 = CARTESIAN_POINT('',(-1.065,14.071,-7.508321284502));
#4932 = DIRECTION('',(1.,0.,-0.));
#4933 = DIRECTION('',(0.,0.,1.));
#4934 = PCURVE('',#2019,#4935);
#4935 = DEFINITIONAL_REPRESENTATION('',(#4936),#4943);
#4936 = B_SPLINE_CURVE_WITH_KNOTS('',5,(#4937,#4938,#4939,#4940,#4941,
    #4942),.UNSPECIFIED.,.F.,.F.,(6,6),(3.14159265359,4.712388980385),
  .PIECEWISE_BEZIER_KNOTS.);
#4937 = CARTESIAN_POINT('',(0.,1.04338374631));
#4938 = CARTESIAN_POINT('',(-0.314159265359,1.04338374631));
#4939 = CARTESIAN_POINT('',(-0.628318507407,1.05051640126));
#4940 = CARTESIAN_POINT('',(-0.942477806038,1.064915428722));
#4941 = CARTESIAN_POINT('',(-1.256637061436,1.083145240024));
#4942 = CARTESIAN_POINT('',(-1.570796326795,1.101358567148));
#4943 = ( GEOMETRIC_REPRESENTATION_CONTEXT(2) 
PARAMETRIC_REPRESENTATION_CONTEXT() REPRESENTATION_CONTEXT('2D SPACE',''
  ) );
#4944 = PCURVE('',#1992,#4945);
#4945 = DEFINITIONAL_REPRESENTATION('',(#4946),#4950);
#4946 = ELLIPSE('',#4947,2.137786256821,2.137);
#4947 = AXIS2_PLACEMENT_2D('',#4948,#4949);
#4948 = CARTESIAN_POINT('',(3.358562621811,-30.4));
#4949 = DIRECTION('',(1.,0.));
#4950 = ( GEOMETRIC_REPRESENTATION_CONTEXT(2) 
PARAMETRIC_REPRESENTATION_CONTEXT() REPRESENTATION_CONTEXT('2D SPACE',''
  ) );
#4951 = ORIENTED_EDGE('',*,*,#2003,.F.);
#4952 = ADVANCED_FACE('',(#4953),#1992,.F.);
#4953 = FACE_BOUND('',#4954,.F.);
#4954 = EDGE_LOOP('',(#4955,#4982,#4983,#4984,#5007,#5029));
#4955 = ORIENTED_EDGE('',*,*,#4956,.F.);
#4956 = EDGE_CURVE('',#1949,#4957,#4959,.T.);
#4957 = VERTEX_POINT('',#4958);
#4958 = CARTESIAN_POINT('',(-1.065,16.029,-7.508321284502));
#4959 = SURFACE_CURVE('',#4960,(#4965,#4972),.PCURVE_S1.);
#4960 = ELLIPSE('',#4961,2.137786256821,2.137);
#4961 = AXIS2_PLACEMENT_3D('',#4962,#4963,#4964);
#4962 = CARTESIAN_POINT('',(-1.065,13.892,-7.508321284502));
#4963 = DIRECTION('',(1.,0.,-0.));
#4964 = DIRECTION('',(0.,0.,1.));
#4965 = PCURVE('',#1992,#4966);
#4966 = DEFINITIONAL_REPRESENTATION('',(#4967),#4971);
#4967 = ELLIPSE('',#4968,2.137786256821,2.137);
#4968 = AXIS2_PLACEMENT_2D('',#4969,#4970);
#4969 = CARTESIAN_POINT('',(3.358562621811,-30.221));
#4970 = DIRECTION('',(1.,0.));
#4971 = ( GEOMETRIC_REPRESENTATION_CONTEXT(2) 
PARAMETRIC_REPRESENTATION_CONTEXT() REPRESENTATION_CONTEXT('2D SPACE',''
  ) );
#4972 = PCURVE('',#1964,#4973);
#4973 = DEFINITIONAL_REPRESENTATION('',(#4974),#4981);
#4974 = B_SPLINE_CURVE_WITH_KNOTS('',5,(#4975,#4976,#4977,#4978,#4979,
    #4980),.UNSPECIFIED.,.F.,.F.,(6,6),(3.14159265359,4.712388980385),
  .PIECEWISE_BEZIER_KNOTS.);
#4975 = CARTESIAN_POINT('',(0.,0.));
#4976 = CARTESIAN_POINT('',(-0.314159265359,-2.911675756187E-17));
#4977 = CARTESIAN_POINT('',(-0.628318507407,7.132654950736E-03));
#4978 = CARTESIAN_POINT('',(-0.942477806038,2.153168241273E-02));
#4979 = CARTESIAN_POINT('',(-1.256637061436,3.976149371463E-02));
#4980 = CARTESIAN_POINT('',(-1.570796326795,5.79748208386E-02));
#4981 = ( GEOMETRIC_REPRESENTATION_CONTEXT(2) 
PARAMETRIC_REPRESENTATION_CONTEXT() REPRESENTATION_CONTEXT('2D SPACE',''
  ) );
#4982 = ORIENTED_EDGE('',*,*,#1976,.T.);
#4983 = ORIENTED_EDGE('',*,*,#4927,.T.);
#4984 = ORIENTED_EDGE('',*,*,#4985,.T.);
#4985 = EDGE_CURVE('',#4905,#4986,#4988,.T.);
#4986 = VERTEX_POINT('',#4987);
#4987 = CARTESIAN_POINT('',(-1.065,16.208,-6.403));
#4988 = SURFACE_CURVE('',#4989,(#4993,#5000),.PCURVE_S1.);
#4989 = LINE('',#4990,#4991);
#4990 = CARTESIAN_POINT('',(-1.065,16.208,-10.86688390631));
#4991 = VECTOR('',#4992,1.);
#4992 = DIRECTION('',(0.,0.,1.));
#4993 = PCURVE('',#1992,#4994);
#4994 = DEFINITIONAL_REPRESENTATION('',(#4995),#4999);
#4995 = LINE('',#4996,#4997);
#4996 = CARTESIAN_POINT('',(0.,-32.537));
#4997 = VECTOR('',#4998,1.);
#4998 = DIRECTION('',(1.,0.));
#4999 = ( GEOMETRIC_REPRESENTATION_CONTEXT(2) 
PARAMETRIC_REPRESENTATION_CONTEXT() REPRESENTATION_CONTEXT('2D SPACE',''
  ) );
#5000 = PCURVE('',#4489,#5001);
#5001 = DEFINITIONAL_REPRESENTATION('',(#5002),#5006);
#5002 = LINE('',#5003,#5004);
#5003 = CARTESIAN_POINT('',(0.,0.));
#5004 = VECTOR('',#5005,1.);
#5005 = DIRECTION('',(1.,0.));
#5006 = ( GEOMETRIC_REPRESENTATION_CONTEXT(2) 
PARAMETRIC_REPRESENTATION_CONTEXT() REPRESENTATION_CONTEXT('2D SPACE',''
  ) );
#5007 = ORIENTED_EDGE('',*,*,#5008,.T.);
#5008 = EDGE_CURVE('',#4986,#5009,#5011,.T.);
#5009 = VERTEX_POINT('',#5010);
#5010 = CARTESIAN_POINT('',(-1.065,16.029,-6.403));
#5011 = SURFACE_CURVE('',#5012,(#5016,#5022),.PCURVE_S1.);
#5012 = LINE('',#5013,#5014);
#5013 = CARTESIAN_POINT('',(-1.065,-0.3,-6.403));
#5014 = VECTOR('',#5015,1.);
#5015 = DIRECTION('',(0.,-1.,0.));
#5016 = PCURVE('',#1992,#5017);
#5017 = DEFINITIONAL_REPRESENTATION('',(#5018),#5021);
#5018 = B_SPLINE_CURVE_WITH_KNOTS('',1,(#5019,#5020),.UNSPECIFIED.,.F.,
  .F.,(2,2),(-16.508,-16.029),.PIECEWISE_BEZIER_KNOTS.);
#5019 = CARTESIAN_POINT('',(4.463883906313,-32.537));
#5020 = CARTESIAN_POINT('',(4.463883906313,-32.058));
#5021 = ( GEOMETRIC_REPRESENTATION_CONTEXT(2) 
PARAMETRIC_REPRESENTATION_CONTEXT() REPRESENTATION_CONTEXT('2D SPACE',''
  ) );
#5022 = PCURVE('',#4517,#5023);
#5023 = DEFINITIONAL_REPRESENTATION('',(#5024),#5028);
#5024 = LINE('',#5025,#5026);
#5025 = CARTESIAN_POINT('',(5.111,-16.029));
#5026 = VECTOR('',#5027,1.);
#5027 = DIRECTION('',(0.,-1.));
#5028 = ( GEOMETRIC_REPRESENTATION_CONTEXT(2) 
PARAMETRIC_REPRESENTATION_CONTEXT() REPRESENTATION_CONTEXT('2D SPACE',''
  ) );
#5029 = ORIENTED_EDGE('',*,*,#5030,.F.);
#5030 = EDGE_CURVE('',#4957,#5009,#5031,.T.);
#5031 = SURFACE_CURVE('',#5032,(#5036,#5043),.PCURVE_S1.);
#5032 = LINE('',#5033,#5034);
#5033 = CARTESIAN_POINT('',(-1.065,16.029,-10.86688390631));
#5034 = VECTOR('',#5035,1.);
#5035 = DIRECTION('',(0.,0.,1.));
#5036 = PCURVE('',#1992,#5037);
#5037 = DEFINITIONAL_REPRESENTATION('',(#5038),#5042);
#5038 = LINE('',#5039,#5040);
#5039 = CARTESIAN_POINT('',(0.,-32.358));
#5040 = VECTOR('',#5041,1.);
#5041 = DIRECTION('',(1.,0.));
#5042 = ( GEOMETRIC_REPRESENTATION_CONTEXT(2) 
PARAMETRIC_REPRESENTATION_CONTEXT() REPRESENTATION_CONTEXT('2D SPACE',''
  ) );
#5043 = PCURVE('',#3776,#5044);
#5044 = DEFINITIONAL_REPRESENTATION('',(#5045),#5049);
#5045 = LINE('',#5046,#5047);
#5046 = CARTESIAN_POINT('',(0.,20.144));
#5047 = VECTOR('',#5048,1.);
#5048 = DIRECTION('',(1.,0.));
#5049 = ( GEOMETRIC_REPRESENTATION_CONTEXT(2) 
PARAMETRIC_REPRESENTATION_CONTEXT() REPRESENTATION_CONTEXT('2D SPACE',''
  ) );
#5050 = ADVANCED_FACE('',(#5051),#1964,.T.);
#5051 = FACE_BOUND('',#5052,.F.);
#5052 = EDGE_LOOP('',(#5053,#5054,#5075,#5076));
#5053 = ORIENTED_EDGE('',*,*,#4956,.T.);
#5054 = ORIENTED_EDGE('',*,*,#5055,.T.);
#5055 = EDGE_CURVE('',#4957,#3734,#5056,.T.);
#5056 = SURFACE_CURVE('',#5057,(#5061,#5068),.PCURVE_S1.);
#5057 = LINE('',#5058,#5059);
#5058 = CARTESIAN_POINT('',(-1.007046501732,16.029,-7.509893508966));
#5059 = VECTOR('',#5060,1.);
#5060 = DIRECTION('',(-0.999632209807,-0.,2.711909137484E-02));
#5061 = PCURVE('',#1964,#5062);
#5062 = DEFINITIONAL_REPRESENTATION('',(#5063),#5067);
#5063 = LINE('',#5064,#5065);
#5064 = CARTESIAN_POINT('',(-1.570796326795,0.));
#5065 = VECTOR('',#5066,1.);
#5066 = DIRECTION('',(-0.,1.));
#5067 = ( GEOMETRIC_REPRESENTATION_CONTEXT(2) 
PARAMETRIC_REPRESENTATION_CONTEXT() REPRESENTATION_CONTEXT('2D SPACE',''
  ) );
#5068 = PCURVE('',#3776,#5069);
#5069 = DEFINITIONAL_REPRESENTATION('',(#5070),#5074);
#5070 = LINE('',#5071,#5072);
#5071 = CARTESIAN_POINT('',(3.356990397347,20.201953498268));
#5072 = VECTOR('',#5073,1.);
#5073 = DIRECTION('',(2.711909137484E-02,-0.999632209807));
#5074 = ( GEOMETRIC_REPRESENTATION_CONTEXT(2) 
PARAMETRIC_REPRESENTATION_CONTEXT() REPRESENTATION_CONTEXT('2D SPACE',''
  ) );
#5075 = ORIENTED_EDGE('',*,*,#3733,.F.);
#5076 = ORIENTED_EDGE('',*,*,#1948,.F.);
#5077 = ADVANCED_FACE('',(#5078),#1914,.T.);
#5078 = FACE_BOUND('',#5079,.T.);
#5079 = EDGE_LOOP('',(#5080,#5248,#5249,#5250));
#5080 = ORIENTED_EDGE('',*,*,#5081,.F.);
#5081 = EDGE_CURVE('',#3546,#1871,#5082,.T.);
#5082 = SURFACE_CURVE('',#5083,(#5104,#5180),.PCURVE_S1.);
#5083 = ( BOUNDED_CURVE() B_SPLINE_CURVE(10,(#5084,#5085,#5086,#5087,
    #5088,#5089,#5090,#5091,#5092,#5093,#5094,#5095,#5096,#5097,#5098,
    #5099,#5100,#5101,#5102,#5103),.UNSPECIFIED.,.F.,.F.) 
B_SPLINE_CURVE_WITH_KNOTS((11,9,11),(44.415586951943,44.72746748733,
56.893877658895),.UNSPECIFIED.) CURVE() GEOMETRIC_REPRESENTATION_ITEM() 
RATIONAL_B_SPLINE_CURVE((1.,1.,1.,1.,0.999999999999,1.000000000001,
    0.999999999999,1.,1.,1.,1.,1.,1.,1.,1.,1.,1.,1.,1.,1.)) 
REPRESENTATION_ITEM('') );
#5084 = CARTESIAN_POINT('',(-22.95387003095,14.832643374343,
    -2.356160373233));
#5085 = CARTESIAN_POINT('',(-22.97022066008,14.828471568513,
    -2.385848734147));
#5086 = CARTESIAN_POINT('',(-22.98643144471,14.824202186847,
    -2.415281456217));
#5087 = CARTESIAN_POINT('',(-23.00250800729,14.819836684011,
    -2.444470506678));
#5088 = CARTESIAN_POINT('',(-23.01845588206,14.815376891963,
    -2.473427237906));
#5089 = CARTESIAN_POINT('',(-23.03428261841,14.810824021715,
    -2.502166352297));
#5090 = CARTESIAN_POINT('',(-23.0499998843,14.80617766509,
    -2.530709867133));
#5091 = CARTESIAN_POINT('',(-23.06562556957,14.801434796479,
    -2.559091079466));
#5092 = CARTESIAN_POINT('',(-23.0811858894,14.796588774604,
    -2.587358530981));
#5093 = CARTESIAN_POINT('',(-23.09671748759,14.791628344277,
    -2.61557997288));
#5094 = CARTESIAN_POINT('',(-23.71895263616,14.587909990656,
    -3.746512463683));
#5095 = CARTESIAN_POINT('',(-24.29031728938,14.213787199573,
    -4.781333747663));
#5096 = CARTESIAN_POINT('',(-24.84307202064,13.6784545417,-5.77926618361
    ));
#5097 = CARTESIAN_POINT('',(-25.3358013655,12.973907138657,
    -6.664327525253));
#5098 = CARTESIAN_POINT('',(-25.76274597309,12.153637160633,
    -7.427269824964));
#5099 = CARTESIAN_POINT('',(-26.10840590774,11.227003780414,
    -8.039677919074));
#5100 = CARTESIAN_POINT('',(-26.36958163807,10.243603419989,
    -8.496925739434));
#5101 = CARTESIAN_POINT('',(-26.546991757,9.223085262057,-8.800601602716
    ));
#5102 = CARTESIAN_POINT('',(-26.64118801099,8.18540549144,-8.9522493674)
  );
#5103 = CARTESIAN_POINT('',(-26.65204416836,7.148,-8.951954849956));
#5104 = PCURVE('',#1914,#5105);
#5105 = DEFINITIONAL_REPRESENTATION('',(#5106),#5179);
#5106 = B_SPLINE_CURVE_WITH_KNOTS('',11,(#5107,#5108,#5109,#5110,#5111,
    #5112,#5113,#5114,#5115,#5116,#5117,#5118,#5119,#5120,#5121,#5122,
    #5123,#5124,#5125,#5126,#5127,#5128,#5129,#5130,#5131,#5132,#5133,
    #5134,#5135,#5136,#5137,#5138,#5139,#5140,#5141,#5142,#5143,#5144,
    #5145,#5146,#5147,#5148,#5149,#5150,#5151,#5152,#5153,#5154,#5155,
    #5156,#5157,#5158,#5159,#5160,#5161,#5162,#5163,#5164,#5165,#5166,
    #5167,#5168,#5169,#5170,#5171,#5172,#5173,#5174,#5175,#5176,#5177,
    #5178),.UNSPECIFIED.,.F.,.F.,(12,10,10,10,10,10,10,12),(
    44.415586951943,44.610560244239,44.805533536535,45.195480121127,
    45.975373290312,47.535159628681,50.654732305419,56.893877658895),
  .UNSPECIFIED.);
#5107 = CARTESIAN_POINT('',(0.137626665578,2.92747269657));
#5108 = CARTESIAN_POINT('',(0.13985426841,2.936304126882));
#5109 = CARTESIAN_POINT('',(0.142071951637,2.945093511465));
#5110 = CARTESIAN_POINT('',(0.144279845235,2.95384120914));
#5111 = CARTESIAN_POINT('',(0.146478167319,2.962547935459));
#5112 = CARTESIAN_POINT('',(0.148667224147,2.971214762723));
#5113 = CARTESIAN_POINT('',(0.150847410114,2.979843119954));
#5114 = CARTESIAN_POINT('',(0.153019207758,2.988434792931));
#5115 = CARTESIAN_POINT('',(0.155183187755,2.99699192415));
#5116 = CARTESIAN_POINT('',(0.15734000892,3.005517012862));
#5117 = CARTESIAN_POINT('',(0.159490418212,3.014012915045));
#5118 = CARTESIAN_POINT('',(0.163780083241,3.030952771793));
#5119 = CARTESIAN_POINT('',(0.165919223609,3.039396187325));
#5120 = CARTESIAN_POINT('',(0.168056998407,3.047829996265));
#5121 = CARTESIAN_POINT('',(0.170173739938,3.056179782923));
#5122 = CARTESIAN_POINT('',(0.172347461689,3.064734358886));
#5123 = CARTESIAN_POINT('',(0.174395334302,3.072828406084));
#5124 = CARTESIAN_POINT('',(0.176619161585,3.081548082013));
#5125 = CARTESIAN_POINT('',(0.178700606066,3.089760352145));
#5126 = CARTESIAN_POINT('',(0.180848694117,3.098203391024));
#5127 = CARTESIAN_POINT('',(0.182977023251,3.106573637122));
#5128 = CARTESIAN_POINT('',(0.189366512643,3.131689084445));
#5129 = CARTESIAN_POINT('',(0.193622540933,3.14840539711));
#5130 = CARTESIAN_POINT('',(0.197875082049,3.165094587882));
#5131 = CARTESIAN_POINT('',(0.202124280118,3.181756853763));
#5132 = CARTESIAN_POINT('',(0.206370279267,3.198392391734));
#5133 = CARTESIAN_POINT('',(0.210613223628,3.215001398808));
#5134 = CARTESIAN_POINT('',(0.214853257327,3.23158407196));
#5135 = CARTESIAN_POINT('',(0.219090524493,3.248140608201));
#5136 = CARTESIAN_POINT('',(0.223325169255,3.264671204514));
#5137 = CARTESIAN_POINT('',(0.227557335741,3.281176057899));
#5138 = CARTESIAN_POINT('',(0.240246832756,3.33061398025));
#5139 = CARTESIAN_POINT('',(0.248697021928,3.363469867186));
#5140 = CARTESIAN_POINT('',(0.257138616812,3.396223516323));
#5141 = CARTESIAN_POINT('',(0.265572425224,3.428875134689));
#5142 = CARTESIAN_POINT('',(0.273999181572,3.461424646121));
#5143 = CARTESIAN_POINT('',(0.282419546862,3.49387169135));
#5144 = CARTESIAN_POINT('',(0.290834108695,3.526215627895));
#5145 = CARTESIAN_POINT('',(0.299243381268,3.558455530171));
#5146 = CARTESIAN_POINT('',(0.307647805373,3.590590189396));
#5147 = CARTESIAN_POINT('',(0.316047748398,3.622618113658));
#5148 = CARTESIAN_POINT('',(0.341235016187,3.718376356318));
#5149 = CARTESIAN_POINT('',(0.358009941208,3.781781818388));
#5150 = CARTESIAN_POINT('',(0.37477084429,3.844740618803));
#5151 = CARTESIAN_POINT('',(0.391519592192,3.907236924001));
#5152 = CARTESIAN_POINT('',(0.408257446202,3.969252772644));
#5153 = CARTESIAN_POINT('',(0.424985154791,4.030768485936));
#5154 = CARTESIAN_POINT('',(0.44170304629,4.091763078205));
#5155 = CARTESIAN_POINT('',(0.458411121536,4.152214667164));
#5156 = CARTESIAN_POINT('',(0.475109146553,4.212100884498));
#5157 = CARTESIAN_POINT('',(0.491796745201,4.271399286179));
#5158 = CARTESIAN_POINT('',(0.541826985137,4.447464716535));
#5159 = CARTESIAN_POINT('',(0.575137331324,4.562403507048));
#5160 = CARTESIAN_POINT('',(0.608399544967,4.674719749319));
#5161 = CARTESIAN_POINT('',(0.641607781868,4.784235162145));
#5162 = CARTESIAN_POINT('',(0.674755653368,4.890778989391));
#5163 = CARTESIAN_POINT('',(0.707836540658,4.994189420998));
#5164 = CARTESIAN_POINT('',(0.740843909082,5.094315014095));
#5165 = CARTESIAN_POINT('',(0.773771622441,5.191016113989));
#5166 = CARTESIAN_POINT('',(0.806614257299,5.284166275278));
#5167 = CARTESIAN_POINT('',(0.839367417288,5.373653682861));
#5168 = CARTESIAN_POINT('',(0.937349307663,5.630840353331));
#5169 = CARTESIAN_POINT('',(1.002298919161,5.787255822409));
#5170 = CARTESIAN_POINT('',(1.066849610539,5.927845004236));
#5171 = CARTESIAN_POINT('',(1.130984786882,6.052012625759));
#5172 = CARTESIAN_POINT('',(1.194702911107,6.159368193183));
#5173 = CARTESIAN_POINT('',(1.25802192028,6.249704639974));
#5174 = CARTESIAN_POINT('',(1.320982499092,6.322952493547));
#5175 = CARTESIAN_POINT('',(1.383649032387,6.379122506168));
#5176 = CARTESIAN_POINT('',(1.44610705906,6.418249697286));
#5177 = CARTESIAN_POINT('',(1.508456049212,6.440351752875));
#5178 = CARTESIAN_POINT('',(1.570796326795,6.445414728694));
#5179 = ( GEOMETRIC_REPRESENTATION_CONTEXT(2) 
PARAMETRIC_REPRESENTATION_CONTEXT() REPRESENTATION_CONTEXT('2D SPACE',''
  ) );
#5180 = PCURVE('',#5181,#5242);
#5181 = ( BOUNDED_SURFACE() B_SPLINE_SURFACE(2,10,(
    (#5182,#5183,#5184,#5185,#5186,#5187,#5188,#5189,#5190,#5191,#5192
      ,#5193,#5194,#5195,#5196,#5197,#5198,#5199,#5200,#5201)
    ,(#5202,#5203,#5204,#5205,#5206,#5207,#5208,#5209,#5210,#5211,#5212
      ,#5213,#5214,#5215,#5216,#5217,#5218,#5219,#5220,#5221)
    ,(#5222,#5223,#5224,#5225,#5226,#5227,#5228,#5229,#5230,#5231,#5232
      ,#5233,#5234,#5235,#5236,#5237,#5238,#5239,#5240,#5241
)),.UNSPECIFIED.,.F.,.F.,.F.) B_SPLINE_SURFACE_WITH_KNOTS((3,3),(11,9,11
    ),(0.,12.478290706952),(44.415586951943,44.72746748733,
56.893877658895),.UNSPECIFIED.) GEOMETRIC_REPRESENTATION_ITEM() 
RATIONAL_B_SPLINE_SURFACE((
    (1.,1.,1.,1.,0.999999999999,1.000000000001,0.999999999999,1.,1.,1.
      ,1.,1.,1.,1.,1.,1.,1.,1.,1.,1.)
    ,(0.686714819788,0.686047748646,0.685385361758,0.684726850441
      ,0.684071570989,0.6834189023,0.68276810349,0.682118171531
      ,0.681467698865,0.68081473103,0.654483984631,0.629235280115
      ,0.60368935544,0.579616595028,0.557676662717,0.539045009147
      ,0.524559053121,0.514568996488,0.509233830356,0.508587032119)
    ,(1.,1.,1.,1.,0.999999999999,1.000000000001,0.999999999999,1.,1.,1.
,1.,1.,1.,1.,1.,1.,1.,1.,1.,1.))) REPRESENTATION_ITEM('') SURFACE() );
#5182 = CARTESIAN_POINT('',(-22.95387003095,14.832643374343,
    -2.356160373233));
#5183 = CARTESIAN_POINT('',(-22.97022066008,14.828471568513,
    -2.385848734147));
#5184 = CARTESIAN_POINT('',(-22.98643144471,14.824202186847,
    -2.415281456217));
#5185 = CARTESIAN_POINT('',(-23.00250800729,14.819836684011,
    -2.444470506678));
#5186 = CARTESIAN_POINT('',(-23.01845588206,14.815376891963,
    -2.473427237906));
#5187 = CARTESIAN_POINT('',(-23.03428261841,14.810824021715,
    -2.502166352297));
#5188 = CARTESIAN_POINT('',(-23.0499998843,14.80617766509,
    -2.530709867133));
#5189 = CARTESIAN_POINT('',(-23.06562556957,14.801434796479,
    -2.559091079466));
#5190 = CARTESIAN_POINT('',(-23.0811858894,14.796588774604,
    -2.587358530981));
#5191 = CARTESIAN_POINT('',(-23.09671748759,14.791628344277,
    -2.61557997288));
#5192 = CARTESIAN_POINT('',(-23.71895263616,14.587909990656,
    -3.746512463683));
#5193 = CARTESIAN_POINT('',(-24.29031728938,14.213787199573,
    -4.781333747663));
#5194 = CARTESIAN_POINT('',(-24.84307202064,13.6784545417,-5.77926618361
    ));
#5195 = CARTESIAN_POINT('',(-25.3358013655,12.973907138657,
    -6.664327525253));
#5196 = CARTESIAN_POINT('',(-25.76274597309,12.153637160633,
    -7.427269824964));
#5197 = CARTESIAN_POINT('',(-26.10840590774,11.227003780414,
    -8.039677919074));
#5198 = CARTESIAN_POINT('',(-26.36958163807,10.243603419989,
    -8.496925739434));
#5199 = CARTESIAN_POINT('',(-26.546991757,9.223085262057,-8.800601602716
    ));
#5200 = CARTESIAN_POINT('',(-26.64118801099,8.18540549144,-8.9522493674)
  );
#5201 = CARTESIAN_POINT('',(-26.65204416836,7.148,-8.951954849956));
#5202 = CARTESIAN_POINT('',(-23.43671021729,14.87004527942,
    -2.072916510087));
#5203 = CARTESIAN_POINT('',(-23.45411143306,14.866964249741,
    -2.102497296374));
#5204 = CARTESIAN_POINT('',(-23.47137566097,14.863775843247,
    -2.131842654865));
#5205 = CARTESIAN_POINT('',(-23.4885076396,14.860482441418,
    -2.160960703374));
#5206 = CARTESIAN_POINT('',(-23.50551211195,14.857086488014,
    -2.189859568477));
#5207 = CARTESIAN_POINT('',(-23.52239498749,14.85359012555,
    -2.218549357823));
#5208 = CARTESIAN_POINT('',(-23.53916453234,14.84999482562,
    -2.247044180266));
#5209 = CARTESIAN_POINT('',(-23.55583258726,14.846301012574,
    -2.275364213218));
#5210 = CARTESIAN_POINT('',(-23.57241581319,14.842507680082,
    -2.303537816821));
#5211 = CARTESIAN_POINT('',(-23.58893696452,14.838612000051,
    -2.331603695207));
#5212 = CARTESIAN_POINT('',(-24.27454675653,14.672167036041,
    -3.496214210752));
#5213 = CARTESIAN_POINT('',(-24.90622519434,14.322751424223,
    -4.565403381432));
#5214 = CARTESIAN_POINT('',(-25.52172763825,13.802767996902,
    -5.603723550392));
#5215 = CARTESIAN_POINT('',(-26.062261831,13.108156357554,
    -6.510950951677));
#5216 = CARTESIAN_POINT('',(-26.53541059262,12.299095181421,
    -7.301171612692));
#5217 = CARTESIAN_POINT('',(-26.91734165439,11.382717099952,
    -7.933929049078));
#5218 = CARTESIAN_POINT('',(-27.21558201445,10.397170667958,
    -8.422786002765));
#5219 = CARTESIAN_POINT('',(-27.42256906348,9.351353921762,
    -8.755033519222));
#5220 = CARTESIAN_POINT('',(-27.53570703603,8.265074420756,
    -8.926635055174));
#5221 = CARTESIAN_POINT('',(-27.54891914391,7.158081163138,
    -8.927623466698));
#5222 = CARTESIAN_POINT('',(-23.43979504062,14.309046883323,
    -2.067266952527));
#5223 = CARTESIAN_POINT('',(-23.45362784901,14.304979019187,
    -2.090750247087));
#5224 = CARTESIAN_POINT('',(-23.46734379293,14.300905887332,
    -2.114034376089));
#5225 = CARTESIAN_POINT('',(-23.48096924076,14.296827504222,
    -2.137164254878));
#5226 = CARTESIAN_POINT('',(-23.49453451461,14.292741171278,
    -2.160191480716));
#5227 = CARTESIAN_POINT('',(-23.50808391605,14.288637926187,
    -2.183191341279));
#5228 = CARTESIAN_POINT('',(-23.52168575182,14.284498994213,
    -2.206279823156));
#5229 = CARTESIAN_POINT('',(-23.53544235955,14.280292239508,
    -2.229630620343));
#5230 = CARTESIAN_POINT('',(-23.54950013345,14.275968616424,
    -2.253492142749));
#5231 = CARTESIAN_POINT('',(-23.56405955005,14.271458620824,
    -2.278204524691));
#5232 = CARTESIAN_POINT('',(-24.17723612653,14.079816305016,
    -3.318944864067));
#5233 = CARTESIAN_POINT('',(-24.74734320262,13.732090914947,
    -4.283288206459));
#5234 = CARTESIAN_POINT('',(-25.30147612522,13.228658711826,
    -5.217395209464));
#5235 = CARTESIAN_POINT('',(-25.79012587288,12.568724283037,
    -6.036918334642));
#5236 = CARTESIAN_POINT('',(-26.21592975972,11.80309724048,
    -6.747337486514));
#5237 = CARTESIAN_POINT('',(-26.55787709653,10.938094012646,
    -7.312986504175));
#5238 = CARTESIAN_POINT('',(-26.81622682592,10.023191909644,
    -7.735268154448));
#5239 = CARTESIAN_POINT('',(-26.99100415434,9.076141824276,
    -8.014570397952));
#5240 = CARTESIAN_POINT('',(-27.08390897035,8.114502085189,
    -8.154130052188));
#5241 = CARTESIAN_POINT('',(-27.09470619742,7.153215202824,
    -8.153837133467));
#5242 = DEFINITIONAL_REPRESENTATION('',(#5243),#5247);
#5243 = LINE('',#5244,#5245);
#5244 = CARTESIAN_POINT('',(0.,0.));
#5245 = VECTOR('',#5246,1.);
#5246 = DIRECTION('',(0.,1.));
#5247 = ( GEOMETRIC_REPRESENTATION_CONTEXT(2) 
PARAMETRIC_REPRESENTATION_CONTEXT() REPRESENTATION_CONTEXT('2D SPACE',''
  ) );
#5248 = ORIENTED_EDGE('',*,*,#3595,.T.);
#5249 = ORIENTED_EDGE('',*,*,#3705,.F.);
#5250 = ORIENTED_EDGE('',*,*,#1898,.T.);
#5251 = ADVANCED_FACE('',(#5252),#1886,.T.);
#5252 = FACE_BOUND('',#5253,.F.);
#5253 = EDGE_LOOP('',(#5254,#5285,#5306,#5307));
#5254 = ORIENTED_EDGE('',*,*,#5255,.T.);
#5255 = EDGE_CURVE('',#1871,#5256,#5258,.T.);
#5256 = VERTEX_POINT('',#5257);
#5257 = CARTESIAN_POINT('',(-27.09470619742,7.153215202824,
    -8.153837133467));
#5258 = SURFACE_CURVE('',#5259,(#5263,#5279),.PCURVE_S1.);
#5259 = ( BOUNDED_CURVE() B_SPLINE_CURVE(2,(#5260,#5261,#5262),
.UNSPECIFIED.,.F.,.F.) B_SPLINE_CURVE_WITH_KNOTS((3,3),(0.,
12.478290706952),.PIECEWISE_BEZIER_KNOTS.) CURVE() 
GEOMETRIC_REPRESENTATION_ITEM() RATIONAL_B_SPLINE_CURVE((1.,
0.508587032119,1.)) REPRESENTATION_ITEM('') );
#5260 = CARTESIAN_POINT('',(-26.65204416836,7.148,-8.951954849956));
#5261 = CARTESIAN_POINT('',(-27.54891914391,7.158081163138,
    -8.927623466698));
#5262 = CARTESIAN_POINT('',(-27.09470619742,7.153215202824,
    -8.153837133467));
#5263 = PCURVE('',#1886,#5264);
#5264 = DEFINITIONAL_REPRESENTATION('',(#5265),#5278);
#5265 = B_SPLINE_CURVE_WITH_KNOTS('',11,(#5266,#5267,#5268,#5269,#5270,
    #5271,#5272,#5273,#5274,#5275,#5276,#5277),.UNSPECIFIED.,.F.,.F.,(12
    ,12),(0.,12.478290706952),.PIECEWISE_BEZIER_KNOTS.);
#5266 = CARTESIAN_POINT('',(2.22044604925E-16,-1.00817995006E-02));
#5267 = CARTESIAN_POINT('',(-0.156547379437,-1.00817995006E-02));
#5268 = CARTESIAN_POINT('',(-0.328481673958,-1.00817995006E-02));
#5269 = CARTESIAN_POINT('',(-0.515731994087,-1.00817995006E-02));
#5270 = CARTESIAN_POINT('',(-0.717028950256,-1.00817995006E-02));
#5271 = CARTESIAN_POINT('',(-0.928767099786,-1.008179950059E-02));
#5272 = CARTESIAN_POINT('',(-1.14573968203,-1.00817995006E-02));
#5273 = CARTESIAN_POINT('',(-1.35747783156,-1.00817995006E-02));
#5274 = CARTESIAN_POINT('',(-1.558774787729,-1.00817995006E-02));
#5275 = CARTESIAN_POINT('',(-1.746025107858,-1.00817995006E-02));
#5276 = CARTESIAN_POINT('',(-1.917959402379,-1.00817995006E-02));
#5277 = CARTESIAN_POINT('',(-2.074506781816,-1.00817995006E-02));
#5278 = ( GEOMETRIC_REPRESENTATION_CONTEXT(2) 
PARAMETRIC_REPRESENTATION_CONTEXT() REPRESENTATION_CONTEXT('2D SPACE',''
  ) );
#5279 = PCURVE('',#5181,#5280);
#5280 = DEFINITIONAL_REPRESENTATION('',(#5281),#5284);
#5281 = B_SPLINE_CURVE_WITH_KNOTS('',1,(#5282,#5283),.UNSPECIFIED.,.F.,
  .F.,(2,2),(0.,12.478290706952),.PIECEWISE_BEZIER_KNOTS.);
#5282 = CARTESIAN_POINT('',(0.,56.893877658895));
#5283 = CARTESIAN_POINT('',(12.478290706952,56.893877658895));
#5284 = ( GEOMETRIC_REPRESENTATION_CONTEXT(2) 
PARAMETRIC_REPRESENTATION_CONTEXT() REPRESENTATION_CONTEXT('2D SPACE',''
  ) );
#5285 = ORIENTED_EDGE('',*,*,#5286,.T.);
#5286 = EDGE_CURVE('',#5256,#4147,#5287,.T.);
#5287 = SURFACE_CURVE('',#5288,(#5292,#5299),.PCURVE_S1.);
#5288 = LINE('',#5289,#5290);
#5289 = CARTESIAN_POINT('',(-27.09481942959,7.143134039686,
    -8.153834061584));
#5290 = VECTOR('',#5291,1.);
#5291 = DIRECTION('',(-1.123134596822E-02,-0.999936880022,
    3.046959617613E-04));
#5292 = PCURVE('',#1886,#5293);
#5293 = DEFINITIONAL_REPRESENTATION('',(#5294),#5298);
#5294 = LINE('',#5295,#5296);
#5295 = CARTESIAN_POINT('',(-2.074506781816,0.));
#5296 = VECTOR('',#5297,1.);
#5297 = DIRECTION('',(-0.,1.));
#5298 = ( GEOMETRIC_REPRESENTATION_CONTEXT(2) 
PARAMETRIC_REPRESENTATION_CONTEXT() REPRESENTATION_CONTEXT('2D SPACE',''
  ) );
#5299 = PCURVE('',#3432,#5300);
#5300 = DEFINITIONAL_REPRESENTATION('',(#5301),#5305);
#5301 = LINE('',#5302,#5303);
#5302 = CARTESIAN_POINT('',(4.742489419493,-7.174781399728));
#5303 = VECTOR('',#5304,1.);
#5304 = DIRECTION('',(5.423385932266E-03,0.999985293334));
#5305 = ( GEOMETRIC_REPRESENTATION_CONTEXT(2) 
PARAMETRIC_REPRESENTATION_CONTEXT() REPRESENTATION_CONTEXT('2D SPACE',''
  ) );
#5306 = ORIENTED_EDGE('',*,*,#4146,.F.);
#5307 = ORIENTED_EDGE('',*,*,#1870,.F.);
#5308 = ADVANCED_FACE('',(#5309),#2206,.T.);
#5309 = FACE_BOUND('',#5310,.T.);
#5310 = EDGE_LOOP('',(#5311,#5312,#5335,#5358));
#5311 = ORIENTED_EDGE('',*,*,#2188,.T.);
#5312 = ORIENTED_EDGE('',*,*,#5313,.T.);
#5313 = EDGE_CURVE('',#2191,#5314,#5316,.T.);
#5314 = VERTEX_POINT('',#5315);
#5315 = CARTESIAN_POINT('',(-14.881,-1.954,-9.889));
#5316 = SURFACE_CURVE('',#5317,(#5321,#5328),.PCURVE_S1.);
#5317 = LINE('',#5318,#5319);
#5318 = CARTESIAN_POINT('',(-19.618,-1.954,-9.142781920818));
#5319 = VECTOR('',#5320,1.);
#5320 = DIRECTION('',(0.987818456562,0.,-0.155610722237));
#5321 = PCURVE('',#2206,#5322);
#5322 = DEFINITIONAL_REPRESENTATION('',(#5323),#5327);
#5323 = LINE('',#5324,#5325);
#5324 = CARTESIAN_POINT('',(0.,-2.08));
#5325 = VECTOR('',#5326,1.);
#5326 = DIRECTION('',(1.,0.));
#5327 = ( GEOMETRIC_REPRESENTATION_CONTEXT(2) 
PARAMETRIC_REPRESENTATION_CONTEXT() REPRESENTATION_CONTEXT('2D SPACE',''
  ) );
#5328 = PCURVE('',#2283,#5329);
#5329 = DEFINITIONAL_REPRESENTATION('',(#5330),#5334);
#5330 = LINE('',#5331,#5332);
#5331 = CARTESIAN_POINT('',(-8.285029492969E-02,-2.504573182295));
#5332 = VECTOR('',#5333,1.);
#5333 = DIRECTION('',(0.155610722237,0.987818456562));
#5334 = ( GEOMETRIC_REPRESENTATION_CONTEXT(2) 
PARAMETRIC_REPRESENTATION_CONTEXT() REPRESENTATION_CONTEXT('2D SPACE',''
  ) );
#5335 = ORIENTED_EDGE('',*,*,#5336,.F.);
#5336 = EDGE_CURVE('',#5337,#5314,#5339,.T.);
#5337 = VERTEX_POINT('',#5338);
#5338 = CARTESIAN_POINT('',(-14.881,-4.034,-9.889));
#5339 = SURFACE_CURVE('',#5340,(#5344,#5351),.PCURVE_S1.);
#5340 = LINE('',#5341,#5342);
#5341 = CARTESIAN_POINT('',(-14.881,-4.034,-9.889));
#5342 = VECTOR('',#5343,1.);
#5343 = DIRECTION('',(0.,1.,0.));
#5344 = PCURVE('',#2206,#5345);
#5345 = DEFINITIONAL_REPRESENTATION('',(#5346),#5350);
#5346 = LINE('',#5347,#5348);
#5347 = CARTESIAN_POINT('',(4.795415562983,0.));
#5348 = VECTOR('',#5349,1.);
#5349 = DIRECTION('',(0.,-1.));
#5350 = ( GEOMETRIC_REPRESENTATION_CONTEXT(2) 
PARAMETRIC_REPRESENTATION_CONTEXT() REPRESENTATION_CONTEXT('2D SPACE',''
  ) );
#5351 = PCURVE('',#2259,#5352);
#5352 = DEFINITIONAL_REPRESENTATION('',(#5353),#5357);
#5353 = LINE('',#5354,#5355);
#5354 = CARTESIAN_POINT('',(0.,0.));
#5355 = VECTOR('',#5356,1.);
#5356 = DIRECTION('',(0.,-1.));
#5357 = ( GEOMETRIC_REPRESENTATION_CONTEXT(2) 
PARAMETRIC_REPRESENTATION_CONTEXT() REPRESENTATION_CONTEXT('2D SPACE',''
  ) );
#5358 = ORIENTED_EDGE('',*,*,#5359,.F.);
#5359 = EDGE_CURVE('',#2189,#5337,#5360,.T.);
#5360 = SURFACE_CURVE('',#5361,(#5365,#5372),.PCURVE_S1.);
#5361 = LINE('',#5362,#5363);
#5362 = CARTESIAN_POINT('',(-19.618,-4.034,-9.142781920818));
#5363 = VECTOR('',#5364,1.);
#5364 = DIRECTION('',(0.987818456562,0.,-0.155610722237));
#5365 = PCURVE('',#2206,#5366);
#5366 = DEFINITIONAL_REPRESENTATION('',(#5367),#5371);
#5367 = LINE('',#5368,#5369);
#5368 = CARTESIAN_POINT('',(0.,0.));
#5369 = VECTOR('',#5370,1.);
#5370 = DIRECTION('',(1.,0.));
#5371 = ( GEOMETRIC_REPRESENTATION_CONTEXT(2) 
PARAMETRIC_REPRESENTATION_CONTEXT() REPRESENTATION_CONTEXT('2D SPACE',''
  ) );
#5372 = PCURVE('',#2233,#5373);
#5373 = DEFINITIONAL_REPRESENTATION('',(#5374),#5378);
#5374 = LINE('',#5375,#5376);
#5375 = CARTESIAN_POINT('',(-8.285029492969E-02,-2.504573182295));
#5376 = VECTOR('',#5377,1.);
#5377 = DIRECTION('',(0.155610722237,0.987818456562));
#5378 = ( GEOMETRIC_REPRESENTATION_CONTEXT(2) 
PARAMETRIC_REPRESENTATION_CONTEXT() REPRESENTATION_CONTEXT('2D SPACE',''
  ) );
#5379 = ADVANCED_FACE('',(#5380),#2233,.T.);
#5380 = FACE_BOUND('',#5381,.T.);
#5381 = EDGE_LOOP('',(#5382,#5383,#5384));
#5382 = ORIENTED_EDGE('',*,*,#2218,.T.);
#5383 = ORIENTED_EDGE('',*,*,#5359,.T.);
#5384 = ORIENTED_EDGE('',*,*,#5385,.T.);
#5385 = EDGE_CURVE('',#5337,#2219,#5386,.T.);
#5386 = SURFACE_CURVE('',#5387,(#5391,#5398),.PCURVE_S1.);
#5387 = LINE('',#5388,#5389);
#5388 = CARTESIAN_POINT('',(-14.881,-4.034,-9.889));
#5389 = VECTOR('',#5390,1.);
#5390 = DIRECTION('',(0.,0.,1.));
#5391 = PCURVE('',#2233,#5392);
#5392 = DEFINITIONAL_REPRESENTATION('',(#5393),#5397);
#5393 = LINE('',#5394,#5395);
#5394 = CARTESIAN_POINT('',(0.663367784252,2.232426817705));
#5395 = VECTOR('',#5396,1.);
#5396 = DIRECTION('',(-1.,0.));
#5397 = ( GEOMETRIC_REPRESENTATION_CONTEXT(2) 
PARAMETRIC_REPRESENTATION_CONTEXT() REPRESENTATION_CONTEXT('2D SPACE',''
  ) );
#5398 = PCURVE('',#2259,#5399);
#5399 = DEFINITIONAL_REPRESENTATION('',(#5400),#5404);
#5400 = LINE('',#5401,#5402);
#5401 = CARTESIAN_POINT('',(0.,0.));
#5402 = VECTOR('',#5403,1.);
#5403 = DIRECTION('',(1.,0.));
#5404 = ( GEOMETRIC_REPRESENTATION_CONTEXT(2) 
PARAMETRIC_REPRESENTATION_CONTEXT() REPRESENTATION_CONTEXT('2D SPACE',''
  ) );
#5405 = ADVANCED_FACE('',(#5406),#2283,.F.);
#5406 = FACE_BOUND('',#5407,.F.);
#5407 = EDGE_LOOP('',(#5408,#5409,#5410));
#5408 = ORIENTED_EDGE('',*,*,#2270,.T.);
#5409 = ORIENTED_EDGE('',*,*,#5313,.T.);
#5410 = ORIENTED_EDGE('',*,*,#5411,.T.);
#5411 = EDGE_CURVE('',#5314,#2245,#5412,.T.);
#5412 = SURFACE_CURVE('',#5413,(#5417,#5424),.PCURVE_S1.);
#5413 = LINE('',#5414,#5415);
#5414 = CARTESIAN_POINT('',(-14.881,-1.954,-9.889));
#5415 = VECTOR('',#5416,1.);
#5416 = DIRECTION('',(0.,0.,1.));
#5417 = PCURVE('',#2283,#5418);
#5418 = DEFINITIONAL_REPRESENTATION('',(#5419),#5423);
#5419 = LINE('',#5420,#5421);
#5420 = CARTESIAN_POINT('',(0.663367784252,2.232426817705));
#5421 = VECTOR('',#5422,1.);
#5422 = DIRECTION('',(-1.,0.));
#5423 = ( GEOMETRIC_REPRESENTATION_CONTEXT(2) 
PARAMETRIC_REPRESENTATION_CONTEXT() REPRESENTATION_CONTEXT('2D SPACE',''
  ) );
#5424 = PCURVE('',#2259,#5425);
#5425 = DEFINITIONAL_REPRESENTATION('',(#5426),#5430);
#5426 = LINE('',#5427,#5428);
#5427 = CARTESIAN_POINT('',(0.,-2.08));
#5428 = VECTOR('',#5429,1.);
#5429 = DIRECTION('',(1.,0.));
#5430 = ( GEOMETRIC_REPRESENTATION_CONTEXT(2) 
PARAMETRIC_REPRESENTATION_CONTEXT() REPRESENTATION_CONTEXT('2D SPACE',''
  ) );
#5431 = ADVANCED_FACE('',(#5432),#2259,.T.);
#5432 = FACE_BOUND('',#5433,.T.);
#5433 = EDGE_LOOP('',(#5434,#5435,#5436,#5437));
#5434 = ORIENTED_EDGE('',*,*,#5385,.F.);
#5435 = ORIENTED_EDGE('',*,*,#5336,.T.);
#5436 = ORIENTED_EDGE('',*,*,#5411,.T.);
#5437 = ORIENTED_EDGE('',*,*,#2244,.T.);
#5438 = ADVANCED_FACE('',(#5439),#2314,.T.);
#5439 = FACE_BOUND('',#5440,.T.);
#5440 = EDGE_LOOP('',(#5441,#5442,#5465,#5488));
#5441 = ORIENTED_EDGE('',*,*,#2296,.T.);
#5442 = ORIENTED_EDGE('',*,*,#5443,.T.);
#5443 = EDGE_CURVE('',#2299,#5444,#5446,.T.);
#5444 = VERTEX_POINT('',#5445);
#5445 = CARTESIAN_POINT('',(-14.881,4.034,-9.889));
#5446 = SURFACE_CURVE('',#5447,(#5451,#5458),.PCURVE_S1.);
#5447 = LINE('',#5448,#5449);
#5448 = CARTESIAN_POINT('',(-19.618,4.034,-9.142781920818));
#5449 = VECTOR('',#5450,1.);
#5450 = DIRECTION('',(0.987818456562,0.,-0.155610722237));
#5451 = PCURVE('',#2314,#5452);
#5452 = DEFINITIONAL_REPRESENTATION('',(#5453),#5457);
#5453 = LINE('',#5454,#5455);
#5454 = CARTESIAN_POINT('',(0.,-2.08));
#5455 = VECTOR('',#5456,1.);
#5456 = DIRECTION('',(1.,0.));
#5457 = ( GEOMETRIC_REPRESENTATION_CONTEXT(2) 
PARAMETRIC_REPRESENTATION_CONTEXT() REPRESENTATION_CONTEXT('2D SPACE',''
  ) );
#5458 = PCURVE('',#2391,#5459);
#5459 = DEFINITIONAL_REPRESENTATION('',(#5460),#5464);
#5460 = LINE('',#5461,#5462);
#5461 = CARTESIAN_POINT('',(-8.285029492969E-02,-2.504573182295));
#5462 = VECTOR('',#5463,1.);
#5463 = DIRECTION('',(0.155610722237,0.987818456562));
#5464 = ( GEOMETRIC_REPRESENTATION_CONTEXT(2) 
PARAMETRIC_REPRESENTATION_CONTEXT() REPRESENTATION_CONTEXT('2D SPACE',''
  ) );
#5465 = ORIENTED_EDGE('',*,*,#5466,.F.);
#5466 = EDGE_CURVE('',#5467,#5444,#5469,.T.);
#5467 = VERTEX_POINT('',#5468);
#5468 = CARTESIAN_POINT('',(-14.881,1.954,-9.889));
#5469 = SURFACE_CURVE('',#5470,(#5474,#5481),.PCURVE_S1.);
#5470 = LINE('',#5471,#5472);
#5471 = CARTESIAN_POINT('',(-14.881,1.954,-9.889));
#5472 = VECTOR('',#5473,1.);
#5473 = DIRECTION('',(0.,1.,0.));
#5474 = PCURVE('',#2314,#5475);
#5475 = DEFINITIONAL_REPRESENTATION('',(#5476),#5480);
#5476 = LINE('',#5477,#5478);
#5477 = CARTESIAN_POINT('',(4.795415562983,0.));
#5478 = VECTOR('',#5479,1.);
#5479 = DIRECTION('',(0.,-1.));
#5480 = ( GEOMETRIC_REPRESENTATION_CONTEXT(2) 
PARAMETRIC_REPRESENTATION_CONTEXT() REPRESENTATION_CONTEXT('2D SPACE',''
  ) );
#5481 = PCURVE('',#2367,#5482);
#5482 = DEFINITIONAL_REPRESENTATION('',(#5483),#5487);
#5483 = LINE('',#5484,#5485);
#5484 = CARTESIAN_POINT('',(0.,0.));
#5485 = VECTOR('',#5486,1.);
#5486 = DIRECTION('',(0.,-1.));
#5487 = ( GEOMETRIC_REPRESENTATION_CONTEXT(2) 
PARAMETRIC_REPRESENTATION_CONTEXT() REPRESENTATION_CONTEXT('2D SPACE',''
  ) );
#5488 = ORIENTED_EDGE('',*,*,#5489,.F.);
#5489 = EDGE_CURVE('',#2297,#5467,#5490,.T.);
#5490 = SURFACE_CURVE('',#5491,(#5495,#5502),.PCURVE_S1.);
#5491 = LINE('',#5492,#5493);
#5492 = CARTESIAN_POINT('',(-19.618,1.954,-9.142781920818));
#5493 = VECTOR('',#5494,1.);
#5494 = DIRECTION('',(0.987818456562,0.,-0.155610722237));
#5495 = PCURVE('',#2314,#5496);
#5496 = DEFINITIONAL_REPRESENTATION('',(#5497),#5501);
#5497 = LINE('',#5498,#5499);
#5498 = CARTESIAN_POINT('',(0.,0.));
#5499 = VECTOR('',#5500,1.);
#5500 = DIRECTION('',(1.,0.));
#5501 = ( GEOMETRIC_REPRESENTATION_CONTEXT(2) 
PARAMETRIC_REPRESENTATION_CONTEXT() REPRESENTATION_CONTEXT('2D SPACE',''
  ) );
#5502 = PCURVE('',#2341,#5503);
#5503 = DEFINITIONAL_REPRESENTATION('',(#5504),#5508);
#5504 = LINE('',#5505,#5506);
#5505 = CARTESIAN_POINT('',(-8.285029492969E-02,-2.504573182295));
#5506 = VECTOR('',#5507,1.);
#5507 = DIRECTION('',(0.155610722237,0.987818456562));
#5508 = ( GEOMETRIC_REPRESENTATION_CONTEXT(2) 
PARAMETRIC_REPRESENTATION_CONTEXT() REPRESENTATION_CONTEXT('2D SPACE',''
  ) );
#5509 = ADVANCED_FACE('',(#5510),#2341,.T.);
#5510 = FACE_BOUND('',#5511,.T.);
#5511 = EDGE_LOOP('',(#5512,#5513,#5514));
#5512 = ORIENTED_EDGE('',*,*,#2326,.T.);
#5513 = ORIENTED_EDGE('',*,*,#5489,.T.);
#5514 = ORIENTED_EDGE('',*,*,#5515,.T.);
#5515 = EDGE_CURVE('',#5467,#2327,#5516,.T.);
#5516 = SURFACE_CURVE('',#5517,(#5521,#5528),.PCURVE_S1.);
#5517 = LINE('',#5518,#5519);
#5518 = CARTESIAN_POINT('',(-14.881,1.954,-9.889));
#5519 = VECTOR('',#5520,1.);
#5520 = DIRECTION('',(0.,0.,1.));
#5521 = PCURVE('',#2341,#5522);
#5522 = DEFINITIONAL_REPRESENTATION('',(#5523),#5527);
#5523 = LINE('',#5524,#5525);
#5524 = CARTESIAN_POINT('',(0.663367784252,2.232426817705));
#5525 = VECTOR('',#5526,1.);
#5526 = DIRECTION('',(-1.,0.));
#5527 = ( GEOMETRIC_REPRESENTATION_CONTEXT(2) 
PARAMETRIC_REPRESENTATION_CONTEXT() REPRESENTATION_CONTEXT('2D SPACE',''
  ) );
#5528 = PCURVE('',#2367,#5529);
#5529 = DEFINITIONAL_REPRESENTATION('',(#5530),#5534);
#5530 = LINE('',#5531,#5532);
#5531 = CARTESIAN_POINT('',(0.,0.));
#5532 = VECTOR('',#5533,1.);
#5533 = DIRECTION('',(1.,0.));
#5534 = ( GEOMETRIC_REPRESENTATION_CONTEXT(2) 
PARAMETRIC_REPRESENTATION_CONTEXT() REPRESENTATION_CONTEXT('2D SPACE',''
  ) );
#5535 = ADVANCED_FACE('',(#5536),#2391,.F.);
#5536 = FACE_BOUND('',#5537,.F.);
#5537 = EDGE_LOOP('',(#5538,#5539,#5540));
#5538 = ORIENTED_EDGE('',*,*,#2378,.T.);
#5539 = ORIENTED_EDGE('',*,*,#5443,.T.);
#5540 = ORIENTED_EDGE('',*,*,#5541,.T.);
#5541 = EDGE_CURVE('',#5444,#2353,#5542,.T.);
#5542 = SURFACE_CURVE('',#5543,(#5547,#5554),.PCURVE_S1.);
#5543 = LINE('',#5544,#5545);
#5544 = CARTESIAN_POINT('',(-14.881,4.034,-9.889));
#5545 = VECTOR('',#5546,1.);
#5546 = DIRECTION('',(0.,0.,1.));
#5547 = PCURVE('',#2391,#5548);
#5548 = DEFINITIONAL_REPRESENTATION('',(#5549),#5553);
#5549 = LINE('',#5550,#5551);
#5550 = CARTESIAN_POINT('',(0.663367784252,2.232426817705));
#5551 = VECTOR('',#5552,1.);
#5552 = DIRECTION('',(-1.,0.));
#5553 = ( GEOMETRIC_REPRESENTATION_CONTEXT(2) 
PARAMETRIC_REPRESENTATION_CONTEXT() REPRESENTATION_CONTEXT('2D SPACE',''
  ) );
#5554 = PCURVE('',#2367,#5555);
#5555 = DEFINITIONAL_REPRESENTATION('',(#5556),#5560);
#5556 = LINE('',#5557,#5558);
#5557 = CARTESIAN_POINT('',(0.,-2.08));
#5558 = VECTOR('',#5559,1.);
#5559 = DIRECTION('',(1.,0.));
#5560 = ( GEOMETRIC_REPRESENTATION_CONTEXT(2) 
PARAMETRIC_REPRESENTATION_CONTEXT() REPRESENTATION_CONTEXT('2D SPACE',''
  ) );
#5561 = ADVANCED_FACE('',(#5562),#2367,.T.);
#5562 = FACE_BOUND('',#5563,.T.);
#5563 = EDGE_LOOP('',(#5564,#5565,#5566,#5567));
#5564 = ORIENTED_EDGE('',*,*,#5515,.F.);
#5565 = ORIENTED_EDGE('',*,*,#5466,.T.);
#5566 = ORIENTED_EDGE('',*,*,#5541,.T.);
#5567 = ORIENTED_EDGE('',*,*,#2352,.T.);
#5568 = ADVANCED_FACE('',(#5569),#2454,.F.);
#5569 = FACE_BOUND('',#5570,.F.);
#5570 = EDGE_LOOP('',(#5571,#5572,#5573,#5574));
#5571 = ORIENTED_EDGE('',*,*,#4353,.F.);
#5572 = ORIENTED_EDGE('',*,*,#4329,.T.);
#5573 = ORIENTED_EDGE('',*,*,#2436,.T.);
#5574 = ORIENTED_EDGE('',*,*,#3017,.T.);
#5575 = ADVANCED_FACE('',(#5576),#2535,.F.);
#5576 = FACE_BOUND('',#5577,.F.);
#5577 = EDGE_LOOP('',(#5578,#5608,#5629,#5648,#5649,#5650));
#5578 = ORIENTED_EDGE('',*,*,#5579,.F.);
#5579 = EDGE_CURVE('',#5580,#5582,#5584,.T.);
#5580 = VERTEX_POINT('',#5581);
#5581 = CARTESIAN_POINT('',(-2.2E-02,-16.329,-2.282));
#5582 = VERTEX_POINT('',#5583);
#5583 = CARTESIAN_POINT('',(-2.2E-02,-16.329,-1.817));
#5584 = SURFACE_CURVE('',#5585,(#5589,#5596),.PCURVE_S1.);
#5585 = LINE('',#5586,#5587);
#5586 = CARTESIAN_POINT('',(-2.2E-02,-16.329,-10.86688390631));
#5587 = VECTOR('',#5588,1.);
#5588 = DIRECTION('',(0.,0.,1.));
#5589 = PCURVE('',#2535,#5590);
#5590 = DEFINITIONAL_REPRESENTATION('',(#5591),#5595);
#5591 = LINE('',#5592,#5593);
#5592 = CARTESIAN_POINT('',(0.,1.043));
#5593 = VECTOR('',#5594,1.);
#5594 = DIRECTION('',(1.,0.));
#5595 = ( GEOMETRIC_REPRESENTATION_CONTEXT(2) 
PARAMETRIC_REPRESENTATION_CONTEXT() REPRESENTATION_CONTEXT('2D SPACE',''
  ) );
#5596 = PCURVE('',#5597,#5602);
#5597 = PLANE('',#5598);
#5598 = AXIS2_PLACEMENT_3D('',#5599,#5600,#5601);
#5599 = CARTESIAN_POINT('',(-2.2E-02,-16.388,-3.691));
#5600 = DIRECTION('',(1.,0.,-0.));
#5601 = DIRECTION('',(0.,0.,1.));
#5602 = DEFINITIONAL_REPRESENTATION('',(#5603),#5607);
#5603 = LINE('',#5604,#5605);
#5604 = CARTESIAN_POINT('',(-7.175883906313,-5.9E-02));
#5605 = VECTOR('',#5606,1.);
#5606 = DIRECTION('',(1.,0.));
#5607 = ( GEOMETRIC_REPRESENTATION_CONTEXT(2) 
PARAMETRIC_REPRESENTATION_CONTEXT() REPRESENTATION_CONTEXT('2D SPACE',''
  ) );
#5608 = ORIENTED_EDGE('',*,*,#5609,.F.);
#5609 = EDGE_CURVE('',#5610,#5580,#5612,.T.);
#5610 = VERTEX_POINT('',#5611);
#5611 = CARTESIAN_POINT('',(-0.882,-16.329,-2.282));
#5612 = SURFACE_CURVE('',#5613,(#5617,#5623),.PCURVE_S1.);
#5613 = LINE('',#5614,#5615);
#5614 = CARTESIAN_POINT('',(-0.9735,-16.329,-2.282));
#5615 = VECTOR('',#5616,1.);
#5616 = DIRECTION('',(1.,0.,-0.));
#5617 = PCURVE('',#2535,#5618);
#5618 = DEFINITIONAL_REPRESENTATION('',(#5619),#5622);
#5619 = B_SPLINE_CURVE_WITH_KNOTS('',1,(#5620,#5621),.UNSPECIFIED.,.F.,
  .F.,(2,2),(9.15E-02,0.9515),.PIECEWISE_BEZIER_KNOTS.);
#5620 = CARTESIAN_POINT('',(8.584883906313,0.183));
#5621 = CARTESIAN_POINT('',(8.584883906313,1.043));
#5622 = ( GEOMETRIC_REPRESENTATION_CONTEXT(2) 
PARAMETRIC_REPRESENTATION_CONTEXT() REPRESENTATION_CONTEXT('2D SPACE',''
  ) );
#5623 = PCURVE('',#4741,#5624);
#5624 = DEFINITIONAL_REPRESENTATION('',(#5625),#5628);
#5625 = B_SPLINE_CURVE_WITH_KNOTS('',1,(#5626,#5627),.UNSPECIFIED.,.F.,
  .F.,(2,2),(9.15E-02,0.9515),.PIECEWISE_BEZIER_KNOTS.);
#5626 = CARTESIAN_POINT('',(0.,1.403));
#5627 = CARTESIAN_POINT('',(0.86,1.403));
#5628 = ( GEOMETRIC_REPRESENTATION_CONTEXT(2) 
PARAMETRIC_REPRESENTATION_CONTEXT() REPRESENTATION_CONTEXT('2D SPACE',''
  ) );
#5629 = ORIENTED_EDGE('',*,*,#5630,.T.);
#5630 = EDGE_CURVE('',#5610,#2675,#5631,.T.);
#5631 = SURFACE_CURVE('',#5632,(#5636,#5642),.PCURVE_S1.);
#5632 = LINE('',#5633,#5634);
#5633 = CARTESIAN_POINT('',(-0.882,-16.329,-8.634941953157));
#5634 = VECTOR('',#5635,1.);
#5635 = DIRECTION('',(-0.,0.,-1.));
#5636 = PCURVE('',#2535,#5637);
#5637 = DEFINITIONAL_REPRESENTATION('',(#5638),#5641);
#5638 = B_SPLINE_CURVE_WITH_KNOTS('',1,(#5639,#5640),.UNSPECIFIED.,.F.,
  .F.,(2,2),(-6.352941953157,-5.470941953157),.PIECEWISE_BEZIER_KNOTS.);
#5639 = CARTESIAN_POINT('',(8.584883906313,0.183));
#5640 = CARTESIAN_POINT('',(7.702883906313,0.183));
#5641 = ( GEOMETRIC_REPRESENTATION_CONTEXT(2) 
PARAMETRIC_REPRESENTATION_CONTEXT() REPRESENTATION_CONTEXT('2D SPACE',''
  ) );
#5642 = PCURVE('',#2689,#5643);
#5643 = DEFINITIONAL_REPRESENTATION('',(#5644),#5647);
#5644 = B_SPLINE_CURVE_WITH_KNOTS('',1,(#5645,#5646),.UNSPECIFIED.,.F.,
  .F.,(2,2),(-6.352941953157,-5.470941953157),.PIECEWISE_BEZIER_KNOTS.);
#5645 = CARTESIAN_POINT('',(4.121,-1.403));
#5646 = CARTESIAN_POINT('',(3.239,-1.403));
#5647 = ( GEOMETRIC_REPRESENTATION_CONTEXT(2) 
PARAMETRIC_REPRESENTATION_CONTEXT() REPRESENTATION_CONTEXT('2D SPACE',''
  ) );
#5648 = ORIENTED_EDGE('',*,*,#2700,.F.);
#5649 = ORIENTED_EDGE('',*,*,#2517,.T.);
#5650 = ORIENTED_EDGE('',*,*,#5651,.T.);
#5651 = EDGE_CURVE('',#2520,#5582,#5652,.T.);
#5652 = SURFACE_CURVE('',#5653,(#5657,#5664),.PCURVE_S1.);
#5653 = LINE('',#5654,#5655);
#5654 = CARTESIAN_POINT('',(-1.065,-16.329,-1.817));
#5655 = VECTOR('',#5656,1.);
#5656 = DIRECTION('',(1.,0.,-0.));
#5657 = PCURVE('',#2535,#5658);
#5658 = DEFINITIONAL_REPRESENTATION('',(#5659),#5663);
#5659 = LINE('',#5660,#5661);
#5660 = CARTESIAN_POINT('',(9.049883906313,0.));
#5661 = VECTOR('',#5662,1.);
#5662 = DIRECTION('',(0.,1.));
#5663 = ( GEOMETRIC_REPRESENTATION_CONTEXT(2) 
PARAMETRIC_REPRESENTATION_CONTEXT() REPRESENTATION_CONTEXT('2D SPACE',''
  ) );
#5664 = PCURVE('',#2608,#5665);
#5665 = DEFINITIONAL_REPRESENTATION('',(#5666),#5670);
#5666 = LINE('',#5667,#5668);
#5667 = CARTESIAN_POINT('',(-0.,0.));
#5668 = VECTOR('',#5669,1.);
#5669 = DIRECTION('',(-0.,1.));
#5670 = ( GEOMETRIC_REPRESENTATION_CONTEXT(2) 
PARAMETRIC_REPRESENTATION_CONTEXT() REPRESENTATION_CONTEXT('2D SPACE',''
  ) );
#5671 = ADVANCED_FACE('',(#5672),#2608,.T.);
#5672 = FACE_BOUND('',#5673,.F.);
#5673 = EDGE_LOOP('',(#5674,#5675,#5676,#5677,#5700));
#5674 = ORIENTED_EDGE('',*,*,#5651,.F.);
#5675 = ORIENTED_EDGE('',*,*,#2589,.T.);
#5676 = ORIENTED_EDGE('',*,*,#3276,.T.);
#5677 = ORIENTED_EDGE('',*,*,#5678,.T.);
#5678 = EDGE_CURVE('',#3251,#5679,#5681,.T.);
#5679 = VERTEX_POINT('',#5680);
#5680 = CARTESIAN_POINT('',(-2.2E-02,-14.589,-7.7E-02));
#5681 = SURFACE_CURVE('',#5682,(#5686,#5693),.PCURVE_S1.);
#5682 = LINE('',#5683,#5684);
#5683 = CARTESIAN_POINT('',(-1.065,-14.589,-7.7E-02));
#5684 = VECTOR('',#5685,1.);
#5685 = DIRECTION('',(1.,0.,-0.));
#5686 = PCURVE('',#2608,#5687);
#5687 = DEFINITIONAL_REPRESENTATION('',(#5688),#5692);
#5688 = LINE('',#5689,#5690);
#5689 = CARTESIAN_POINT('',(-1.570796326795,0.));
#5690 = VECTOR('',#5691,1.);
#5691 = DIRECTION('',(-0.,1.));
#5692 = ( GEOMETRIC_REPRESENTATION_CONTEXT(2) 
PARAMETRIC_REPRESENTATION_CONTEXT() REPRESENTATION_CONTEXT('2D SPACE',''
  ) );
#5693 = PCURVE('',#3265,#5694);
#5694 = DEFINITIONAL_REPRESENTATION('',(#5695),#5699);
#5695 = LINE('',#5696,#5697);
#5696 = CARTESIAN_POINT('',(0.,1.74));
#5697 = VECTOR('',#5698,1.);
#5698 = DIRECTION('',(1.,0.));
#5699 = ( GEOMETRIC_REPRESENTATION_CONTEXT(2) 
PARAMETRIC_REPRESENTATION_CONTEXT() REPRESENTATION_CONTEXT('2D SPACE',''
  ) );
#5700 = ORIENTED_EDGE('',*,*,#5701,.F.);
#5701 = EDGE_CURVE('',#5582,#5679,#5702,.T.);
#5702 = SURFACE_CURVE('',#5703,(#5708,#5715),.PCURVE_S1.);
#5703 = CIRCLE('',#5704,1.74);
#5704 = AXIS2_PLACEMENT_3D('',#5705,#5706,#5707);
#5705 = CARTESIAN_POINT('',(-2.2E-02,-14.589,-1.817));
#5706 = DIRECTION('',(-1.,-0.,0.));
#5707 = DIRECTION('',(0.,0.,1.));
#5708 = PCURVE('',#2608,#5709);
#5709 = DEFINITIONAL_REPRESENTATION('',(#5710),#5714);
#5710 = LINE('',#5711,#5712);
#5711 = CARTESIAN_POINT('',(4.712388980385,1.043));
#5712 = VECTOR('',#5713,1.);
#5713 = DIRECTION('',(-1.,0.));
#5714 = ( GEOMETRIC_REPRESENTATION_CONTEXT(2) 
PARAMETRIC_REPRESENTATION_CONTEXT() REPRESENTATION_CONTEXT('2D SPACE',''
  ) );
#5715 = PCURVE('',#5597,#5716);
#5716 = DEFINITIONAL_REPRESENTATION('',(#5717),#5725);
#5717 = ( BOUNDED_CURVE() B_SPLINE_CURVE(2,(#5718,#5719,#5720,#5721,
#5722,#5723,#5724),.UNSPECIFIED.,.T.,.F.) B_SPLINE_CURVE_WITH_KNOTS((1,2
    ,2,2,2,1),(-2.094395102393,0.,2.094395102393,4.188790204786,
6.28318530718,8.377580409573),.UNSPECIFIED.) CURVE() 
GEOMETRIC_REPRESENTATION_ITEM() RATIONAL_B_SPLINE_CURVE((1.,0.5,1.,0.5,
1.,0.5,1.)) REPRESENTATION_ITEM('') );
#5718 = CARTESIAN_POINT('',(3.614,-1.799));
#5719 = CARTESIAN_POINT('',(3.614,-4.81276840517));
#5720 = CARTESIAN_POINT('',(1.004,-3.305884202585));
#5721 = CARTESIAN_POINT('',(-1.606,-1.799));
#5722 = CARTESIAN_POINT('',(1.004,-0.292115797415));
#5723 = CARTESIAN_POINT('',(3.614,1.21476840517));
#5724 = CARTESIAN_POINT('',(3.614,-1.799));
#5725 = ( GEOMETRIC_REPRESENTATION_CONTEXT(2) 
PARAMETRIC_REPRESENTATION_CONTEXT() REPRESENTATION_CONTEXT('2D SPACE',''
  ) );
#5726 = ADVANCED_FACE('',(#5727),#2689,.F.);
#5727 = FACE_BOUND('',#5728,.F.);
#5728 = EDGE_LOOP('',(#5729,#5752,#5753,#5754));
#5729 = ORIENTED_EDGE('',*,*,#5730,.F.);
#5730 = EDGE_CURVE('',#2647,#5731,#5733,.T.);
#5731 = VERTEX_POINT('',#5732);
#5732 = CARTESIAN_POINT('',(-0.882,-17.732,-2.282));
#5733 = SURFACE_CURVE('',#5734,(#5738,#5745),.PCURVE_S1.);
#5734 = LINE('',#5735,#5736);
#5735 = CARTESIAN_POINT('',(-0.882,-17.732,-6.403));
#5736 = VECTOR('',#5737,1.);
#5737 = DIRECTION('',(0.,0.,1.));
#5738 = PCURVE('',#2689,#5739);
#5739 = DEFINITIONAL_REPRESENTATION('',(#5740),#5744);
#5740 = LINE('',#5741,#5742);
#5741 = CARTESIAN_POINT('',(0.,0.));
#5742 = VECTOR('',#5743,1.);
#5743 = DIRECTION('',(1.,0.));
#5744 = ( GEOMETRIC_REPRESENTATION_CONTEXT(2) 
PARAMETRIC_REPRESENTATION_CONTEXT() REPRESENTATION_CONTEXT('2D SPACE',''
  ) );
#5745 = PCURVE('',#2662,#5746);
#5746 = DEFINITIONAL_REPRESENTATION('',(#5747),#5751);
#5747 = LINE('',#5748,#5749);
#5748 = CARTESIAN_POINT('',(8.881784197001E-16,5.514));
#5749 = VECTOR('',#5750,1.);
#5750 = DIRECTION('',(1.,0.));
#5751 = ( GEOMETRIC_REPRESENTATION_CONTEXT(2) 
PARAMETRIC_REPRESENTATION_CONTEXT() REPRESENTATION_CONTEXT('2D SPACE',''
  ) );
#5752 = ORIENTED_EDGE('',*,*,#2674,.T.);
#5753 = ORIENTED_EDGE('',*,*,#5630,.F.);
#5754 = ORIENTED_EDGE('',*,*,#5755,.F.);
#5755 = EDGE_CURVE('',#5731,#5610,#5756,.T.);
#5756 = SURFACE_CURVE('',#5757,(#5761,#5768),.PCURVE_S1.);
#5757 = LINE('',#5758,#5759);
#5758 = CARTESIAN_POINT('',(-0.882,-17.732,-2.282));
#5759 = VECTOR('',#5760,1.);
#5760 = DIRECTION('',(-0.,1.,0.));
#5761 = PCURVE('',#2689,#5762);
#5762 = DEFINITIONAL_REPRESENTATION('',(#5763),#5767);
#5763 = LINE('',#5764,#5765);
#5764 = CARTESIAN_POINT('',(4.121,0.));
#5765 = VECTOR('',#5766,1.);
#5766 = DIRECTION('',(0.,-1.));
#5767 = ( GEOMETRIC_REPRESENTATION_CONTEXT(2) 
PARAMETRIC_REPRESENTATION_CONTEXT() REPRESENTATION_CONTEXT('2D SPACE',''
  ) );
#5768 = PCURVE('',#4741,#5769);
#5769 = DEFINITIONAL_REPRESENTATION('',(#5770),#5774);
#5770 = LINE('',#5771,#5772);
#5771 = CARTESIAN_POINT('',(0.,0.));
#5772 = VECTOR('',#5773,1.);
#5773 = DIRECTION('',(0.,1.));
#5774 = ( GEOMETRIC_REPRESENTATION_CONTEXT(2) 
PARAMETRIC_REPRESENTATION_CONTEXT() REPRESENTATION_CONTEXT('2D SPACE',''
  ) );
#5775 = ADVANCED_FACE('',(#5776),#2662,.F.);
#5776 = FACE_BOUND('',#5777,.F.);
#5777 = EDGE_LOOP('',(#5778,#5779,#5780,#5781,#5782,#5803,#5804,#5805));
#5778 = ORIENTED_EDGE('',*,*,#2850,.F.);
#5779 = ORIENTED_EDGE('',*,*,#2725,.T.);
#5780 = ORIENTED_EDGE('',*,*,#2646,.T.);
#5781 = ORIENTED_EDGE('',*,*,#5730,.T.);
#5782 = ORIENTED_EDGE('',*,*,#5783,.T.);
#5783 = EDGE_CURVE('',#5731,#4726,#5784,.T.);
#5784 = SURFACE_CURVE('',#5785,(#5789,#5796),.PCURVE_S1.);
#5785 = LINE('',#5786,#5787);
#5786 = CARTESIAN_POINT('',(-0.882,-17.732,-2.282));
#5787 = VECTOR('',#5788,1.);
#5788 = DIRECTION('',(1.,0.,-0.));
#5789 = PCURVE('',#2662,#5790);
#5790 = DEFINITIONAL_REPRESENTATION('',(#5791),#5795);
#5791 = LINE('',#5792,#5793);
#5792 = CARTESIAN_POINT('',(4.121,5.514));
#5793 = VECTOR('',#5794,1.);
#5794 = DIRECTION('',(0.,1.));
#5795 = ( GEOMETRIC_REPRESENTATION_CONTEXT(2) 
PARAMETRIC_REPRESENTATION_CONTEXT() REPRESENTATION_CONTEXT('2D SPACE',''
  ) );
#5796 = PCURVE('',#4741,#5797);
#5797 = DEFINITIONAL_REPRESENTATION('',(#5798),#5802);
#5798 = LINE('',#5799,#5800);
#5799 = CARTESIAN_POINT('',(0.,0.));
#5800 = VECTOR('',#5801,1.);
#5801 = DIRECTION('',(1.,0.));
#5802 = ( GEOMETRIC_REPRESENTATION_CONTEXT(2) 
PARAMETRIC_REPRESENTATION_CONTEXT() REPRESENTATION_CONTEXT('2D SPACE',''
  ) );
#5803 = ORIENTED_EDGE('',*,*,#4753,.T.);
#5804 = ORIENTED_EDGE('',*,*,#2971,.T.);
#5805 = ORIENTED_EDGE('',*,*,#5806,.F.);
#5806 = EDGE_CURVE('',#2823,#2949,#5807,.T.);
#5807 = SURFACE_CURVE('',#5808,(#5812,#5818),.PCURVE_S1.);
#5808 = LINE('',#5809,#5810);
#5809 = CARTESIAN_POINT('',(-1.404,-17.732,-6.403));
#5810 = VECTOR('',#5811,1.);
#5811 = DIRECTION('',(-0.,0.,-1.));
#5812 = PCURVE('',#2662,#5813);
#5813 = DEFINITIONAL_REPRESENTATION('',(#5814),#5817);
#5814 = B_SPLINE_CURVE_WITH_KNOTS('',1,(#5815,#5816),.UNSPECIFIED.,.F.,
  .F.,(2,2),(-1.845,-0.),.PIECEWISE_BEZIER_KNOTS.);
#5815 = CARTESIAN_POINT('',(1.845,4.992));
#5816 = CARTESIAN_POINT('',(8.881784197001E-16,4.992));
#5817 = ( GEOMETRIC_REPRESENTATION_CONTEXT(2) 
PARAMETRIC_REPRESENTATION_CONTEXT() REPRESENTATION_CONTEXT('2D SPACE',''
  ) );
#5818 = PCURVE('',#2838,#5819);
#5819 = DEFINITIONAL_REPRESENTATION('',(#5820),#5823);
#5820 = B_SPLINE_CURVE_WITH_KNOTS('',1,(#5821,#5822),.UNSPECIFIED.,.F.,
  .F.,(2,2),(-1.845,-0.),.PIECEWISE_BEZIER_KNOTS.);
#5821 = CARTESIAN_POINT('',(1.845,-1.256));
#5822 = CARTESIAN_POINT('',(0.,-1.256));
#5823 = ( GEOMETRIC_REPRESENTATION_CONTEXT(2) 
PARAMETRIC_REPRESENTATION_CONTEXT() REPRESENTATION_CONTEXT('2D SPACE',''
  ) );
#5824 = ADVANCED_FACE('',(#5825),#2838,.T.);
#5825 = FACE_BOUND('',#5826,.T.);
#5826 = EDGE_LOOP('',(#5827,#5828,#5849,#5850));
#5827 = ORIENTED_EDGE('',*,*,#2822,.F.);
#5828 = ORIENTED_EDGE('',*,*,#5829,.F.);
#5829 = EDGE_CURVE('',#2926,#2795,#5830,.T.);
#5830 = SURFACE_CURVE('',#5831,(#5835,#5842),.PCURVE_S1.);
#5831 = LINE('',#5832,#5833);
#5832 = CARTESIAN_POINT('',(-1.404,-18.988,-6.403));
#5833 = VECTOR('',#5834,1.);
#5834 = DIRECTION('',(0.,0.,1.));
#5835 = PCURVE('',#2838,#5836);
#5836 = DEFINITIONAL_REPRESENTATION('',(#5837),#5841);
#5837 = LINE('',#5838,#5839);
#5838 = CARTESIAN_POINT('',(0.,0.));
#5839 = VECTOR('',#5840,1.);
#5840 = DIRECTION('',(1.,0.));
#5841 = ( GEOMETRIC_REPRESENTATION_CONTEXT(2) 
PARAMETRIC_REPRESENTATION_CONTEXT() REPRESENTATION_CONTEXT('2D SPACE',''
  ) );
#5842 = PCURVE('',#2810,#5843);
#5843 = DEFINITIONAL_REPRESENTATION('',(#5844),#5848);
#5844 = LINE('',#5845,#5846);
#5845 = CARTESIAN_POINT('',(0.,13.646));
#5846 = VECTOR('',#5847,1.);
#5847 = DIRECTION('',(1.,0.));
#5848 = ( GEOMETRIC_REPRESENTATION_CONTEXT(2) 
PARAMETRIC_REPRESENTATION_CONTEXT() REPRESENTATION_CONTEXT('2D SPACE',''
  ) );
#5849 = ORIENTED_EDGE('',*,*,#2948,.T.);
#5850 = ORIENTED_EDGE('',*,*,#5806,.F.);
#5851 = ADVANCED_FACE('',(#5852),#2810,.F.);
#5852 = FACE_BOUND('',#5853,.F.);
#5853 = EDGE_LOOP('',(#5854,#5855,#5856,#5857));
#5854 = ORIENTED_EDGE('',*,*,#2925,.F.);
#5855 = ORIENTED_EDGE('',*,*,#2875,.T.);
#5856 = ORIENTED_EDGE('',*,*,#2794,.T.);
#5857 = ORIENTED_EDGE('',*,*,#5829,.F.);
#5858 = ADVANCED_FACE('',(#5859),#3265,.T.);
#5859 = FACE_BOUND('',#5860,.T.);
#5860 = EDGE_LOOP('',(#5861,#5862,#5863,#5886,#5914,#5942,#5970,#5998));
#5861 = ORIENTED_EDGE('',*,*,#3250,.T.);
#5862 = ORIENTED_EDGE('',*,*,#5678,.T.);
#5863 = ORIENTED_EDGE('',*,*,#5864,.F.);
#5864 = EDGE_CURVE('',#5865,#5679,#5867,.T.);
#5865 = VERTEX_POINT('',#5866);
#5866 = CARTESIAN_POINT('',(-2.2E-02,-15.281,-7.7E-02));
#5867 = SURFACE_CURVE('',#5868,(#5872,#5879),.PCURVE_S1.);
#5868 = LINE('',#5869,#5870);
#5869 = CARTESIAN_POINT('',(-2.2E-02,-16.388,-7.7E-02));
#5870 = VECTOR('',#5871,1.);
#5871 = DIRECTION('',(-0.,1.,0.));
#5872 = PCURVE('',#3265,#5873);
#5873 = DEFINITIONAL_REPRESENTATION('',(#5874),#5878);
#5874 = LINE('',#5875,#5876);
#5875 = CARTESIAN_POINT('',(1.043,-5.9E-02));
#5876 = VECTOR('',#5877,1.);
#5877 = DIRECTION('',(0.,1.));
#5878 = ( GEOMETRIC_REPRESENTATION_CONTEXT(2) 
PARAMETRIC_REPRESENTATION_CONTEXT() REPRESENTATION_CONTEXT('2D SPACE',''
  ) );
#5879 = PCURVE('',#5597,#5880);
#5880 = DEFINITIONAL_REPRESENTATION('',(#5881),#5885);
#5881 = LINE('',#5882,#5883);
#5882 = CARTESIAN_POINT('',(3.614,0.));
#5883 = VECTOR('',#5884,1.);
#5884 = DIRECTION('',(0.,-1.));
#5885 = ( GEOMETRIC_REPRESENTATION_CONTEXT(2) 
PARAMETRIC_REPRESENTATION_CONTEXT() REPRESENTATION_CONTEXT('2D SPACE',''
  ) );
#5886 = ORIENTED_EDGE('',*,*,#5887,.T.);
#5887 = EDGE_CURVE('',#5865,#5888,#5890,.T.);
#5888 = VERTEX_POINT('',#5889);
#5889 = CARTESIAN_POINT('',(7.073,-15.281,-7.7E-02));
#5890 = SURFACE_CURVE('',#5891,(#5895,#5902),.PCURVE_S1.);
#5891 = LINE('',#5892,#5893);
#5892 = CARTESIAN_POINT('',(-2.2E-02,-15.281,-7.7E-02));
#5893 = VECTOR('',#5894,1.);
#5894 = DIRECTION('',(1.,0.,-0.));
#5895 = PCURVE('',#3265,#5896);
#5896 = DEFINITIONAL_REPRESENTATION('',(#5897),#5901);
#5897 = LINE('',#5898,#5899);
#5898 = CARTESIAN_POINT('',(1.043,1.048));
#5899 = VECTOR('',#5900,1.);
#5900 = DIRECTION('',(1.,0.));
#5901 = ( GEOMETRIC_REPRESENTATION_CONTEXT(2) 
PARAMETRIC_REPRESENTATION_CONTEXT() REPRESENTATION_CONTEXT('2D SPACE',''
  ) );
#5902 = PCURVE('',#5903,#5908);
#5903 = CYLINDRICAL_SURFACE('',#5904,1.107);
#5904 = AXIS2_PLACEMENT_3D('',#5905,#5906,#5907);
#5905 = CARTESIAN_POINT('',(-2.2E-02,-15.281,-1.184));
#5906 = DIRECTION('',(1.,0.,-0.));
#5907 = DIRECTION('',(0.,-1.,0.));
#5908 = DEFINITIONAL_REPRESENTATION('',(#5909),#5913);
#5909 = LINE('',#5910,#5911);
#5910 = CARTESIAN_POINT('',(-1.570796326795,0.));
#5911 = VECTOR('',#5912,1.);
#5912 = DIRECTION('',(-0.,1.));
#5913 = ( GEOMETRIC_REPRESENTATION_CONTEXT(2) 
PARAMETRIC_REPRESENTATION_CONTEXT() REPRESENTATION_CONTEXT('2D SPACE',''
  ) );
#5914 = ORIENTED_EDGE('',*,*,#5915,.T.);
#5915 = EDGE_CURVE('',#5888,#5916,#5918,.T.);
#5916 = VERTEX_POINT('',#5917);
#5917 = CARTESIAN_POINT('',(7.073,15.082,-7.7E-02));
#5918 = SURFACE_CURVE('',#5919,(#5923,#5930),.PCURVE_S1.);
#5919 = LINE('',#5920,#5921);
#5920 = CARTESIAN_POINT('',(7.073,-16.388,-7.7E-02));
#5921 = VECTOR('',#5922,1.);
#5922 = DIRECTION('',(-0.,1.,0.));
#5923 = PCURVE('',#3265,#5924);
#5924 = DEFINITIONAL_REPRESENTATION('',(#5925),#5929);
#5925 = LINE('',#5926,#5927);
#5926 = CARTESIAN_POINT('',(8.138,-5.9E-02));
#5927 = VECTOR('',#5928,1.);
#5928 = DIRECTION('',(0.,1.));
#5929 = ( GEOMETRIC_REPRESENTATION_CONTEXT(2) 
PARAMETRIC_REPRESENTATION_CONTEXT() REPRESENTATION_CONTEXT('2D SPACE',''
  ) );
#5930 = PCURVE('',#5931,#5936);
#5931 = PLANE('',#5932);
#5932 = AXIS2_PLACEMENT_3D('',#5933,#5934,#5935);
#5933 = CARTESIAN_POINT('',(7.073,-16.388,-3.691));
#5934 = DIRECTION('',(1.,0.,-0.));
#5935 = DIRECTION('',(0.,0.,1.));
#5936 = DEFINITIONAL_REPRESENTATION('',(#5937),#5941);
#5937 = LINE('',#5938,#5939);
#5938 = CARTESIAN_POINT('',(3.614,0.));
#5939 = VECTOR('',#5940,1.);
#5940 = DIRECTION('',(0.,-1.));
#5941 = ( GEOMETRIC_REPRESENTATION_CONTEXT(2) 
PARAMETRIC_REPRESENTATION_CONTEXT() REPRESENTATION_CONTEXT('2D SPACE',''
  ) );
#5942 = ORIENTED_EDGE('',*,*,#5943,.F.);
#5943 = EDGE_CURVE('',#5944,#5916,#5946,.T.);
#5944 = VERTEX_POINT('',#5945);
#5945 = CARTESIAN_POINT('',(-2.2E-02,15.082,-7.7E-02));
#5946 = SURFACE_CURVE('',#5947,(#5951,#5958),.PCURVE_S1.);
#5947 = LINE('',#5948,#5949);
#5948 = CARTESIAN_POINT('',(-2.2E-02,15.082,-7.7E-02));
#5949 = VECTOR('',#5950,1.);
#5950 = DIRECTION('',(1.,0.,-0.));
#5951 = PCURVE('',#3265,#5952);
#5952 = DEFINITIONAL_REPRESENTATION('',(#5953),#5957);
#5953 = LINE('',#5954,#5955);
#5954 = CARTESIAN_POINT('',(1.043,31.411));
#5955 = VECTOR('',#5956,1.);
#5956 = DIRECTION('',(1.,0.));
#5957 = ( GEOMETRIC_REPRESENTATION_CONTEXT(2) 
PARAMETRIC_REPRESENTATION_CONTEXT() REPRESENTATION_CONTEXT('2D SPACE',''
  ) );
#5958 = PCURVE('',#5959,#5964);
#5959 = CYLINDRICAL_SURFACE('',#5960,1.107);
#5960 = AXIS2_PLACEMENT_3D('',#5961,#5962,#5963);
#5961 = CARTESIAN_POINT('',(-2.2E-02,15.082,-1.184));
#5962 = DIRECTION('',(1.,0.,-0.));
#5963 = DIRECTION('',(0.,1.,0.));
#5964 = DEFINITIONAL_REPRESENTATION('',(#5965),#5969);
#5965 = LINE('',#5966,#5967);
#5966 = CARTESIAN_POINT('',(1.570796326795,0.));
#5967 = VECTOR('',#5968,1.);
#5968 = DIRECTION('',(0.,1.));
#5969 = ( GEOMETRIC_REPRESENTATION_CONTEXT(2) 
PARAMETRIC_REPRESENTATION_CONTEXT() REPRESENTATION_CONTEXT('2D SPACE',''
  ) );
#5970 = ORIENTED_EDGE('',*,*,#5971,.F.);
#5971 = EDGE_CURVE('',#5972,#5944,#5974,.T.);
#5972 = VERTEX_POINT('',#5973);
#5973 = CARTESIAN_POINT('',(-2.2E-02,14.468,-7.7E-02));
#5974 = SURFACE_CURVE('',#5975,(#5979,#5986),.PCURVE_S1.);
#5975 = LINE('',#5976,#5977);
#5976 = CARTESIAN_POINT('',(-2.2E-02,-16.388,-7.7E-02));
#5977 = VECTOR('',#5978,1.);
#5978 = DIRECTION('',(-0.,1.,0.));
#5979 = PCURVE('',#3265,#5980);
#5980 = DEFINITIONAL_REPRESENTATION('',(#5981),#5985);
#5981 = LINE('',#5982,#5983);
#5982 = CARTESIAN_POINT('',(1.043,-5.9E-02));
#5983 = VECTOR('',#5984,1.);
#5984 = DIRECTION('',(0.,1.));
#5985 = ( GEOMETRIC_REPRESENTATION_CONTEXT(2) 
PARAMETRIC_REPRESENTATION_CONTEXT() REPRESENTATION_CONTEXT('2D SPACE',''
  ) );
#5986 = PCURVE('',#5987,#5992);
#5987 = PLANE('',#5988);
#5988 = AXIS2_PLACEMENT_3D('',#5989,#5990,#5991);
#5989 = CARTESIAN_POINT('',(-2.2E-02,-16.388,-3.691));
#5990 = DIRECTION('',(1.,0.,-0.));
#5991 = DIRECTION('',(0.,0.,1.));
#5992 = DEFINITIONAL_REPRESENTATION('',(#5993),#5997);
#5993 = LINE('',#5994,#5995);
#5994 = CARTESIAN_POINT('',(3.614,0.));
#5995 = VECTOR('',#5996,1.);
#5996 = DIRECTION('',(0.,-1.));
#5997 = ( GEOMETRIC_REPRESENTATION_CONTEXT(2) 
PARAMETRIC_REPRESENTATION_CONTEXT() REPRESENTATION_CONTEXT('2D SPACE',''
  ) );
#5998 = ORIENTED_EDGE('',*,*,#5999,.F.);
#5999 = EDGE_CURVE('',#3166,#5972,#6000,.T.);
#6000 = SURFACE_CURVE('',#6001,(#6005,#6012),.PCURVE_S1.);
#6001 = LINE('',#6002,#6003);
#6002 = CARTESIAN_POINT('',(-1.065,14.468,-7.7E-02));
#6003 = VECTOR('',#6004,1.);
#6004 = DIRECTION('',(1.,0.,-0.));
#6005 = PCURVE('',#3265,#6006);
#6006 = DEFINITIONAL_REPRESENTATION('',(#6007),#6011);
#6007 = LINE('',#6008,#6009);
#6008 = CARTESIAN_POINT('',(0.,30.797));
#6009 = VECTOR('',#6010,1.);
#6010 = DIRECTION('',(1.,0.));
#6011 = ( GEOMETRIC_REPRESENTATION_CONTEXT(2) 
PARAMETRIC_REPRESENTATION_CONTEXT() REPRESENTATION_CONTEXT('2D SPACE',''
  ) );
#6012 = PCURVE('',#3219,#6013);
#6013 = DEFINITIONAL_REPRESENTATION('',(#6014),#6018);
#6014 = LINE('',#6015,#6016);
#6015 = CARTESIAN_POINT('',(-0.,0.));
#6016 = VECTOR('',#6017,1.);
#6017 = DIRECTION('',(-0.,1.));
#6018 = ( GEOMETRIC_REPRESENTATION_CONTEXT(2) 
PARAMETRIC_REPRESENTATION_CONTEXT() REPRESENTATION_CONTEXT('2D SPACE',''
  ) );
#6019 = ADVANCED_FACE('',(#6020),#3219,.T.);
#6020 = FACE_BOUND('',#6021,.F.);
#6021 = EDGE_LOOP('',(#6022,#6023,#6024,#6052,#6073,#6074));
#6022 = ORIENTED_EDGE('',*,*,#5999,.F.);
#6023 = ORIENTED_EDGE('',*,*,#3165,.F.);
#6024 = ORIENTED_EDGE('',*,*,#6025,.T.);
#6025 = EDGE_CURVE('',#3140,#6026,#6028,.T.);
#6026 = VERTEX_POINT('',#6027);
#6027 = CARTESIAN_POINT('',(-1.065,16.208,-1.817));
#6028 = SURFACE_CURVE('',#6029,(#6034,#6041),.PCURVE_S1.);
#6029 = CIRCLE('',#6030,1.74);
#6030 = AXIS2_PLACEMENT_3D('',#6031,#6032,#6033);
#6031 = CARTESIAN_POINT('',(-1.065,14.468,-1.817));
#6032 = DIRECTION('',(-1.,-0.,0.));
#6033 = DIRECTION('',(0.,0.,1.));
#6034 = PCURVE('',#3219,#6035);
#6035 = DEFINITIONAL_REPRESENTATION('',(#6036),#6040);
#6036 = LINE('',#6037,#6038);
#6037 = CARTESIAN_POINT('',(-8.881784197001E-16,0.));
#6038 = VECTOR('',#6039,1.);
#6039 = DIRECTION('',(-1.,0.));
#6040 = ( GEOMETRIC_REPRESENTATION_CONTEXT(2) 
PARAMETRIC_REPRESENTATION_CONTEXT() REPRESENTATION_CONTEXT('2D SPACE',''
  ) );
#6041 = PCURVE('',#3154,#6042);
#6042 = DEFINITIONAL_REPRESENTATION('',(#6043),#6051);
#6043 = ( BOUNDED_CURVE() B_SPLINE_CURVE(2,(#6044,#6045,#6046,#6047,
#6048,#6049,#6050),.UNSPECIFIED.,.T.,.F.) B_SPLINE_CURVE_WITH_KNOTS((1,2
    ,2,2,2,1),(-2.094395102393,0.,2.094395102393,4.188790204786,
6.28318530718,8.377580409573),.UNSPECIFIED.) CURVE() 
GEOMETRIC_REPRESENTATION_ITEM() RATIONAL_B_SPLINE_CURVE((1.,0.5,1.,0.5,
1.,0.5,1.)) REPRESENTATION_ITEM('') );
#6044 = CARTESIAN_POINT('',(10.789883906313,-30.797));
#6045 = CARTESIAN_POINT('',(10.789883906313,-33.81076840517));
#6046 = CARTESIAN_POINT('',(8.179883906313,-32.30388420258));
#6047 = CARTESIAN_POINT('',(5.569883906313,-30.797));
#6048 = CARTESIAN_POINT('',(8.179883906313,-29.29011579741));
#6049 = CARTESIAN_POINT('',(10.789883906313,-27.78323159483));
#6050 = CARTESIAN_POINT('',(10.789883906313,-30.797));
#6051 = ( GEOMETRIC_REPRESENTATION_CONTEXT(2) 
PARAMETRIC_REPRESENTATION_CONTEXT() REPRESENTATION_CONTEXT('2D SPACE',''
  ) );
#6052 = ORIENTED_EDGE('',*,*,#6053,.T.);
#6053 = EDGE_CURVE('',#6026,#4586,#6054,.T.);
#6054 = SURFACE_CURVE('',#6055,(#6059,#6066),.PCURVE_S1.);
#6055 = LINE('',#6056,#6057);
#6056 = CARTESIAN_POINT('',(-1.065,16.208,-1.817));
#6057 = VECTOR('',#6058,1.);
#6058 = DIRECTION('',(1.,0.,-0.));
#6059 = PCURVE('',#3219,#6060);
#6060 = DEFINITIONAL_REPRESENTATION('',(#6061),#6065);
#6061 = LINE('',#6062,#6063);
#6062 = CARTESIAN_POINT('',(-1.570796326795,0.));
#6063 = VECTOR('',#6064,1.);
#6064 = DIRECTION('',(-0.,1.));
#6065 = ( GEOMETRIC_REPRESENTATION_CONTEXT(2) 
PARAMETRIC_REPRESENTATION_CONTEXT() REPRESENTATION_CONTEXT('2D SPACE',''
  ) );
#6066 = PCURVE('',#4601,#6067);
#6067 = DEFINITIONAL_REPRESENTATION('',(#6068),#6072);
#6068 = LINE('',#6069,#6070);
#6069 = CARTESIAN_POINT('',(9.049883906313,0.));
#6070 = VECTOR('',#6071,1.);
#6071 = DIRECTION('',(0.,1.));
#6072 = ( GEOMETRIC_REPRESENTATION_CONTEXT(2) 
PARAMETRIC_REPRESENTATION_CONTEXT() REPRESENTATION_CONTEXT('2D SPACE',''
  ) );
#6073 = ORIENTED_EDGE('',*,*,#4613,.F.);
#6074 = ORIENTED_EDGE('',*,*,#6075,.F.);
#6075 = EDGE_CURVE('',#5972,#4614,#6076,.T.);
#6076 = SURFACE_CURVE('',#6077,(#6082,#6089),.PCURVE_S1.);
#6077 = CIRCLE('',#6078,1.74);
#6078 = AXIS2_PLACEMENT_3D('',#6079,#6080,#6081);
#6079 = CARTESIAN_POINT('',(-2.2E-02,14.468,-1.817));
#6080 = DIRECTION('',(-1.,-0.,0.));
#6081 = DIRECTION('',(0.,0.,1.));
#6082 = PCURVE('',#3219,#6083);
#6083 = DEFINITIONAL_REPRESENTATION('',(#6084),#6088);
#6084 = LINE('',#6085,#6086);
#6085 = CARTESIAN_POINT('',(-8.881784197001E-16,1.043));
#6086 = VECTOR('',#6087,1.);
#6087 = DIRECTION('',(-1.,0.));
#6088 = ( GEOMETRIC_REPRESENTATION_CONTEXT(2) 
PARAMETRIC_REPRESENTATION_CONTEXT() REPRESENTATION_CONTEXT('2D SPACE',''
  ) );
#6089 = PCURVE('',#5987,#6090);
#6090 = DEFINITIONAL_REPRESENTATION('',(#6091),#6099);
#6091 = ( BOUNDED_CURVE() B_SPLINE_CURVE(2,(#6092,#6093,#6094,#6095,
#6096,#6097,#6098),.UNSPECIFIED.,.T.,.F.) B_SPLINE_CURVE_WITH_KNOTS((1,2
    ,2,2,2,1),(-2.094395102393,0.,2.094395102393,4.188790204786,
6.28318530718,8.377580409573),.UNSPECIFIED.) CURVE() 
GEOMETRIC_REPRESENTATION_ITEM() RATIONAL_B_SPLINE_CURVE((1.,0.5,1.,0.5,
1.,0.5,1.)) REPRESENTATION_ITEM('') );
#6092 = CARTESIAN_POINT('',(3.614,-30.856));
#6093 = CARTESIAN_POINT('',(3.614,-33.86976840517));
#6094 = CARTESIAN_POINT('',(1.004,-32.36288420258));
#6095 = CARTESIAN_POINT('',(-1.606,-30.856));
#6096 = CARTESIAN_POINT('',(1.004,-29.34911579741));
#6097 = CARTESIAN_POINT('',(3.614,-27.84223159483));
#6098 = CARTESIAN_POINT('',(3.614,-30.856));
#6099 = ( GEOMETRIC_REPRESENTATION_CONTEXT(2) 
PARAMETRIC_REPRESENTATION_CONTEXT() REPRESENTATION_CONTEXT('2D SPACE',''
  ) );
#6100 = ADVANCED_FACE('',(#6101),#3154,.F.);
#6101 = FACE_BOUND('',#6102,.F.);
#6102 = EDGE_LOOP('',(#6103,#6126,#6152,#6173,#6174,#6175));
#6103 = ORIENTED_EDGE('',*,*,#6104,.F.);
#6104 = EDGE_CURVE('',#6105,#3822,#6107,.T.);
#6105 = VERTEX_POINT('',#6106);
#6106 = CARTESIAN_POINT('',(-1.065,16.029,-3.164));
#6107 = SURFACE_CURVE('',#6108,(#6112,#6119),.PCURVE_S1.);
#6108 = LINE('',#6109,#6110);
#6109 = CARTESIAN_POINT('',(-1.065,16.029,-10.86688390631));
#6110 = VECTOR('',#6111,1.);
#6111 = DIRECTION('',(0.,0.,1.));
#6112 = PCURVE('',#3154,#6113);
#6113 = DEFINITIONAL_REPRESENTATION('',(#6114),#6118);
#6114 = LINE('',#6115,#6116);
#6115 = CARTESIAN_POINT('',(0.,-32.358));
#6116 = VECTOR('',#6117,1.);
#6117 = DIRECTION('',(1.,0.));
#6118 = ( GEOMETRIC_REPRESENTATION_CONTEXT(2) 
PARAMETRIC_REPRESENTATION_CONTEXT() REPRESENTATION_CONTEXT('2D SPACE',''
  ) );
#6119 = PCURVE('',#3776,#6120);
#6120 = DEFINITIONAL_REPRESENTATION('',(#6121),#6125);
#6121 = LINE('',#6122,#6123);
#6122 = CARTESIAN_POINT('',(0.,20.144));
#6123 = VECTOR('',#6124,1.);
#6124 = DIRECTION('',(1.,0.));
#6125 = ( GEOMETRIC_REPRESENTATION_CONTEXT(2) 
PARAMETRIC_REPRESENTATION_CONTEXT() REPRESENTATION_CONTEXT('2D SPACE',''
  ) );
#6126 = ORIENTED_EDGE('',*,*,#6127,.F.);
#6127 = EDGE_CURVE('',#6128,#6105,#6130,.T.);
#6128 = VERTEX_POINT('',#6129);
#6129 = CARTESIAN_POINT('',(-1.065,16.208,-3.164));
#6130 = SURFACE_CURVE('',#6131,(#6135,#6141),.PCURVE_S1.);
#6131 = LINE('',#6132,#6133);
#6132 = CARTESIAN_POINT('',(-1.065,-0.3,-3.164));
#6133 = VECTOR('',#6134,1.);
#6134 = DIRECTION('',(0.,-1.,0.));
#6135 = PCURVE('',#3154,#6136);
#6136 = DEFINITIONAL_REPRESENTATION('',(#6137),#6140);
#6137 = B_SPLINE_CURVE_WITH_KNOTS('',1,(#6138,#6139),.UNSPECIFIED.,.F.,
  .F.,(2,2),(-16.508,-16.029),.PIECEWISE_BEZIER_KNOTS.);
#6138 = CARTESIAN_POINT('',(7.702883906313,-32.537));
#6139 = CARTESIAN_POINT('',(7.702883906313,-32.058));
#6140 = ( GEOMETRIC_REPRESENTATION_CONTEXT(2) 
PARAMETRIC_REPRESENTATION_CONTEXT() REPRESENTATION_CONTEXT('2D SPACE',''
  ) );
#6141 = PCURVE('',#6142,#6147);
#6142 = PLANE('',#6143);
#6143 = AXIS2_PLACEMENT_3D('',#6144,#6145,#6146);
#6144 = CARTESIAN_POINT('',(-6.176,15.729,-3.164));
#6145 = DIRECTION('',(0.,0.,1.));
#6146 = DIRECTION('',(1.,0.,-0.));
#6147 = DEFINITIONAL_REPRESENTATION('',(#6148),#6151);
#6148 = B_SPLINE_CURVE_WITH_KNOTS('',1,(#6149,#6150),.UNSPECIFIED.,.F.,
  .F.,(2,2),(-16.508,-16.029),.PIECEWISE_BEZIER_KNOTS.);
#6149 = CARTESIAN_POINT('',(5.111,0.479));
#6150 = CARTESIAN_POINT('',(5.111,0.));
#6151 = ( GEOMETRIC_REPRESENTATION_CONTEXT(2) 
PARAMETRIC_REPRESENTATION_CONTEXT() REPRESENTATION_CONTEXT('2D SPACE',''
  ) );
#6152 = ORIENTED_EDGE('',*,*,#6153,.T.);
#6153 = EDGE_CURVE('',#6128,#6026,#6154,.T.);
#6154 = SURFACE_CURVE('',#6155,(#6159,#6166),.PCURVE_S1.);
#6155 = LINE('',#6156,#6157);
#6156 = CARTESIAN_POINT('',(-1.065,16.208,-10.86688390631));
#6157 = VECTOR('',#6158,1.);
#6158 = DIRECTION('',(0.,0.,1.));
#6159 = PCURVE('',#3154,#6160);
#6160 = DEFINITIONAL_REPRESENTATION('',(#6161),#6165);
#6161 = LINE('',#6162,#6163);
#6162 = CARTESIAN_POINT('',(0.,-32.537));
#6163 = VECTOR('',#6164,1.);
#6164 = DIRECTION('',(1.,0.));
#6165 = ( GEOMETRIC_REPRESENTATION_CONTEXT(2) 
PARAMETRIC_REPRESENTATION_CONTEXT() REPRESENTATION_CONTEXT('2D SPACE',''
  ) );
#6166 = PCURVE('',#4601,#6167);
#6167 = DEFINITIONAL_REPRESENTATION('',(#6168),#6172);
#6168 = LINE('',#6169,#6170);
#6169 = CARTESIAN_POINT('',(0.,0.));
#6170 = VECTOR('',#6171,1.);
#6171 = DIRECTION('',(1.,0.));
#6172 = ( GEOMETRIC_REPRESENTATION_CONTEXT(2) 
PARAMETRIC_REPRESENTATION_CONTEXT() REPRESENTATION_CONTEXT('2D SPACE',''
  ) );
#6173 = ORIENTED_EDGE('',*,*,#6025,.F.);
#6174 = ORIENTED_EDGE('',*,*,#3139,.T.);
#6175 = ORIENTED_EDGE('',*,*,#3844,.T.);
#6176 = ADVANCED_FACE('',(#6177,#6281,#6396),#3432,.T.);
#6177 = FACE_BOUND('',#6178,.T.);
#6178 = EDGE_LOOP('',(#6179,#6180,#6223,#6278,#6279,#6280));
#6179 = ORIENTED_EDGE('',*,*,#3416,.T.);
#6180 = ORIENTED_EDGE('',*,*,#6181,.T.);
#6181 = EDGE_CURVE('',#3417,#6182,#6184,.T.);
#6182 = VERTEX_POINT('',#6183);
#6183 = CARTESIAN_POINT('',(-23.43979510835,14.309047295916,
    -2.067267075916));
#6184 = SURFACE_CURVE('',#6185,(#6199,#6216),.PCURVE_S1.);
#6185 = ( BOUNDED_CURVE() B_SPLINE_CURVE(12,(#6186,#6187,#6188,#6189,
    #6190,#6191,#6192,#6193,#6194,#6195,#6196,#6197,#6198),
.UNSPECIFIED.,.F.,.F.) B_SPLINE_CURVE_WITH_KNOTS((13,13),(
41.218615905314,44.415587110021),.PIECEWISE_BEZIER_KNOTS.) CURVE() 
GEOMETRIC_REPRESENTATION_ITEM() RATIONAL_B_SPLINE_CURVE((1.,1.,1.,
    1.000000000001,0.999999999998,1.000000000002,0.999999999997,
    1.000000000002,0.999999999998,1.000000000001,1.,1.,1.)) 
REPRESENTATION_ITEM('') );
#6186 = CARTESIAN_POINT('',(-22.39713255428,12.789175994603,
    -0.261687354709));
#6187 = CARTESIAN_POINT('',(-22.39484147857,12.98995478704,
    -0.261687354709));
#6188 = CARTESIAN_POINT('',(-22.40924499418,13.201445801442,
    -0.290332599554));
#6189 = CARTESIAN_POINT('',(-22.44221301161,13.418504058557,
    -0.350708231595));
#6190 = CARTESIAN_POINT('',(-22.50163450157,13.631939923953,
    -0.456073451059));
#6191 = CARTESIAN_POINT('',(-22.57172777993,13.836021683329,
    -0.579434836221));
#6192 = CARTESIAN_POINT('',(-22.68803254456,14.011353752813,
    -0.780952574977));
#6193 = CARTESIAN_POINT('',(-22.78629984737,14.157952347224,
    -0.951187386627));
#6194 = CARTESIAN_POINT('',(-22.93453003733,14.26100916642,
    -1.205681053413));
#6195 = CARTESIAN_POINT('',(-23.05556260852,14.325615948763,
    -1.413099814606));
#6196 = CARTESIAN_POINT('',(-23.19515556131,14.351802139022,
    -1.65138695158));
#6197 = CARTESIAN_POINT('',(-23.32163261765,14.343795687528,
    -1.866668287892));
#6198 = CARTESIAN_POINT('',(-23.43979510835,14.309047295916,
    -2.067267075916));
#6199 = PCURVE('',#3432,#6200);
#6200 = DEFINITIONAL_REPRESENTATION('',(#6201),#6215);
#6201 = B_SPLINE_CURVE_WITH_KNOTS('',12,(#6202,#6203,#6204,#6205,#6206,
    #6207,#6208,#6209,#6210,#6211,#6212,#6213,#6214),.UNSPECIFIED.,.F.,
  .F.,(13,13),(41.218615905314,44.415587110021),
  .PIECEWISE_BEZIER_KNOTS.);
#6202 = CARTESIAN_POINT('',(-4.441799052295,-12.82109671549));
#6203 = CARTESIAN_POINT('',(-4.442958966158,-13.02188522891));
#6204 = CARTESIAN_POINT('',(-4.410963966056,-13.23338648293));
#6205 = CARTESIAN_POINT('',(-4.342206822422,-13.45045524923));
#6206 = CARTESIAN_POINT('',(-4.221259182359,-13.66390144839));
#6207 = CARTESIAN_POINT('',(-4.07938929164,-13.86799308871));
#6208 = CARTESIAN_POINT('',(-3.846723822599,-14.04333364707));
#6209 = CARTESIAN_POINT('',(-3.650167792957,-14.18993933932));
#6210 = CARTESIAN_POINT('',(-3.35565431753,-14.2930011481));
#6211 = CARTESIAN_POINT('',(-3.115506401479,-14.3576110585));
#6212 = CARTESIAN_POINT('',(-2.839341802519,-14.38379851658));
#6213 = CARTESIAN_POINT('',(-2.589657014566,-14.37579167745));
#6214 = CARTESIAN_POINT('',(-2.356843503267,-14.34104160345));
#6215 = ( GEOMETRIC_REPRESENTATION_CONTEXT(2) 
PARAMETRIC_REPRESENTATION_CONTEXT() REPRESENTATION_CONTEXT('2D SPACE',''
  ) );
#6216 = PCURVE('',#3458,#6217);
#6217 = DEFINITIONAL_REPRESENTATION('',(#6218),#6222);
#6218 = LINE('',#6219,#6220);
#6219 = CARTESIAN_POINT('',(3.196971204708,0.));
#6220 = VECTOR('',#6221,1.);
#6221 = DIRECTION('',(0.,1.));
#6222 = ( GEOMETRIC_REPRESENTATION_CONTEXT(2) 
PARAMETRIC_REPRESENTATION_CONTEXT() REPRESENTATION_CONTEXT('2D SPACE',''
  ) );
#6223 = ORIENTED_EDGE('',*,*,#6224,.T.);
#6224 = EDGE_CURVE('',#6182,#5256,#6225,.T.);
#6225 = SURFACE_CURVE('',#6226,(#6247,#6271),.PCURVE_S1.);
#6226 = ( BOUNDED_CURVE() B_SPLINE_CURVE(10,(#6227,#6228,#6229,#6230,
    #6231,#6232,#6233,#6234,#6235,#6236,#6237,#6238,#6239,#6240,#6241,
    #6242,#6243,#6244,#6245,#6246),.UNSPECIFIED.,.F.,.F.) 
B_SPLINE_CURVE_WITH_KNOTS((11,9,11),(44.415586951943,44.72746748733,
56.893877658895),.UNSPECIFIED.) CURVE() GEOMETRIC_REPRESENTATION_ITEM() 
RATIONAL_B_SPLINE_CURVE((1.,1.,1.,1.,0.999999999999,1.000000000001,
    0.999999999999,1.,1.,1.,1.,1.,1.,1.,1.,1.,1.,1.,1.,1.)) 
REPRESENTATION_ITEM('') );
#6227 = CARTESIAN_POINT('',(-23.43979504062,14.309046883323,
    -2.067266952527));
#6228 = CARTESIAN_POINT('',(-23.45362784901,14.304979019187,
    -2.090750247087));
#6229 = CARTESIAN_POINT('',(-23.46734379293,14.300905887332,
    -2.114034376089));
#6230 = CARTESIAN_POINT('',(-23.48096924076,14.296827504222,
    -2.137164254878));
#6231 = CARTESIAN_POINT('',(-23.49453451461,14.292741171278,
    -2.160191480716));
#6232 = CARTESIAN_POINT('',(-23.50808391605,14.288637926187,
    -2.183191341279));
#6233 = CARTESIAN_POINT('',(-23.52168575182,14.284498994213,
    -2.206279823156));
#6234 = CARTESIAN_POINT('',(-23.53544235955,14.280292239508,
    -2.229630620343));
#6235 = CARTESIAN_POINT('',(-23.54950013345,14.275968616424,
    -2.253492142749));
#6236 = CARTESIAN_POINT('',(-23.56405955005,14.271458620824,
    -2.278204524691));
#6237 = CARTESIAN_POINT('',(-24.17723612653,14.079816305016,
    -3.318944864067));
#6238 = CARTESIAN_POINT('',(-24.74734320262,13.732090914947,
    -4.283288206459));
#6239 = CARTESIAN_POINT('',(-25.30147612522,13.228658711826,
    -5.217395209464));
#6240 = CARTESIAN_POINT('',(-25.79012587288,12.568724283037,
    -6.036918334642));
#6241 = CARTESIAN_POINT('',(-26.21592975972,11.80309724048,
    -6.747337486514));
#6242 = CARTESIAN_POINT('',(-26.55787709653,10.938094012646,
    -7.312986504175));
#6243 = CARTESIAN_POINT('',(-26.81622682592,10.023191909644,
    -7.735268154448));
#6244 = CARTESIAN_POINT('',(-26.99100415434,9.076141824276,
    -8.014570397952));
#6245 = CARTESIAN_POINT('',(-27.08390897035,8.114502085189,
    -8.154130052188));
#6246 = CARTESIAN_POINT('',(-27.09470619742,7.153215202824,
    -8.153837133467));
#6247 = PCURVE('',#3432,#6248);
#6248 = DEFINITIONAL_REPRESENTATION('',(#6249),#6270);
#6249 = B_SPLINE_CURVE_WITH_KNOTS('',10,(#6250,#6251,#6252,#6253,#6254,
    #6255,#6256,#6257,#6258,#6259,#6260,#6261,#6262,#6263,#6264,#6265,
    #6266,#6267,#6268,#6269),.UNSPECIFIED.,.F.,.F.,(11,9,11),(
    44.415586951943,44.72746748733,56.893877658895),.UNSPECIFIED.);
#6250 = CARTESIAN_POINT('',(-2.356843643964,-14.34104119084));
#6251 = CARTESIAN_POINT('',(-2.329589101062,-14.33697312975));
#6252 = CARTESIAN_POINT('',(-2.302565478533,-14.33289980068));
#6253 = CARTESIAN_POINT('',(-2.275720692995,-14.32882122013));
#6254 = CARTESIAN_POINT('',(-2.248994897075,-14.32473468932));
#6255 = CARTESIAN_POINT('',(-2.222300736015,-14.32063124558));
#6256 = CARTESIAN_POINT('',(-2.19550360421,-14.3164921132));
#6257 = CARTESIAN_POINT('',(-2.168401901834,-14.31228515483));
#6258 = CARTESIAN_POINT('',(-2.140707291374,-14.30796132241));
#6259 = CARTESIAN_POINT('',(-2.112024954244,-14.30345110845));
#6260 = CARTESIAN_POINT('',(-0.904083560174,-14.11179951402));
#6261 = CARTESIAN_POINT('',(0.216170184122,-13.76405728835));
#6262 = CARTESIAN_POINT('',(1.30226163824,-13.26060071087));
#6263 = CARTESIAN_POINT('',(2.256386659194,-12.60063433045));
#6264 = CARTESIAN_POINT('',(3.084606170037,-11.83497021901));
#6265 = CARTESIAN_POINT('',(3.745525482332,-10.96992511086));
#6266 = CARTESIAN_POINT('',(4.240485399325,-10.05497871162));
#6267 = CARTESIAN_POINT('',(4.569833248864,-9.107882773534));
#6268 = CARTESIAN_POINT('',(4.737220983156,-8.146196475343));
#6269 = CARTESIAN_POINT('',(4.742434742003,-7.184863050959));
#6270 = ( GEOMETRIC_REPRESENTATION_CONTEXT(2) 
PARAMETRIC_REPRESENTATION_CONTEXT() REPRESENTATION_CONTEXT('2D SPACE',''
  ) );
#6271 = PCURVE('',#5181,#6272);
#6272 = DEFINITIONAL_REPRESENTATION('',(#6273),#6277);
#6273 = LINE('',#6274,#6275);
#6274 = CARTESIAN_POINT('',(12.478290706952,0.));
#6275 = VECTOR('',#6276,1.);
#6276 = DIRECTION('',(0.,1.));
#6277 = ( GEOMETRIC_REPRESENTATION_CONTEXT(2) 
PARAMETRIC_REPRESENTATION_CONTEXT() REPRESENTATION_CONTEXT('2D SPACE',''
  ) );
#6278 = ORIENTED_EDGE('',*,*,#5286,.T.);
#6279 = ORIENTED_EDGE('',*,*,#4222,.T.);
#6280 = ORIENTED_EDGE('',*,*,#3922,.T.);
#6281 = FACE_BOUND('',#6282,.T.);
#6282 = EDGE_LOOP('',(#6283,#6320,#6346,#6372));
#6283 = ORIENTED_EDGE('',*,*,#6284,.F.);
#6284 = EDGE_CURVE('',#6285,#6287,#6289,.T.);
#6285 = VERTEX_POINT('',#6286);
#6286 = CARTESIAN_POINT('',(-23.07212597938,13.179582575623,
    -1.419037835741));
#6287 = VERTEX_POINT('',#6288);
#6288 = CARTESIAN_POINT('',(-26.55184214634,7.148,-7.229038566034));
#6289 = SURFACE_CURVE('',#6290,(#6295,#6302),.PCURVE_S1.);
#6290 = ELLIPSE('',#6291,6.889012444031,6.033);
#6291 = AXIS2_PLACEMENT_3D('',#6292,#6293,#6294);
#6292 = CARTESIAN_POINT('',(-23.06427770803,7.148,-1.288433248334));
#6293 = DIRECTION('',(-0.862330466952,9.840005328364E-03,0.506250274135)
  );
#6294 = DIRECTION('',(-0.506345593684,-1.784939672459E-02,
    -0.862145891827));
#6295 = PCURVE('',#3432,#6296);
#6296 = DEFINITIONAL_REPRESENTATION('',(#6297),#6301);
#6297 = ELLIPSE('',#6298,6.889012444031,6.033);
#6298 = AXIS2_PLACEMENT_2D('',#6299,#6300);
#6299 = CARTESIAN_POINT('',(-3.218603149593,-7.179647595634));
#6300 = DIRECTION('',(0.9998406714,1.785026092756E-02));
#6301 = ( GEOMETRIC_REPRESENTATION_CONTEXT(2) 
PARAMETRIC_REPRESENTATION_CONTEXT() REPRESENTATION_CONTEXT('2D SPACE',''
  ) );
#6302 = PCURVE('',#6303,#6308);
#6303 = CYLINDRICAL_SURFACE('',#6304,6.033);
#6304 = AXIS2_PLACEMENT_3D('',#6305,#6306,#6307);
#6305 = CARTESIAN_POINT('',(-21.04539052173,7.148,-1.343203778479));
#6306 = DIRECTION('',(-0.999632209807,-0.,2.711909137484E-02));
#6307 = DIRECTION('',(-0.,1.,0.));
#6308 = DEFINITIONAL_REPRESENTATION('',(#6309),#6319);
#6309 = B_SPLINE_CURVE_WITH_KNOTS('',8,(#6310,#6311,#6312,#6313,#6314,
    #6315,#6316,#6317,#6318),.UNSPECIFIED.,.F.,.F.,(9,9),(4.692005550657
    ,6.262801877451),.PIECEWISE_BEZIER_KNOTS.);
#6310 = CARTESIAN_POINT('',(-8.881784197001E-16,1.951842067245));
#6311 = CARTESIAN_POINT('',(0.196349540849,2.604739226626));
#6312 = CARTESIAN_POINT('',(0.392699081699,3.260623329346));
#6313 = CARTESIAN_POINT('',(0.589048622546,3.881136756061));
#6314 = CARTESIAN_POINT('',(0.7853981634,4.427684054372));
#6315 = CARTESIAN_POINT('',(0.981747704243,4.866130977232));
#6316 = CARTESIAN_POINT('',(1.178097245096,5.17167773772));
#6317 = CARTESIAN_POINT('',(1.374446785946,5.331497787476));
#6318 = CARTESIAN_POINT('',(1.570796326795,5.344807914278));
#6319 = ( GEOMETRIC_REPRESENTATION_CONTEXT(2) 
PARAMETRIC_REPRESENTATION_CONTEXT() REPRESENTATION_CONTEXT('2D SPACE',''
  ) );
#6320 = ORIENTED_EDGE('',*,*,#6321,.F.);
#6321 = EDGE_CURVE('',#6322,#6285,#6324,.T.);
#6322 = VERTEX_POINT('',#6323);
#6323 = CARTESIAN_POINT('',(-23.17512742367,1.042,-1.358568547677));
#6324 = SURFACE_CURVE('',#6325,(#6329,#6335),.PCURVE_S1.);
#6325 = LINE('',#6326,#6327);
#6326 = CARTESIAN_POINT('',(-23.18423561713,-3.13E-02,-1.353221380193));
#6327 = VECTOR('',#6328,1.);
#6328 = DIRECTION('',(8.485747218792E-03,0.999951585976,
    -4.981746581371E-03));
#6329 = PCURVE('',#3432,#6330);
#6330 = DEFINITIONAL_REPRESENTATION('',(#6331),#6334);
#6331 = B_SPLINE_CURVE_WITH_KNOTS('',1,(#6332,#6333),.UNSPECIFIED.,.F.,
  .F.,(2,2),(1.073351965288,13.212939691584),.PIECEWISE_BEZIER_KNOTS.);
#6332 = CARTESIAN_POINT('',(-3.102,-1.073351965288));
#6333 = CARTESIAN_POINT('',(-3.102,-13.21293969158));
#6334 = ( GEOMETRIC_REPRESENTATION_CONTEXT(2) 
PARAMETRIC_REPRESENTATION_CONTEXT() REPRESENTATION_CONTEXT('2D SPACE',''
  ) );
#6335 = PCURVE('',#6336,#6341);
#6336 = PLANE('',#6337);
#6337 = AXIS2_PLACEMENT_3D('',#6338,#6339,#6340);
#6338 = CARTESIAN_POINT('',(-23.18423561713,-3.13E-02,-1.353221380193));
#6339 = DIRECTION('',(0.506274784934,-0.,0.862372217862));
#6340 = DIRECTION('',(0.862372217862,0.,-0.506274784934));
#6341 = DEFINITIONAL_REPRESENTATION('',(#6342),#6345);
#6342 = B_SPLINE_CURVE_WITH_KNOTS('',1,(#6343,#6344),.UNSPECIFIED.,.F.,
  .F.,(2,2),(1.073351965288,13.212939691584),.PIECEWISE_BEZIER_KNOTS.);
#6343 = CARTESIAN_POINT('',(1.056178905765E-02,1.0733));
#6344 = CARTESIAN_POINT('',(0.130015396969,13.2123));
#6345 = ( GEOMETRIC_REPRESENTATION_CONTEXT(2) 
PARAMETRIC_REPRESENTATION_CONTEXT() REPRESENTATION_CONTEXT('2D SPACE',''
  ) );
#6346 = ORIENTED_EDGE('',*,*,#6347,.T.);
#6347 = EDGE_CURVE('',#6322,#6348,#6350,.T.);
#6348 = VERTEX_POINT('',#6349);
#6349 = CARTESIAN_POINT('',(-26.62042507377,1.042,-7.227177975051));
#6350 = SURFACE_CURVE('',#6351,(#6355,#6361),.PCURVE_S1.);
#6351 = LINE('',#6352,#6353);
#6352 = CARTESIAN_POINT('',(-54.9859107834,1.042,-55.54403583575));
#6353 = VECTOR('',#6354,1.);
#6354 = DIRECTION('',(-0.506274784934,0.,-0.862372217862));
#6355 = PCURVE('',#3432,#6356);
#6356 = DEFINITIONAL_REPRESENTATION('',(#6357),#6360);
#6357 = B_SPLINE_CURVE_WITH_KNOTS('',1,(#6358,#6359),.UNSPECIFIED.,.F.,
  .F.,(2,2),(-64.17399807128,-55.99879562211),.PIECEWISE_BEZIER_KNOTS.);
#6358 = CARTESIAN_POINT('',(-4.442958966158,-1.073351965288));
#6359 = CARTESIAN_POINT('',(3.732243483012,-1.073351965288));
#6360 = ( GEOMETRIC_REPRESENTATION_CONTEXT(2) 
PARAMETRIC_REPRESENTATION_CONTEXT() REPRESENTATION_CONTEXT('2D SPACE',''
  ) );
#6361 = PCURVE('',#6362,#6367);
#6362 = PLANE('',#6363);
#6363 = AXIS2_PLACEMENT_3D('',#6364,#6365,#6366);
#6364 = CARTESIAN_POINT('',(-112.7995668143,1.042,-90.86688390631));
#6365 = DIRECTION('',(-0.,1.,0.));
#6366 = DIRECTION('',(0.,0.,1.));
#6367 = DEFINITIONAL_REPRESENTATION('',(#6368),#6371);
#6368 = B_SPLINE_CURVE_WITH_KNOTS('',1,(#6369,#6370),.UNSPECIFIED.,.F.,
  .F.,(2,2),(-64.17399807128,-55.99879562211),.PIECEWISE_BEZIER_KNOTS.);
#6369 = CARTESIAN_POINT('',(90.664721116343,90.303333102847));
#6370 = CARTESIAN_POINT('',(83.614653648785,86.164434241098));
#6371 = ( GEOMETRIC_REPRESENTATION_CONTEXT(2) 
PARAMETRIC_REPRESENTATION_CONTEXT() REPRESENTATION_CONTEXT('2D SPACE',''
  ) );
#6372 = ORIENTED_EDGE('',*,*,#6373,.F.);
#6373 = EDGE_CURVE('',#6287,#6348,#6374,.T.);
#6374 = SURFACE_CURVE('',#6375,(#6379,#6385),.PCURVE_S1.);
#6375 = LINE('',#6376,#6377);
#6376 = CARTESIAN_POINT('',(-26.63050777605,0.144327905412,
    -7.226904440724));
#6377 = VECTOR('',#6378,1.);
#6378 = DIRECTION('',(-1.123134596822E-02,-0.999936880022,
    3.046959617613E-04));
#6379 = PCURVE('',#3432,#6380);
#6380 = DEFINITIONAL_REPRESENTATION('',(#6381),#6384);
#6381 = B_SPLINE_CURVE_WITH_KNOTS('',1,(#6382,#6383),.UNSPECIFIED.,.F.,
  .F.,(2,2),(-7.004114194122,-0.897728759208),.PIECEWISE_BEZIER_KNOTS.);
#6382 = CARTESIAN_POINT('',(3.670075769622,-7.179647595634));
#6383 = CARTESIAN_POINT('',(3.703193054487,-1.073351965288));
#6384 = ( GEOMETRIC_REPRESENTATION_CONTEXT(2) 
PARAMETRIC_REPRESENTATION_CONTEXT() REPRESENTATION_CONTEXT('2D SPACE',''
  ) );
#6385 = PCURVE('',#6386,#6391);
#6386 = PLANE('',#6387);
#6387 = AXIS2_PLACEMENT_3D('',#6388,#6389,#6390);
#6388 = CARTESIAN_POINT('',(4.67804326216E-02,0.,-7.950634438083));
#6389 = DIRECTION('',(-2.711909137484E-02,0.,-0.999632209807));
#6390 = DIRECTION('',(-0.999632209807,0.,2.711909137484E-02));
#6391 = DEFINITIONAL_REPRESENTATION('',(#6392),#6395);
#6392 = B_SPLINE_CURVE_WITH_KNOTS('',1,(#6393,#6394),.UNSPECIFIED.,.F.,
  .F.,(2,2),(-7.004114194122,-0.897728759208),.PIECEWISE_BEZIER_KNOTS.);
#6393 = CARTESIAN_POINT('',(26.608408890813,7.148));
#6394 = CARTESIAN_POINT('',(26.677017051657,1.042));
#6395 = ( GEOMETRIC_REPRESENTATION_CONTEXT(2) 
PARAMETRIC_REPRESENTATION_CONTEXT() REPRESENTATION_CONTEXT('2D SPACE',''
  ) );
#6396 = FACE_BOUND('',#6397,.T.);
#6397 = EDGE_LOOP('',(#6398,#6426,#6452,#6487));
#6398 = ORIENTED_EDGE('',*,*,#6399,.F.);
#6399 = EDGE_CURVE('',#6400,#6402,#6404,.T.);
#6400 = VERTEX_POINT('',#6401);
#6401 = CARTESIAN_POINT('',(-23.19281257709,-1.042,-1.348186085144));
#6402 = VERTEX_POINT('',#6403);
#6403 = CARTESIAN_POINT('',(-26.64383267626,-1.042,-7.226542948584));
#6404 = SURFACE_CURVE('',#6405,(#6409,#6415),.PCURVE_S1.);
#6405 = LINE('',#6406,#6407);
#6406 = CARTESIAN_POINT('',(-55.00359593681,-1.042,-55.53365337322));
#6407 = VECTOR('',#6408,1.);
#6408 = DIRECTION('',(-0.506274784934,0.,-0.862372217862));
#6409 = PCURVE('',#3432,#6410);
#6410 = DEFINITIONAL_REPRESENTATION('',(#6411),#6414);
#6411 = B_SPLINE_CURVE_WITH_KNOTS('',1,(#6412,#6413),.UNSPECIFIED.,.F.,
  .F.,(2,2),(-64.17399807128,-55.98749257238),.PIECEWISE_BEZIER_KNOTS.);
#6412 = CARTESIAN_POINT('',(-4.442958966158,1.010748934424));
#6413 = CARTESIAN_POINT('',(3.743546532743,1.010748934424));
#6414 = ( GEOMETRIC_REPRESENTATION_CONTEXT(2) 
PARAMETRIC_REPRESENTATION_CONTEXT() REPRESENTATION_CONTEXT('2D SPACE',''
  ) );
#6415 = PCURVE('',#6416,#6421);
#6416 = PLANE('',#6417);
#6417 = AXIS2_PLACEMENT_3D('',#6418,#6419,#6420);
#6418 = CARTESIAN_POINT('',(-112.7995668143,-1.042,-90.86688390631));
#6419 = DIRECTION('',(-0.,1.,0.));
#6420 = DIRECTION('',(0.,0.,1.));
#6421 = DEFINITIONAL_REPRESENTATION('',(#6422),#6425);
#6422 = B_SPLINE_CURVE_WITH_KNOTS('',1,(#6423,#6424),.UNSPECIFIED.,.F.,
  .F.,(2,2),(-64.17399807128,-55.98749257238),.PIECEWISE_BEZIER_KNOTS.);
#6423 = CARTESIAN_POINT('',(90.675103578876,90.285647949433));
#6424 = CARTESIAN_POINT('',(83.615288675252,86.141026638613));
#6425 = ( GEOMETRIC_REPRESENTATION_CONTEXT(2) 
PARAMETRIC_REPRESENTATION_CONTEXT() REPRESENTATION_CONTEXT('2D SPACE',''
  ) );
#6426 = ORIENTED_EDGE('',*,*,#6427,.F.);
#6427 = EDGE_CURVE('',#6428,#6400,#6430,.T.);
#6428 = VERTEX_POINT('',#6429);
#6429 = CARTESIAN_POINT('',(-23.29582602816,-13.1809974415,
    -1.287709748236));
#6430 = SURFACE_CURVE('',#6431,(#6435,#6441),.PCURVE_S1.);
#6431 = LINE('',#6432,#6433);
#6432 = CARTESIAN_POINT('',(-23.18423561713,-3.13E-02,-1.353221380193));
#6433 = VECTOR('',#6434,1.);
#6434 = DIRECTION('',(8.485747218792E-03,0.999951585976,
    -4.981746581371E-03));
#6435 = PCURVE('',#3432,#6436);
#6436 = DEFINITIONAL_REPRESENTATION('',(#6437),#6440);
#6437 = B_SPLINE_CURVE_WITH_KNOTS('',1,(#6438,#6439),.UNSPECIFIED.,.F.,
  .F.,(2,2),(-13.15033666072,-1.010748934424),.PIECEWISE_BEZIER_KNOTS.);
#6438 = CARTESIAN_POINT('',(-3.102,13.15033666072));
#6439 = CARTESIAN_POINT('',(-3.102,1.010748934424));
#6440 = ( GEOMETRIC_REPRESENTATION_CONTEXT(2) 
PARAMETRIC_REPRESENTATION_CONTEXT() REPRESENTATION_CONTEXT('2D SPACE',''
  ) );
#6441 = PCURVE('',#6442,#6447);
#6442 = PLANE('',#6443);
#6443 = AXIS2_PLACEMENT_3D('',#6444,#6445,#6446);
#6444 = CARTESIAN_POINT('',(-23.18423561713,-3.13E-02,-1.353221380193));
#6445 = DIRECTION('',(0.506274784934,-0.,0.862372217862));
#6446 = DIRECTION('',(0.862372217862,0.,-0.506274784934));
#6447 = DEFINITIONAL_REPRESENTATION('',(#6448),#6451);
#6448 = B_SPLINE_CURVE_WITH_KNOTS('',1,(#6449,#6450),.UNSPECIFIED.,.F.,
  .F.,(2,2),(-13.15033666072,-1.010748934424),.PIECEWISE_BEZIER_KNOTS.);
#6449 = CARTESIAN_POINT('',(-0.129399382811,-13.1497));
#6450 = CARTESIAN_POINT('',(-9.945774900367E-03,-1.0107));
#6451 = ( GEOMETRIC_REPRESENTATION_CONTEXT(2) 
PARAMETRIC_REPRESENTATION_CONTEXT() REPRESENTATION_CONTEXT('2D SPACE',''
  ) );
#6452 = ORIENTED_EDGE('',*,*,#6453,.F.);
#6453 = EDGE_CURVE('',#6454,#6428,#6456,.T.);
#6454 = VERTEX_POINT('',#6455);
#6455 = CARTESIAN_POINT('',(-26.71241560369,-7.148,-7.224682357601));
#6456 = SURFACE_CURVE('',#6457,(#6462,#6469),.PCURVE_S1.);
#6457 = ELLIPSE('',#6458,6.889012444031,6.033);
#6458 = AXIS2_PLACEMENT_3D('',#6459,#6460,#6461);
#6459 = CARTESIAN_POINT('',(-23.22485116538,-7.148,-1.284077039901));
#6460 = DIRECTION('',(-0.862330466952,9.840005328364E-03,0.506250274135)
  );
#6461 = DIRECTION('',(-0.506345593684,-1.784939672459E-02,
    -0.862145891827));
#6462 = PCURVE('',#3432,#6463);
#6463 = DEFINITIONAL_REPRESENTATION('',(#6464),#6468);
#6464 = ELLIPSE('',#6465,6.889012444031,6.033);
#6465 = AXIS2_PLACEMENT_2D('',#6466,#6467);
#6466 = CARTESIAN_POINT('',(-3.141065530132,7.117044564769));
#6467 = DIRECTION('',(0.9998406714,1.785026092756E-02));
#6468 = ( GEOMETRIC_REPRESENTATION_CONTEXT(2) 
PARAMETRIC_REPRESENTATION_CONTEXT() REPRESENTATION_CONTEXT('2D SPACE',''
  ) );
#6469 = PCURVE('',#6470,#6475);
#6470 = CYLINDRICAL_SURFACE('',#6471,6.033);
#6471 = AXIS2_PLACEMENT_3D('',#6472,#6473,#6474);
#6472 = CARTESIAN_POINT('',(-21.04539052173,-7.148,-1.343203778479));
#6473 = DIRECTION('',(-0.999632209807,-0.,2.711909137484E-02));
#6474 = DIRECTION('',(0.,-1.,-0.));
#6475 = DEFINITIONAL_REPRESENTATION('',(#6476),#6486);
#6476 = B_SPLINE_CURVE_WITH_KNOTS('',8,(#6477,#6478,#6479,#6480,#6481,
    #6482,#6483,#6484,#6485),.UNSPECIFIED.,.F.,.F.,(9,9),(6.262801877451
    ,7.833598204246),.PIECEWISE_BEZIER_KNOTS.);
#6477 = CARTESIAN_POINT('',(-1.570796326795,5.505440450704));
#6478 = CARTESIAN_POINT('',(-1.374446785946,5.518750577506));
#6479 = CARTESIAN_POINT('',(-1.178097245096,5.385550787672));
#6480 = CARTESIAN_POINT('',(-0.981747704247,5.105060358164));
#6481 = CARTESIAN_POINT('',(-0.785398163393,4.688542215674));
#6482 = CARTESIAN_POINT('',(-0.589048622548,4.159424451611));
#6483 = CARTESIAN_POINT('',(-0.392699081698,3.550858127448));
#6484 = CARTESIAN_POINT('',(-0.196349540849,2.900947601366));
#6485 = CARTESIAN_POINT('',(-2.944400529422E-16,2.248050441985));
#6486 = ( GEOMETRIC_REPRESENTATION_CONTEXT(2) 
PARAMETRIC_REPRESENTATION_CONTEXT() REPRESENTATION_CONTEXT('2D SPACE',''
  ) );
#6487 = ORIENTED_EDGE('',*,*,#6488,.F.);
#6488 = EDGE_CURVE('',#6402,#6454,#6489,.T.);
#6489 = SURFACE_CURVE('',#6490,(#6494,#6500),.PCURVE_S1.);
#6490 = LINE('',#6491,#6492);
#6491 = CARTESIAN_POINT('',(-26.63050777605,0.144327905412,
    -7.226904440724));
#6492 = VECTOR('',#6493,1.);
#6493 = DIRECTION('',(-1.123134596822E-02,-0.999936880022,
    3.046959617613E-04));
#6494 = PCURVE('',#3432,#6495);
#6495 = DEFINITIONAL_REPRESENTATION('',(#6496),#6499);
#6496 = B_SPLINE_CURVE_WITH_KNOTS('',1,(#6497,#6498),.UNSPECIFIED.,.F.,
  .F.,(2,2),(1.18640279113,7.292788226044),.PIECEWISE_BEZIER_KNOTS.);
#6497 = CARTESIAN_POINT('',(3.714496104218,1.010748934424));
#6498 = CARTESIAN_POINT('',(3.747613389083,7.117044564769));
#6499 = ( GEOMETRIC_REPRESENTATION_CONTEXT(2) 
PARAMETRIC_REPRESENTATION_CONTEXT() REPRESENTATION_CONTEXT('2D SPACE',''
  ) );
#6500 = PCURVE('',#6501,#6506);
#6501 = PLANE('',#6502);
#6502 = AXIS2_PLACEMENT_3D('',#6503,#6504,#6505);
#6503 = CARTESIAN_POINT('',(4.67804326216E-02,0.,-7.950634438083));
#6504 = DIRECTION('',(-2.711909137484E-02,0.,-0.999632209807));
#6505 = DIRECTION('',(-0.999632209807,0.,2.711909137484E-02));
#6506 = DEFINITIONAL_REPRESENTATION('',(#6507),#6510);
#6507 = B_SPLINE_CURVE_WITH_KNOTS('',1,(#6508,#6509),.UNSPECIFIED.,.F.,
  .F.,(2,2),(1.18640279113,7.292788226044),.PIECEWISE_BEZIER_KNOTS.);
#6508 = CARTESIAN_POINT('',(26.700433266396,-1.042));
#6509 = CARTESIAN_POINT('',(26.769041427239,-7.148));
#6510 = ( GEOMETRIC_REPRESENTATION_CONTEXT(2) 
PARAMETRIC_REPRESENTATION_CONTEXT() REPRESENTATION_CONTEXT('2D SPACE',''
  ) );
#6511 = ADVANCED_FACE('',(#6512),#3458,.F.);
#6512 = FACE_BOUND('',#6513,.F.);
#6513 = EDGE_LOOP('',(#6514,#6515,#6516,#6580));
#6514 = ORIENTED_EDGE('',*,*,#3444,.T.);
#6515 = ORIENTED_EDGE('',*,*,#6181,.T.);
#6516 = ORIENTED_EDGE('',*,*,#6517,.F.);
#6517 = EDGE_CURVE('',#3546,#6182,#6518,.T.);
#6518 = SURFACE_CURVE('',#6519,(#6523,#6529),.PCURVE_S1.);
#6519 = ( BOUNDED_CURVE() B_SPLINE_CURVE(2,(#6520,#6521,#6522),
.UNSPECIFIED.,.F.,.F.) B_SPLINE_CURVE_WITH_KNOTS((3,3),(0.,
3.196971204708),.PIECEWISE_BEZIER_KNOTS.) CURVE() 
GEOMETRIC_REPRESENTATION_ITEM() RATIONAL_B_SPLINE_CURVE((1.,
0.686714780683,1.)) REPRESENTATION_ITEM('') );
#6520 = CARTESIAN_POINT('',(-22.95387006661,14.832643782937,
    -2.356160554371));
#6521 = CARTESIAN_POINT('',(-23.43671030272,14.870045752258,
    -2.072916664791));
#6522 = CARTESIAN_POINT('',(-23.43979510835,14.309047295916,
    -2.067267075916));
#6523 = PCURVE('',#3458,#6524);
#6524 = DEFINITIONAL_REPRESENTATION('',(#6525),#6528);
#6525 = B_SPLINE_CURVE_WITH_KNOTS('',1,(#6526,#6527),.UNSPECIFIED.,.F.,
  .F.,(2,2),(0.,3.196971204708),.PIECEWISE_BEZIER_KNOTS.);
#6526 = CARTESIAN_POINT('',(0.,44.415587110021));
#6527 = CARTESIAN_POINT('',(3.196971204708,44.415587110021));
#6528 = ( GEOMETRIC_REPRESENTATION_CONTEXT(2) 
PARAMETRIC_REPRESENTATION_CONTEXT() REPRESENTATION_CONTEXT('2D SPACE',''
  ) );
#6529 = PCURVE('',#5181,#6530);
#6530 = DEFINITIONAL_REPRESENTATION('',(#6531),#6579);
#6531 = B_SPLINE_CURVE_WITH_KNOTS('',10,(#6532,#6533,#6534,#6535,#6536,
    #6537,#6538,#6539,#6540,#6541,#6542,#6543,#6544,#6545,#6546,#6547,
    #6548,#6549,#6550,#6551,#6552,#6553,#6554,#6555,#6556,#6557,#6558,
    #6559,#6560,#6561,#6562,#6563,#6564,#6565,#6566,#6567,#6568,#6569,
    #6570,#6571,#6572,#6573,#6574,#6575,#6576,#6577,#6578),
  .UNSPECIFIED.,.F.,.F.,(11,9,9,9,9,11),(0.,0.799242801177,
    1.598485602354,2.397728403531,2.797349804119,3.196971204708),
  .UNSPECIFIED.);
#6532 = CARTESIAN_POINT('',(0.,44.415586951943));
#6533 = CARTESIAN_POINT('',(0.311957283527,44.415586951943));
#6534 = CARTESIAN_POINT('',(0.623908128699,44.415586951941));
#6535 = CARTESIAN_POINT('',(0.935883221384,44.415586951946));
#6536 = CARTESIAN_POINT('',(1.247810045662,44.415586951939));
#6537 = CARTESIAN_POINT('',(1.559801061059,44.415586951948));
#6538 = CARTESIAN_POINT('',(1.871731766571,44.415586951939));
#6539 = CARTESIAN_POINT('',(2.183702725643,44.415586951945));
#6540 = CARTESIAN_POINT('',(2.495655207206,44.415586951943));
#6541 = CARTESIAN_POINT('',(2.807613040284,44.415586951942));
#6542 = CARTESIAN_POINT('',(3.431527179506,44.415586951944));
#6543 = CARTESIAN_POINT('',(3.743484257987,44.41558695194));
#6544 = CARTESIAN_POINT('',(4.05544134435,44.415586951954));
#6545 = CARTESIAN_POINT('',(4.367398437602,44.415586951929));
#6546 = CARTESIAN_POINT('',(4.679355536766,44.415586951962));
#6547 = CARTESIAN_POINT('',(4.991312640839,44.415586951931));
#6548 = CARTESIAN_POINT('',(5.303269748848,44.415586951952));
#6549 = CARTESIAN_POINT('',(5.615226859793,44.415586951941));
#6550 = CARTESIAN_POINT('',(5.927183972692,44.415586951944));
#6551 = CARTESIAN_POINT('',(6.551098200418,44.415586951942));
#6552 = CARTESIAN_POINT('',(6.863055317912,44.415586951941));
#6553 = CARTESIAN_POINT('',(7.175012439024,44.415586951945));
#6554 = CARTESIAN_POINT('',(7.486969563744,44.415586951937));
#6555 = CARTESIAN_POINT('',(7.798926692059,44.415586951946));
#6556 = CARTESIAN_POINT('',(8.110883823957,44.415586951939));
#6557 = CARTESIAN_POINT('',(8.422840959428,44.415586951943));
#6558 = CARTESIAN_POINT('',(8.734798098459,44.415586951942));
#6559 = CARTESIAN_POINT('',(9.046755241038,44.415586951942));
#6560 = CARTESIAN_POINT('',(9.514690960212,44.415586951944));
#6561 = CARTESIAN_POINT('',(9.670669536073,44.415586951942));
#6562 = CARTESIAN_POINT('',(9.826648113974,44.415586951945));
#6563 = CARTESIAN_POINT('',(9.982626693148,44.415586951942));
#6564 = CARTESIAN_POINT('',(10.138605272831,44.41558695194));
#6565 = CARTESIAN_POINT('',(10.294583852261,44.415586951946));
#6566 = CARTESIAN_POINT('',(10.450562430668,44.415586951938));
#6567 = CARTESIAN_POINT('',(10.606541007293,44.415586951944));
#6568 = CARTESIAN_POINT('',(10.762519581368,44.415586951941));
#6569 = CARTESIAN_POINT('',(11.074476722892,44.415586951945));
#6570 = CARTESIAN_POINT('',(11.23045667554,44.415586951933));
#6571 = CARTESIAN_POINT('',(11.386425178594,44.415586951965));
#6572 = CARTESIAN_POINT('',(11.542440424436,44.415586951912));
#6573 = CARTESIAN_POINT('',(11.698336716197,44.415586951975));
#6574 = CARTESIAN_POINT('',(11.854432736269,44.415586951917));
#6575 = CARTESIAN_POINT('',(12.01031201811,44.415586951959));
#6576 = CARTESIAN_POINT('',(12.166327145001,44.415586951936));
#6577 = CARTESIAN_POINT('',(12.322312065187,44.415586951945));
#6578 = CARTESIAN_POINT('',(12.478290706952,44.415586951943));
#6579 = ( GEOMETRIC_REPRESENTATION_CONTEXT(2) 
PARAMETRIC_REPRESENTATION_CONTEXT() REPRESENTATION_CONTEXT('2D SPACE',''
  ) );
#6580 = ORIENTED_EDGE('',*,*,#3545,.F.);
#6581 = ADVANCED_FACE('',(#6582),#3776,.T.);
#6582 = FACE_BOUND('',#6583,.T.);
#6583 = EDGE_LOOP('',(#6584,#6585,#6586,#6587,#6588,#6589,#6610,#6636,
    #6662,#6688));
#6584 = ORIENTED_EDGE('',*,*,#5030,.F.);
#6585 = ORIENTED_EDGE('',*,*,#5055,.T.);
#6586 = ORIENTED_EDGE('',*,*,#3760,.T.);
#6587 = ORIENTED_EDGE('',*,*,#3821,.T.);
#6588 = ORIENTED_EDGE('',*,*,#6104,.F.);
#6589 = ORIENTED_EDGE('',*,*,#6590,.F.);
#6590 = EDGE_CURVE('',#6591,#6105,#6593,.T.);
#6591 = VERTEX_POINT('',#6592);
#6592 = CARTESIAN_POINT('',(-6.176,16.029,-3.164));
#6593 = SURFACE_CURVE('',#6594,(#6598,#6604),.PCURVE_S1.);
#6594 = LINE('',#6595,#6596);
#6595 = CARTESIAN_POINT('',(-13.6925,16.029,-3.164));
#6596 = VECTOR('',#6597,1.);
#6597 = DIRECTION('',(1.,0.,-0.));
#6598 = PCURVE('',#3776,#6599);
#6599 = DEFINITIONAL_REPRESENTATION('',(#6600),#6603);
#6600 = B_SPLINE_CURVE_WITH_KNOTS('',1,(#6601,#6602),.UNSPECIFIED.,.F.,
  .F.,(2,2),(7.5165,12.6275),.PIECEWISE_BEZIER_KNOTS.);
#6601 = CARTESIAN_POINT('',(7.702883906313,15.033));
#6602 = CARTESIAN_POINT('',(7.702883906313,20.144));
#6603 = ( GEOMETRIC_REPRESENTATION_CONTEXT(2) 
PARAMETRIC_REPRESENTATION_CONTEXT() REPRESENTATION_CONTEXT('2D SPACE',''
  ) );
#6604 = PCURVE('',#6142,#6605);
#6605 = DEFINITIONAL_REPRESENTATION('',(#6606),#6609);
#6606 = B_SPLINE_CURVE_WITH_KNOTS('',1,(#6607,#6608),.UNSPECIFIED.,.F.,
  .F.,(2,2),(7.5165,12.6275),.PIECEWISE_BEZIER_KNOTS.);
#6607 = CARTESIAN_POINT('',(0.,0.3));
#6608 = CARTESIAN_POINT('',(5.111,0.3));
#6609 = ( GEOMETRIC_REPRESENTATION_CONTEXT(2) 
PARAMETRIC_REPRESENTATION_CONTEXT() REPRESENTATION_CONTEXT('2D SPACE',''
  ) );
#6610 = ORIENTED_EDGE('',*,*,#6611,.T.);
#6611 = EDGE_CURVE('',#6591,#6612,#6614,.T.);
#6612 = VERTEX_POINT('',#6613);
#6613 = CARTESIAN_POINT('',(-6.176,16.029,-4.558));
#6614 = SURFACE_CURVE('',#6615,(#6619,#6625),.PCURVE_S1.);
#6615 = LINE('',#6616,#6617);
#6616 = CARTESIAN_POINT('',(-6.176,16.029,-8.634941953157));
#6617 = VECTOR('',#6618,1.);
#6618 = DIRECTION('',(-0.,0.,-1.));
#6619 = PCURVE('',#3776,#6620);
#6620 = DEFINITIONAL_REPRESENTATION('',(#6621),#6624);
#6621 = B_SPLINE_CURVE_WITH_KNOTS('',1,(#6622,#6623),.UNSPECIFIED.,.F.,
  .F.,(2,2),(-5.470941953157,-2.231941953157),.PIECEWISE_BEZIER_KNOTS.);
#6622 = CARTESIAN_POINT('',(7.702883906313,15.033));
#6623 = CARTESIAN_POINT('',(4.463883906313,15.033));
#6624 = ( GEOMETRIC_REPRESENTATION_CONTEXT(2) 
PARAMETRIC_REPRESENTATION_CONTEXT() REPRESENTATION_CONTEXT('2D SPACE',''
  ) );
#6625 = PCURVE('',#6626,#6631);
#6626 = PLANE('',#6627);
#6627 = AXIS2_PLACEMENT_3D('',#6628,#6629,#6630);
#6628 = CARTESIAN_POINT('',(-6.176,15.729,-6.403));
#6629 = DIRECTION('',(1.,0.,-0.));
#6630 = DIRECTION('',(0.,0.,1.));
#6631 = DEFINITIONAL_REPRESENTATION('',(#6632),#6635);
#6632 = B_SPLINE_CURVE_WITH_KNOTS('',1,(#6633,#6634),.UNSPECIFIED.,.F.,
  .F.,(2,2),(-5.470941953157,-2.231941953157),.PIECEWISE_BEZIER_KNOTS.);
#6633 = CARTESIAN_POINT('',(3.239,-0.3));
#6634 = CARTESIAN_POINT('',(0.,-0.3));
#6635 = ( GEOMETRIC_REPRESENTATION_CONTEXT(2) 
PARAMETRIC_REPRESENTATION_CONTEXT() REPRESENTATION_CONTEXT('2D SPACE',''
  ) );
#6636 = ORIENTED_EDGE('',*,*,#6637,.F.);
#6637 = EDGE_CURVE('',#6638,#6612,#6640,.T.);
#6638 = VERTEX_POINT('',#6639);
#6639 = CARTESIAN_POINT('',(-14.77,16.029,-4.558));
#6640 = SURFACE_CURVE('',#6641,(#6645,#6651),.PCURVE_S1.);
#6641 = LINE('',#6642,#6643);
#6642 = CARTESIAN_POINT('',(-17.9895,16.029,-4.558));
#6643 = VECTOR('',#6644,1.);
#6644 = DIRECTION('',(1.,0.,-0.));
#6645 = PCURVE('',#3776,#6646);
#6646 = DEFINITIONAL_REPRESENTATION('',(#6647),#6650);
#6647 = B_SPLINE_CURVE_WITH_KNOTS('',1,(#6648,#6649),.UNSPECIFIED.,.F.,
  .F.,(2,2),(3.2195,16.7265),.PIECEWISE_BEZIER_KNOTS.);
#6648 = CARTESIAN_POINT('',(6.308883906313,6.439));
#6649 = CARTESIAN_POINT('',(6.308883906313,19.946));
#6650 = ( GEOMETRIC_REPRESENTATION_CONTEXT(2) 
PARAMETRIC_REPRESENTATION_CONTEXT() REPRESENTATION_CONTEXT('2D SPACE',''
  ) );
#6651 = PCURVE('',#6652,#6657);
#6652 = PLANE('',#6653);
#6653 = AXIS2_PLACEMENT_3D('',#6654,#6655,#6656);
#6654 = CARTESIAN_POINT('',(-14.77,15.729,-4.558));
#6655 = DIRECTION('',(0.,0.,1.));
#6656 = DIRECTION('',(1.,0.,-0.));
#6657 = DEFINITIONAL_REPRESENTATION('',(#6658),#6661);
#6658 = B_SPLINE_CURVE_WITH_KNOTS('',1,(#6659,#6660),.UNSPECIFIED.,.F.,
  .F.,(2,2),(3.2195,16.7265),.PIECEWISE_BEZIER_KNOTS.);
#6659 = CARTESIAN_POINT('',(0.,0.3));
#6660 = CARTESIAN_POINT('',(13.507,0.3));
#6661 = ( GEOMETRIC_REPRESENTATION_CONTEXT(2) 
PARAMETRIC_REPRESENTATION_CONTEXT() REPRESENTATION_CONTEXT('2D SPACE',''
  ) );
#6662 = ORIENTED_EDGE('',*,*,#6663,.T.);
#6663 = EDGE_CURVE('',#6638,#6664,#6666,.T.);
#6664 = VERTEX_POINT('',#6665);
#6665 = CARTESIAN_POINT('',(-14.77,16.029,-6.403));
#6666 = SURFACE_CURVE('',#6667,(#6671,#6677),.PCURVE_S1.);
#6667 = LINE('',#6668,#6669);
#6668 = CARTESIAN_POINT('',(-14.77,16.029,-8.634941953157));
#6669 = VECTOR('',#6670,1.);
#6670 = DIRECTION('',(-0.,0.,-1.));
#6671 = PCURVE('',#3776,#6672);
#6672 = DEFINITIONAL_REPRESENTATION('',(#6673),#6676);
#6673 = B_SPLINE_CURVE_WITH_KNOTS('',1,(#6674,#6675),.UNSPECIFIED.,.F.,
  .F.,(2,2),(-4.076941953157,-2.231941953157),.PIECEWISE_BEZIER_KNOTS.);
#6674 = CARTESIAN_POINT('',(6.308883906313,6.439));
#6675 = CARTESIAN_POINT('',(4.463883906313,6.439));
#6676 = ( GEOMETRIC_REPRESENTATION_CONTEXT(2) 
PARAMETRIC_REPRESENTATION_CONTEXT() REPRESENTATION_CONTEXT('2D SPACE',''
  ) );
#6677 = PCURVE('',#6678,#6683);
#6678 = PLANE('',#6679);
#6679 = AXIS2_PLACEMENT_3D('',#6680,#6681,#6682);
#6680 = CARTESIAN_POINT('',(-14.77,15.729,-6.403));
#6681 = DIRECTION('',(1.,0.,-0.));
#6682 = DIRECTION('',(0.,0.,1.));
#6683 = DEFINITIONAL_REPRESENTATION('',(#6684),#6687);
#6684 = B_SPLINE_CURVE_WITH_KNOTS('',1,(#6685,#6686),.UNSPECIFIED.,.F.,
  .F.,(2,2),(-4.076941953157,-2.231941953157),.PIECEWISE_BEZIER_KNOTS.);
#6685 = CARTESIAN_POINT('',(1.845,-0.3));
#6686 = CARTESIAN_POINT('',(0.,-0.3));
#6687 = ( GEOMETRIC_REPRESENTATION_CONTEXT(2) 
PARAMETRIC_REPRESENTATION_CONTEXT() REPRESENTATION_CONTEXT('2D SPACE',''
  ) );
#6688 = ORIENTED_EDGE('',*,*,#6689,.T.);
#6689 = EDGE_CURVE('',#6664,#5009,#6690,.T.);
#6690 = SURFACE_CURVE('',#6691,(#6695,#6702),.PCURVE_S1.);
#6691 = LINE('',#6692,#6693);
#6692 = CARTESIAN_POINT('',(-14.77,16.029,-6.403));
#6693 = VECTOR('',#6694,1.);
#6694 = DIRECTION('',(1.,0.,-6.480688943452E-17));
#6695 = PCURVE('',#3776,#6696);
#6696 = DEFINITIONAL_REPRESENTATION('',(#6697),#6701);
#6697 = LINE('',#6698,#6699);
#6698 = CARTESIAN_POINT('',(4.463883906313,6.439));
#6699 = VECTOR('',#6700,1.);
#6700 = DIRECTION('',(-6.480688943452E-17,1.));
#6701 = ( GEOMETRIC_REPRESENTATION_CONTEXT(2) 
PARAMETRIC_REPRESENTATION_CONTEXT() REPRESENTATION_CONTEXT('2D SPACE',''
  ) );
#6702 = PCURVE('',#4517,#6703);
#6703 = DEFINITIONAL_REPRESENTATION('',(#6704),#6708);
#6704 = LINE('',#6705,#6706);
#6705 = CARTESIAN_POINT('',(-8.594,0.3));
#6706 = VECTOR('',#6707,1.);
#6707 = DIRECTION('',(1.,0.));
#6708 = ( GEOMETRIC_REPRESENTATION_CONTEXT(2) 
PARAMETRIC_REPRESENTATION_CONTEXT() REPRESENTATION_CONTEXT('2D SPACE',''
  ) );
#6709 = ADVANCED_FACE('',(#6710),#4741,.T.);
#6710 = FACE_BOUND('',#6711,.T.);
#6711 = EDGE_LOOP('',(#6712,#6713,#6714,#6715,#6736));
#6712 = ORIENTED_EDGE('',*,*,#5755,.F.);
#6713 = ORIENTED_EDGE('',*,*,#5783,.T.);
#6714 = ORIENTED_EDGE('',*,*,#4725,.T.);
#6715 = ORIENTED_EDGE('',*,*,#6716,.T.);
#6716 = EDGE_CURVE('',#4698,#5580,#6717,.T.);
#6717 = SURFACE_CURVE('',#6718,(#6722,#6729),.PCURVE_S1.);
#6718 = LINE('',#6719,#6720);
#6719 = CARTESIAN_POINT('',(-2.2E-02,-17.732,-2.282));
#6720 = VECTOR('',#6721,1.);
#6721 = DIRECTION('',(-0.,1.,0.));
#6722 = PCURVE('',#4741,#6723);
#6723 = DEFINITIONAL_REPRESENTATION('',(#6724),#6728);
#6724 = LINE('',#6725,#6726);
#6725 = CARTESIAN_POINT('',(0.86,0.));
#6726 = VECTOR('',#6727,1.);
#6727 = DIRECTION('',(0.,1.));
#6728 = ( GEOMETRIC_REPRESENTATION_CONTEXT(2) 
PARAMETRIC_REPRESENTATION_CONTEXT() REPRESENTATION_CONTEXT('2D SPACE',''
  ) );
#6729 = PCURVE('',#5597,#6730);
#6730 = DEFINITIONAL_REPRESENTATION('',(#6731),#6735);
#6731 = LINE('',#6732,#6733);
#6732 = CARTESIAN_POINT('',(1.409,1.344));
#6733 = VECTOR('',#6734,1.);
#6734 = DIRECTION('',(0.,-1.));
#6735 = ( GEOMETRIC_REPRESENTATION_CONTEXT(2) 
PARAMETRIC_REPRESENTATION_CONTEXT() REPRESENTATION_CONTEXT('2D SPACE',''
  ) );
#6736 = ORIENTED_EDGE('',*,*,#5609,.F.);
#6737 = ADVANCED_FACE('',(#6738),#4713,.F.);
#6738 = FACE_BOUND('',#6739,.F.);
#6739 = EDGE_LOOP('',(#6740,#6765,#6788,#6816,#6842,#6861,#6862));
#6740 = ORIENTED_EDGE('',*,*,#6741,.T.);
#6741 = EDGE_CURVE('',#6742,#6744,#6746,.T.);
#6742 = VERTEX_POINT('',#6743);
#6743 = CARTESIAN_POINT('',(-2.2E-02,-16.388,-1.184));
#6744 = VERTEX_POINT('',#6745);
#6745 = CARTESIAN_POINT('',(7.073,-16.388,-1.184));
#6746 = SURFACE_CURVE('',#6747,(#6751,#6758),.PCURVE_S1.);
#6747 = LINE('',#6748,#6749);
#6748 = CARTESIAN_POINT('',(-2.2E-02,-16.388,-1.184));
#6749 = VECTOR('',#6750,1.);
#6750 = DIRECTION('',(1.,0.,-0.));
#6751 = PCURVE('',#4713,#6752);
#6752 = DEFINITIONAL_REPRESENTATION('',(#6753),#6757);
#6753 = LINE('',#6754,#6755);
#6754 = CARTESIAN_POINT('',(2.507,0.));
#6755 = VECTOR('',#6756,1.);
#6756 = DIRECTION('',(0.,1.));
#6757 = ( GEOMETRIC_REPRESENTATION_CONTEXT(2) 
PARAMETRIC_REPRESENTATION_CONTEXT() REPRESENTATION_CONTEXT('2D SPACE',''
  ) );
#6758 = PCURVE('',#5903,#6759);
#6759 = DEFINITIONAL_REPRESENTATION('',(#6760),#6764);
#6760 = LINE('',#6761,#6762);
#6761 = CARTESIAN_POINT('',(-0.,0.));
#6762 = VECTOR('',#6763,1.);
#6763 = DIRECTION('',(-0.,1.));
#6764 = ( GEOMETRIC_REPRESENTATION_CONTEXT(2) 
PARAMETRIC_REPRESENTATION_CONTEXT() REPRESENTATION_CONTEXT('2D SPACE',''
  ) );
#6765 = ORIENTED_EDGE('',*,*,#6766,.F.);
#6766 = EDGE_CURVE('',#6767,#6744,#6769,.T.);
#6767 = VERTEX_POINT('',#6768);
#6768 = CARTESIAN_POINT('',(7.073,-16.388,-3.691));
#6769 = SURFACE_CURVE('',#6770,(#6774,#6781),.PCURVE_S1.);
#6770 = LINE('',#6771,#6772);
#6771 = CARTESIAN_POINT('',(7.073,-16.388,-3.691));
#6772 = VECTOR('',#6773,1.);
#6773 = DIRECTION('',(0.,0.,1.));
#6774 = PCURVE('',#4713,#6775);
#6775 = DEFINITIONAL_REPRESENTATION('',(#6776),#6780);
#6776 = LINE('',#6777,#6778);
#6777 = CARTESIAN_POINT('',(0.,7.095));
#6778 = VECTOR('',#6779,1.);
#6779 = DIRECTION('',(1.,0.));
#6780 = ( GEOMETRIC_REPRESENTATION_CONTEXT(2) 
PARAMETRIC_REPRESENTATION_CONTEXT() REPRESENTATION_CONTEXT('2D SPACE',''
  ) );
#6781 = PCURVE('',#5931,#6782);
#6782 = DEFINITIONAL_REPRESENTATION('',(#6783),#6787);
#6783 = LINE('',#6784,#6785);
#6784 = CARTESIAN_POINT('',(0.,0.));
#6785 = VECTOR('',#6786,1.);
#6786 = DIRECTION('',(1.,0.));
#6787 = ( GEOMETRIC_REPRESENTATION_CONTEXT(2) 
PARAMETRIC_REPRESENTATION_CONTEXT() REPRESENTATION_CONTEXT('2D SPACE',''
  ) );
#6788 = ORIENTED_EDGE('',*,*,#6789,.F.);
#6789 = EDGE_CURVE('',#6790,#6767,#6792,.T.);
#6790 = VERTEX_POINT('',#6791);
#6791 = CARTESIAN_POINT('',(1.128,-16.388,-3.691));
#6792 = SURFACE_CURVE('',#6793,(#6797,#6804),.PCURVE_S1.);
#6793 = LINE('',#6794,#6795);
#6794 = CARTESIAN_POINT('',(-2.2E-02,-16.388,-3.691));
#6795 = VECTOR('',#6796,1.);
#6796 = DIRECTION('',(1.,0.,-0.));
#6797 = PCURVE('',#4713,#6798);
#6798 = DEFINITIONAL_REPRESENTATION('',(#6799),#6803);
#6799 = LINE('',#6800,#6801);
#6800 = CARTESIAN_POINT('',(0.,0.));
#6801 = VECTOR('',#6802,1.);
#6802 = DIRECTION('',(0.,1.));
#6803 = ( GEOMETRIC_REPRESENTATION_CONTEXT(2) 
PARAMETRIC_REPRESENTATION_CONTEXT() REPRESENTATION_CONTEXT('2D SPACE',''
  ) );
#6804 = PCURVE('',#6805,#6810);
#6805 = PLANE('',#6806);
#6806 = AXIS2_PLACEMENT_3D('',#6807,#6808,#6809);
#6807 = CARTESIAN_POINT('',(-2.2E-02,-16.388,-3.691));
#6808 = DIRECTION('',(0.,0.,1.));
#6809 = DIRECTION('',(1.,0.,-0.));
#6810 = DEFINITIONAL_REPRESENTATION('',(#6811),#6815);
#6811 = LINE('',#6812,#6813);
#6812 = CARTESIAN_POINT('',(0.,0.));
#6813 = VECTOR('',#6814,1.);
#6814 = DIRECTION('',(1.,0.));
#6815 = ( GEOMETRIC_REPRESENTATION_CONTEXT(2) 
PARAMETRIC_REPRESENTATION_CONTEXT() REPRESENTATION_CONTEXT('2D SPACE',''
  ) );
#6816 = ORIENTED_EDGE('',*,*,#6817,.F.);
#6817 = EDGE_CURVE('',#6818,#6790,#6820,.T.);
#6818 = VERTEX_POINT('',#6819);
#6819 = CARTESIAN_POINT('',(1.128,-16.388,-3.536));
#6820 = SURFACE_CURVE('',#6821,(#6825,#6831),.PCURVE_S1.);
#6821 = LINE('',#6822,#6823);
#6822 = CARTESIAN_POINT('',(1.128,-16.388,-4.191));
#6823 = VECTOR('',#6824,1.);
#6824 = DIRECTION('',(-0.,0.,-1.));
#6825 = PCURVE('',#4713,#6826);
#6826 = DEFINITIONAL_REPRESENTATION('',(#6827),#6830);
#6827 = B_SPLINE_CURVE_WITH_KNOTS('',1,(#6828,#6829),.UNSPECIFIED.,.F.,
  .F.,(2,2),(-0.655,-0.5),.PIECEWISE_BEZIER_KNOTS.);
#6828 = CARTESIAN_POINT('',(0.155,1.15));
#6829 = CARTESIAN_POINT('',(0.,1.15));
#6830 = ( GEOMETRIC_REPRESENTATION_CONTEXT(2) 
PARAMETRIC_REPRESENTATION_CONTEXT() REPRESENTATION_CONTEXT('2D SPACE',''
  ) );
#6831 = PCURVE('',#6832,#6837);
#6832 = PLANE('',#6833);
#6833 = AXIS2_PLACEMENT_3D('',#6834,#6835,#6836);
#6834 = CARTESIAN_POINT('',(1.128,-17.388,-4.691));
#6835 = DIRECTION('',(1.,0.,-0.));
#6836 = DIRECTION('',(0.,0.,1.));
#6837 = DEFINITIONAL_REPRESENTATION('',(#6838),#6841);
#6838 = B_SPLINE_CURVE_WITH_KNOTS('',1,(#6839,#6840),.UNSPECIFIED.,.F.,
  .F.,(2,2),(-0.655,-0.5),.PIECEWISE_BEZIER_KNOTS.);
#6839 = CARTESIAN_POINT('',(1.155,-1.));
#6840 = CARTESIAN_POINT('',(1.,-1.));
#6841 = ( GEOMETRIC_REPRESENTATION_CONTEXT(2) 
PARAMETRIC_REPRESENTATION_CONTEXT() REPRESENTATION_CONTEXT('2D SPACE',''
  ) );
#6842 = ORIENTED_EDGE('',*,*,#6843,.F.);
#6843 = EDGE_CURVE('',#4670,#6818,#6844,.T.);
#6844 = SURFACE_CURVE('',#6845,(#6849,#6855),.PCURVE_S1.);
#6845 = LINE('',#6846,#6847);
#6846 = CARTESIAN_POINT('',(-2.2E-02,-16.388,-3.536));
#6847 = VECTOR('',#6848,1.);
#6848 = DIRECTION('',(1.,0.,-0.));
#6849 = PCURVE('',#4713,#6850);
#6850 = DEFINITIONAL_REPRESENTATION('',(#6851),#6854);
#6851 = B_SPLINE_CURVE_WITH_KNOTS('',1,(#6852,#6853),.UNSPECIFIED.,.F.,
  .F.,(2,2),(1.110223024625E-16,1.15),.PIECEWISE_BEZIER_KNOTS.);
#6852 = CARTESIAN_POINT('',(0.155,2.22044604925E-16));
#6853 = CARTESIAN_POINT('',(0.155,1.15));
#6854 = ( GEOMETRIC_REPRESENTATION_CONTEXT(2) 
PARAMETRIC_REPRESENTATION_CONTEXT() REPRESENTATION_CONTEXT('2D SPACE',''
  ) );
#6855 = PCURVE('',#4685,#6856);
#6856 = DEFINITIONAL_REPRESENTATION('',(#6857),#6860);
#6857 = B_SPLINE_CURVE_WITH_KNOTS('',1,(#6858,#6859),.UNSPECIFIED.,.F.,
  .F.,(2,2),(1.110223024625E-16,1.15),.PIECEWISE_BEZIER_KNOTS.);
#6858 = CARTESIAN_POINT('',(0.,1.));
#6859 = CARTESIAN_POINT('',(1.15,1.));
#6860 = ( GEOMETRIC_REPRESENTATION_CONTEXT(2) 
PARAMETRIC_REPRESENTATION_CONTEXT() REPRESENTATION_CONTEXT('2D SPACE',''
  ) );
#6861 = ORIENTED_EDGE('',*,*,#4697,.T.);
#6862 = ORIENTED_EDGE('',*,*,#6863,.T.);
#6863 = EDGE_CURVE('',#4698,#6742,#6864,.T.);
#6864 = SURFACE_CURVE('',#6865,(#6869,#6876),.PCURVE_S1.);
#6865 = LINE('',#6866,#6867);
#6866 = CARTESIAN_POINT('',(-2.2E-02,-16.388,-3.691));
#6867 = VECTOR('',#6868,1.);
#6868 = DIRECTION('',(0.,0.,1.));
#6869 = PCURVE('',#4713,#6870);
#6870 = DEFINITIONAL_REPRESENTATION('',(#6871),#6875);
#6871 = LINE('',#6872,#6873);
#6872 = CARTESIAN_POINT('',(0.,0.));
#6873 = VECTOR('',#6874,1.);
#6874 = DIRECTION('',(1.,0.));
#6875 = ( GEOMETRIC_REPRESENTATION_CONTEXT(2) 
PARAMETRIC_REPRESENTATION_CONTEXT() REPRESENTATION_CONTEXT('2D SPACE',''
  ) );
#6876 = PCURVE('',#5597,#6877);
#6877 = DEFINITIONAL_REPRESENTATION('',(#6878),#6882);
#6878 = LINE('',#6879,#6880);
#6879 = CARTESIAN_POINT('',(0.,0.));
#6880 = VECTOR('',#6881,1.);
#6881 = DIRECTION('',(1.,0.));
#6882 = ( GEOMETRIC_REPRESENTATION_CONTEXT(2) 
PARAMETRIC_REPRESENTATION_CONTEXT() REPRESENTATION_CONTEXT('2D SPACE',''
  ) );
#6883 = ADVANCED_FACE('',(#6884),#4657,.T.);
#6884 = FACE_BOUND('',#6885,.T.);
#6885 = EDGE_LOOP('',(#6886,#6911,#6934,#6957,#6983,#7002,#7003));
#6886 = ORIENTED_EDGE('',*,*,#6887,.T.);
#6887 = EDGE_CURVE('',#6888,#6890,#6892,.T.);
#6888 = VERTEX_POINT('',#6889);
#6889 = CARTESIAN_POINT('',(-2.2E-02,16.189,-1.184));
#6890 = VERTEX_POINT('',#6891);
#6891 = CARTESIAN_POINT('',(7.073,16.189,-1.184));
#6892 = SURFACE_CURVE('',#6893,(#6897,#6904),.PCURVE_S1.);
#6893 = LINE('',#6894,#6895);
#6894 = CARTESIAN_POINT('',(-2.2E-02,16.189,-1.184));
#6895 = VECTOR('',#6896,1.);
#6896 = DIRECTION('',(1.,0.,-0.));
#6897 = PCURVE('',#4657,#6898);
#6898 = DEFINITIONAL_REPRESENTATION('',(#6899),#6903);
#6899 = LINE('',#6900,#6901);
#6900 = CARTESIAN_POINT('',(2.507,0.));
#6901 = VECTOR('',#6902,1.);
#6902 = DIRECTION('',(0.,1.));
#6903 = ( GEOMETRIC_REPRESENTATION_CONTEXT(2) 
PARAMETRIC_REPRESENTATION_CONTEXT() REPRESENTATION_CONTEXT('2D SPACE',''
  ) );
#6904 = PCURVE('',#5959,#6905);
#6905 = DEFINITIONAL_REPRESENTATION('',(#6906),#6910);
#6906 = LINE('',#6907,#6908);
#6907 = CARTESIAN_POINT('',(0.,0.));
#6908 = VECTOR('',#6909,1.);
#6909 = DIRECTION('',(0.,1.));
#6910 = ( GEOMETRIC_REPRESENTATION_CONTEXT(2) 
PARAMETRIC_REPRESENTATION_CONTEXT() REPRESENTATION_CONTEXT('2D SPACE',''
  ) );
#6911 = ORIENTED_EDGE('',*,*,#6912,.F.);
#6912 = EDGE_CURVE('',#6913,#6890,#6915,.T.);
#6913 = VERTEX_POINT('',#6914);
#6914 = CARTESIAN_POINT('',(7.073,16.189,-3.691));
#6915 = SURFACE_CURVE('',#6916,(#6920,#6927),.PCURVE_S1.);
#6916 = LINE('',#6917,#6918);
#6917 = CARTESIAN_POINT('',(7.073,16.189,-3.691));
#6918 = VECTOR('',#6919,1.);
#6919 = DIRECTION('',(0.,0.,1.));
#6920 = PCURVE('',#4657,#6921);
#6921 = DEFINITIONAL_REPRESENTATION('',(#6922),#6926);
#6922 = LINE('',#6923,#6924);
#6923 = CARTESIAN_POINT('',(0.,7.095));
#6924 = VECTOR('',#6925,1.);
#6925 = DIRECTION('',(1.,0.));
#6926 = ( GEOMETRIC_REPRESENTATION_CONTEXT(2) 
PARAMETRIC_REPRESENTATION_CONTEXT() REPRESENTATION_CONTEXT('2D SPACE',''
  ) );
#6927 = PCURVE('',#5931,#6928);
#6928 = DEFINITIONAL_REPRESENTATION('',(#6929),#6933);
#6929 = LINE('',#6930,#6931);
#6930 = CARTESIAN_POINT('',(0.,-32.577));
#6931 = VECTOR('',#6932,1.);
#6932 = DIRECTION('',(1.,0.));
#6933 = ( GEOMETRIC_REPRESENTATION_CONTEXT(2) 
PARAMETRIC_REPRESENTATION_CONTEXT() REPRESENTATION_CONTEXT('2D SPACE',''
  ) );
#6934 = ORIENTED_EDGE('',*,*,#6935,.F.);
#6935 = EDGE_CURVE('',#6936,#6913,#6938,.T.);
#6936 = VERTEX_POINT('',#6937);
#6937 = CARTESIAN_POINT('',(1.128,16.189,-3.691));
#6938 = SURFACE_CURVE('',#6939,(#6943,#6950),.PCURVE_S1.);
#6939 = LINE('',#6940,#6941);
#6940 = CARTESIAN_POINT('',(-2.2E-02,16.189,-3.691));
#6941 = VECTOR('',#6942,1.);
#6942 = DIRECTION('',(1.,0.,-0.));
#6943 = PCURVE('',#4657,#6944);
#6944 = DEFINITIONAL_REPRESENTATION('',(#6945),#6949);
#6945 = LINE('',#6946,#6947);
#6946 = CARTESIAN_POINT('',(0.,0.));
#6947 = VECTOR('',#6948,1.);
#6948 = DIRECTION('',(0.,1.));
#6949 = ( GEOMETRIC_REPRESENTATION_CONTEXT(2) 
PARAMETRIC_REPRESENTATION_CONTEXT() REPRESENTATION_CONTEXT('2D SPACE',''
  ) );
#6950 = PCURVE('',#6805,#6951);
#6951 = DEFINITIONAL_REPRESENTATION('',(#6952),#6956);
#6952 = LINE('',#6953,#6954);
#6953 = CARTESIAN_POINT('',(0.,32.577));
#6954 = VECTOR('',#6955,1.);
#6955 = DIRECTION('',(1.,0.));
#6956 = ( GEOMETRIC_REPRESENTATION_CONTEXT(2) 
PARAMETRIC_REPRESENTATION_CONTEXT() REPRESENTATION_CONTEXT('2D SPACE',''
  ) );
#6957 = ORIENTED_EDGE('',*,*,#6958,.F.);
#6958 = EDGE_CURVE('',#6959,#6936,#6961,.T.);
#6959 = VERTEX_POINT('',#6960);
#6960 = CARTESIAN_POINT('',(1.128,16.189,-3.536));
#6961 = SURFACE_CURVE('',#6962,(#6966,#6972),.PCURVE_S1.);
#6962 = LINE('',#6963,#6964);
#6963 = CARTESIAN_POINT('',(1.128,16.189,-4.191));
#6964 = VECTOR('',#6965,1.);
#6965 = DIRECTION('',(-0.,0.,-1.));
#6966 = PCURVE('',#4657,#6967);
#6967 = DEFINITIONAL_REPRESENTATION('',(#6968),#6971);
#6968 = B_SPLINE_CURVE_WITH_KNOTS('',1,(#6969,#6970),.UNSPECIFIED.,.F.,
  .F.,(2,2),(-0.655,-0.5),.PIECEWISE_BEZIER_KNOTS.);
#6969 = CARTESIAN_POINT('',(0.155,1.15));
#6970 = CARTESIAN_POINT('',(0.,1.15));
#6971 = ( GEOMETRIC_REPRESENTATION_CONTEXT(2) 
PARAMETRIC_REPRESENTATION_CONTEXT() REPRESENTATION_CONTEXT('2D SPACE',''
  ) );
#6972 = PCURVE('',#6973,#6978);
#6973 = PLANE('',#6974);
#6974 = AXIS2_PLACEMENT_3D('',#6975,#6976,#6977);
#6975 = CARTESIAN_POINT('',(1.128,-17.388,-4.691));
#6976 = DIRECTION('',(1.,0.,-0.));
#6977 = DIRECTION('',(0.,0.,1.));
#6978 = DEFINITIONAL_REPRESENTATION('',(#6979),#6982);
#6979 = B_SPLINE_CURVE_WITH_KNOTS('',1,(#6980,#6981),.UNSPECIFIED.,.F.,
  .F.,(2,2),(-0.655,-0.5),.PIECEWISE_BEZIER_KNOTS.);
#6980 = CARTESIAN_POINT('',(1.155,-33.577));
#6981 = CARTESIAN_POINT('',(1.,-33.577));
#6982 = ( GEOMETRIC_REPRESENTATION_CONTEXT(2) 
PARAMETRIC_REPRESENTATION_CONTEXT() REPRESENTATION_CONTEXT('2D SPACE',''
  ) );
#6983 = ORIENTED_EDGE('',*,*,#6984,.F.);
#6984 = EDGE_CURVE('',#4642,#6959,#6985,.T.);
#6985 = SURFACE_CURVE('',#6986,(#6990,#6996),.PCURVE_S1.);
#6986 = LINE('',#6987,#6988);
#6987 = CARTESIAN_POINT('',(-2.2E-02,16.189,-3.536));
#6988 = VECTOR('',#6989,1.);
#6989 = DIRECTION('',(1.,0.,-0.));
#6990 = PCURVE('',#4657,#6991);
#6991 = DEFINITIONAL_REPRESENTATION('',(#6992),#6995);
#6992 = B_SPLINE_CURVE_WITH_KNOTS('',1,(#6993,#6994),.UNSPECIFIED.,.F.,
  .F.,(2,2),(1.110223024625E-16,1.15),.PIECEWISE_BEZIER_KNOTS.);
#6993 = CARTESIAN_POINT('',(0.155,2.22044604925E-16));
#6994 = CARTESIAN_POINT('',(0.155,1.15));
#6995 = ( GEOMETRIC_REPRESENTATION_CONTEXT(2) 
PARAMETRIC_REPRESENTATION_CONTEXT() REPRESENTATION_CONTEXT('2D SPACE',''
  ) );
#6996 = PCURVE('',#4685,#6997);
#6997 = DEFINITIONAL_REPRESENTATION('',(#6998),#7001);
#6998 = B_SPLINE_CURVE_WITH_KNOTS('',1,(#6999,#7000),.UNSPECIFIED.,.F.,
  .F.,(2,2),(1.110223024625E-16,1.15),.PIECEWISE_BEZIER_KNOTS.);
#6999 = CARTESIAN_POINT('',(0.,33.577));
#7000 = CARTESIAN_POINT('',(1.15,33.577));
#7001 = ( GEOMETRIC_REPRESENTATION_CONTEXT(2) 
PARAMETRIC_REPRESENTATION_CONTEXT() REPRESENTATION_CONTEXT('2D SPACE',''
  ) );
#7002 = ORIENTED_EDGE('',*,*,#4641,.F.);
#7003 = ORIENTED_EDGE('',*,*,#7004,.T.);
#7004 = EDGE_CURVE('',#4614,#6888,#7005,.T.);
#7005 = SURFACE_CURVE('',#7006,(#7010,#7017),.PCURVE_S1.);
#7006 = LINE('',#7007,#7008);
#7007 = CARTESIAN_POINT('',(-2.2E-02,16.189,-3.691));
#7008 = VECTOR('',#7009,1.);
#7009 = DIRECTION('',(0.,0.,1.));
#7010 = PCURVE('',#4657,#7011);
#7011 = DEFINITIONAL_REPRESENTATION('',(#7012),#7016);
#7012 = LINE('',#7013,#7014);
#7013 = CARTESIAN_POINT('',(0.,0.));
#7014 = VECTOR('',#7015,1.);
#7015 = DIRECTION('',(1.,0.));
#7016 = ( GEOMETRIC_REPRESENTATION_CONTEXT(2) 
PARAMETRIC_REPRESENTATION_CONTEXT() REPRESENTATION_CONTEXT('2D SPACE',''
  ) );
#7017 = PCURVE('',#5987,#7018);
#7018 = DEFINITIONAL_REPRESENTATION('',(#7019),#7023);
#7019 = LINE('',#7020,#7021);
#7020 = CARTESIAN_POINT('',(0.,-32.577));
#7021 = VECTOR('',#7022,1.);
#7022 = DIRECTION('',(1.,0.));
#7023 = ( GEOMETRIC_REPRESENTATION_CONTEXT(2) 
PARAMETRIC_REPRESENTATION_CONTEXT() REPRESENTATION_CONTEXT('2D SPACE',''
  ) );
#7024 = ADVANCED_FACE('',(#7025),#4601,.T.);
#7025 = FACE_BOUND('',#7026,.T.);
#7026 = EDGE_LOOP('',(#7027,#7028,#7049,#7075,#7094,#7095));
#7027 = ORIENTED_EDGE('',*,*,#4585,.F.);
#7028 = ORIENTED_EDGE('',*,*,#7029,.F.);
#7029 = EDGE_CURVE('',#7030,#4558,#7032,.T.);
#7030 = VERTEX_POINT('',#7031);
#7031 = CARTESIAN_POINT('',(-0.882,16.208,-2.282));
#7032 = SURFACE_CURVE('',#7033,(#7037,#7043),.PCURVE_S1.);
#7033 = LINE('',#7034,#7035);
#7034 = CARTESIAN_POINT('',(-0.9735,16.208,-2.282));
#7035 = VECTOR('',#7036,1.);
#7036 = DIRECTION('',(1.,0.,-0.));
#7037 = PCURVE('',#4601,#7038);
#7038 = DEFINITIONAL_REPRESENTATION('',(#7039),#7042);
#7039 = B_SPLINE_CURVE_WITH_KNOTS('',1,(#7040,#7041),.UNSPECIFIED.,.F.,
  .F.,(2,2),(9.15E-02,0.9515),.PIECEWISE_BEZIER_KNOTS.);
#7040 = CARTESIAN_POINT('',(8.584883906313,0.183));
#7041 = CARTESIAN_POINT('',(8.584883906313,1.043));
#7042 = ( GEOMETRIC_REPRESENTATION_CONTEXT(2) 
PARAMETRIC_REPRESENTATION_CONTEXT() REPRESENTATION_CONTEXT('2D SPACE',''
  ) );
#7043 = PCURVE('',#4573,#7044);
#7044 = DEFINITIONAL_REPRESENTATION('',(#7045),#7048);
#7045 = B_SPLINE_CURVE_WITH_KNOTS('',1,(#7046,#7047),.UNSPECIFIED.,.F.,
  .F.,(2,2),(9.15E-02,0.9515),.PIECEWISE_BEZIER_KNOTS.);
#7046 = CARTESIAN_POINT('',(0.,0.479));
#7047 = CARTESIAN_POINT('',(0.86,0.479));
#7048 = ( GEOMETRIC_REPRESENTATION_CONTEXT(2) 
PARAMETRIC_REPRESENTATION_CONTEXT() REPRESENTATION_CONTEXT('2D SPACE',''
  ) );
#7049 = ORIENTED_EDGE('',*,*,#7050,.T.);
#7050 = EDGE_CURVE('',#7030,#7051,#7053,.T.);
#7051 = VERTEX_POINT('',#7052);
#7052 = CARTESIAN_POINT('',(-0.882,16.208,-3.164));
#7053 = SURFACE_CURVE('',#7054,(#7058,#7064),.PCURVE_S1.);
#7054 = LINE('',#7055,#7056);
#7055 = CARTESIAN_POINT('',(-0.882,16.208,-8.634941953157));
#7056 = VECTOR('',#7057,1.);
#7057 = DIRECTION('',(-0.,0.,-1.));
#7058 = PCURVE('',#4601,#7059);
#7059 = DEFINITIONAL_REPRESENTATION('',(#7060),#7063);
#7060 = B_SPLINE_CURVE_WITH_KNOTS('',1,(#7061,#7062),.UNSPECIFIED.,.F.,
  .F.,(2,2),(-6.352941953157,-5.470941953157),.PIECEWISE_BEZIER_KNOTS.);
#7061 = CARTESIAN_POINT('',(8.584883906313,0.183));
#7062 = CARTESIAN_POINT('',(7.702883906313,0.183));
#7063 = ( GEOMETRIC_REPRESENTATION_CONTEXT(2) 
PARAMETRIC_REPRESENTATION_CONTEXT() REPRESENTATION_CONTEXT('2D SPACE',''
  ) );
#7064 = PCURVE('',#7065,#7070);
#7065 = PLANE('',#7066);
#7066 = AXIS2_PLACEMENT_3D('',#7067,#7068,#7069);
#7067 = CARTESIAN_POINT('',(-0.882,15.729,-6.403));
#7068 = DIRECTION('',(1.,0.,-0.));
#7069 = DIRECTION('',(0.,0.,1.));
#7070 = DEFINITIONAL_REPRESENTATION('',(#7071),#7074);
#7071 = B_SPLINE_CURVE_WITH_KNOTS('',1,(#7072,#7073),.UNSPECIFIED.,.F.,
  .F.,(2,2),(-6.352941953157,-5.470941953157),.PIECEWISE_BEZIER_KNOTS.);
#7072 = CARTESIAN_POINT('',(4.121,-0.479));
#7073 = CARTESIAN_POINT('',(3.239,-0.479));
#7074 = ( GEOMETRIC_REPRESENTATION_CONTEXT(2) 
PARAMETRIC_REPRESENTATION_CONTEXT() REPRESENTATION_CONTEXT('2D SPACE',''
  ) );
#7075 = ORIENTED_EDGE('',*,*,#7076,.F.);
#7076 = EDGE_CURVE('',#6128,#7051,#7077,.T.);
#7077 = SURFACE_CURVE('',#7078,(#7082,#7088),.PCURVE_S1.);
#7078 = LINE('',#7079,#7080);
#7079 = CARTESIAN_POINT('',(-3.6205,16.208,-3.164));
#7080 = VECTOR('',#7081,1.);
#7081 = DIRECTION('',(1.,0.,-0.));
#7082 = PCURVE('',#4601,#7083);
#7083 = DEFINITIONAL_REPRESENTATION('',(#7084),#7087);
#7084 = B_SPLINE_CURVE_WITH_KNOTS('',1,(#7085,#7086),.UNSPECIFIED.,.F.,
  .F.,(2,2),(2.5555,3.5985),.PIECEWISE_BEZIER_KNOTS.);
#7085 = CARTESIAN_POINT('',(7.702883906313,0.));
#7086 = CARTESIAN_POINT('',(7.702883906313,1.043));
#7087 = ( GEOMETRIC_REPRESENTATION_CONTEXT(2) 
PARAMETRIC_REPRESENTATION_CONTEXT() REPRESENTATION_CONTEXT('2D SPACE',''
  ) );
#7088 = PCURVE('',#6142,#7089);
#7089 = DEFINITIONAL_REPRESENTATION('',(#7090),#7093);
#7090 = B_SPLINE_CURVE_WITH_KNOTS('',1,(#7091,#7092),.UNSPECIFIED.,.F.,
  .F.,(2,2),(2.5555,3.5985),.PIECEWISE_BEZIER_KNOTS.);
#7091 = CARTESIAN_POINT('',(5.111,0.479));
#7092 = CARTESIAN_POINT('',(6.154,0.479));
#7093 = ( GEOMETRIC_REPRESENTATION_CONTEXT(2) 
PARAMETRIC_REPRESENTATION_CONTEXT() REPRESENTATION_CONTEXT('2D SPACE',''
  ) );
#7094 = ORIENTED_EDGE('',*,*,#6153,.T.);
#7095 = ORIENTED_EDGE('',*,*,#6053,.T.);
#7096 = ADVANCED_FACE('',(#7097),#4573,.T.);
#7097 = FACE_BOUND('',#7098,.T.);
#7098 = EDGE_LOOP('',(#7099,#7122,#7123,#7124));
#7099 = ORIENTED_EDGE('',*,*,#7100,.F.);
#7100 = EDGE_CURVE('',#7030,#7101,#7103,.T.);
#7101 = VERTEX_POINT('',#7102);
#7102 = CARTESIAN_POINT('',(-0.882,17.74,-2.282));
#7103 = SURFACE_CURVE('',#7104,(#7108,#7115),.PCURVE_S1.);
#7104 = LINE('',#7105,#7106);
#7105 = CARTESIAN_POINT('',(-0.882,15.729,-2.282));
#7106 = VECTOR('',#7107,1.);
#7107 = DIRECTION('',(-0.,1.,0.));
#7108 = PCURVE('',#4573,#7109);
#7109 = DEFINITIONAL_REPRESENTATION('',(#7110),#7114);
#7110 = LINE('',#7111,#7112);
#7111 = CARTESIAN_POINT('',(0.,0.));
#7112 = VECTOR('',#7113,1.);
#7113 = DIRECTION('',(0.,1.));
#7114 = ( GEOMETRIC_REPRESENTATION_CONTEXT(2) 
PARAMETRIC_REPRESENTATION_CONTEXT() REPRESENTATION_CONTEXT('2D SPACE',''
  ) );
#7115 = PCURVE('',#7065,#7116);
#7116 = DEFINITIONAL_REPRESENTATION('',(#7117),#7121);
#7117 = LINE('',#7118,#7119);
#7118 = CARTESIAN_POINT('',(4.121,0.));
#7119 = VECTOR('',#7120,1.);
#7120 = DIRECTION('',(0.,-1.));
#7121 = ( GEOMETRIC_REPRESENTATION_CONTEXT(2) 
PARAMETRIC_REPRESENTATION_CONTEXT() REPRESENTATION_CONTEXT('2D SPACE',''
  ) );
#7122 = ORIENTED_EDGE('',*,*,#7029,.T.);
#7123 = ORIENTED_EDGE('',*,*,#4557,.T.);
#7124 = ORIENTED_EDGE('',*,*,#7125,.F.);
#7125 = EDGE_CURVE('',#7101,#4530,#7126,.T.);
#7126 = SURFACE_CURVE('',#7127,(#7131,#7138),.PCURVE_S1.);
#7127 = LINE('',#7128,#7129);
#7128 = CARTESIAN_POINT('',(-0.882,17.74,-2.282));
#7129 = VECTOR('',#7130,1.);
#7130 = DIRECTION('',(1.,0.,-0.));
#7131 = PCURVE('',#4573,#7132);
#7132 = DEFINITIONAL_REPRESENTATION('',(#7133),#7137);
#7133 = LINE('',#7134,#7135);
#7134 = CARTESIAN_POINT('',(0.,2.011));
#7135 = VECTOR('',#7136,1.);
#7136 = DIRECTION('',(1.,0.));
#7137 = ( GEOMETRIC_REPRESENTATION_CONTEXT(2) 
PARAMETRIC_REPRESENTATION_CONTEXT() REPRESENTATION_CONTEXT('2D SPACE',''
  ) );
#7138 = PCURVE('',#4545,#7139);
#7139 = DEFINITIONAL_REPRESENTATION('',(#7140),#7144);
#7140 = LINE('',#7141,#7142);
#7141 = CARTESIAN_POINT('',(4.121,5.294));
#7142 = VECTOR('',#7143,1.);
#7143 = DIRECTION('',(0.,1.));
#7144 = ( GEOMETRIC_REPRESENTATION_CONTEXT(2) 
PARAMETRIC_REPRESENTATION_CONTEXT() REPRESENTATION_CONTEXT('2D SPACE',''
  ) );
#7145 = ADVANCED_FACE('',(#7146),#4545,.T.);
#7146 = FACE_BOUND('',#7147,.T.);
#7147 = EDGE_LOOP('',(#7148,#7171,#7197,#7218,#7241,#7264,#7285,#7286));
#7148 = ORIENTED_EDGE('',*,*,#7149,.F.);
#7149 = EDGE_CURVE('',#7150,#4502,#7152,.T.);
#7150 = VERTEX_POINT('',#7151);
#7151 = CARTESIAN_POINT('',(-1.263,17.74,-6.403));
#7152 = SURFACE_CURVE('',#7153,(#7157,#7164),.PCURVE_S1.);
#7153 = LINE('',#7154,#7155);
#7154 = CARTESIAN_POINT('',(-6.176,17.74,-6.403));
#7155 = VECTOR('',#7156,1.);
#7156 = DIRECTION('',(1.,0.,1.443253850666E-16));
#7157 = PCURVE('',#4545,#7158);
#7158 = DEFINITIONAL_REPRESENTATION('',(#7159),#7163);
#7159 = LINE('',#7160,#7161);
#7160 = CARTESIAN_POINT('',(0.,0.));
#7161 = VECTOR('',#7162,1.);
#7162 = DIRECTION('',(1.443253850666E-16,1.));
#7163 = ( GEOMETRIC_REPRESENTATION_CONTEXT(2) 
PARAMETRIC_REPRESENTATION_CONTEXT() REPRESENTATION_CONTEXT('2D SPACE',''
  ) );
#7164 = PCURVE('',#4517,#7165);
#7165 = DEFINITIONAL_REPRESENTATION('',(#7166),#7170);
#7166 = LINE('',#7167,#7168);
#7167 = CARTESIAN_POINT('',(0.,2.011));
#7168 = VECTOR('',#7169,1.);
#7169 = DIRECTION('',(1.,0.));
#7170 = ( GEOMETRIC_REPRESENTATION_CONTEXT(2) 
PARAMETRIC_REPRESENTATION_CONTEXT() REPRESENTATION_CONTEXT('2D SPACE',''
  ) );
#7171 = ORIENTED_EDGE('',*,*,#7172,.F.);
#7172 = EDGE_CURVE('',#7173,#7150,#7175,.T.);
#7173 = VERTEX_POINT('',#7174);
#7174 = CARTESIAN_POINT('',(-1.263,17.74,-4.558));
#7175 = SURFACE_CURVE('',#7176,(#7180,#7186),.PCURVE_S1.);
#7176 = LINE('',#7177,#7178);
#7177 = CARTESIAN_POINT('',(-1.263,17.74,-6.403));
#7178 = VECTOR('',#7179,1.);
#7179 = DIRECTION('',(-0.,0.,-1.));
#7180 = PCURVE('',#4545,#7181);
#7181 = DEFINITIONAL_REPRESENTATION('',(#7182),#7185);
#7182 = B_SPLINE_CURVE_WITH_KNOTS('',1,(#7183,#7184),.UNSPECIFIED.,.F.,
  .F.,(2,2),(-1.845,-0.),.PIECEWISE_BEZIER_KNOTS.);
#7183 = CARTESIAN_POINT('',(1.845,4.913));
#7184 = CARTESIAN_POINT('',(8.881784197001E-16,4.913));
#7185 = ( GEOMETRIC_REPRESENTATION_CONTEXT(2) 
PARAMETRIC_REPRESENTATION_CONTEXT() REPRESENTATION_CONTEXT('2D SPACE',''
  ) );
#7186 = PCURVE('',#7187,#7192);
#7187 = PLANE('',#7188);
#7188 = AXIS2_PLACEMENT_3D('',#7189,#7190,#7191);
#7189 = CARTESIAN_POINT('',(-1.263,15.729,-6.403));
#7190 = DIRECTION('',(1.,0.,-0.));
#7191 = DIRECTION('',(0.,0.,1.));
#7192 = DEFINITIONAL_REPRESENTATION('',(#7193),#7196);
#7193 = B_SPLINE_CURVE_WITH_KNOTS('',1,(#7194,#7195),.UNSPECIFIED.,.F.,
  .F.,(2,2),(-1.845,-0.),.PIECEWISE_BEZIER_KNOTS.);
#7194 = CARTESIAN_POINT('',(1.845,-2.011));
#7195 = CARTESIAN_POINT('',(0.,-2.011));
#7196 = ( GEOMETRIC_REPRESENTATION_CONTEXT(2) 
PARAMETRIC_REPRESENTATION_CONTEXT() REPRESENTATION_CONTEXT('2D SPACE',''
  ) );
#7197 = ORIENTED_EDGE('',*,*,#7198,.F.);
#7198 = EDGE_CURVE('',#7199,#7173,#7201,.T.);
#7199 = VERTEX_POINT('',#7200);
#7200 = CARTESIAN_POINT('',(-6.176,17.74,-4.558));
#7201 = SURFACE_CURVE('',#7202,(#7206,#7212),.PCURVE_S1.);
#7202 = LINE('',#7203,#7204);
#7203 = CARTESIAN_POINT('',(-10.473,17.74,-4.558));
#7204 = VECTOR('',#7205,1.);
#7205 = DIRECTION('',(1.,0.,-0.));
#7206 = PCURVE('',#4545,#7207);
#7207 = DEFINITIONAL_REPRESENTATION('',(#7208),#7211);
#7208 = B_SPLINE_CURVE_WITH_KNOTS('',1,(#7209,#7210),.UNSPECIFIED.,.F.,
  .F.,(2,2),(4.297,9.21),.PIECEWISE_BEZIER_KNOTS.);
#7209 = CARTESIAN_POINT('',(1.845,0.));
#7210 = CARTESIAN_POINT('',(1.845,4.913));
#7211 = ( GEOMETRIC_REPRESENTATION_CONTEXT(2) 
PARAMETRIC_REPRESENTATION_CONTEXT() REPRESENTATION_CONTEXT('2D SPACE',''
  ) );
#7212 = PCURVE('',#6652,#7213);
#7213 = DEFINITIONAL_REPRESENTATION('',(#7214),#7217);
#7214 = B_SPLINE_CURVE_WITH_KNOTS('',1,(#7215,#7216),.UNSPECIFIED.,.F.,
  .F.,(2,2),(4.297,9.21),.PIECEWISE_BEZIER_KNOTS.);
#7215 = CARTESIAN_POINT('',(8.594,2.011));
#7216 = CARTESIAN_POINT('',(13.507,2.011));
#7217 = ( GEOMETRIC_REPRESENTATION_CONTEXT(2) 
PARAMETRIC_REPRESENTATION_CONTEXT() REPRESENTATION_CONTEXT('2D SPACE',''
  ) );
#7218 = ORIENTED_EDGE('',*,*,#7219,.T.);
#7219 = EDGE_CURVE('',#7199,#7220,#7222,.T.);
#7220 = VERTEX_POINT('',#7221);
#7221 = CARTESIAN_POINT('',(-6.176,17.74,-3.164));
#7222 = SURFACE_CURVE('',#7223,(#7227,#7234),.PCURVE_S1.);
#7223 = LINE('',#7224,#7225);
#7224 = CARTESIAN_POINT('',(-6.176,17.74,-6.403));
#7225 = VECTOR('',#7226,1.);
#7226 = DIRECTION('',(0.,0.,1.));
#7227 = PCURVE('',#4545,#7228);
#7228 = DEFINITIONAL_REPRESENTATION('',(#7229),#7233);
#7229 = LINE('',#7230,#7231);
#7230 = CARTESIAN_POINT('',(0.,0.));
#7231 = VECTOR('',#7232,1.);
#7232 = DIRECTION('',(1.,0.));
#7233 = ( GEOMETRIC_REPRESENTATION_CONTEXT(2) 
PARAMETRIC_REPRESENTATION_CONTEXT() REPRESENTATION_CONTEXT('2D SPACE',''
  ) );
#7234 = PCURVE('',#6626,#7235);
#7235 = DEFINITIONAL_REPRESENTATION('',(#7236),#7240);
#7236 = LINE('',#7237,#7238);
#7237 = CARTESIAN_POINT('',(0.,-2.011));
#7238 = VECTOR('',#7239,1.);
#7239 = DIRECTION('',(1.,0.));
#7240 = ( GEOMETRIC_REPRESENTATION_CONTEXT(2) 
PARAMETRIC_REPRESENTATION_CONTEXT() REPRESENTATION_CONTEXT('2D SPACE',''
  ) );
#7241 = ORIENTED_EDGE('',*,*,#7242,.T.);
#7242 = EDGE_CURVE('',#7220,#7243,#7245,.T.);
#7243 = VERTEX_POINT('',#7244);
#7244 = CARTESIAN_POINT('',(-0.882,17.74,-3.164));
#7245 = SURFACE_CURVE('',#7246,(#7250,#7257),.PCURVE_S1.);
#7246 = LINE('',#7247,#7248);
#7247 = CARTESIAN_POINT('',(-6.176,17.74,-3.164));
#7248 = VECTOR('',#7249,1.);
#7249 = DIRECTION('',(1.,0.,-0.));
#7250 = PCURVE('',#4545,#7251);
#7251 = DEFINITIONAL_REPRESENTATION('',(#7252),#7256);
#7252 = LINE('',#7253,#7254);
#7253 = CARTESIAN_POINT('',(3.239,0.));
#7254 = VECTOR('',#7255,1.);
#7255 = DIRECTION('',(0.,1.));
#7256 = ( GEOMETRIC_REPRESENTATION_CONTEXT(2) 
PARAMETRIC_REPRESENTATION_CONTEXT() REPRESENTATION_CONTEXT('2D SPACE',''
  ) );
#7257 = PCURVE('',#6142,#7258);
#7258 = DEFINITIONAL_REPRESENTATION('',(#7259),#7263);
#7259 = LINE('',#7260,#7261);
#7260 = CARTESIAN_POINT('',(0.,2.011));
#7261 = VECTOR('',#7262,1.);
#7262 = DIRECTION('',(1.,0.));
#7263 = ( GEOMETRIC_REPRESENTATION_CONTEXT(2) 
PARAMETRIC_REPRESENTATION_CONTEXT() REPRESENTATION_CONTEXT('2D SPACE',''
  ) );
#7264 = ORIENTED_EDGE('',*,*,#7265,.T.);
#7265 = EDGE_CURVE('',#7243,#7101,#7266,.T.);
#7266 = SURFACE_CURVE('',#7267,(#7271,#7278),.PCURVE_S1.);
#7267 = LINE('',#7268,#7269);
#7268 = CARTESIAN_POINT('',(-0.882,17.74,-6.403));
#7269 = VECTOR('',#7270,1.);
#7270 = DIRECTION('',(0.,0.,1.));
#7271 = PCURVE('',#4545,#7272);
#7272 = DEFINITIONAL_REPRESENTATION('',(#7273),#7277);
#7273 = LINE('',#7274,#7275);
#7274 = CARTESIAN_POINT('',(8.881784197001E-16,5.294));
#7275 = VECTOR('',#7276,1.);
#7276 = DIRECTION('',(1.,0.));
#7277 = ( GEOMETRIC_REPRESENTATION_CONTEXT(2) 
PARAMETRIC_REPRESENTATION_CONTEXT() REPRESENTATION_CONTEXT('2D SPACE',''
  ) );
#7278 = PCURVE('',#7065,#7279);
#7279 = DEFINITIONAL_REPRESENTATION('',(#7280),#7284);
#7280 = LINE('',#7281,#7282);
#7281 = CARTESIAN_POINT('',(0.,-2.011));
#7282 = VECTOR('',#7283,1.);
#7283 = DIRECTION('',(1.,0.));
#7284 = ( GEOMETRIC_REPRESENTATION_CONTEXT(2) 
PARAMETRIC_REPRESENTATION_CONTEXT() REPRESENTATION_CONTEXT('2D SPACE',''
  ) );
#7285 = ORIENTED_EDGE('',*,*,#7125,.T.);
#7286 = ORIENTED_EDGE('',*,*,#4529,.F.);
#7287 = ADVANCED_FACE('',(#7288),#4517,.F.);
#7288 = FACE_BOUND('',#7289,.F.);
#7289 = EDGE_LOOP('',(#7290,#7291,#7314,#7342,#7363,#7364,#7365,#7386));
#7290 = ORIENTED_EDGE('',*,*,#7149,.F.);
#7291 = ORIENTED_EDGE('',*,*,#7292,.T.);
#7292 = EDGE_CURVE('',#7150,#7293,#7295,.T.);
#7293 = VERTEX_POINT('',#7294);
#7294 = CARTESIAN_POINT('',(-1.263,19.004,-6.403));
#7295 = SURFACE_CURVE('',#7296,(#7300,#7307),.PCURVE_S1.);
#7296 = LINE('',#7297,#7298);
#7297 = CARTESIAN_POINT('',(-1.263,15.729,-6.403));
#7298 = VECTOR('',#7299,1.);
#7299 = DIRECTION('',(-0.,1.,0.));
#7300 = PCURVE('',#4517,#7301);
#7301 = DEFINITIONAL_REPRESENTATION('',(#7302),#7306);
#7302 = LINE('',#7303,#7304);
#7303 = CARTESIAN_POINT('',(4.913,3.552713678801E-15));
#7304 = VECTOR('',#7305,1.);
#7305 = DIRECTION('',(0.,1.));
#7306 = ( GEOMETRIC_REPRESENTATION_CONTEXT(2) 
PARAMETRIC_REPRESENTATION_CONTEXT() REPRESENTATION_CONTEXT('2D SPACE',''
  ) );
#7307 = PCURVE('',#7187,#7308);
#7308 = DEFINITIONAL_REPRESENTATION('',(#7309),#7313);
#7309 = LINE('',#7310,#7311);
#7310 = CARTESIAN_POINT('',(0.,0.));
#7311 = VECTOR('',#7312,1.);
#7312 = DIRECTION('',(0.,-1.));
#7313 = ( GEOMETRIC_REPRESENTATION_CONTEXT(2) 
PARAMETRIC_REPRESENTATION_CONTEXT() REPRESENTATION_CONTEXT('2D SPACE',''
  ) );
#7314 = ORIENTED_EDGE('',*,*,#7315,.F.);
#7315 = EDGE_CURVE('',#7316,#7293,#7318,.T.);
#7316 = VERTEX_POINT('',#7317);
#7317 = CARTESIAN_POINT('',(-14.77,19.004,-6.403));
#7318 = SURFACE_CURVE('',#7319,(#7323,#7330),.PCURVE_S1.);
#7319 = LINE('',#7320,#7321);
#7320 = CARTESIAN_POINT('',(-14.77,19.004,-6.403));
#7321 = VECTOR('',#7322,1.);
#7322 = DIRECTION('',(1.,0.,-0.));
#7323 = PCURVE('',#4517,#7324);
#7324 = DEFINITIONAL_REPRESENTATION('',(#7325),#7329);
#7325 = LINE('',#7326,#7327);
#7326 = CARTESIAN_POINT('',(-8.594,3.275));
#7327 = VECTOR('',#7328,1.);
#7328 = DIRECTION('',(1.,0.));
#7329 = ( GEOMETRIC_REPRESENTATION_CONTEXT(2) 
PARAMETRIC_REPRESENTATION_CONTEXT() REPRESENTATION_CONTEXT('2D SPACE',''
  ) );
#7330 = PCURVE('',#7331,#7336);
#7331 = PLANE('',#7332);
#7332 = AXIS2_PLACEMENT_3D('',#7333,#7334,#7335);
#7333 = CARTESIAN_POINT('',(-14.77,19.004,-6.403));
#7334 = DIRECTION('',(-0.,1.,0.));
#7335 = DIRECTION('',(0.,0.,1.));
#7336 = DEFINITIONAL_REPRESENTATION('',(#7337),#7341);
#7337 = LINE('',#7338,#7339);
#7338 = CARTESIAN_POINT('',(0.,0.));
#7339 = VECTOR('',#7340,1.);
#7340 = DIRECTION('',(0.,1.));
#7341 = ( GEOMETRIC_REPRESENTATION_CONTEXT(2) 
PARAMETRIC_REPRESENTATION_CONTEXT() REPRESENTATION_CONTEXT('2D SPACE',''
  ) );
#7342 = ORIENTED_EDGE('',*,*,#7343,.F.);
#7343 = EDGE_CURVE('',#6664,#7316,#7344,.T.);
#7344 = SURFACE_CURVE('',#7345,(#7349,#7356),.PCURVE_S1.);
#7345 = LINE('',#7346,#7347);
#7346 = CARTESIAN_POINT('',(-14.77,15.729,-6.403));
#7347 = VECTOR('',#7348,1.);
#7348 = DIRECTION('',(-0.,1.,0.));
#7349 = PCURVE('',#4517,#7350);
#7350 = DEFINITIONAL_REPRESENTATION('',(#7351),#7355);
#7351 = LINE('',#7352,#7353);
#7352 = CARTESIAN_POINT('',(-8.594,3.552713678801E-15));
#7353 = VECTOR('',#7354,1.);
#7354 = DIRECTION('',(0.,1.));
#7355 = ( GEOMETRIC_REPRESENTATION_CONTEXT(2) 
PARAMETRIC_REPRESENTATION_CONTEXT() REPRESENTATION_CONTEXT('2D SPACE',''
  ) );
#7356 = PCURVE('',#6678,#7357);
#7357 = DEFINITIONAL_REPRESENTATION('',(#7358),#7362);
#7358 = LINE('',#7359,#7360);
#7359 = CARTESIAN_POINT('',(0.,0.));
#7360 = VECTOR('',#7361,1.);
#7361 = DIRECTION('',(0.,-1.));
#7362 = ( GEOMETRIC_REPRESENTATION_CONTEXT(2) 
PARAMETRIC_REPRESENTATION_CONTEXT() REPRESENTATION_CONTEXT('2D SPACE',''
  ) );
#7363 = ORIENTED_EDGE('',*,*,#6689,.T.);
#7364 = ORIENTED_EDGE('',*,*,#5008,.F.);
#7365 = ORIENTED_EDGE('',*,*,#7366,.F.);
#7366 = EDGE_CURVE('',#4474,#4986,#7367,.T.);
#7367 = SURFACE_CURVE('',#7368,(#7372,#7379),.PCURVE_S1.);
#7368 = LINE('',#7369,#7370);
#7369 = CARTESIAN_POINT('',(-2.2E-02,16.208,-6.403));
#7370 = VECTOR('',#7371,1.);
#7371 = DIRECTION('',(-1.,0.,0.));
#7372 = PCURVE('',#4517,#7373);
#7373 = DEFINITIONAL_REPRESENTATION('',(#7374),#7378);
#7374 = LINE('',#7375,#7376);
#7375 = CARTESIAN_POINT('',(6.154,0.479));
#7376 = VECTOR('',#7377,1.);
#7377 = DIRECTION('',(-1.,0.));
#7378 = ( GEOMETRIC_REPRESENTATION_CONTEXT(2) 
PARAMETRIC_REPRESENTATION_CONTEXT() REPRESENTATION_CONTEXT('2D SPACE',''
  ) );
#7379 = PCURVE('',#4489,#7380);
#7380 = DEFINITIONAL_REPRESENTATION('',(#7381),#7385);
#7381 = LINE('',#7382,#7383);
#7382 = CARTESIAN_POINT('',(4.463883906313,1.043));
#7383 = VECTOR('',#7384,1.);
#7384 = DIRECTION('',(0.,-1.));
#7385 = ( GEOMETRIC_REPRESENTATION_CONTEXT(2) 
PARAMETRIC_REPRESENTATION_CONTEXT() REPRESENTATION_CONTEXT('2D SPACE',''
  ) );
#7386 = ORIENTED_EDGE('',*,*,#4501,.T.);
#7387 = ADVANCED_FACE('',(#7388),#4489,.T.);
#7388 = FACE_BOUND('',#7389,.T.);
#7389 = EDGE_LOOP('',(#7390,#7391,#7392,#7393));
#7390 = ORIENTED_EDGE('',*,*,#4473,.F.);
#7391 = ORIENTED_EDGE('',*,*,#4904,.T.);
#7392 = ORIENTED_EDGE('',*,*,#4985,.T.);
#7393 = ORIENTED_EDGE('',*,*,#7366,.F.);
#7394 = ADVANCED_FACE('',(#7395),#4414,.F.);
#7395 = FACE_BOUND('',#7396,.F.);
#7396 = EDGE_LOOP('',(#7397,#7398,#7399,#7400));
#7397 = ORIENTED_EDGE('',*,*,#4878,.F.);
#7398 = ORIENTED_EDGE('',*,*,#4852,.F.);
#7399 = ORIENTED_EDGE('',*,*,#4802,.T.);
#7400 = ORIENTED_EDGE('',*,*,#4398,.F.);
#7401 = ADVANCED_FACE('',(#7402),#5181,.F.);
#7402 = FACE_BOUND('',#7403,.F.);
#7403 = EDGE_LOOP('',(#7404,#7405,#7406,#7407));
#7404 = ORIENTED_EDGE('',*,*,#6517,.T.);
#7405 = ORIENTED_EDGE('',*,*,#6224,.T.);
#7406 = ORIENTED_EDGE('',*,*,#5255,.F.);
#7407 = ORIENTED_EDGE('',*,*,#5081,.F.);
#7408 = ADVANCED_FACE('',(#7409),#5597,.F.);
#7409 = FACE_BOUND('',#7410,.F.);
#7410 = EDGE_LOOP('',(#7411,#7437,#7438,#7439,#7440,#7441));
#7411 = ORIENTED_EDGE('',*,*,#7412,.F.);
#7412 = EDGE_CURVE('',#6742,#5865,#7413,.T.);
#7413 = SURFACE_CURVE('',#7414,(#7419,#7430),.PCURVE_S1.);
#7414 = CIRCLE('',#7415,1.107);
#7415 = AXIS2_PLACEMENT_3D('',#7416,#7417,#7418);
#7416 = CARTESIAN_POINT('',(-2.2E-02,-15.281,-1.184));
#7417 = DIRECTION('',(-1.,-0.,0.));
#7418 = DIRECTION('',(0.,0.,1.));
#7419 = PCURVE('',#5597,#7420);
#7420 = DEFINITIONAL_REPRESENTATION('',(#7421),#7429);
#7421 = ( BOUNDED_CURVE() B_SPLINE_CURVE(2,(#7422,#7423,#7424,#7425,
#7426,#7427,#7428),.UNSPECIFIED.,.T.,.F.) B_SPLINE_CURVE_WITH_KNOTS((1,2
    ,2,2,2,1),(-2.094395102393,0.,2.094395102393,4.188790204786,
6.28318530718,8.377580409573),.UNSPECIFIED.) CURVE() 
GEOMETRIC_REPRESENTATION_ITEM() RATIONAL_B_SPLINE_CURVE((1.,0.5,1.,0.5,
1.,0.5,1.)) REPRESENTATION_ITEM('') );
#7422 = CARTESIAN_POINT('',(3.614,-1.107));
#7423 = CARTESIAN_POINT('',(3.614,-3.024380243979));
#7424 = CARTESIAN_POINT('',(1.9535,-2.065690121989));
#7425 = CARTESIAN_POINT('',(0.293,-1.107));
#7426 = CARTESIAN_POINT('',(1.9535,-0.148309878011));
#7427 = CARTESIAN_POINT('',(3.614,0.810380243979));
#7428 = CARTESIAN_POINT('',(3.614,-1.107));
#7429 = ( GEOMETRIC_REPRESENTATION_CONTEXT(2) 
PARAMETRIC_REPRESENTATION_CONTEXT() REPRESENTATION_CONTEXT('2D SPACE',''
  ) );
#7430 = PCURVE('',#5903,#7431);
#7431 = DEFINITIONAL_REPRESENTATION('',(#7432),#7436);
#7432 = LINE('',#7433,#7434);
#7433 = CARTESIAN_POINT('',(4.712388980385,-0.));
#7434 = VECTOR('',#7435,1.);
#7435 = DIRECTION('',(-1.,0.));
#7436 = ( GEOMETRIC_REPRESENTATION_CONTEXT(2) 
PARAMETRIC_REPRESENTATION_CONTEXT() REPRESENTATION_CONTEXT('2D SPACE',''
  ) );
#7437 = ORIENTED_EDGE('',*,*,#6863,.F.);
#7438 = ORIENTED_EDGE('',*,*,#6716,.T.);
#7439 = ORIENTED_EDGE('',*,*,#5579,.T.);
#7440 = ORIENTED_EDGE('',*,*,#5701,.T.);
#7441 = ORIENTED_EDGE('',*,*,#5864,.F.);
#7442 = ADVANCED_FACE('',(#7443),#5987,.F.);
#7443 = FACE_BOUND('',#7444,.F.);
#7444 = EDGE_LOOP('',(#7445,#7446,#7447,#7448));
#7445 = ORIENTED_EDGE('',*,*,#5971,.F.);
#7446 = ORIENTED_EDGE('',*,*,#6075,.T.);
#7447 = ORIENTED_EDGE('',*,*,#7004,.T.);
#7448 = ORIENTED_EDGE('',*,*,#7449,.T.);
#7449 = EDGE_CURVE('',#6888,#5944,#7450,.T.);
#7450 = SURFACE_CURVE('',#7451,(#7456,#7463),.PCURVE_S1.);
#7451 = CIRCLE('',#7452,1.107);
#7452 = AXIS2_PLACEMENT_3D('',#7453,#7454,#7455);
#7453 = CARTESIAN_POINT('',(-2.2E-02,15.082,-1.184));
#7454 = DIRECTION('',(1.,0.,-0.));
#7455 = DIRECTION('',(0.,0.,1.));
#7456 = PCURVE('',#5987,#7457);
#7457 = DEFINITIONAL_REPRESENTATION('',(#7458),#7462);
#7458 = CIRCLE('',#7459,1.107);
#7459 = AXIS2_PLACEMENT_2D('',#7460,#7461);
#7460 = CARTESIAN_POINT('',(2.507,-31.47));
#7461 = DIRECTION('',(1.,0.));
#7462 = ( GEOMETRIC_REPRESENTATION_CONTEXT(2) 
PARAMETRIC_REPRESENTATION_CONTEXT() REPRESENTATION_CONTEXT('2D SPACE',''
  ) );
#7463 = PCURVE('',#5959,#7464);
#7464 = DEFINITIONAL_REPRESENTATION('',(#7465),#7469);
#7465 = LINE('',#7466,#7467);
#7466 = CARTESIAN_POINT('',(-4.712388980385,0.));
#7467 = VECTOR('',#7468,1.);
#7468 = DIRECTION('',(1.,0.));
#7469 = ( GEOMETRIC_REPRESENTATION_CONTEXT(2) 
PARAMETRIC_REPRESENTATION_CONTEXT() REPRESENTATION_CONTEXT('2D SPACE',''
  ) );
#7470 = ADVANCED_FACE('',(#7471),#5959,.T.);
#7471 = FACE_BOUND('',#7472,.T.);
#7472 = EDGE_LOOP('',(#7473,#7474,#7475,#7497));
#7473 = ORIENTED_EDGE('',*,*,#7449,.T.);
#7474 = ORIENTED_EDGE('',*,*,#5943,.T.);
#7475 = ORIENTED_EDGE('',*,*,#7476,.F.);
#7476 = EDGE_CURVE('',#6890,#5916,#7477,.T.);
#7477 = SURFACE_CURVE('',#7478,(#7483,#7490),.PCURVE_S1.);
#7478 = CIRCLE('',#7479,1.107);
#7479 = AXIS2_PLACEMENT_3D('',#7480,#7481,#7482);
#7480 = CARTESIAN_POINT('',(7.073,15.082,-1.184));
#7481 = DIRECTION('',(1.,0.,-0.));
#7482 = DIRECTION('',(0.,0.,1.));
#7483 = PCURVE('',#5959,#7484);
#7484 = DEFINITIONAL_REPRESENTATION('',(#7485),#7489);
#7485 = LINE('',#7486,#7487);
#7486 = CARTESIAN_POINT('',(-4.712388980385,7.095));
#7487 = VECTOR('',#7488,1.);
#7488 = DIRECTION('',(1.,0.));
#7489 = ( GEOMETRIC_REPRESENTATION_CONTEXT(2) 
PARAMETRIC_REPRESENTATION_CONTEXT() REPRESENTATION_CONTEXT('2D SPACE',''
  ) );
#7490 = PCURVE('',#5931,#7491);
#7491 = DEFINITIONAL_REPRESENTATION('',(#7492),#7496);
#7492 = CIRCLE('',#7493,1.107);
#7493 = AXIS2_PLACEMENT_2D('',#7494,#7495);
#7494 = CARTESIAN_POINT('',(2.507,-31.47));
#7495 = DIRECTION('',(1.,0.));
#7496 = ( GEOMETRIC_REPRESENTATION_CONTEXT(2) 
PARAMETRIC_REPRESENTATION_CONTEXT() REPRESENTATION_CONTEXT('2D SPACE',''
  ) );
#7497 = ORIENTED_EDGE('',*,*,#6887,.F.);
#7498 = ADVANCED_FACE('',(#7499),#5931,.T.);
#7499 = FACE_BOUND('',#7500,.T.);
#7500 = EDGE_LOOP('',(#7501,#7502,#7523,#7524,#7525,#7526));
#7501 = ORIENTED_EDGE('',*,*,#6766,.F.);
#7502 = ORIENTED_EDGE('',*,*,#7503,.T.);
#7503 = EDGE_CURVE('',#6767,#6913,#7504,.T.);
#7504 = SURFACE_CURVE('',#7505,(#7509,#7516),.PCURVE_S1.);
#7505 = LINE('',#7506,#7507);
#7506 = CARTESIAN_POINT('',(7.073,-16.388,-3.691));
#7507 = VECTOR('',#7508,1.);
#7508 = DIRECTION('',(-0.,1.,0.));
#7509 = PCURVE('',#5931,#7510);
#7510 = DEFINITIONAL_REPRESENTATION('',(#7511),#7515);
#7511 = LINE('',#7512,#7513);
#7512 = CARTESIAN_POINT('',(0.,0.));
#7513 = VECTOR('',#7514,1.);
#7514 = DIRECTION('',(0.,-1.));
#7515 = ( GEOMETRIC_REPRESENTATION_CONTEXT(2) 
PARAMETRIC_REPRESENTATION_CONTEXT() REPRESENTATION_CONTEXT('2D SPACE',''
  ) );
#7516 = PCURVE('',#6805,#7517);
#7517 = DEFINITIONAL_REPRESENTATION('',(#7518),#7522);
#7518 = LINE('',#7519,#7520);
#7519 = CARTESIAN_POINT('',(7.095,0.));
#7520 = VECTOR('',#7521,1.);
#7521 = DIRECTION('',(0.,1.));
#7522 = ( GEOMETRIC_REPRESENTATION_CONTEXT(2) 
PARAMETRIC_REPRESENTATION_CONTEXT() REPRESENTATION_CONTEXT('2D SPACE',''
  ) );
#7523 = ORIENTED_EDGE('',*,*,#6912,.T.);
#7524 = ORIENTED_EDGE('',*,*,#7476,.T.);
#7525 = ORIENTED_EDGE('',*,*,#5915,.F.);
#7526 = ORIENTED_EDGE('',*,*,#7527,.F.);
#7527 = EDGE_CURVE('',#6744,#5888,#7528,.T.);
#7528 = SURFACE_CURVE('',#7529,(#7534,#7545),.PCURVE_S1.);
#7529 = CIRCLE('',#7530,1.107);
#7530 = AXIS2_PLACEMENT_3D('',#7531,#7532,#7533);
#7531 = CARTESIAN_POINT('',(7.073,-15.281,-1.184));
#7532 = DIRECTION('',(-1.,-0.,0.));
#7533 = DIRECTION('',(0.,0.,1.));
#7534 = PCURVE('',#5931,#7535);
#7535 = DEFINITIONAL_REPRESENTATION('',(#7536),#7544);
#7536 = ( BOUNDED_CURVE() B_SPLINE_CURVE(2,(#7537,#7538,#7539,#7540,
#7541,#7542,#7543),.UNSPECIFIED.,.T.,.F.) B_SPLINE_CURVE_WITH_KNOTS((1,2
    ,2,2,2,1),(-2.094395102393,0.,2.094395102393,4.188790204786,
6.28318530718,8.377580409573),.UNSPECIFIED.) CURVE() 
GEOMETRIC_REPRESENTATION_ITEM() RATIONAL_B_SPLINE_CURVE((1.,0.5,1.,0.5,
1.,0.5,1.)) REPRESENTATION_ITEM('') );
#7537 = CARTESIAN_POINT('',(3.614,-1.107));
#7538 = CARTESIAN_POINT('',(3.614,-3.024380243979));
#7539 = CARTESIAN_POINT('',(1.9535,-2.065690121989));
#7540 = CARTESIAN_POINT('',(0.293,-1.107));
#7541 = CARTESIAN_POINT('',(1.9535,-0.148309878011));
#7542 = CARTESIAN_POINT('',(3.614,0.810380243979));
#7543 = CARTESIAN_POINT('',(3.614,-1.107));
#7544 = ( GEOMETRIC_REPRESENTATION_CONTEXT(2) 
PARAMETRIC_REPRESENTATION_CONTEXT() REPRESENTATION_CONTEXT('2D SPACE',''
  ) );
#7545 = PCURVE('',#5903,#7546);
#7546 = DEFINITIONAL_REPRESENTATION('',(#7547),#7551);
#7547 = LINE('',#7548,#7549);
#7548 = CARTESIAN_POINT('',(4.712388980385,7.095));
#7549 = VECTOR('',#7550,1.);
#7550 = DIRECTION('',(-1.,0.));
#7551 = ( GEOMETRIC_REPRESENTATION_CONTEXT(2) 
PARAMETRIC_REPRESENTATION_CONTEXT() REPRESENTATION_CONTEXT('2D SPACE',''
  ) );
#7552 = ADVANCED_FACE('',(#7553),#5903,.T.);
#7553 = FACE_BOUND('',#7554,.F.);
#7554 = EDGE_LOOP('',(#7555,#7556,#7557,#7558));
#7555 = ORIENTED_EDGE('',*,*,#7412,.T.);
#7556 = ORIENTED_EDGE('',*,*,#5887,.T.);
#7557 = ORIENTED_EDGE('',*,*,#7527,.F.);
#7558 = ORIENTED_EDGE('',*,*,#6741,.F.);
#7559 = ADVANCED_FACE('',(#7560),#6142,.T.);
#7560 = FACE_BOUND('',#7561,.T.);
#7561 = EDGE_LOOP('',(#7562,#7583,#7584,#7585,#7586,#7605));
#7562 = ORIENTED_EDGE('',*,*,#7563,.F.);
#7563 = EDGE_CURVE('',#6591,#7220,#7564,.T.);
#7564 = SURFACE_CURVE('',#7565,(#7569,#7576),.PCURVE_S1.);
#7565 = LINE('',#7566,#7567);
#7566 = CARTESIAN_POINT('',(-6.176,15.729,-3.164));
#7567 = VECTOR('',#7568,1.);
#7568 = DIRECTION('',(-0.,1.,0.));
#7569 = PCURVE('',#6142,#7570);
#7570 = DEFINITIONAL_REPRESENTATION('',(#7571),#7575);
#7571 = LINE('',#7572,#7573);
#7572 = CARTESIAN_POINT('',(0.,0.));
#7573 = VECTOR('',#7574,1.);
#7574 = DIRECTION('',(0.,1.));
#7575 = ( GEOMETRIC_REPRESENTATION_CONTEXT(2) 
PARAMETRIC_REPRESENTATION_CONTEXT() REPRESENTATION_CONTEXT('2D SPACE',''
  ) );
#7576 = PCURVE('',#6626,#7577);
#7577 = DEFINITIONAL_REPRESENTATION('',(#7578),#7582);
#7578 = LINE('',#7579,#7580);
#7579 = CARTESIAN_POINT('',(3.239,0.));
#7580 = VECTOR('',#7581,1.);
#7581 = DIRECTION('',(0.,-1.));
#7582 = ( GEOMETRIC_REPRESENTATION_CONTEXT(2) 
PARAMETRIC_REPRESENTATION_CONTEXT() REPRESENTATION_CONTEXT('2D SPACE',''
  ) );
#7583 = ORIENTED_EDGE('',*,*,#6590,.T.);
#7584 = ORIENTED_EDGE('',*,*,#6127,.F.);
#7585 = ORIENTED_EDGE('',*,*,#7076,.T.);
#7586 = ORIENTED_EDGE('',*,*,#7587,.T.);
#7587 = EDGE_CURVE('',#7051,#7243,#7588,.T.);
#7588 = SURFACE_CURVE('',#7589,(#7593,#7599),.PCURVE_S1.);
#7589 = LINE('',#7590,#7591);
#7590 = CARTESIAN_POINT('',(-0.882,15.729,-3.164));
#7591 = VECTOR('',#7592,1.);
#7592 = DIRECTION('',(-0.,1.,0.));
#7593 = PCURVE('',#6142,#7594);
#7594 = DEFINITIONAL_REPRESENTATION('',(#7595),#7598);
#7595 = B_SPLINE_CURVE_WITH_KNOTS('',1,(#7596,#7597),.UNSPECIFIED.,.F.,
  .F.,(2,2),(0.3,2.011),.PIECEWISE_BEZIER_KNOTS.);
#7596 = CARTESIAN_POINT('',(5.294,0.3));
#7597 = CARTESIAN_POINT('',(5.294,2.011));
#7598 = ( GEOMETRIC_REPRESENTATION_CONTEXT(2) 
PARAMETRIC_REPRESENTATION_CONTEXT() REPRESENTATION_CONTEXT('2D SPACE',''
  ) );
#7599 = PCURVE('',#7065,#7600);
#7600 = DEFINITIONAL_REPRESENTATION('',(#7601),#7604);
#7601 = B_SPLINE_CURVE_WITH_KNOTS('',1,(#7602,#7603),.UNSPECIFIED.,.F.,
  .F.,(2,2),(0.3,2.011),.PIECEWISE_BEZIER_KNOTS.);
#7602 = CARTESIAN_POINT('',(3.239,-0.3));
#7603 = CARTESIAN_POINT('',(3.239,-2.011));
#7604 = ( GEOMETRIC_REPRESENTATION_CONTEXT(2) 
PARAMETRIC_REPRESENTATION_CONTEXT() REPRESENTATION_CONTEXT('2D SPACE',''
  ) );
#7605 = ORIENTED_EDGE('',*,*,#7242,.F.);
#7606 = ADVANCED_FACE('',(#7607),#6303,.F.);
#7607 = FACE_BOUND('',#7608,.F.);
#7608 = EDGE_LOOP('',(#7609,#7610,#7637,#7672));
#7609 = ORIENTED_EDGE('',*,*,#6284,.F.);
#7610 = ORIENTED_EDGE('',*,*,#7611,.F.);
#7611 = EDGE_CURVE('',#7612,#6285,#7614,.T.);
#7612 = VERTEX_POINT('',#7613);
#7613 = CARTESIAN_POINT('',(-22.37461245589,13.158444755152,
    -1.828528658586));
#7614 = SURFACE_CURVE('',#7615,(#7620,#7630),.PCURVE_S1.);
#7615 = ELLIPSE('',#7616,12.498398828892,6.033);
#7616 = AXIS2_PLACEMENT_3D('',#7617,#7618,#7619);
#7617 = CARTESIAN_POINT('',(-23.30575237541,7.148,-1.281882265378));
#7618 = DIRECTION('',(0.506274784934,0.,0.862372217862));
#7619 = DIRECTION('',(-0.862372217862,0.,0.506274784934));
#7620 = PCURVE('',#6303,#7621);
#7621 = DEFINITIONAL_REPRESENTATION('',(#7622),#7629);
#7622 = B_SPLINE_CURVE_WITH_KNOTS('',5,(#7623,#7624,#7625,#7626,#7627,
    #7628),.UNSPECIFIED.,.F.,.F.,(6,6),(4.504311780552,4.712388980385),
  .PIECEWISE_BEZIER_KNOTS.);
#7623 = CARTESIAN_POINT('',(0.208077199833,-5.999999928008E-07));
#7624 = CARTESIAN_POINT('',(0.166461759866,0.445692573973));
#7625 = CARTESIAN_POINT('',(0.1248463199,0.896280791503));
#7626 = CARTESIAN_POINT('',(8.323087993302E-02,1.350156008612));
#7627 = CARTESIAN_POINT('',(4.161543996651E-02,1.805674754786));
#7628 = CARTESIAN_POINT('',(2.208300397066E-16,2.261193498471));
#7629 = ( GEOMETRIC_REPRESENTATION_CONTEXT(2) 
PARAMETRIC_REPRESENTATION_CONTEXT() REPRESENTATION_CONTEXT('2D SPACE',''
  ) );
#7630 = PCURVE('',#6336,#7631);
#7631 = DEFINITIONAL_REPRESENTATION('',(#7632),#7636);
#7632 = ELLIPSE('',#7633,12.498398828892,6.033);
#7633 = AXIS2_PLACEMENT_2D('',#7634,#7635);
#7634 = CARTESIAN_POINT('',(-0.140909871355,7.1793));
#7635 = DIRECTION('',(-1.,0.));
#7636 = ( GEOMETRIC_REPRESENTATION_CONTEXT(2) 
PARAMETRIC_REPRESENTATION_CONTEXT() REPRESENTATION_CONTEXT('2D SPACE',''
  ) );
#7637 = ORIENTED_EDGE('',*,*,#7638,.T.);
#7638 = EDGE_CURVE('',#7612,#7639,#7641,.T.);
#7639 = VERTEX_POINT('',#7640);
#7640 = CARTESIAN_POINT('',(-25.62839422742,7.148,-7.254090848511));
#7641 = SURFACE_CURVE('',#7642,(#7647,#7660),.PCURVE_S1.);
#7642 = ELLIPSE('',#7643,6.889012444031,6.033);
#7643 = AXIS2_PLACEMENT_3D('',#7644,#7645,#7646);
#7644 = CARTESIAN_POINT('',(-22.14082978911,7.148,-1.313485530811));
#7645 = DIRECTION('',(-0.862330466952,9.840005328364E-03,0.506250274135)
  );
#7646 = DIRECTION('',(-0.506345593684,-1.784939672459E-02,
    -0.862145891827));
#7647 = PCURVE('',#6303,#7648);
#7648 = DEFINITIONAL_REPRESENTATION('',(#7649),#7659);
#7649 = B_SPLINE_CURVE_WITH_KNOTS('',8,(#7650,#7651,#7652,#7653,#7654,
    #7655,#7656,#7657,#7658),.UNSPECIFIED.,.F.,.F.,(9,9),(4.692005550657
    ,6.262801877451),.PIECEWISE_BEZIER_KNOTS.);
#7650 = CARTESIAN_POINT('',(-8.881784197001E-16,1.028054388276));
#7651 = CARTESIAN_POINT('',(0.196349540849,1.680951547657));
#7652 = CARTESIAN_POINT('',(0.392699081699,2.336835650373));
#7653 = CARTESIAN_POINT('',(0.589048622546,2.9573490771));
#7654 = CARTESIAN_POINT('',(0.7853981634,3.503896375412));
#7655 = CARTESIAN_POINT('',(0.981747704243,3.942343298269));
#7656 = CARTESIAN_POINT('',(1.178097245096,4.247890058746));
#7657 = CARTESIAN_POINT('',(1.374446785946,4.407710108507));
#7658 = CARTESIAN_POINT('',(1.570796326795,4.421020235309));
#7659 = ( GEOMETRIC_REPRESENTATION_CONTEXT(2) 
PARAMETRIC_REPRESENTATION_CONTEXT() REPRESENTATION_CONTEXT('2D SPACE',''
  ) );
#7660 = PCURVE('',#7661,#7666);
#7661 = PLANE('',#7662);
#7662 = AXIS2_PLACEMENT_3D('',#7663,#7664,#7665);
#7663 = CARTESIAN_POINT('',(-24.05707465223,-3.926056431065E-02,
    -4.437856471775));
#7664 = DIRECTION('',(-0.862330466952,9.840005328364E-03,0.506250274135)
  );
#7665 = DIRECTION('',(-0.506274784934,0.,-0.862372217862));
#7666 = DEFINITIONAL_REPRESENTATION('',(#7667),#7671);
#7667 = ELLIPSE('',#7668,6.889012444031,6.033);
#7668 = AXIS2_PLACEMENT_2D('',#7669,#7670);
#7669 = CARTESIAN_POINT('',(-3.66451715374,-7.187608545366));
#7670 = DIRECTION('',(0.9998406714,1.785026092756E-02));
#7671 = ( GEOMETRIC_REPRESENTATION_CONTEXT(2) 
PARAMETRIC_REPRESENTATION_CONTEXT() REPRESENTATION_CONTEXT('2D SPACE',''
  ) );
#7672 = ORIENTED_EDGE('',*,*,#7673,.T.);
#7673 = EDGE_CURVE('',#7639,#6287,#7674,.T.);
#7674 = SURFACE_CURVE('',#7675,(#7679,#7686),.PCURVE_S1.);
#7675 = LINE('',#7676,#7677);
#7676 = CARTESIAN_POINT('',(-21.209,7.148,-7.373984900243));
#7677 = VECTOR('',#7678,1.);
#7678 = DIRECTION('',(-0.999632209807,-0.,2.711909137484E-02));
#7679 = PCURVE('',#6303,#7680);
#7680 = DEFINITIONAL_REPRESENTATION('',(#7681),#7685);
#7681 = LINE('',#7682,#7683);
#7682 = CARTESIAN_POINT('',(1.570796326795,0.));
#7683 = VECTOR('',#7684,1.);
#7684 = DIRECTION('',(0.,1.));
#7685 = ( GEOMETRIC_REPRESENTATION_CONTEXT(2) 
PARAMETRIC_REPRESENTATION_CONTEXT() REPRESENTATION_CONTEXT('2D SPACE',''
  ) );
#7686 = PCURVE('',#6386,#7687);
#7687 = DEFINITIONAL_REPRESENTATION('',(#7688),#7692);
#7688 = LINE('',#7689,#7690);
#7689 = CARTESIAN_POINT('',(21.263600976535,7.148));
#7690 = VECTOR('',#7691,1.);
#7691 = DIRECTION('',(1.,0.));
#7692 = ( GEOMETRIC_REPRESENTATION_CONTEXT(2) 
PARAMETRIC_REPRESENTATION_CONTEXT() REPRESENTATION_CONTEXT('2D SPACE',''
  ) );
#7693 = ADVANCED_FACE('',(#7694),#6386,.F.);
#7694 = FACE_BOUND('',#7695,.F.);
#7695 = EDGE_LOOP('',(#7696,#7717,#7736,#7737));
#7696 = ORIENTED_EDGE('',*,*,#7697,.F.);
#7697 = EDGE_CURVE('',#7698,#7639,#7700,.T.);
#7698 = VERTEX_POINT('',#7699);
#7699 = CARTESIAN_POINT('',(-25.69697715485,1.042,-7.252230257528));
#7700 = SURFACE_CURVE('',#7701,(#7705,#7711),.PCURVE_S1.);
#7701 = LINE('',#7702,#7703);
#7702 = CARTESIAN_POINT('',(-25.70717642948,0.133949364156,
    -7.251953560701));
#7703 = VECTOR('',#7704,1.);
#7704 = DIRECTION('',(1.123134596822E-02,0.999936880022,
    -3.046959617613E-04));
#7705 = PCURVE('',#6386,#7706);
#7706 = DEFINITIONAL_REPRESENTATION('',(#7707),#7710);
#7707 = B_SPLINE_CURVE_WITH_KNOTS('',1,(#7708,#7709),.UNSPECIFIED.,.F.,
  .F.,(2,2),(-7.282409029654,7.014493390513),.PIECEWISE_BEZIER_KNOTS.);
#7708 = CARTESIAN_POINT('',(25.84525374827,-7.148));
#7709 = CARTESIAN_POINT('',(25.684621211844,7.148));
#7710 = ( GEOMETRIC_REPRESENTATION_CONTEXT(2) 
PARAMETRIC_REPRESENTATION_CONTEXT() REPRESENTATION_CONTEXT('2D SPACE',''
  ) );
#7711 = PCURVE('',#7661,#7712);
#7712 = DEFINITIONAL_REPRESENTATION('',(#7713),#7716);
#7713 = B_SPLINE_CURVE_WITH_KNOTS('',1,(#7714,#7715),.UNSPECIFIED.,.F.,
  .F.,(2,2),(-7.282409029654,7.014493390513),.PIECEWISE_BEZIER_KNOTS.);
#7714 = CARTESIAN_POINT('',(3.301699384935,7.109083615037));
#7715 = CARTESIAN_POINT('',(3.224161765475,-7.187608545366));
#7716 = ( GEOMETRIC_REPRESENTATION_CONTEXT(2) 
PARAMETRIC_REPRESENTATION_CONTEXT() REPRESENTATION_CONTEXT('2D SPACE',''
  ) );
#7717 = ORIENTED_EDGE('',*,*,#7718,.F.);
#7718 = EDGE_CURVE('',#6348,#7698,#7719,.T.);
#7719 = SURFACE_CURVE('',#7720,(#7724,#7730),.PCURVE_S1.);
#7720 = LINE('',#7721,#7722);
#7721 = CARTESIAN_POINT('',(-55.2110038794,1.042,-6.451542184725));
#7722 = VECTOR('',#7723,1.);
#7723 = DIRECTION('',(0.999632209807,0.,-2.711909137484E-02));
#7724 = PCURVE('',#6386,#7725);
#7725 = DEFINITIONAL_REPRESENTATION('',(#7726),#7729);
#7726 = B_SPLINE_CURVE_WITH_KNOTS('',1,(#7727,#7728),.UNSPECIFIED.,.F.,
  .F.,(2,2),(27.58637854037,29.593493848803),.PIECEWISE_BEZIER_KNOTS.);
#7727 = CARTESIAN_POINT('',(27.691736520277,1.042));
#7728 = CARTESIAN_POINT('',(25.684621211844,1.042));
#7729 = ( GEOMETRIC_REPRESENTATION_CONTEXT(2) 
PARAMETRIC_REPRESENTATION_CONTEXT() REPRESENTATION_CONTEXT('2D SPACE',''
  ) );
#7730 = PCURVE('',#6362,#7731);
#7731 = DEFINITIONAL_REPRESENTATION('',(#7732),#7735);
#7732 = B_SPLINE_CURVE_WITH_KNOTS('',1,(#7733,#7734),.UNSPECIFIED.,.F.,
  .F.,(2,2),(27.58637854037,29.593493848803),.PIECEWISE_BEZIER_KNOTS.);
#7733 = CARTESIAN_POINT('',(83.667224201251,85.164795475801));
#7734 = CARTESIAN_POINT('',(83.612793057802,87.171172586907));
#7735 = ( GEOMETRIC_REPRESENTATION_CONTEXT(2) 
PARAMETRIC_REPRESENTATION_CONTEXT() REPRESENTATION_CONTEXT('2D SPACE',''
  ) );
#7736 = ORIENTED_EDGE('',*,*,#6373,.F.);
#7737 = ORIENTED_EDGE('',*,*,#7673,.F.);
#7738 = ADVANCED_FACE('',(#7739),#6362,.T.);
#7739 = FACE_BOUND('',#7740,.T.);
#7740 = EDGE_LOOP('',(#7741,#7742,#7743,#7764));
#7741 = ORIENTED_EDGE('',*,*,#7718,.F.);
#7742 = ORIENTED_EDGE('',*,*,#6347,.F.);
#7743 = ORIENTED_EDGE('',*,*,#7744,.F.);
#7744 = EDGE_CURVE('',#7745,#6322,#7747,.T.);
#7745 = VERTEX_POINT('',#7746);
#7746 = CARTESIAN_POINT('',(-22.4774345213,1.042,-1.768164678886));
#7747 = SURFACE_CURVE('',#7748,(#7752,#7758),.PCURVE_S1.);
#7748 = LINE('',#7749,#7750);
#7749 = CARTESIAN_POINT('',(-36.96635004744,1.042,6.73787533492));
#7750 = VECTOR('',#7751,1.);
#7751 = DIRECTION('',(-0.862372217862,-0.,0.506274784934));
#7752 = PCURVE('',#6362,#7753);
#7753 = DEFINITIONAL_REPRESENTATION('',(#7754),#7757);
#7754 = B_SPLINE_CURVE_WITH_KNOTS('',1,(#7755,#7756),.UNSPECIFIED.,.F.,
  .F.,(2,2),(-16.92046344875,-11.33351987036),.PIECEWISE_BEZIER_KNOTS.);
#7755 = CARTESIAN_POINT('',(89.038355247727,90.424954358433));
#7756 = CARTESIAN_POINT('',(91.866883906313,85.606929433675));
#7757 = ( GEOMETRIC_REPRESENTATION_CONTEXT(2) 
PARAMETRIC_REPRESENTATION_CONTEXT() REPRESENTATION_CONTEXT('2D SPACE',''
  ) );
#7758 = PCURVE('',#6336,#7759);
#7759 = DEFINITIONAL_REPRESENTATION('',(#7760),#7763);
#7760 = B_SPLINE_CURVE_WITH_KNOTS('',1,(#7761,#7762),.UNSPECIFIED.,.F.,
  .F.,(2,2),(-16.92046344875,-11.33351987036),.PIECEWISE_BEZIER_KNOTS.);
#7761 = CARTESIAN_POINT('',(0.938832611335,1.0733));
#7762 = CARTESIAN_POINT('',(-4.648110967047,1.0733));
#7763 = ( GEOMETRIC_REPRESENTATION_CONTEXT(2) 
PARAMETRIC_REPRESENTATION_CONTEXT() REPRESENTATION_CONTEXT('2D SPACE',''
  ) );
#7764 = ORIENTED_EDGE('',*,*,#7765,.T.);
#7765 = EDGE_CURVE('',#7745,#7698,#7766,.T.);
#7766 = SURFACE_CURVE('',#7767,(#7771,#7777),.PCURVE_S1.);
#7767 = LINE('',#7768,#7769);
#7768 = CARTESIAN_POINT('',(-54.28821788103,1.042,-55.95363196696));
#7769 = VECTOR('',#7770,1.);
#7770 = DIRECTION('',(-0.506274784934,0.,-0.862372217862));
#7771 = PCURVE('',#6362,#7772);
#7772 = DEFINITIONAL_REPRESENTATION('',(#7773),#7776);
#7773 = B_SPLINE_CURVE_WITH_KNOTS('',1,(#7774,#7775),.UNSPECIFIED.,.F.,
  .F.,(2,2),(-62.83303910512,-56.42926200711),.PIECEWISE_BEZIER_KNOTS.);
#7774 = CARTESIAN_POINT('',(89.098719227427,90.322132293021));
#7775 = CARTESIAN_POINT('',(83.576279768722,87.080061419956));
#7776 = ( GEOMETRIC_REPRESENTATION_CONTEXT(2) 
PARAMETRIC_REPRESENTATION_CONTEXT() REPRESENTATION_CONTEXT('2D SPACE',''
  ) );
#7777 = PCURVE('',#7661,#7778);
#7778 = DEFINITIONAL_REPRESENTATION('',(#7779),#7782);
#7779 = B_SPLINE_CURVE_WITH_KNOTS('',1,(#7780,#7781),.UNSPECIFIED.,.F.,
  .F.,(2,2),(-62.83303910512,-56.42926200711),.PIECEWISE_BEZIER_KNOTS.);
#7780 = CARTESIAN_POINT('',(-3.102,-1.08131291502));
#7781 = CARTESIAN_POINT('',(3.301777098013,-1.08131291502));
#7782 = ( GEOMETRIC_REPRESENTATION_CONTEXT(2) 
PARAMETRIC_REPRESENTATION_CONTEXT() REPRESENTATION_CONTEXT('2D SPACE',''
  ) );
#7783 = ADVANCED_FACE('',(#7784),#6336,.F.);
#7784 = FACE_BOUND('',#7785,.F.);
#7785 = EDGE_LOOP('',(#7786,#7787,#7806,#7807));
#7786 = ORIENTED_EDGE('',*,*,#7744,.F.);
#7787 = ORIENTED_EDGE('',*,*,#7788,.T.);
#7788 = EDGE_CURVE('',#7745,#7612,#7789,.T.);
#7789 = SURFACE_CURVE('',#7790,(#7794,#7800),.PCURVE_S1.);
#7790 = LINE('',#7791,#7792);
#7791 = CARTESIAN_POINT('',(-22.48661026936,-3.926056431065E-02,
    -1.762777851968));
#7792 = VECTOR('',#7793,1.);
#7793 = DIRECTION('',(8.485747218792E-03,0.999951585976,
    -4.981746581371E-03));
#7794 = PCURVE('',#6336,#7795);
#7795 = DEFINITIONAL_REPRESENTATION('',(#7796),#7799);
#7796 = B_SPLINE_CURVE_WITH_KNOTS('',1,(#7797,#7798),.UNSPECIFIED.,.F.,
  .F.,(2,2),(-79.9646108443,80.043135774638),.PIECEWISE_BEZIER_KNOTS.);
#7797 = CARTESIAN_POINT('',(2.210863626569E-02,-79.9687));
#7798 = CARTESIAN_POINT('',(1.596585715576,80.0313));
#7799 = ( GEOMETRIC_REPRESENTATION_CONTEXT(2) 
PARAMETRIC_REPRESENTATION_CONTEXT() REPRESENTATION_CONTEXT('2D SPACE',''
  ) );
#7800 = PCURVE('',#7661,#7801);
#7801 = DEFINITIONAL_REPRESENTATION('',(#7802),#7805);
#7802 = B_SPLINE_CURVE_WITH_KNOTS('',1,(#7803,#7804),.UNSPECIFIED.,.F.,
  .F.,(2,2),(-79.9646108443,80.043135774638),.PIECEWISE_BEZIER_KNOTS.);
#7803 = CARTESIAN_POINT('',(-3.102,79.964610844309));
#7804 = CARTESIAN_POINT('',(-3.102,-80.04313577463));
#7805 = ( GEOMETRIC_REPRESENTATION_CONTEXT(2) 
PARAMETRIC_REPRESENTATION_CONTEXT() REPRESENTATION_CONTEXT('2D SPACE',''
  ) );
#7806 = ORIENTED_EDGE('',*,*,#7611,.T.);
#7807 = ORIENTED_EDGE('',*,*,#6321,.F.);
#7808 = ADVANCED_FACE('',(#7809),#6416,.F.);
#7809 = FACE_BOUND('',#7810,.F.);
#7810 = EDGE_LOOP('',(#7811,#7832,#7833,#7854));
#7811 = ORIENTED_EDGE('',*,*,#7812,.F.);
#7812 = EDGE_CURVE('',#6402,#7813,#7815,.T.);
#7813 = VERTEX_POINT('',#7814);
#7814 = CARTESIAN_POINT('',(-25.72038475734,-1.042,-7.251595231061));
#7815 = SURFACE_CURVE('',#7816,(#7820,#7826),.PCURVE_S1.);
#7816 = LINE('',#7817,#7818);
#7817 = CARTESIAN_POINT('',(-55.2110038794,-1.042,-6.451542184725));
#7818 = VECTOR('',#7819,1.);
#7819 = DIRECTION('',(0.999632209807,0.,-2.711909137484E-02));
#7820 = PCURVE('',#6416,#7821);
#7821 = DEFINITIONAL_REPRESENTATION('',(#7822),#7825);
#7822 = B_SPLINE_CURVE_WITH_KNOTS('',1,(#7823,#7824),.UNSPECIFIED.,.F.,
  .F.,(2,2),(27.58637854037,29.593493848803),.PIECEWISE_BEZIER_KNOTS.);
#7823 = CARTESIAN_POINT('',(83.667224201251,85.164795475801));
#7824 = CARTESIAN_POINT('',(83.612793057802,87.171172586907));
#7825 = ( GEOMETRIC_REPRESENTATION_CONTEXT(2) 
PARAMETRIC_REPRESENTATION_CONTEXT() REPRESENTATION_CONTEXT('2D SPACE',''
  ) );
#7826 = PCURVE('',#6501,#7827);
#7827 = DEFINITIONAL_REPRESENTATION('',(#7828),#7831);
#7828 = B_SPLINE_CURVE_WITH_KNOTS('',1,(#7829,#7830),.UNSPECIFIED.,.F.,
  .F.,(2,2),(27.58637854037,29.593493848803),.PIECEWISE_BEZIER_KNOTS.);
#7829 = CARTESIAN_POINT('',(27.691736520277,-1.042));
#7830 = CARTESIAN_POINT('',(25.684621211844,-1.042));
#7831 = ( GEOMETRIC_REPRESENTATION_CONTEXT(2) 
PARAMETRIC_REPRESENTATION_CONTEXT() REPRESENTATION_CONTEXT('2D SPACE',''
  ) );
#7832 = ORIENTED_EDGE('',*,*,#6399,.F.);
#7833 = ORIENTED_EDGE('',*,*,#7834,.F.);
#7834 = EDGE_CURVE('',#7835,#6400,#7837,.T.);
#7835 = VERTEX_POINT('',#7836);
#7836 = CARTESIAN_POINT('',(-22.49511967472,-1.042,-1.757782216353));
#7837 = SURFACE_CURVE('',#7838,(#7842,#7848),.PCURVE_S1.);
#7838 = LINE('',#7839,#7840);
#7839 = CARTESIAN_POINT('',(-36.96635004744,-1.042,6.73787533492));
#7840 = VECTOR('',#7841,1.);
#7841 = DIRECTION('',(-0.862372217862,-0.,0.506274784934));
#7842 = PCURVE('',#6416,#7843);
#7843 = DEFINITIONAL_REPRESENTATION('',(#7844),#7847);
#7844 = B_SPLINE_CURVE_WITH_KNOTS('',1,(#7845,#7846),.UNSPECIFIED.,.F.,
  .F.,(2,2),(-16.92046344875,-11.33351987036),.PIECEWISE_BEZIER_KNOTS.);
#7845 = CARTESIAN_POINT('',(89.038355247727,90.424954358433));
#7846 = CARTESIAN_POINT('',(91.866883906313,85.606929433675));
#7847 = ( GEOMETRIC_REPRESENTATION_CONTEXT(2) 
PARAMETRIC_REPRESENTATION_CONTEXT() REPRESENTATION_CONTEXT('2D SPACE',''
  ) );
#7848 = PCURVE('',#6442,#7849);
#7849 = DEFINITIONAL_REPRESENTATION('',(#7850),#7853);
#7850 = B_SPLINE_CURVE_WITH_KNOTS('',1,(#7851,#7852),.UNSPECIFIED.,.F.,
  .F.,(2,2),(-16.92046344875,-11.33351987036),.PIECEWISE_BEZIER_KNOTS.);
#7851 = CARTESIAN_POINT('',(0.938832611335,-1.0107));
#7852 = CARTESIAN_POINT('',(-4.648110967047,-1.0107));
#7853 = ( GEOMETRIC_REPRESENTATION_CONTEXT(2) 
PARAMETRIC_REPRESENTATION_CONTEXT() REPRESENTATION_CONTEXT('2D SPACE',''
  ) );
#7854 = ORIENTED_EDGE('',*,*,#7855,.T.);
#7855 = EDGE_CURVE('',#7835,#7813,#7856,.T.);
#7856 = SURFACE_CURVE('',#7857,(#7861,#7867),.PCURVE_S1.);
#7857 = LINE('',#7858,#7859);
#7858 = CARTESIAN_POINT('',(-54.30590303444,-1.042,-55.94324950443));
#7859 = VECTOR('',#7860,1.);
#7860 = DIRECTION('',(-0.506274784934,0.,-0.862372217862));
#7861 = PCURVE('',#6416,#7862);
#7862 = DEFINITIONAL_REPRESENTATION('',(#7863),#7866);
#7863 = B_SPLINE_CURVE_WITH_KNOTS('',1,(#7864,#7865),.UNSPECIFIED.,.F.,
  .F.,(2,2),(-62.83303910512,-56.42926200711),.PIECEWISE_BEZIER_KNOTS.);
#7864 = CARTESIAN_POINT('',(89.10910168996,90.304447139607));
#7865 = CARTESIAN_POINT('',(83.586662231254,87.062376266543));
#7866 = ( GEOMETRIC_REPRESENTATION_CONTEXT(2) 
PARAMETRIC_REPRESENTATION_CONTEXT() REPRESENTATION_CONTEXT('2D SPACE',''
  ) );
#7867 = PCURVE('',#7868,#7873);
#7868 = PLANE('',#7869);
#7869 = AXIS2_PLACEMENT_3D('',#7870,#7871,#7872);
#7870 = CARTESIAN_POINT('',(-24.05707465223,-3.926056431065E-02,
    -4.437856471775));
#7871 = DIRECTION('',(-0.862330466952,9.840005328364E-03,0.506250274135)
  );
#7872 = DIRECTION('',(-0.506274784934,0.,-0.862372217862));
#7873 = DEFINITIONAL_REPRESENTATION('',(#7874),#7877);
#7874 = B_SPLINE_CURVE_WITH_KNOTS('',1,(#7875,#7876),.UNSPECIFIED.,.F.,
  .F.,(2,2),(-62.83303910512,-56.42926200711),.PIECEWISE_BEZIER_KNOTS.);
#7875 = CARTESIAN_POINT('',(-3.102,1.002787984691));
#7876 = CARTESIAN_POINT('',(3.301777098013,1.002787984691));
#7877 = ( GEOMETRIC_REPRESENTATION_CONTEXT(2) 
PARAMETRIC_REPRESENTATION_CONTEXT() REPRESENTATION_CONTEXT('2D SPACE',''
  ) );
#7878 = ADVANCED_FACE('',(#7879),#6501,.F.);
#7879 = FACE_BOUND('',#7880,.F.);
#7880 = EDGE_LOOP('',(#7881,#7902,#7923,#7924));
#7881 = ORIENTED_EDGE('',*,*,#7882,.F.);
#7882 = EDGE_CURVE('',#7883,#7813,#7885,.T.);
#7883 = VERTEX_POINT('',#7884);
#7884 = CARTESIAN_POINT('',(-25.78896768477,-7.148,-7.249734640078));
#7885 = SURFACE_CURVE('',#7886,(#7890,#7896),.PCURVE_S1.);
#7886 = LINE('',#7887,#7888);
#7887 = CARTESIAN_POINT('',(-25.70717642948,0.133949364156,
    -7.251953560701));
#7888 = VECTOR('',#7889,1.);
#7889 = DIRECTION('',(1.123134596822E-02,0.999936880022,
    -3.046959617613E-04));
#7890 = PCURVE('',#6501,#7891);
#7891 = DEFINITIONAL_REPRESENTATION('',(#7892),#7895);
#7892 = B_SPLINE_CURVE_WITH_KNOTS('',1,(#7893,#7894),.UNSPECIFIED.,.F.,
  .F.,(2,2),(-7.282409029654,7.014493390513),.PIECEWISE_BEZIER_KNOTS.);
#7893 = CARTESIAN_POINT('',(25.84525374827,-7.148));
#7894 = CARTESIAN_POINT('',(25.684621211844,7.148));
#7895 = ( GEOMETRIC_REPRESENTATION_CONTEXT(2) 
PARAMETRIC_REPRESENTATION_CONTEXT() REPRESENTATION_CONTEXT('2D SPACE',''
  ) );
#7896 = PCURVE('',#7868,#7897);
#7897 = DEFINITIONAL_REPRESENTATION('',(#7898),#7901);
#7898 = B_SPLINE_CURVE_WITH_KNOTS('',1,(#7899,#7900),.UNSPECIFIED.,.F.,
  .F.,(2,2),(-7.282409029654,7.014493390513),.PIECEWISE_BEZIER_KNOTS.);
#7899 = CARTESIAN_POINT('',(3.301699384935,7.109083615037));
#7900 = CARTESIAN_POINT('',(3.224161765475,-7.187608545366));
#7901 = ( GEOMETRIC_REPRESENTATION_CONTEXT(2) 
PARAMETRIC_REPRESENTATION_CONTEXT() REPRESENTATION_CONTEXT('2D SPACE',''
  ) );
#7902 = ORIENTED_EDGE('',*,*,#7903,.T.);
#7903 = EDGE_CURVE('',#7883,#6454,#7904,.T.);
#7904 = SURFACE_CURVE('',#7905,(#7909,#7916),.PCURVE_S1.);
#7905 = LINE('',#7906,#7907);
#7906 = CARTESIAN_POINT('',(-21.209,-7.148,-7.373984900243));
#7907 = VECTOR('',#7908,1.);
#7908 = DIRECTION('',(-0.999632209807,-0.,2.711909137484E-02));
#7909 = PCURVE('',#6501,#7910);
#7910 = DEFINITIONAL_REPRESENTATION('',(#7911),#7915);
#7911 = LINE('',#7912,#7913);
#7912 = CARTESIAN_POINT('',(21.263600976535,-7.148));
#7913 = VECTOR('',#7914,1.);
#7914 = DIRECTION('',(1.,0.));
#7915 = ( GEOMETRIC_REPRESENTATION_CONTEXT(2) 
PARAMETRIC_REPRESENTATION_CONTEXT() REPRESENTATION_CONTEXT('2D SPACE',''
  ) );
#7916 = PCURVE('',#6470,#7917);
#7917 = DEFINITIONAL_REPRESENTATION('',(#7918),#7922);
#7918 = LINE('',#7919,#7920);
#7919 = CARTESIAN_POINT('',(-1.570796326795,0.));
#7920 = VECTOR('',#7921,1.);
#7921 = DIRECTION('',(-0.,1.));
#7922 = ( GEOMETRIC_REPRESENTATION_CONTEXT(2) 
PARAMETRIC_REPRESENTATION_CONTEXT() REPRESENTATION_CONTEXT('2D SPACE',''
  ) );
#7923 = ORIENTED_EDGE('',*,*,#6488,.F.);
#7924 = ORIENTED_EDGE('',*,*,#7812,.T.);
#7925 = ADVANCED_FACE('',(#7926),#6470,.F.);
#7926 = FACE_BOUND('',#7927,.T.);
#7927 = EDGE_LOOP('',(#7928,#7929,#7956,#7984));
#7928 = ORIENTED_EDGE('',*,*,#6453,.T.);
#7929 = ORIENTED_EDGE('',*,*,#7930,.T.);
#7930 = EDGE_CURVE('',#6428,#7931,#7933,.T.);
#7931 = VERTEX_POINT('',#7932);
#7932 = CARTESIAN_POINT('',(-22.59802265828,-13.16798006536,
    -1.697370731854));
#7933 = SURFACE_CURVE('',#7934,(#7939,#7949),.PCURVE_S1.);
#7934 = ELLIPSE('',#7935,12.498398828892,6.033);
#7935 = AXIS2_PLACEMENT_3D('',#7936,#7937,#7938);
#7936 = CARTESIAN_POINT('',(-23.30575237541,-7.148,-1.281882265378));
#7937 = DIRECTION('',(0.506274784934,0.,0.862372217862));
#7938 = DIRECTION('',(-0.862372217862,0.,0.506274784934));
#7939 = PCURVE('',#6470,#7940);
#7940 = DEFINITIONAL_REPRESENTATION('',(#7941),#7948);
#7941 = B_SPLINE_CURVE_WITH_KNOTS('',5,(#7942,#7943,#7944,#7945,#7946,
    #7947),.UNSPECIFIED.,.F.,.F.,(6,6),(1.570796326795,1.778873526627),
  .PIECEWISE_BEZIER_KNOTS.);
#7942 = CARTESIAN_POINT('',(0.,2.261193498471));
#7943 = CARTESIAN_POINT('',(-4.161543996651E-02,1.805674754786));
#7944 = CARTESIAN_POINT('',(-8.323087993302E-02,1.350156008612));
#7945 = CARTESIAN_POINT('',(-0.1248463199,0.896280791503));
#7946 = CARTESIAN_POINT('',(-0.166461759866,0.445692573973));
#7947 = CARTESIAN_POINT('',(-0.208077199833,-5.999999928008E-07));
#7948 = ( GEOMETRIC_REPRESENTATION_CONTEXT(2) 
PARAMETRIC_REPRESENTATION_CONTEXT() REPRESENTATION_CONTEXT('2D SPACE',''
  ) );
#7949 = PCURVE('',#6442,#7950);
#7950 = DEFINITIONAL_REPRESENTATION('',(#7951),#7955);
#7951 = ELLIPSE('',#7952,12.498398828892,6.033);
#7952 = AXIS2_PLACEMENT_2D('',#7953,#7954);
#7953 = CARTESIAN_POINT('',(-0.140909871355,-7.1167));
#7954 = DIRECTION('',(-1.,0.));
#7955 = ( GEOMETRIC_REPRESENTATION_CONTEXT(2) 
PARAMETRIC_REPRESENTATION_CONTEXT() REPRESENTATION_CONTEXT('2D SPACE',''
  ) );
#7956 = ORIENTED_EDGE('',*,*,#7957,.F.);
#7957 = EDGE_CURVE('',#7883,#7931,#7958,.T.);
#7958 = SURFACE_CURVE('',#7959,(#7964,#7977),.PCURVE_S1.);
#7959 = ELLIPSE('',#7960,6.889012444031,6.033);
#7960 = AXIS2_PLACEMENT_3D('',#7961,#7962,#7963);
#7961 = CARTESIAN_POINT('',(-22.30140324646,-7.148,-1.309129322378));
#7962 = DIRECTION('',(-0.862330466952,9.840005328364E-03,0.506250274135)
  );
#7963 = DIRECTION('',(-0.506345593684,-1.784939672459E-02,
    -0.862145891827));
#7964 = PCURVE('',#6470,#7965);
#7965 = DEFINITIONAL_REPRESENTATION('',(#7966),#7976);
#7966 = B_SPLINE_CURVE_WITH_KNOTS('',8,(#7967,#7968,#7969,#7970,#7971,
    #7972,#7973,#7974,#7975),.UNSPECIFIED.,.F.,.F.,(9,9),(6.262801877451
    ,7.833598204246),.PIECEWISE_BEZIER_KNOTS.);
#7967 = CARTESIAN_POINT('',(-1.570796326795,4.581652771735));
#7968 = CARTESIAN_POINT('',(-1.374446785946,4.594962898536));
#7969 = CARTESIAN_POINT('',(-1.178097245096,4.4617631087));
#7970 = CARTESIAN_POINT('',(-0.981747704247,4.181272679234));
#7971 = CARTESIAN_POINT('',(-0.785398163394,3.764754536678));
#7972 = CARTESIAN_POINT('',(-0.589048622548,3.235636772668));
#7973 = CARTESIAN_POINT('',(-0.392699081699,2.627070448473));
#7974 = CARTESIAN_POINT('',(-0.196349540849,1.977159922396));
#7975 = CARTESIAN_POINT('',(-2.944400529422E-16,1.324262763015));
#7976 = ( GEOMETRIC_REPRESENTATION_CONTEXT(2) 
PARAMETRIC_REPRESENTATION_CONTEXT() REPRESENTATION_CONTEXT('2D SPACE',''
  ) );
#7977 = PCURVE('',#7868,#7978);
#7978 = DEFINITIONAL_REPRESENTATION('',(#7979),#7983);
#7979 = ELLIPSE('',#7980,6.889012444031,6.033);
#7980 = AXIS2_PLACEMENT_2D('',#7981,#7982);
#7981 = CARTESIAN_POINT('',(-3.586979534279,7.109083615037));
#7982 = DIRECTION('',(0.9998406714,1.785026092756E-02));
#7983 = ( GEOMETRIC_REPRESENTATION_CONTEXT(2) 
PARAMETRIC_REPRESENTATION_CONTEXT() REPRESENTATION_CONTEXT('2D SPACE',''
  ) );
#7984 = ORIENTED_EDGE('',*,*,#7903,.T.);
#7985 = ADVANCED_FACE('',(#7986),#6442,.F.);
#7986 = FACE_BOUND('',#7987,.F.);
#7987 = EDGE_LOOP('',(#7988,#7989,#7990,#8009));
#7988 = ORIENTED_EDGE('',*,*,#6427,.F.);
#7989 = ORIENTED_EDGE('',*,*,#7930,.T.);
#7990 = ORIENTED_EDGE('',*,*,#7991,.T.);
#7991 = EDGE_CURVE('',#7931,#7835,#7992,.T.);
#7992 = SURFACE_CURVE('',#7993,(#7997,#8003),.PCURVE_S1.);
#7993 = LINE('',#7994,#7995);
#7994 = CARTESIAN_POINT('',(-22.48661026936,-3.926056431065E-02,
    -1.762777851968));
#7995 = VECTOR('',#7996,1.);
#7996 = DIRECTION('',(8.485747218792E-03,0.999951585976,
    -4.981746581371E-03));
#7997 = PCURVE('',#6442,#7998);
#7998 = DEFINITIONAL_REPRESENTATION('',(#7999),#8002);
#7999 = B_SPLINE_CURVE_WITH_KNOTS('',1,(#8000,#8001),.UNSPECIFIED.,.F.,
  .F.,(2,2),(-79.9646108443,80.043135774638),.PIECEWISE_BEZIER_KNOTS.);
#8000 = CARTESIAN_POINT('',(2.210863626569E-02,-79.9687));
#8001 = CARTESIAN_POINT('',(1.596585715576,80.0313));
#8002 = ( GEOMETRIC_REPRESENTATION_CONTEXT(2) 
PARAMETRIC_REPRESENTATION_CONTEXT() REPRESENTATION_CONTEXT('2D SPACE',''
  ) );
#8003 = PCURVE('',#7868,#8004);
#8004 = DEFINITIONAL_REPRESENTATION('',(#8005),#8008);
#8005 = B_SPLINE_CURVE_WITH_KNOTS('',1,(#8006,#8007),.UNSPECIFIED.,.F.,
  .F.,(2,2),(-79.9646108443,80.043135774638),.PIECEWISE_BEZIER_KNOTS.);
#8006 = CARTESIAN_POINT('',(-3.102,79.964610844309));
#8007 = CARTESIAN_POINT('',(-3.102,-80.04313577463));
#8008 = ( GEOMETRIC_REPRESENTATION_CONTEXT(2) 
PARAMETRIC_REPRESENTATION_CONTEXT() REPRESENTATION_CONTEXT('2D SPACE',''
  ) );
#8009 = ORIENTED_EDGE('',*,*,#7834,.T.);
#8010 = ADVANCED_FACE('',(#8011),#6626,.F.);
#8011 = FACE_BOUND('',#8012,.F.);
#8012 = EDGE_LOOP('',(#8013,#8014,#8015,#8034));
#8013 = ORIENTED_EDGE('',*,*,#7563,.F.);
#8014 = ORIENTED_EDGE('',*,*,#6611,.T.);
#8015 = ORIENTED_EDGE('',*,*,#8016,.F.);
#8016 = EDGE_CURVE('',#7199,#6612,#8017,.T.);
#8017 = SURFACE_CURVE('',#8018,(#8022,#8028),.PCURVE_S1.);
#8018 = LINE('',#8019,#8020);
#8019 = CARTESIAN_POINT('',(-6.176,15.729,-4.558));
#8020 = VECTOR('',#8021,1.);
#8021 = DIRECTION('',(0.,-1.,0.));
#8022 = PCURVE('',#6626,#8023);
#8023 = DEFINITIONAL_REPRESENTATION('',(#8024),#8027);
#8024 = B_SPLINE_CURVE_WITH_KNOTS('',1,(#8025,#8026),.UNSPECIFIED.,.F.,
  .F.,(2,2),(-2.011,-0.3),.PIECEWISE_BEZIER_KNOTS.);
#8025 = CARTESIAN_POINT('',(1.845,-2.011));
#8026 = CARTESIAN_POINT('',(1.845,-0.3));
#8027 = ( GEOMETRIC_REPRESENTATION_CONTEXT(2) 
PARAMETRIC_REPRESENTATION_CONTEXT() REPRESENTATION_CONTEXT('2D SPACE',''
  ) );
#8028 = PCURVE('',#6652,#8029);
#8029 = DEFINITIONAL_REPRESENTATION('',(#8030),#8033);
#8030 = B_SPLINE_CURVE_WITH_KNOTS('',1,(#8031,#8032),.UNSPECIFIED.,.F.,
  .F.,(2,2),(-2.011,-0.3),.PIECEWISE_BEZIER_KNOTS.);
#8031 = CARTESIAN_POINT('',(8.594,2.011));
#8032 = CARTESIAN_POINT('',(8.594,0.3));
#8033 = ( GEOMETRIC_REPRESENTATION_CONTEXT(2) 
PARAMETRIC_REPRESENTATION_CONTEXT() REPRESENTATION_CONTEXT('2D SPACE',''
  ) );
#8034 = ORIENTED_EDGE('',*,*,#7219,.T.);
#8035 = ADVANCED_FACE('',(#8036),#6652,.T.);
#8036 = FACE_BOUND('',#8037,.T.);
#8037 = EDGE_LOOP('',(#8038,#8061,#8062,#8063,#8064,#8087));
#8038 = ORIENTED_EDGE('',*,*,#8039,.F.);
#8039 = EDGE_CURVE('',#6638,#8040,#8042,.T.);
#8040 = VERTEX_POINT('',#8041);
#8041 = CARTESIAN_POINT('',(-14.77,19.004,-4.558));
#8042 = SURFACE_CURVE('',#8043,(#8047,#8054),.PCURVE_S1.);
#8043 = LINE('',#8044,#8045);
#8044 = CARTESIAN_POINT('',(-14.77,15.729,-4.558));
#8045 = VECTOR('',#8046,1.);
#8046 = DIRECTION('',(-0.,1.,0.));
#8047 = PCURVE('',#6652,#8048);
#8048 = DEFINITIONAL_REPRESENTATION('',(#8049),#8053);
#8049 = LINE('',#8050,#8051);
#8050 = CARTESIAN_POINT('',(0.,0.));
#8051 = VECTOR('',#8052,1.);
#8052 = DIRECTION('',(0.,1.));
#8053 = ( GEOMETRIC_REPRESENTATION_CONTEXT(2) 
PARAMETRIC_REPRESENTATION_CONTEXT() REPRESENTATION_CONTEXT('2D SPACE',''
  ) );
#8054 = PCURVE('',#6678,#8055);
#8055 = DEFINITIONAL_REPRESENTATION('',(#8056),#8060);
#8056 = LINE('',#8057,#8058);
#8057 = CARTESIAN_POINT('',(1.845,0.));
#8058 = VECTOR('',#8059,1.);
#8059 = DIRECTION('',(0.,-1.));
#8060 = ( GEOMETRIC_REPRESENTATION_CONTEXT(2) 
PARAMETRIC_REPRESENTATION_CONTEXT() REPRESENTATION_CONTEXT('2D SPACE',''
  ) );
#8061 = ORIENTED_EDGE('',*,*,#6637,.T.);
#8062 = ORIENTED_EDGE('',*,*,#8016,.F.);
#8063 = ORIENTED_EDGE('',*,*,#7198,.T.);
#8064 = ORIENTED_EDGE('',*,*,#8065,.T.);
#8065 = EDGE_CURVE('',#7173,#8066,#8068,.T.);
#8066 = VERTEX_POINT('',#8067);
#8067 = CARTESIAN_POINT('',(-1.263,19.004,-4.558));
#8068 = SURFACE_CURVE('',#8069,(#8073,#8080),.PCURVE_S1.);
#8069 = LINE('',#8070,#8071);
#8070 = CARTESIAN_POINT('',(-1.263,15.729,-4.558));
#8071 = VECTOR('',#8072,1.);
#8072 = DIRECTION('',(-0.,1.,0.));
#8073 = PCURVE('',#6652,#8074);
#8074 = DEFINITIONAL_REPRESENTATION('',(#8075),#8079);
#8075 = LINE('',#8076,#8077);
#8076 = CARTESIAN_POINT('',(13.507,0.));
#8077 = VECTOR('',#8078,1.);
#8078 = DIRECTION('',(0.,1.));
#8079 = ( GEOMETRIC_REPRESENTATION_CONTEXT(2) 
PARAMETRIC_REPRESENTATION_CONTEXT() REPRESENTATION_CONTEXT('2D SPACE',''
  ) );
#8080 = PCURVE('',#7187,#8081);
#8081 = DEFINITIONAL_REPRESENTATION('',(#8082),#8086);
#8082 = LINE('',#8083,#8084);
#8083 = CARTESIAN_POINT('',(1.845,0.));
#8084 = VECTOR('',#8085,1.);
#8085 = DIRECTION('',(0.,-1.));
#8086 = ( GEOMETRIC_REPRESENTATION_CONTEXT(2) 
PARAMETRIC_REPRESENTATION_CONTEXT() REPRESENTATION_CONTEXT('2D SPACE',''
  ) );
#8087 = ORIENTED_EDGE('',*,*,#8088,.F.);
#8088 = EDGE_CURVE('',#8040,#8066,#8089,.T.);
#8089 = SURFACE_CURVE('',#8090,(#8094,#8101),.PCURVE_S1.);
#8090 = LINE('',#8091,#8092);
#8091 = CARTESIAN_POINT('',(-14.77,19.004,-4.558));
#8092 = VECTOR('',#8093,1.);
#8093 = DIRECTION('',(1.,0.,-0.));
#8094 = PCURVE('',#6652,#8095);
#8095 = DEFINITIONAL_REPRESENTATION('',(#8096),#8100);
#8096 = LINE('',#8097,#8098);
#8097 = CARTESIAN_POINT('',(0.,3.275));
#8098 = VECTOR('',#8099,1.);
#8099 = DIRECTION('',(1.,0.));
#8100 = ( GEOMETRIC_REPRESENTATION_CONTEXT(2) 
PARAMETRIC_REPRESENTATION_CONTEXT() REPRESENTATION_CONTEXT('2D SPACE',''
  ) );
#8101 = PCURVE('',#7331,#8102);
#8102 = DEFINITIONAL_REPRESENTATION('',(#8103),#8107);
#8103 = LINE('',#8104,#8105);
#8104 = CARTESIAN_POINT('',(1.845,0.));
#8105 = VECTOR('',#8106,1.);
#8106 = DIRECTION('',(0.,1.));
#8107 = ( GEOMETRIC_REPRESENTATION_CONTEXT(2) 
PARAMETRIC_REPRESENTATION_CONTEXT() REPRESENTATION_CONTEXT('2D SPACE',''
  ) );
#8108 = ADVANCED_FACE('',(#8109),#6678,.F.);
#8109 = FACE_BOUND('',#8110,.F.);
#8110 = EDGE_LOOP('',(#8111,#8112,#8113,#8114));
#8111 = ORIENTED_EDGE('',*,*,#8039,.F.);
#8112 = ORIENTED_EDGE('',*,*,#6663,.T.);
#8113 = ORIENTED_EDGE('',*,*,#7343,.T.);
#8114 = ORIENTED_EDGE('',*,*,#8115,.T.);
#8115 = EDGE_CURVE('',#7316,#8040,#8116,.T.);
#8116 = SURFACE_CURVE('',#8117,(#8121,#8128),.PCURVE_S1.);
#8117 = LINE('',#8118,#8119);
#8118 = CARTESIAN_POINT('',(-14.77,19.004,-6.403));
#8119 = VECTOR('',#8120,1.);
#8120 = DIRECTION('',(0.,0.,1.));
#8121 = PCURVE('',#6678,#8122);
#8122 = DEFINITIONAL_REPRESENTATION('',(#8123),#8127);
#8123 = LINE('',#8124,#8125);
#8124 = CARTESIAN_POINT('',(0.,-3.275));
#8125 = VECTOR('',#8126,1.);
#8126 = DIRECTION('',(1.,0.));
#8127 = ( GEOMETRIC_REPRESENTATION_CONTEXT(2) 
PARAMETRIC_REPRESENTATION_CONTEXT() REPRESENTATION_CONTEXT('2D SPACE',''
  ) );
#8128 = PCURVE('',#7331,#8129);
#8129 = DEFINITIONAL_REPRESENTATION('',(#8130),#8134);
#8130 = LINE('',#8131,#8132);
#8131 = CARTESIAN_POINT('',(0.,0.));
#8132 = VECTOR('',#8133,1.);
#8133 = DIRECTION('',(1.,0.));
#8134 = ( GEOMETRIC_REPRESENTATION_CONTEXT(2) 
PARAMETRIC_REPRESENTATION_CONTEXT() REPRESENTATION_CONTEXT('2D SPACE',''
  ) );
#8135 = ADVANCED_FACE('',(#8136),#4685,.F.);
#8136 = FACE_BOUND('',#8137,.F.);
#8137 = EDGE_LOOP('',(#8138,#8139,#8140,#8163,#8191,#8219,#8247,#8275,
    #8303,#8324));
#8138 = ORIENTED_EDGE('',*,*,#4669,.F.);
#8139 = ORIENTED_EDGE('',*,*,#6843,.T.);
#8140 = ORIENTED_EDGE('',*,*,#8141,.T.);
#8141 = EDGE_CURVE('',#6818,#8142,#8144,.T.);
#8142 = VERTEX_POINT('',#8143);
#8143 = CARTESIAN_POINT('',(1.128,-15.593,-3.536));
#8144 = SURFACE_CURVE('',#8145,(#8149,#8156),.PCURVE_S1.);
#8145 = LINE('',#8146,#8147);
#8146 = CARTESIAN_POINT('',(1.128,-17.388,-3.536));
#8147 = VECTOR('',#8148,1.);
#8148 = DIRECTION('',(-0.,1.,0.));
#8149 = PCURVE('',#4685,#8150);
#8150 = DEFINITIONAL_REPRESENTATION('',(#8151),#8155);
#8151 = LINE('',#8152,#8153);
#8152 = CARTESIAN_POINT('',(1.15,0.));
#8153 = VECTOR('',#8154,1.);
#8154 = DIRECTION('',(0.,1.));
#8155 = ( GEOMETRIC_REPRESENTATION_CONTEXT(2) 
PARAMETRIC_REPRESENTATION_CONTEXT() REPRESENTATION_CONTEXT('2D SPACE',''
  ) );
#8156 = PCURVE('',#6832,#8157);
#8157 = DEFINITIONAL_REPRESENTATION('',(#8158),#8162);
#8158 = LINE('',#8159,#8160);
#8159 = CARTESIAN_POINT('',(1.155,0.));
#8160 = VECTOR('',#8161,1.);
#8161 = DIRECTION('',(0.,-1.));
#8162 = ( GEOMETRIC_REPRESENTATION_CONTEXT(2) 
PARAMETRIC_REPRESENTATION_CONTEXT() REPRESENTATION_CONTEXT('2D SPACE',''
  ) );
#8163 = ORIENTED_EDGE('',*,*,#8164,.T.);
#8164 = EDGE_CURVE('',#8142,#8165,#8167,.T.);
#8165 = VERTEX_POINT('',#8166);
#8166 = CARTESIAN_POINT('',(1.128,-5.91,-3.536));
#8167 = SURFACE_CURVE('',#8168,(#8172,#8179),.PCURVE_S1.);
#8168 = LINE('',#8169,#8170);
#8169 = CARTESIAN_POINT('',(1.128,-17.388,-3.536));
#8170 = VECTOR('',#8171,1.);
#8171 = DIRECTION('',(-0.,1.,0.));
#8172 = PCURVE('',#4685,#8173);
#8173 = DEFINITIONAL_REPRESENTATION('',(#8174),#8178);
#8174 = LINE('',#8175,#8176);
#8175 = CARTESIAN_POINT('',(1.15,0.));
#8176 = VECTOR('',#8177,1.);
#8177 = DIRECTION('',(0.,1.));
#8178 = ( GEOMETRIC_REPRESENTATION_CONTEXT(2) 
PARAMETRIC_REPRESENTATION_CONTEXT() REPRESENTATION_CONTEXT('2D SPACE',''
  ) );
#8179 = PCURVE('',#8180,#8185);
#8180 = PLANE('',#8181);
#8181 = AXIS2_PLACEMENT_3D('',#8182,#8183,#8184);
#8182 = CARTESIAN_POINT('',(1.128,-15.593,-4.691));
#8183 = DIRECTION('',(1.,0.,-0.));
#8184 = DIRECTION('',(0.,0.,1.));
#8185 = DEFINITIONAL_REPRESENTATION('',(#8186),#8190);
#8186 = LINE('',#8187,#8188);
#8187 = CARTESIAN_POINT('',(1.155,1.795));
#8188 = VECTOR('',#8189,1.);
#8189 = DIRECTION('',(0.,-1.));
#8190 = ( GEOMETRIC_REPRESENTATION_CONTEXT(2) 
PARAMETRIC_REPRESENTATION_CONTEXT() REPRESENTATION_CONTEXT('2D SPACE',''
  ) );
#8191 = ORIENTED_EDGE('',*,*,#8192,.T.);
#8192 = EDGE_CURVE('',#8165,#8193,#8195,.T.);
#8193 = VERTEX_POINT('',#8194);
#8194 = CARTESIAN_POINT('',(1.128,-5.108,-3.536));
#8195 = SURFACE_CURVE('',#8196,(#8200,#8207),.PCURVE_S1.);
#8196 = LINE('',#8197,#8198);
#8197 = CARTESIAN_POINT('',(1.128,-17.388,-3.536));
#8198 = VECTOR('',#8199,1.);
#8199 = DIRECTION('',(-0.,1.,0.));
#8200 = PCURVE('',#4685,#8201);
#8201 = DEFINITIONAL_REPRESENTATION('',(#8202),#8206);
#8202 = LINE('',#8203,#8204);
#8203 = CARTESIAN_POINT('',(1.15,0.));
#8204 = VECTOR('',#8205,1.);
#8205 = DIRECTION('',(0.,1.));
#8206 = ( GEOMETRIC_REPRESENTATION_CONTEXT(2) 
PARAMETRIC_REPRESENTATION_CONTEXT() REPRESENTATION_CONTEXT('2D SPACE',''
  ) );
#8207 = PCURVE('',#8208,#8213);
#8208 = PLANE('',#8209);
#8209 = AXIS2_PLACEMENT_3D('',#8210,#8211,#8212);
#8210 = CARTESIAN_POINT('',(1.128,-17.388,-4.691));
#8211 = DIRECTION('',(1.,0.,-0.));
#8212 = DIRECTION('',(0.,0.,1.));
#8213 = DEFINITIONAL_REPRESENTATION('',(#8214),#8218);
#8214 = LINE('',#8215,#8216);
#8215 = CARTESIAN_POINT('',(1.155,0.));
#8216 = VECTOR('',#8217,1.);
#8217 = DIRECTION('',(0.,-1.));
#8218 = ( GEOMETRIC_REPRESENTATION_CONTEXT(2) 
PARAMETRIC_REPRESENTATION_CONTEXT() REPRESENTATION_CONTEXT('2D SPACE',''
  ) );
#8219 = ORIENTED_EDGE('',*,*,#8220,.T.);
#8220 = EDGE_CURVE('',#8193,#8221,#8223,.T.);
#8221 = VERTEX_POINT('',#8222);
#8222 = CARTESIAN_POINT('',(1.128,4.771,-3.536));
#8223 = SURFACE_CURVE('',#8224,(#8228,#8235),.PCURVE_S1.);
#8224 = LINE('',#8225,#8226);
#8225 = CARTESIAN_POINT('',(1.128,-17.388,-3.536));
#8226 = VECTOR('',#8227,1.);
#8227 = DIRECTION('',(-0.,1.,0.));
#8228 = PCURVE('',#4685,#8229);
#8229 = DEFINITIONAL_REPRESENTATION('',(#8230),#8234);
#8230 = LINE('',#8231,#8232);
#8231 = CARTESIAN_POINT('',(1.15,0.));
#8232 = VECTOR('',#8233,1.);
#8233 = DIRECTION('',(0.,1.));
#8234 = ( GEOMETRIC_REPRESENTATION_CONTEXT(2) 
PARAMETRIC_REPRESENTATION_CONTEXT() REPRESENTATION_CONTEXT('2D SPACE',''
  ) );
#8235 = PCURVE('',#8236,#8241);
#8236 = PLANE('',#8237);
#8237 = AXIS2_PLACEMENT_3D('',#8238,#8239,#8240);
#8238 = CARTESIAN_POINT('',(1.128,-5.108,-4.691));
#8239 = DIRECTION('',(1.,0.,-0.));
#8240 = DIRECTION('',(0.,0.,1.));
#8241 = DEFINITIONAL_REPRESENTATION('',(#8242),#8246);
#8242 = LINE('',#8243,#8244);
#8243 = CARTESIAN_POINT('',(1.155,12.28));
#8244 = VECTOR('',#8245,1.);
#8245 = DIRECTION('',(0.,-1.));
#8246 = ( GEOMETRIC_REPRESENTATION_CONTEXT(2) 
PARAMETRIC_REPRESENTATION_CONTEXT() REPRESENTATION_CONTEXT('2D SPACE',''
  ) );
#8247 = ORIENTED_EDGE('',*,*,#8248,.T.);
#8248 = EDGE_CURVE('',#8221,#8249,#8251,.T.);
#8249 = VERTEX_POINT('',#8250);
#8250 = CARTESIAN_POINT('',(1.128,5.703,-3.536));
#8251 = SURFACE_CURVE('',#8252,(#8256,#8263),.PCURVE_S1.);
#8252 = LINE('',#8253,#8254);
#8253 = CARTESIAN_POINT('',(1.128,-17.388,-3.536));
#8254 = VECTOR('',#8255,1.);
#8255 = DIRECTION('',(-0.,1.,0.));
#8256 = PCURVE('',#4685,#8257);
#8257 = DEFINITIONAL_REPRESENTATION('',(#8258),#8262);
#8258 = LINE('',#8259,#8260);
#8259 = CARTESIAN_POINT('',(1.15,0.));
#8260 = VECTOR('',#8261,1.);
#8261 = DIRECTION('',(0.,1.));
#8262 = ( GEOMETRIC_REPRESENTATION_CONTEXT(2) 
PARAMETRIC_REPRESENTATION_CONTEXT() REPRESENTATION_CONTEXT('2D SPACE',''
  ) );
#8263 = PCURVE('',#8264,#8269);
#8264 = PLANE('',#8265);
#8265 = AXIS2_PLACEMENT_3D('',#8266,#8267,#8268);
#8266 = CARTESIAN_POINT('',(1.128,-17.388,-4.691));
#8267 = DIRECTION('',(1.,0.,-0.));
#8268 = DIRECTION('',(0.,0.,1.));
#8269 = DEFINITIONAL_REPRESENTATION('',(#8270),#8274);
#8270 = LINE('',#8271,#8272);
#8271 = CARTESIAN_POINT('',(1.155,0.));
#8272 = VECTOR('',#8273,1.);
#8273 = DIRECTION('',(0.,-1.));
#8274 = ( GEOMETRIC_REPRESENTATION_CONTEXT(2) 
PARAMETRIC_REPRESENTATION_CONTEXT() REPRESENTATION_CONTEXT('2D SPACE',''
  ) );
#8275 = ORIENTED_EDGE('',*,*,#8276,.T.);
#8276 = EDGE_CURVE('',#8249,#8277,#8279,.T.);
#8277 = VERTEX_POINT('',#8278);
#8278 = CARTESIAN_POINT('',(1.128,15.31,-3.536));
#8279 = SURFACE_CURVE('',#8280,(#8284,#8291),.PCURVE_S1.);
#8280 = LINE('',#8281,#8282);
#8281 = CARTESIAN_POINT('',(1.128,-17.388,-3.536));
#8282 = VECTOR('',#8283,1.);
#8283 = DIRECTION('',(-0.,1.,0.));
#8284 = PCURVE('',#4685,#8285);
#8285 = DEFINITIONAL_REPRESENTATION('',(#8286),#8290);
#8286 = LINE('',#8287,#8288);
#8287 = CARTESIAN_POINT('',(1.15,0.));
#8288 = VECTOR('',#8289,1.);
#8289 = DIRECTION('',(0.,1.));
#8290 = ( GEOMETRIC_REPRESENTATION_CONTEXT(2) 
PARAMETRIC_REPRESENTATION_CONTEXT() REPRESENTATION_CONTEXT('2D SPACE',''
  ) );
#8291 = PCURVE('',#8292,#8297);
#8292 = PLANE('',#8293);
#8293 = AXIS2_PLACEMENT_3D('',#8294,#8295,#8296);
#8294 = CARTESIAN_POINT('',(1.128,5.703,-4.691));
#8295 = DIRECTION('',(1.,0.,-0.));
#8296 = DIRECTION('',(0.,0.,1.));
#8297 = DEFINITIONAL_REPRESENTATION('',(#8298),#8302);
#8298 = LINE('',#8299,#8300);
#8299 = CARTESIAN_POINT('',(1.155,23.091));
#8300 = VECTOR('',#8301,1.);
#8301 = DIRECTION('',(0.,-1.));
#8302 = ( GEOMETRIC_REPRESENTATION_CONTEXT(2) 
PARAMETRIC_REPRESENTATION_CONTEXT() REPRESENTATION_CONTEXT('2D SPACE',''
  ) );
#8303 = ORIENTED_EDGE('',*,*,#8304,.T.);
#8304 = EDGE_CURVE('',#8277,#6959,#8305,.T.);
#8305 = SURFACE_CURVE('',#8306,(#8310,#8317),.PCURVE_S1.);
#8306 = LINE('',#8307,#8308);
#8307 = CARTESIAN_POINT('',(1.128,-17.388,-3.536));
#8308 = VECTOR('',#8309,1.);
#8309 = DIRECTION('',(-0.,1.,0.));
#8310 = PCURVE('',#4685,#8311);
#8311 = DEFINITIONAL_REPRESENTATION('',(#8312),#8316);
#8312 = LINE('',#8313,#8314);
#8313 = CARTESIAN_POINT('',(1.15,0.));
#8314 = VECTOR('',#8315,1.);
#8315 = DIRECTION('',(0.,1.));
#8316 = ( GEOMETRIC_REPRESENTATION_CONTEXT(2) 
PARAMETRIC_REPRESENTATION_CONTEXT() REPRESENTATION_CONTEXT('2D SPACE',''
  ) );
#8317 = PCURVE('',#6973,#8318);
#8318 = DEFINITIONAL_REPRESENTATION('',(#8319),#8323);
#8319 = LINE('',#8320,#8321);
#8320 = CARTESIAN_POINT('',(1.155,0.));
#8321 = VECTOR('',#8322,1.);
#8322 = DIRECTION('',(0.,-1.));
#8323 = ( GEOMETRIC_REPRESENTATION_CONTEXT(2) 
PARAMETRIC_REPRESENTATION_CONTEXT() REPRESENTATION_CONTEXT('2D SPACE',''
  ) );
#8324 = ORIENTED_EDGE('',*,*,#6984,.F.);
#8325 = ADVANCED_FACE('',(#8326),#6832,.F.);
#8326 = FACE_BOUND('',#8327,.F.);
#8327 = EDGE_LOOP('',(#8328,#8329,#8330,#8351));
#8328 = ORIENTED_EDGE('',*,*,#8141,.F.);
#8329 = ORIENTED_EDGE('',*,*,#6817,.T.);
#8330 = ORIENTED_EDGE('',*,*,#8331,.T.);
#8331 = EDGE_CURVE('',#6790,#8332,#8334,.T.);
#8332 = VERTEX_POINT('',#8333);
#8333 = CARTESIAN_POINT('',(1.128,-15.593,-3.691));
#8334 = SURFACE_CURVE('',#8335,(#8339,#8345),.PCURVE_S1.);
#8335 = LINE('',#8336,#8337);
#8336 = CARTESIAN_POINT('',(1.128,-16.888,-3.691));
#8337 = VECTOR('',#8338,1.);
#8338 = DIRECTION('',(-0.,1.,0.));
#8339 = PCURVE('',#6832,#8340);
#8340 = DEFINITIONAL_REPRESENTATION('',(#8341),#8344);
#8341 = B_SPLINE_CURVE_WITH_KNOTS('',1,(#8342,#8343),.UNSPECIFIED.,.F.,
  .F.,(2,2),(0.5,1.295),.PIECEWISE_BEZIER_KNOTS.);
#8342 = CARTESIAN_POINT('',(1.,-1.));
#8343 = CARTESIAN_POINT('',(1.,-1.795));
#8344 = ( GEOMETRIC_REPRESENTATION_CONTEXT(2) 
PARAMETRIC_REPRESENTATION_CONTEXT() REPRESENTATION_CONTEXT('2D SPACE',''
  ) );
#8345 = PCURVE('',#6805,#8346);
#8346 = DEFINITIONAL_REPRESENTATION('',(#8347),#8350);
#8347 = B_SPLINE_CURVE_WITH_KNOTS('',1,(#8348,#8349),.UNSPECIFIED.,.F.,
  .F.,(2,2),(0.5,1.295),.PIECEWISE_BEZIER_KNOTS.);
#8348 = CARTESIAN_POINT('',(1.15,0.));
#8349 = CARTESIAN_POINT('',(1.15,0.795));
#8350 = ( GEOMETRIC_REPRESENTATION_CONTEXT(2) 
PARAMETRIC_REPRESENTATION_CONTEXT() REPRESENTATION_CONTEXT('2D SPACE',''
  ) );
#8351 = ORIENTED_EDGE('',*,*,#8352,.T.);
#8352 = EDGE_CURVE('',#8332,#8142,#8353,.T.);
#8353 = SURFACE_CURVE('',#8354,(#8358,#8365),.PCURVE_S1.);
#8354 = LINE('',#8355,#8356);
#8355 = CARTESIAN_POINT('',(1.128,-15.593,-4.691));
#8356 = VECTOR('',#8357,1.);
#8357 = DIRECTION('',(0.,0.,1.));
#8358 = PCURVE('',#6832,#8359);
#8359 = DEFINITIONAL_REPRESENTATION('',(#8360),#8364);
#8360 = LINE('',#8361,#8362);
#8361 = CARTESIAN_POINT('',(0.,-1.795));
#8362 = VECTOR('',#8363,1.);
#8363 = DIRECTION('',(1.,0.));
#8364 = ( GEOMETRIC_REPRESENTATION_CONTEXT(2) 
PARAMETRIC_REPRESENTATION_CONTEXT() REPRESENTATION_CONTEXT('2D SPACE',''
  ) );
#8365 = PCURVE('',#8366,#8371);
#8366 = PLANE('',#8367);
#8367 = AXIS2_PLACEMENT_3D('',#8368,#8369,#8370);
#8368 = CARTESIAN_POINT('',(1.128,-15.593,-4.691));
#8369 = DIRECTION('',(-0.,1.,0.));
#8370 = DIRECTION('',(0.,0.,1.));
#8371 = DEFINITIONAL_REPRESENTATION('',(#8372),#8376);
#8372 = LINE('',#8373,#8374);
#8373 = CARTESIAN_POINT('',(0.,0.));
#8374 = VECTOR('',#8375,1.);
#8375 = DIRECTION('',(1.,0.));
#8376 = ( GEOMETRIC_REPRESENTATION_CONTEXT(2) 
PARAMETRIC_REPRESENTATION_CONTEXT() REPRESENTATION_CONTEXT('2D SPACE',''
  ) );
#8377 = ADVANCED_FACE('',(#8378),#6805,.F.);
#8378 = FACE_BOUND('',#8379,.F.);
#8379 = EDGE_LOOP('',(#8380,#8381,#8382,#8383,#8384,#8405,#8431,#8457,
    #8483,#8504,#8530,#8556,#8582,#8603,#8629,#8655));
#8380 = ORIENTED_EDGE('',*,*,#8331,.F.);
#8381 = ORIENTED_EDGE('',*,*,#6789,.T.);
#8382 = ORIENTED_EDGE('',*,*,#7503,.T.);
#8383 = ORIENTED_EDGE('',*,*,#6935,.F.);
#8384 = ORIENTED_EDGE('',*,*,#8385,.F.);
#8385 = EDGE_CURVE('',#8386,#6936,#8388,.T.);
#8386 = VERTEX_POINT('',#8387);
#8387 = CARTESIAN_POINT('',(1.128,15.31,-3.691));
#8388 = SURFACE_CURVE('',#8389,(#8393,#8399),.PCURVE_S1.);
#8389 = LINE('',#8390,#8391);
#8390 = CARTESIAN_POINT('',(1.128,-16.888,-3.691));
#8391 = VECTOR('',#8392,1.);
#8392 = DIRECTION('',(-0.,1.,0.));
#8393 = PCURVE('',#6805,#8394);
#8394 = DEFINITIONAL_REPRESENTATION('',(#8395),#8398);
#8395 = B_SPLINE_CURVE_WITH_KNOTS('',1,(#8396,#8397),.UNSPECIFIED.,.F.,
  .F.,(2,2),(32.198,33.077),.PIECEWISE_BEZIER_KNOTS.);
#8396 = CARTESIAN_POINT('',(1.15,31.698));
#8397 = CARTESIAN_POINT('',(1.15,32.577));
#8398 = ( GEOMETRIC_REPRESENTATION_CONTEXT(2) 
PARAMETRIC_REPRESENTATION_CONTEXT() REPRESENTATION_CONTEXT('2D SPACE',''
  ) );
#8399 = PCURVE('',#6973,#8400);
#8400 = DEFINITIONAL_REPRESENTATION('',(#8401),#8404);
#8401 = B_SPLINE_CURVE_WITH_KNOTS('',1,(#8402,#8403),.UNSPECIFIED.,.F.,
  .F.,(2,2),(32.198,33.077),.PIECEWISE_BEZIER_KNOTS.);
#8402 = CARTESIAN_POINT('',(1.,-32.698));
#8403 = CARTESIAN_POINT('',(1.,-33.577));
#8404 = ( GEOMETRIC_REPRESENTATION_CONTEXT(2) 
PARAMETRIC_REPRESENTATION_CONTEXT() REPRESENTATION_CONTEXT('2D SPACE',''
  ) );
#8405 = ORIENTED_EDGE('',*,*,#8406,.F.);
#8406 = EDGE_CURVE('',#8407,#8386,#8409,.T.);
#8407 = VERTEX_POINT('',#8408);
#8408 = CARTESIAN_POINT('',(5.925,15.31,-3.691));
#8409 = SURFACE_CURVE('',#8410,(#8414,#8420),.PCURVE_S1.);
#8410 = LINE('',#8411,#8412);
#8411 = CARTESIAN_POINT('',(0.553,15.31,-3.691));
#8412 = VECTOR('',#8413,1.);
#8413 = DIRECTION('',(-1.,-0.,0.));
#8414 = PCURVE('',#6805,#8415);
#8415 = DEFINITIONAL_REPRESENTATION('',(#8416),#8419);
#8416 = B_SPLINE_CURVE_WITH_KNOTS('',1,(#8417,#8418),.UNSPECIFIED.,.F.,
  .F.,(2,2),(-5.372,-0.575),.PIECEWISE_BEZIER_KNOTS.);
#8417 = CARTESIAN_POINT('',(5.947,31.698));
#8418 = CARTESIAN_POINT('',(1.15,31.698));
#8419 = ( GEOMETRIC_REPRESENTATION_CONTEXT(2) 
PARAMETRIC_REPRESENTATION_CONTEXT() REPRESENTATION_CONTEXT('2D SPACE',''
  ) );
#8420 = PCURVE('',#8421,#8426);
#8421 = PLANE('',#8422);
#8422 = AXIS2_PLACEMENT_3D('',#8423,#8424,#8425);
#8423 = CARTESIAN_POINT('',(1.128,15.31,-4.691));
#8424 = DIRECTION('',(-0.,1.,0.));
#8425 = DIRECTION('',(0.,0.,1.));
#8426 = DEFINITIONAL_REPRESENTATION('',(#8427),#8430);
#8427 = B_SPLINE_CURVE_WITH_KNOTS('',1,(#8428,#8429),.UNSPECIFIED.,.F.,
  .F.,(2,2),(-5.372,-0.575),.PIECEWISE_BEZIER_KNOTS.);
#8428 = CARTESIAN_POINT('',(1.,4.797));
#8429 = CARTESIAN_POINT('',(1.,0.));
#8430 = ( GEOMETRIC_REPRESENTATION_CONTEXT(2) 
PARAMETRIC_REPRESENTATION_CONTEXT() REPRESENTATION_CONTEXT('2D SPACE',''
  ) );
#8431 = ORIENTED_EDGE('',*,*,#8432,.F.);
#8432 = EDGE_CURVE('',#8433,#8407,#8435,.T.);
#8433 = VERTEX_POINT('',#8434);
#8434 = CARTESIAN_POINT('',(5.925,5.703,-3.691));
#8435 = SURFACE_CURVE('',#8436,(#8440,#8446),.PCURVE_S1.);
#8436 = LINE('',#8437,#8438);
#8437 = CARTESIAN_POINT('',(5.925,-5.3425,-3.691));
#8438 = VECTOR('',#8439,1.);
#8439 = DIRECTION('',(-0.,1.,0.));
#8440 = PCURVE('',#6805,#8441);
#8441 = DEFINITIONAL_REPRESENTATION('',(#8442),#8445);
#8442 = B_SPLINE_CURVE_WITH_KNOTS('',1,(#8443,#8444),.UNSPECIFIED.,.F.,
  .F.,(2,2),(11.0455,20.6525),.PIECEWISE_BEZIER_KNOTS.);
#8443 = CARTESIAN_POINT('',(5.947,22.091));
#8444 = CARTESIAN_POINT('',(5.947,31.698));
#8445 = ( GEOMETRIC_REPRESENTATION_CONTEXT(2) 
PARAMETRIC_REPRESENTATION_CONTEXT() REPRESENTATION_CONTEXT('2D SPACE',''
  ) );
#8446 = PCURVE('',#8447,#8452);
#8447 = PLANE('',#8448);
#8448 = AXIS2_PLACEMENT_3D('',#8449,#8450,#8451);
#8449 = CARTESIAN_POINT('',(5.925,5.703,-4.691));
#8450 = DIRECTION('',(1.,0.,-0.));
#8451 = DIRECTION('',(0.,0.,1.));
#8452 = DEFINITIONAL_REPRESENTATION('',(#8453),#8456);
#8453 = B_SPLINE_CURVE_WITH_KNOTS('',1,(#8454,#8455),.UNSPECIFIED.,.F.,
  .F.,(2,2),(11.0455,20.6525),.PIECEWISE_BEZIER_KNOTS.);
#8454 = CARTESIAN_POINT('',(1.,0.));
#8455 = CARTESIAN_POINT('',(1.,-9.607));
#8456 = ( GEOMETRIC_REPRESENTATION_CONTEXT(2) 
PARAMETRIC_REPRESENTATION_CONTEXT() REPRESENTATION_CONTEXT('2D SPACE',''
  ) );
#8457 = ORIENTED_EDGE('',*,*,#8458,.T.);
#8458 = EDGE_CURVE('',#8433,#8459,#8461,.T.);
#8459 = VERTEX_POINT('',#8460);
#8460 = CARTESIAN_POINT('',(1.128,5.703,-3.691));
#8461 = SURFACE_CURVE('',#8462,(#8466,#8472),.PCURVE_S1.);
#8462 = LINE('',#8463,#8464);
#8463 = CARTESIAN_POINT('',(0.553,5.703,-3.691));
#8464 = VECTOR('',#8465,1.);
#8465 = DIRECTION('',(-1.,-0.,0.));
#8466 = PCURVE('',#6805,#8467);
#8467 = DEFINITIONAL_REPRESENTATION('',(#8468),#8471);
#8468 = B_SPLINE_CURVE_WITH_KNOTS('',1,(#8469,#8470),.UNSPECIFIED.,.F.,
  .F.,(2,2),(-5.372,-0.575),.PIECEWISE_BEZIER_KNOTS.);
#8469 = CARTESIAN_POINT('',(5.947,22.091));
#8470 = CARTESIAN_POINT('',(1.15,22.091));
#8471 = ( GEOMETRIC_REPRESENTATION_CONTEXT(2) 
PARAMETRIC_REPRESENTATION_CONTEXT() REPRESENTATION_CONTEXT('2D SPACE',''
  ) );
#8472 = PCURVE('',#8473,#8478);
#8473 = PLANE('',#8474);
#8474 = AXIS2_PLACEMENT_3D('',#8475,#8476,#8477);
#8475 = CARTESIAN_POINT('',(1.128,5.703,-4.691));
#8476 = DIRECTION('',(-0.,1.,0.));
#8477 = DIRECTION('',(0.,0.,1.));
#8478 = DEFINITIONAL_REPRESENTATION('',(#8479),#8482);
#8479 = B_SPLINE_CURVE_WITH_KNOTS('',1,(#8480,#8481),.UNSPECIFIED.,.F.,
  .F.,(2,2),(-5.372,-0.575),.PIECEWISE_BEZIER_KNOTS.);
#8480 = CARTESIAN_POINT('',(1.,4.797));
#8481 = CARTESIAN_POINT('',(1.,0.));
#8482 = ( GEOMETRIC_REPRESENTATION_CONTEXT(2) 
PARAMETRIC_REPRESENTATION_CONTEXT() REPRESENTATION_CONTEXT('2D SPACE',''
  ) );
#8483 = ORIENTED_EDGE('',*,*,#8484,.F.);
#8484 = EDGE_CURVE('',#8485,#8459,#8487,.T.);
#8485 = VERTEX_POINT('',#8486);
#8486 = CARTESIAN_POINT('',(1.128,4.771,-3.691));
#8487 = SURFACE_CURVE('',#8488,(#8492,#8498),.PCURVE_S1.);
#8488 = LINE('',#8489,#8490);
#8489 = CARTESIAN_POINT('',(1.128,-16.888,-3.691));
#8490 = VECTOR('',#8491,1.);
#8491 = DIRECTION('',(-0.,1.,0.));
#8492 = PCURVE('',#6805,#8493);
#8493 = DEFINITIONAL_REPRESENTATION('',(#8494),#8497);
#8494 = B_SPLINE_CURVE_WITH_KNOTS('',1,(#8495,#8496),.UNSPECIFIED.,.F.,
  .F.,(2,2),(21.659,22.591),.PIECEWISE_BEZIER_KNOTS.);
#8495 = CARTESIAN_POINT('',(1.15,21.159));
#8496 = CARTESIAN_POINT('',(1.15,22.091));
#8497 = ( GEOMETRIC_REPRESENTATION_CONTEXT(2) 
PARAMETRIC_REPRESENTATION_CONTEXT() REPRESENTATION_CONTEXT('2D SPACE',''
  ) );
#8498 = PCURVE('',#8264,#8499);
#8499 = DEFINITIONAL_REPRESENTATION('',(#8500),#8503);
#8500 = B_SPLINE_CURVE_WITH_KNOTS('',1,(#8501,#8502),.UNSPECIFIED.,.F.,
  .F.,(2,2),(21.659,22.591),.PIECEWISE_BEZIER_KNOTS.);
#8501 = CARTESIAN_POINT('',(1.,-22.159));
#8502 = CARTESIAN_POINT('',(1.,-23.091));
#8503 = ( GEOMETRIC_REPRESENTATION_CONTEXT(2) 
PARAMETRIC_REPRESENTATION_CONTEXT() REPRESENTATION_CONTEXT('2D SPACE',''
  ) );
#8504 = ORIENTED_EDGE('',*,*,#8505,.F.);
#8505 = EDGE_CURVE('',#8506,#8485,#8508,.T.);
#8506 = VERTEX_POINT('',#8507);
#8507 = CARTESIAN_POINT('',(5.925,4.771,-3.691));
#8508 = SURFACE_CURVE('',#8509,(#8513,#8519),.PCURVE_S1.);
#8509 = LINE('',#8510,#8511);
#8510 = CARTESIAN_POINT('',(0.553,4.771,-3.691));
#8511 = VECTOR('',#8512,1.);
#8512 = DIRECTION('',(-1.,-0.,0.));
#8513 = PCURVE('',#6805,#8514);
#8514 = DEFINITIONAL_REPRESENTATION('',(#8515),#8518);
#8515 = B_SPLINE_CURVE_WITH_KNOTS('',1,(#8516,#8517),.UNSPECIFIED.,.F.,
  .F.,(2,2),(-5.372,-0.575),.PIECEWISE_BEZIER_KNOTS.);
#8516 = CARTESIAN_POINT('',(5.947,21.159));
#8517 = CARTESIAN_POINT('',(1.15,21.159));
#8518 = ( GEOMETRIC_REPRESENTATION_CONTEXT(2) 
PARAMETRIC_REPRESENTATION_CONTEXT() REPRESENTATION_CONTEXT('2D SPACE',''
  ) );
#8519 = PCURVE('',#8520,#8525);
#8520 = PLANE('',#8521);
#8521 = AXIS2_PLACEMENT_3D('',#8522,#8523,#8524);
#8522 = CARTESIAN_POINT('',(1.128,4.771,-4.691));
#8523 = DIRECTION('',(-0.,1.,0.));
#8524 = DIRECTION('',(0.,0.,1.));
#8525 = DEFINITIONAL_REPRESENTATION('',(#8526),#8529);
#8526 = B_SPLINE_CURVE_WITH_KNOTS('',1,(#8527,#8528),.UNSPECIFIED.,.F.,
  .F.,(2,2),(-5.372,-0.575),.PIECEWISE_BEZIER_KNOTS.);
#8527 = CARTESIAN_POINT('',(1.,4.797));
#8528 = CARTESIAN_POINT('',(1.,0.));
#8529 = ( GEOMETRIC_REPRESENTATION_CONTEXT(2) 
PARAMETRIC_REPRESENTATION_CONTEXT() REPRESENTATION_CONTEXT('2D SPACE',''
  ) );
#8530 = ORIENTED_EDGE('',*,*,#8531,.F.);
#8531 = EDGE_CURVE('',#8532,#8506,#8534,.T.);
#8532 = VERTEX_POINT('',#8533);
#8533 = CARTESIAN_POINT('',(5.925,-5.108,-3.691));
#8534 = SURFACE_CURVE('',#8535,(#8539,#8545),.PCURVE_S1.);
#8535 = LINE('',#8536,#8537);
#8536 = CARTESIAN_POINT('',(5.925,-10.748,-3.691));
#8537 = VECTOR('',#8538,1.);
#8538 = DIRECTION('',(-0.,1.,0.));
#8539 = PCURVE('',#6805,#8540);
#8540 = DEFINITIONAL_REPRESENTATION('',(#8541),#8544);
#8541 = B_SPLINE_CURVE_WITH_KNOTS('',1,(#8542,#8543),.UNSPECIFIED.,.F.,
  .F.,(2,2),(5.64,15.519),.PIECEWISE_BEZIER_KNOTS.);
#8542 = CARTESIAN_POINT('',(5.947,11.28));
#8543 = CARTESIAN_POINT('',(5.947,21.159));
#8544 = ( GEOMETRIC_REPRESENTATION_CONTEXT(2) 
PARAMETRIC_REPRESENTATION_CONTEXT() REPRESENTATION_CONTEXT('2D SPACE',''
  ) );
#8545 = PCURVE('',#8546,#8551);
#8546 = PLANE('',#8547);
#8547 = AXIS2_PLACEMENT_3D('',#8548,#8549,#8550);
#8548 = CARTESIAN_POINT('',(5.925,-5.108,-4.691));
#8549 = DIRECTION('',(1.,0.,-0.));
#8550 = DIRECTION('',(0.,0.,1.));
#8551 = DEFINITIONAL_REPRESENTATION('',(#8552),#8555);
#8552 = B_SPLINE_CURVE_WITH_KNOTS('',1,(#8553,#8554),.UNSPECIFIED.,.F.,
  .F.,(2,2),(5.64,15.519),.PIECEWISE_BEZIER_KNOTS.);
#8553 = CARTESIAN_POINT('',(1.,0.));
#8554 = CARTESIAN_POINT('',(1.,-9.879));
#8555 = ( GEOMETRIC_REPRESENTATION_CONTEXT(2) 
PARAMETRIC_REPRESENTATION_CONTEXT() REPRESENTATION_CONTEXT('2D SPACE',''
  ) );
#8556 = ORIENTED_EDGE('',*,*,#8557,.T.);
#8557 = EDGE_CURVE('',#8532,#8558,#8560,.T.);
#8558 = VERTEX_POINT('',#8559);
#8559 = CARTESIAN_POINT('',(1.128,-5.108,-3.691));
#8560 = SURFACE_CURVE('',#8561,(#8565,#8571),.PCURVE_S1.);
#8561 = LINE('',#8562,#8563);
#8562 = CARTESIAN_POINT('',(0.553,-5.108,-3.691));
#8563 = VECTOR('',#8564,1.);
#8564 = DIRECTION('',(-1.,-0.,0.));
#8565 = PCURVE('',#6805,#8566);
#8566 = DEFINITIONAL_REPRESENTATION('',(#8567),#8570);
#8567 = B_SPLINE_CURVE_WITH_KNOTS('',1,(#8568,#8569),.UNSPECIFIED.,.F.,
  .F.,(2,2),(-5.372,-0.575),.PIECEWISE_BEZIER_KNOTS.);
#8568 = CARTESIAN_POINT('',(5.947,11.28));
#8569 = CARTESIAN_POINT('',(1.15,11.28));
#8570 = ( GEOMETRIC_REPRESENTATION_CONTEXT(2) 
PARAMETRIC_REPRESENTATION_CONTEXT() REPRESENTATION_CONTEXT('2D SPACE',''
  ) );
#8571 = PCURVE('',#8572,#8577);
#8572 = PLANE('',#8573);
#8573 = AXIS2_PLACEMENT_3D('',#8574,#8575,#8576);
#8574 = CARTESIAN_POINT('',(1.128,-5.108,-4.691));
#8575 = DIRECTION('',(-0.,1.,0.));
#8576 = DIRECTION('',(0.,0.,1.));
#8577 = DEFINITIONAL_REPRESENTATION('',(#8578),#8581);
#8578 = B_SPLINE_CURVE_WITH_KNOTS('',1,(#8579,#8580),.UNSPECIFIED.,.F.,
  .F.,(2,2),(-5.372,-0.575),.PIECEWISE_BEZIER_KNOTS.);
#8579 = CARTESIAN_POINT('',(1.,4.797));
#8580 = CARTESIAN_POINT('',(1.,0.));
#8581 = ( GEOMETRIC_REPRESENTATION_CONTEXT(2) 
PARAMETRIC_REPRESENTATION_CONTEXT() REPRESENTATION_CONTEXT('2D SPACE',''
  ) );
#8582 = ORIENTED_EDGE('',*,*,#8583,.F.);
#8583 = EDGE_CURVE('',#8584,#8558,#8586,.T.);
#8584 = VERTEX_POINT('',#8585);
#8585 = CARTESIAN_POINT('',(1.128,-5.91,-3.691));
#8586 = SURFACE_CURVE('',#8587,(#8591,#8597),.PCURVE_S1.);
#8587 = LINE('',#8588,#8589);
#8588 = CARTESIAN_POINT('',(1.128,-16.888,-3.691));
#8589 = VECTOR('',#8590,1.);
#8590 = DIRECTION('',(-0.,1.,0.));
#8591 = PCURVE('',#6805,#8592);
#8592 = DEFINITIONAL_REPRESENTATION('',(#8593),#8596);
#8593 = B_SPLINE_CURVE_WITH_KNOTS('',1,(#8594,#8595),.UNSPECIFIED.,.F.,
  .F.,(2,2),(10.978,11.78),.PIECEWISE_BEZIER_KNOTS.);
#8594 = CARTESIAN_POINT('',(1.15,10.478));
#8595 = CARTESIAN_POINT('',(1.15,11.28));
#8596 = ( GEOMETRIC_REPRESENTATION_CONTEXT(2) 
PARAMETRIC_REPRESENTATION_CONTEXT() REPRESENTATION_CONTEXT('2D SPACE',''
  ) );
#8597 = PCURVE('',#8208,#8598);
#8598 = DEFINITIONAL_REPRESENTATION('',(#8599),#8602);
#8599 = B_SPLINE_CURVE_WITH_KNOTS('',1,(#8600,#8601),.UNSPECIFIED.,.F.,
  .F.,(2,2),(10.978,11.78),.PIECEWISE_BEZIER_KNOTS.);
#8600 = CARTESIAN_POINT('',(1.,-11.478));
#8601 = CARTESIAN_POINT('',(1.,-12.28));
#8602 = ( GEOMETRIC_REPRESENTATION_CONTEXT(2) 
PARAMETRIC_REPRESENTATION_CONTEXT() REPRESENTATION_CONTEXT('2D SPACE',''
  ) );
#8603 = ORIENTED_EDGE('',*,*,#8604,.F.);
#8604 = EDGE_CURVE('',#8605,#8584,#8607,.T.);
#8605 = VERTEX_POINT('',#8606);
#8606 = CARTESIAN_POINT('',(5.925,-5.91,-3.691));
#8607 = SURFACE_CURVE('',#8608,(#8612,#8618),.PCURVE_S1.);
#8608 = LINE('',#8609,#8610);
#8609 = CARTESIAN_POINT('',(0.553,-5.91,-3.691));
#8610 = VECTOR('',#8611,1.);
#8611 = DIRECTION('',(-1.,-0.,0.));
#8612 = PCURVE('',#6805,#8613);
#8613 = DEFINITIONAL_REPRESENTATION('',(#8614),#8617);
#8614 = B_SPLINE_CURVE_WITH_KNOTS('',1,(#8615,#8616),.UNSPECIFIED.,.F.,
  .F.,(2,2),(-5.372,-0.575),.PIECEWISE_BEZIER_KNOTS.);
#8615 = CARTESIAN_POINT('',(5.947,10.478));
#8616 = CARTESIAN_POINT('',(1.15,10.478));
#8617 = ( GEOMETRIC_REPRESENTATION_CONTEXT(2) 
PARAMETRIC_REPRESENTATION_CONTEXT() REPRESENTATION_CONTEXT('2D SPACE',''
  ) );
#8618 = PCURVE('',#8619,#8624);
#8619 = PLANE('',#8620);
#8620 = AXIS2_PLACEMENT_3D('',#8621,#8622,#8623);
#8621 = CARTESIAN_POINT('',(1.128,-5.91,-4.691));
#8622 = DIRECTION('',(-0.,1.,0.));
#8623 = DIRECTION('',(0.,0.,1.));
#8624 = DEFINITIONAL_REPRESENTATION('',(#8625),#8628);
#8625 = B_SPLINE_CURVE_WITH_KNOTS('',1,(#8626,#8627),.UNSPECIFIED.,.F.,
  .F.,(2,2),(-5.372,-0.575),.PIECEWISE_BEZIER_KNOTS.);
#8626 = CARTESIAN_POINT('',(1.,4.797));
#8627 = CARTESIAN_POINT('',(1.,0.));
#8628 = ( GEOMETRIC_REPRESENTATION_CONTEXT(2) 
PARAMETRIC_REPRESENTATION_CONTEXT() REPRESENTATION_CONTEXT('2D SPACE',''
  ) );
#8629 = ORIENTED_EDGE('',*,*,#8630,.F.);
#8630 = EDGE_CURVE('',#8631,#8605,#8633,.T.);
#8631 = VERTEX_POINT('',#8632);
#8632 = CARTESIAN_POINT('',(5.925,-15.593,-3.691));
#8633 = SURFACE_CURVE('',#8634,(#8638,#8644),.PCURVE_S1.);
#8634 = LINE('',#8635,#8636);
#8635 = CARTESIAN_POINT('',(5.925,-15.9905,-3.691));
#8636 = VECTOR('',#8637,1.);
#8637 = DIRECTION('',(-0.,1.,0.));
#8638 = PCURVE('',#6805,#8639);
#8639 = DEFINITIONAL_REPRESENTATION('',(#8640),#8643);
#8640 = B_SPLINE_CURVE_WITH_KNOTS('',1,(#8641,#8642),.UNSPECIFIED.,.F.,
  .F.,(2,2),(0.3975,10.0805),.PIECEWISE_BEZIER_KNOTS.);
#8641 = CARTESIAN_POINT('',(5.947,0.795));
#8642 = CARTESIAN_POINT('',(5.947,10.478));
#8643 = ( GEOMETRIC_REPRESENTATION_CONTEXT(2) 
PARAMETRIC_REPRESENTATION_CONTEXT() REPRESENTATION_CONTEXT('2D SPACE',''
  ) );
#8644 = PCURVE('',#8645,#8650);
#8645 = PLANE('',#8646);
#8646 = AXIS2_PLACEMENT_3D('',#8647,#8648,#8649);
#8647 = CARTESIAN_POINT('',(5.925,-15.593,-4.691));
#8648 = DIRECTION('',(1.,0.,-0.));
#8649 = DIRECTION('',(0.,0.,1.));
#8650 = DEFINITIONAL_REPRESENTATION('',(#8651),#8654);
#8651 = B_SPLINE_CURVE_WITH_KNOTS('',1,(#8652,#8653),.UNSPECIFIED.,.F.,
  .F.,(2,2),(0.3975,10.0805),.PIECEWISE_BEZIER_KNOTS.);
#8652 = CARTESIAN_POINT('',(1.,0.));
#8653 = CARTESIAN_POINT('',(1.,-9.683));
#8654 = ( GEOMETRIC_REPRESENTATION_CONTEXT(2) 
PARAMETRIC_REPRESENTATION_CONTEXT() REPRESENTATION_CONTEXT('2D SPACE',''
  ) );
#8655 = ORIENTED_EDGE('',*,*,#8656,.T.);
#8656 = EDGE_CURVE('',#8631,#8332,#8657,.T.);
#8657 = SURFACE_CURVE('',#8658,(#8662,#8668),.PCURVE_S1.);
#8658 = LINE('',#8659,#8660);
#8659 = CARTESIAN_POINT('',(0.553,-15.593,-3.691));
#8660 = VECTOR('',#8661,1.);
#8661 = DIRECTION('',(-1.,-0.,0.));
#8662 = PCURVE('',#6805,#8663);
#8663 = DEFINITIONAL_REPRESENTATION('',(#8664),#8667);
#8664 = B_SPLINE_CURVE_WITH_KNOTS('',1,(#8665,#8666),.UNSPECIFIED.,.F.,
  .F.,(2,2),(-5.372,-0.575),.PIECEWISE_BEZIER_KNOTS.);
#8665 = CARTESIAN_POINT('',(5.947,0.795));
#8666 = CARTESIAN_POINT('',(1.15,0.795));
#8667 = ( GEOMETRIC_REPRESENTATION_CONTEXT(2) 
PARAMETRIC_REPRESENTATION_CONTEXT() REPRESENTATION_CONTEXT('2D SPACE',''
  ) );
#8668 = PCURVE('',#8366,#8669);
#8669 = DEFINITIONAL_REPRESENTATION('',(#8670),#8673);
#8670 = B_SPLINE_CURVE_WITH_KNOTS('',1,(#8671,#8672),.UNSPECIFIED.,.F.,
  .F.,(2,2),(-5.372,-0.575),.PIECEWISE_BEZIER_KNOTS.);
#8671 = CARTESIAN_POINT('',(1.,4.797));
#8672 = CARTESIAN_POINT('',(1.,0.));
#8673 = ( GEOMETRIC_REPRESENTATION_CONTEXT(2) 
PARAMETRIC_REPRESENTATION_CONTEXT() REPRESENTATION_CONTEXT('2D SPACE',''
  ) );
#8674 = ADVANCED_FACE('',(#8675),#6973,.F.);
#8675 = FACE_BOUND('',#8676,.F.);
#8676 = EDGE_LOOP('',(#8677,#8678,#8699,#8700));
#8677 = ORIENTED_EDGE('',*,*,#8304,.F.);
#8678 = ORIENTED_EDGE('',*,*,#8679,.F.);
#8679 = EDGE_CURVE('',#8386,#8277,#8680,.T.);
#8680 = SURFACE_CURVE('',#8681,(#8685,#8692),.PCURVE_S1.);
#8681 = LINE('',#8682,#8683);
#8682 = CARTESIAN_POINT('',(1.128,15.31,-4.691));
#8683 = VECTOR('',#8684,1.);
#8684 = DIRECTION('',(0.,0.,1.));
#8685 = PCURVE('',#6973,#8686);
#8686 = DEFINITIONAL_REPRESENTATION('',(#8687),#8691);
#8687 = LINE('',#8688,#8689);
#8688 = CARTESIAN_POINT('',(0.,-32.698));
#8689 = VECTOR('',#8690,1.);
#8690 = DIRECTION('',(1.,0.));
#8691 = ( GEOMETRIC_REPRESENTATION_CONTEXT(2) 
PARAMETRIC_REPRESENTATION_CONTEXT() REPRESENTATION_CONTEXT('2D SPACE',''
  ) );
#8692 = PCURVE('',#8421,#8693);
#8693 = DEFINITIONAL_REPRESENTATION('',(#8694),#8698);
#8694 = LINE('',#8695,#8696);
#8695 = CARTESIAN_POINT('',(0.,0.));
#8696 = VECTOR('',#8697,1.);
#8697 = DIRECTION('',(1.,0.));
#8698 = ( GEOMETRIC_REPRESENTATION_CONTEXT(2) 
PARAMETRIC_REPRESENTATION_CONTEXT() REPRESENTATION_CONTEXT('2D SPACE',''
  ) );
#8699 = ORIENTED_EDGE('',*,*,#8385,.T.);
#8700 = ORIENTED_EDGE('',*,*,#6958,.F.);
#8701 = ADVANCED_FACE('',(#8702),#7065,.F.);
#8702 = FACE_BOUND('',#8703,.F.);
#8703 = EDGE_LOOP('',(#8704,#8705,#8706,#8707));
#8704 = ORIENTED_EDGE('',*,*,#7100,.F.);
#8705 = ORIENTED_EDGE('',*,*,#7050,.T.);
#8706 = ORIENTED_EDGE('',*,*,#7587,.T.);
#8707 = ORIENTED_EDGE('',*,*,#7265,.T.);
#8708 = ADVANCED_FACE('',(#8709),#7187,.T.);
#8709 = FACE_BOUND('',#8710,.T.);
#8710 = EDGE_LOOP('',(#8711,#8712,#8713,#8714));
#8711 = ORIENTED_EDGE('',*,*,#8065,.F.);
#8712 = ORIENTED_EDGE('',*,*,#7172,.T.);
#8713 = ORIENTED_EDGE('',*,*,#7292,.T.);
#8714 = ORIENTED_EDGE('',*,*,#8715,.T.);
#8715 = EDGE_CURVE('',#7293,#8066,#8716,.T.);
#8716 = SURFACE_CURVE('',#8717,(#8721,#8728),.PCURVE_S1.);
#8717 = LINE('',#8718,#8719);
#8718 = CARTESIAN_POINT('',(-1.263,19.004,-6.403));
#8719 = VECTOR('',#8720,1.);
#8720 = DIRECTION('',(0.,0.,1.));
#8721 = PCURVE('',#7187,#8722);
#8722 = DEFINITIONAL_REPRESENTATION('',(#8723),#8727);
#8723 = LINE('',#8724,#8725);
#8724 = CARTESIAN_POINT('',(0.,-3.275));
#8725 = VECTOR('',#8726,1.);
#8726 = DIRECTION('',(1.,0.));
#8727 = ( GEOMETRIC_REPRESENTATION_CONTEXT(2) 
PARAMETRIC_REPRESENTATION_CONTEXT() REPRESENTATION_CONTEXT('2D SPACE',''
  ) );
#8728 = PCURVE('',#7331,#8729);
#8729 = DEFINITIONAL_REPRESENTATION('',(#8730),#8734);
#8730 = LINE('',#8731,#8732);
#8731 = CARTESIAN_POINT('',(0.,13.507));
#8732 = VECTOR('',#8733,1.);
#8733 = DIRECTION('',(1.,0.));
#8734 = ( GEOMETRIC_REPRESENTATION_CONTEXT(2) 
PARAMETRIC_REPRESENTATION_CONTEXT() REPRESENTATION_CONTEXT('2D SPACE',''
  ) );
#8735 = ADVANCED_FACE('',(#8736),#7331,.T.);
#8736 = FACE_BOUND('',#8737,.T.);
#8737 = EDGE_LOOP('',(#8738,#8739,#8740,#8741));
#8738 = ORIENTED_EDGE('',*,*,#7315,.F.);
#8739 = ORIENTED_EDGE('',*,*,#8115,.T.);
#8740 = ORIENTED_EDGE('',*,*,#8088,.T.);
#8741 = ORIENTED_EDGE('',*,*,#8715,.F.);
#8742 = ADVANCED_FACE('',(#8743),#7661,.T.);
#8743 = FACE_BOUND('',#8744,.T.);
#8744 = EDGE_LOOP('',(#8745,#8746,#8747,#8748));
#8745 = ORIENTED_EDGE('',*,*,#7697,.F.);
#8746 = ORIENTED_EDGE('',*,*,#7765,.F.);
#8747 = ORIENTED_EDGE('',*,*,#7788,.T.);
#8748 = ORIENTED_EDGE('',*,*,#7638,.T.);
#8749 = ADVANCED_FACE('',(#8750),#7868,.T.);
#8750 = FACE_BOUND('',#8751,.T.);
#8751 = EDGE_LOOP('',(#8752,#8753,#8754,#8755));
#8752 = ORIENTED_EDGE('',*,*,#7882,.F.);
#8753 = ORIENTED_EDGE('',*,*,#7957,.T.);
#8754 = ORIENTED_EDGE('',*,*,#7991,.T.);
#8755 = ORIENTED_EDGE('',*,*,#7855,.T.);
#8756 = ADVANCED_FACE('',(#8757),#8292,.T.);
#8757 = FACE_BOUND('',#8758,.T.);
#8758 = EDGE_LOOP('',(#8759,#8782,#8783,#8806));
#8759 = ORIENTED_EDGE('',*,*,#8760,.F.);
#8760 = EDGE_CURVE('',#8249,#8761,#8763,.T.);
#8761 = VERTEX_POINT('',#8762);
#8762 = CARTESIAN_POINT('',(1.128,5.703,-1.385));
#8763 = SURFACE_CURVE('',#8764,(#8768,#8775),.PCURVE_S1.);
#8764 = LINE('',#8765,#8766);
#8765 = CARTESIAN_POINT('',(1.128,5.703,-4.691));
#8766 = VECTOR('',#8767,1.);
#8767 = DIRECTION('',(0.,0.,1.));
#8768 = PCURVE('',#8292,#8769);
#8769 = DEFINITIONAL_REPRESENTATION('',(#8770),#8774);
#8770 = LINE('',#8771,#8772);
#8771 = CARTESIAN_POINT('',(0.,0.));
#8772 = VECTOR('',#8773,1.);
#8773 = DIRECTION('',(1.,0.));
#8774 = ( GEOMETRIC_REPRESENTATION_CONTEXT(2) 
PARAMETRIC_REPRESENTATION_CONTEXT() REPRESENTATION_CONTEXT('2D SPACE',''
  ) );
#8775 = PCURVE('',#8473,#8776);
#8776 = DEFINITIONAL_REPRESENTATION('',(#8777),#8781);
#8777 = LINE('',#8778,#8779);
#8778 = CARTESIAN_POINT('',(0.,0.));
#8779 = VECTOR('',#8780,1.);
#8780 = DIRECTION('',(1.,0.));
#8781 = ( GEOMETRIC_REPRESENTATION_CONTEXT(2) 
PARAMETRIC_REPRESENTATION_CONTEXT() REPRESENTATION_CONTEXT('2D SPACE',''
  ) );
#8782 = ORIENTED_EDGE('',*,*,#8276,.T.);
#8783 = ORIENTED_EDGE('',*,*,#8784,.T.);
#8784 = EDGE_CURVE('',#8277,#8785,#8787,.T.);
#8785 = VERTEX_POINT('',#8786);
#8786 = CARTESIAN_POINT('',(1.128,15.31,-1.385));
#8787 = SURFACE_CURVE('',#8788,(#8792,#8799),.PCURVE_S1.);
#8788 = LINE('',#8789,#8790);
#8789 = CARTESIAN_POINT('',(1.128,15.31,-4.691));
#8790 = VECTOR('',#8791,1.);
#8791 = DIRECTION('',(0.,0.,1.));
#8792 = PCURVE('',#8292,#8793);
#8793 = DEFINITIONAL_REPRESENTATION('',(#8794),#8798);
#8794 = LINE('',#8795,#8796);
#8795 = CARTESIAN_POINT('',(0.,-9.607));
#8796 = VECTOR('',#8797,1.);
#8797 = DIRECTION('',(1.,0.));
#8798 = ( GEOMETRIC_REPRESENTATION_CONTEXT(2) 
PARAMETRIC_REPRESENTATION_CONTEXT() REPRESENTATION_CONTEXT('2D SPACE',''
  ) );
#8799 = PCURVE('',#8421,#8800);
#8800 = DEFINITIONAL_REPRESENTATION('',(#8801),#8805);
#8801 = LINE('',#8802,#8803);
#8802 = CARTESIAN_POINT('',(0.,0.));
#8803 = VECTOR('',#8804,1.);
#8804 = DIRECTION('',(1.,0.));
#8805 = ( GEOMETRIC_REPRESENTATION_CONTEXT(2) 
PARAMETRIC_REPRESENTATION_CONTEXT() REPRESENTATION_CONTEXT('2D SPACE',''
  ) );
#8806 = ORIENTED_EDGE('',*,*,#8807,.F.);
#8807 = EDGE_CURVE('',#8761,#8785,#8808,.T.);
#8808 = SURFACE_CURVE('',#8809,(#8813,#8820),.PCURVE_S1.);
#8809 = LINE('',#8810,#8811);
#8810 = CARTESIAN_POINT('',(1.128,5.703,-1.385));
#8811 = VECTOR('',#8812,1.);
#8812 = DIRECTION('',(-0.,1.,0.));
#8813 = PCURVE('',#8292,#8814);
#8814 = DEFINITIONAL_REPRESENTATION('',(#8815),#8819);
#8815 = LINE('',#8816,#8817);
#8816 = CARTESIAN_POINT('',(3.306,0.));
#8817 = VECTOR('',#8818,1.);
#8818 = DIRECTION('',(0.,-1.));
#8819 = ( GEOMETRIC_REPRESENTATION_CONTEXT(2) 
PARAMETRIC_REPRESENTATION_CONTEXT() REPRESENTATION_CONTEXT('2D SPACE',''
  ) );
#8820 = PCURVE('',#8821,#8826);
#8821 = PLANE('',#8822);
#8822 = AXIS2_PLACEMENT_3D('',#8823,#8824,#8825);
#8823 = CARTESIAN_POINT('',(1.128,5.703,-1.385));
#8824 = DIRECTION('',(0.,0.,1.));
#8825 = DIRECTION('',(1.,0.,-0.));
#8826 = DEFINITIONAL_REPRESENTATION('',(#8827),#8831);
#8827 = LINE('',#8828,#8829);
#8828 = CARTESIAN_POINT('',(0.,0.));
#8829 = VECTOR('',#8830,1.);
#8830 = DIRECTION('',(0.,1.));
#8831 = ( GEOMETRIC_REPRESENTATION_CONTEXT(2) 
PARAMETRIC_REPRESENTATION_CONTEXT() REPRESENTATION_CONTEXT('2D SPACE',''
  ) );
#8832 = ADVANCED_FACE('',(#8833),#8264,.F.);
#8833 = FACE_BOUND('',#8834,.F.);
#8834 = EDGE_LOOP('',(#8835,#8836,#8857,#8858));
#8835 = ORIENTED_EDGE('',*,*,#8248,.F.);
#8836 = ORIENTED_EDGE('',*,*,#8837,.F.);
#8837 = EDGE_CURVE('',#8485,#8221,#8838,.T.);
#8838 = SURFACE_CURVE('',#8839,(#8843,#8850),.PCURVE_S1.);
#8839 = LINE('',#8840,#8841);
#8840 = CARTESIAN_POINT('',(1.128,4.771,-4.691));
#8841 = VECTOR('',#8842,1.);
#8842 = DIRECTION('',(0.,0.,1.));
#8843 = PCURVE('',#8264,#8844);
#8844 = DEFINITIONAL_REPRESENTATION('',(#8845),#8849);
#8845 = LINE('',#8846,#8847);
#8846 = CARTESIAN_POINT('',(0.,-22.159));
#8847 = VECTOR('',#8848,1.);
#8848 = DIRECTION('',(1.,0.));
#8849 = ( GEOMETRIC_REPRESENTATION_CONTEXT(2) 
PARAMETRIC_REPRESENTATION_CONTEXT() REPRESENTATION_CONTEXT('2D SPACE',''
  ) );
#8850 = PCURVE('',#8520,#8851);
#8851 = DEFINITIONAL_REPRESENTATION('',(#8852),#8856);
#8852 = LINE('',#8853,#8854);
#8853 = CARTESIAN_POINT('',(0.,0.));
#8854 = VECTOR('',#8855,1.);
#8855 = DIRECTION('',(1.,0.));
#8856 = ( GEOMETRIC_REPRESENTATION_CONTEXT(2) 
PARAMETRIC_REPRESENTATION_CONTEXT() REPRESENTATION_CONTEXT('2D SPACE',''
  ) );
#8857 = ORIENTED_EDGE('',*,*,#8484,.T.);
#8858 = ORIENTED_EDGE('',*,*,#8859,.T.);
#8859 = EDGE_CURVE('',#8459,#8249,#8860,.T.);
#8860 = SURFACE_CURVE('',#8861,(#8865,#8872),.PCURVE_S1.);
#8861 = LINE('',#8862,#8863);
#8862 = CARTESIAN_POINT('',(1.128,5.703,-4.691));
#8863 = VECTOR('',#8864,1.);
#8864 = DIRECTION('',(0.,0.,1.));
#8865 = PCURVE('',#8264,#8866);
#8866 = DEFINITIONAL_REPRESENTATION('',(#8867),#8871);
#8867 = LINE('',#8868,#8869);
#8868 = CARTESIAN_POINT('',(0.,-23.091));
#8869 = VECTOR('',#8870,1.);
#8870 = DIRECTION('',(1.,0.));
#8871 = ( GEOMETRIC_REPRESENTATION_CONTEXT(2) 
PARAMETRIC_REPRESENTATION_CONTEXT() REPRESENTATION_CONTEXT('2D SPACE',''
  ) );
#8872 = PCURVE('',#8473,#8873);
#8873 = DEFINITIONAL_REPRESENTATION('',(#8874),#8878);
#8874 = LINE('',#8875,#8876);
#8875 = CARTESIAN_POINT('',(0.,0.));
#8876 = VECTOR('',#8877,1.);
#8877 = DIRECTION('',(1.,0.));
#8878 = ( GEOMETRIC_REPRESENTATION_CONTEXT(2) 
PARAMETRIC_REPRESENTATION_CONTEXT() REPRESENTATION_CONTEXT('2D SPACE',''
  ) );
#8879 = ADVANCED_FACE('',(#8880),#8236,.T.);
#8880 = FACE_BOUND('',#8881,.T.);
#8881 = EDGE_LOOP('',(#8882,#8905,#8906,#8929));
#8882 = ORIENTED_EDGE('',*,*,#8883,.F.);
#8883 = EDGE_CURVE('',#8193,#8884,#8886,.T.);
#8884 = VERTEX_POINT('',#8885);
#8885 = CARTESIAN_POINT('',(1.128,-5.108,-1.385));
#8886 = SURFACE_CURVE('',#8887,(#8891,#8898),.PCURVE_S1.);
#8887 = LINE('',#8888,#8889);
#8888 = CARTESIAN_POINT('',(1.128,-5.108,-4.691));
#8889 = VECTOR('',#8890,1.);
#8890 = DIRECTION('',(0.,0.,1.));
#8891 = PCURVE('',#8236,#8892);
#8892 = DEFINITIONAL_REPRESENTATION('',(#8893),#8897);
#8893 = LINE('',#8894,#8895);
#8894 = CARTESIAN_POINT('',(0.,0.));
#8895 = VECTOR('',#8896,1.);
#8896 = DIRECTION('',(1.,0.));
#8897 = ( GEOMETRIC_REPRESENTATION_CONTEXT(2) 
PARAMETRIC_REPRESENTATION_CONTEXT() REPRESENTATION_CONTEXT('2D SPACE',''
  ) );
#8898 = PCURVE('',#8572,#8899);
#8899 = DEFINITIONAL_REPRESENTATION('',(#8900),#8904);
#8900 = LINE('',#8901,#8902);
#8901 = CARTESIAN_POINT('',(0.,0.));
#8902 = VECTOR('',#8903,1.);
#8903 = DIRECTION('',(1.,0.));
#8904 = ( GEOMETRIC_REPRESENTATION_CONTEXT(2) 
PARAMETRIC_REPRESENTATION_CONTEXT() REPRESENTATION_CONTEXT('2D SPACE',''
  ) );
#8905 = ORIENTED_EDGE('',*,*,#8220,.T.);
#8906 = ORIENTED_EDGE('',*,*,#8907,.T.);
#8907 = EDGE_CURVE('',#8221,#8908,#8910,.T.);
#8908 = VERTEX_POINT('',#8909);
#8909 = CARTESIAN_POINT('',(1.128,4.771,-1.385));
#8910 = SURFACE_CURVE('',#8911,(#8915,#8922),.PCURVE_S1.);
#8911 = LINE('',#8912,#8913);
#8912 = CARTESIAN_POINT('',(1.128,4.771,-4.691));
#8913 = VECTOR('',#8914,1.);
#8914 = DIRECTION('',(0.,0.,1.));
#8915 = PCURVE('',#8236,#8916);
#8916 = DEFINITIONAL_REPRESENTATION('',(#8917),#8921);
#8917 = LINE('',#8918,#8919);
#8918 = CARTESIAN_POINT('',(0.,-9.879));
#8919 = VECTOR('',#8920,1.);
#8920 = DIRECTION('',(1.,0.));
#8921 = ( GEOMETRIC_REPRESENTATION_CONTEXT(2) 
PARAMETRIC_REPRESENTATION_CONTEXT() REPRESENTATION_CONTEXT('2D SPACE',''
  ) );
#8922 = PCURVE('',#8520,#8923);
#8923 = DEFINITIONAL_REPRESENTATION('',(#8924),#8928);
#8924 = LINE('',#8925,#8926);
#8925 = CARTESIAN_POINT('',(0.,0.));
#8926 = VECTOR('',#8927,1.);
#8927 = DIRECTION('',(1.,0.));
#8928 = ( GEOMETRIC_REPRESENTATION_CONTEXT(2) 
PARAMETRIC_REPRESENTATION_CONTEXT() REPRESENTATION_CONTEXT('2D SPACE',''
  ) );
#8929 = ORIENTED_EDGE('',*,*,#8930,.F.);
#8930 = EDGE_CURVE('',#8884,#8908,#8931,.T.);
#8931 = SURFACE_CURVE('',#8932,(#8936,#8943),.PCURVE_S1.);
#8932 = LINE('',#8933,#8934);
#8933 = CARTESIAN_POINT('',(1.128,-5.108,-1.385));
#8934 = VECTOR('',#8935,1.);
#8935 = DIRECTION('',(-0.,1.,0.));
#8936 = PCURVE('',#8236,#8937);
#8937 = DEFINITIONAL_REPRESENTATION('',(#8938),#8942);
#8938 = LINE('',#8939,#8940);
#8939 = CARTESIAN_POINT('',(3.306,0.));
#8940 = VECTOR('',#8941,1.);
#8941 = DIRECTION('',(0.,-1.));
#8942 = ( GEOMETRIC_REPRESENTATION_CONTEXT(2) 
PARAMETRIC_REPRESENTATION_CONTEXT() REPRESENTATION_CONTEXT('2D SPACE',''
  ) );
#8943 = PCURVE('',#8944,#8949);
#8944 = PLANE('',#8945);
#8945 = AXIS2_PLACEMENT_3D('',#8946,#8947,#8948);
#8946 = CARTESIAN_POINT('',(1.128,-5.108,-1.385));
#8947 = DIRECTION('',(0.,0.,1.));
#8948 = DIRECTION('',(1.,0.,-0.));
#8949 = DEFINITIONAL_REPRESENTATION('',(#8950),#8954);
#8950 = LINE('',#8951,#8952);
#8951 = CARTESIAN_POINT('',(0.,0.));
#8952 = VECTOR('',#8953,1.);
#8953 = DIRECTION('',(0.,1.));
#8954 = ( GEOMETRIC_REPRESENTATION_CONTEXT(2) 
PARAMETRIC_REPRESENTATION_CONTEXT() REPRESENTATION_CONTEXT('2D SPACE',''
  ) );
#8955 = ADVANCED_FACE('',(#8956),#8208,.F.);
#8956 = FACE_BOUND('',#8957,.F.);
#8957 = EDGE_LOOP('',(#8958,#8959,#8980,#8981));
#8958 = ORIENTED_EDGE('',*,*,#8192,.F.);
#8959 = ORIENTED_EDGE('',*,*,#8960,.F.);
#8960 = EDGE_CURVE('',#8584,#8165,#8961,.T.);
#8961 = SURFACE_CURVE('',#8962,(#8966,#8973),.PCURVE_S1.);
#8962 = LINE('',#8963,#8964);
#8963 = CARTESIAN_POINT('',(1.128,-5.91,-4.691));
#8964 = VECTOR('',#8965,1.);
#8965 = DIRECTION('',(0.,0.,1.));
#8966 = PCURVE('',#8208,#8967);
#8967 = DEFINITIONAL_REPRESENTATION('',(#8968),#8972);
#8968 = LINE('',#8969,#8970);
#8969 = CARTESIAN_POINT('',(0.,-11.478));
#8970 = VECTOR('',#8971,1.);
#8971 = DIRECTION('',(1.,0.));
#8972 = ( GEOMETRIC_REPRESENTATION_CONTEXT(2) 
PARAMETRIC_REPRESENTATION_CONTEXT() REPRESENTATION_CONTEXT('2D SPACE',''
  ) );
#8973 = PCURVE('',#8619,#8974);
#8974 = DEFINITIONAL_REPRESENTATION('',(#8975),#8979);
#8975 = LINE('',#8976,#8977);
#8976 = CARTESIAN_POINT('',(0.,0.));
#8977 = VECTOR('',#8978,1.);
#8978 = DIRECTION('',(1.,0.));
#8979 = ( GEOMETRIC_REPRESENTATION_CONTEXT(2) 
PARAMETRIC_REPRESENTATION_CONTEXT() REPRESENTATION_CONTEXT('2D SPACE',''
  ) );
#8980 = ORIENTED_EDGE('',*,*,#8583,.T.);
#8981 = ORIENTED_EDGE('',*,*,#8982,.T.);
#8982 = EDGE_CURVE('',#8558,#8193,#8983,.T.);
#8983 = SURFACE_CURVE('',#8984,(#8988,#8995),.PCURVE_S1.);
#8984 = LINE('',#8985,#8986);
#8985 = CARTESIAN_POINT('',(1.128,-5.108,-4.691));
#8986 = VECTOR('',#8987,1.);
#8987 = DIRECTION('',(0.,0.,1.));
#8988 = PCURVE('',#8208,#8989);
#8989 = DEFINITIONAL_REPRESENTATION('',(#8990),#8994);
#8990 = LINE('',#8991,#8992);
#8991 = CARTESIAN_POINT('',(0.,-12.28));
#8992 = VECTOR('',#8993,1.);
#8993 = DIRECTION('',(1.,0.));
#8994 = ( GEOMETRIC_REPRESENTATION_CONTEXT(2) 
PARAMETRIC_REPRESENTATION_CONTEXT() REPRESENTATION_CONTEXT('2D SPACE',''
  ) );
#8995 = PCURVE('',#8572,#8996);
#8996 = DEFINITIONAL_REPRESENTATION('',(#8997),#9001);
#8997 = LINE('',#8998,#8999);
#8998 = CARTESIAN_POINT('',(0.,0.));
#8999 = VECTOR('',#9000,1.);
#9000 = DIRECTION('',(1.,0.));
#9001 = ( GEOMETRIC_REPRESENTATION_CONTEXT(2) 
PARAMETRIC_REPRESENTATION_CONTEXT() REPRESENTATION_CONTEXT('2D SPACE',''
  ) );
#9002 = ADVANCED_FACE('',(#9003),#8180,.T.);
#9003 = FACE_BOUND('',#9004,.T.);
#9004 = EDGE_LOOP('',(#9005,#9028,#9029,#9052));
#9005 = ORIENTED_EDGE('',*,*,#9006,.F.);
#9006 = EDGE_CURVE('',#8142,#9007,#9009,.T.);
#9007 = VERTEX_POINT('',#9008);
#9008 = CARTESIAN_POINT('',(1.128,-15.593,-1.385));
#9009 = SURFACE_CURVE('',#9010,(#9014,#9021),.PCURVE_S1.);
#9010 = LINE('',#9011,#9012);
#9011 = CARTESIAN_POINT('',(1.128,-15.593,-4.691));
#9012 = VECTOR('',#9013,1.);
#9013 = DIRECTION('',(0.,0.,1.));
#9014 = PCURVE('',#8180,#9015);
#9015 = DEFINITIONAL_REPRESENTATION('',(#9016),#9020);
#9016 = LINE('',#9017,#9018);
#9017 = CARTESIAN_POINT('',(0.,0.));
#9018 = VECTOR('',#9019,1.);
#9019 = DIRECTION('',(1.,0.));
#9020 = ( GEOMETRIC_REPRESENTATION_CONTEXT(2) 
PARAMETRIC_REPRESENTATION_CONTEXT() REPRESENTATION_CONTEXT('2D SPACE',''
  ) );
#9021 = PCURVE('',#8366,#9022);
#9022 = DEFINITIONAL_REPRESENTATION('',(#9023),#9027);
#9023 = LINE('',#9024,#9025);
#9024 = CARTESIAN_POINT('',(0.,0.));
#9025 = VECTOR('',#9026,1.);
#9026 = DIRECTION('',(1.,0.));
#9027 = ( GEOMETRIC_REPRESENTATION_CONTEXT(2) 
PARAMETRIC_REPRESENTATION_CONTEXT() REPRESENTATION_CONTEXT('2D SPACE',''
  ) );
#9028 = ORIENTED_EDGE('',*,*,#8164,.T.);
#9029 = ORIENTED_EDGE('',*,*,#9030,.T.);
#9030 = EDGE_CURVE('',#8165,#9031,#9033,.T.);
#9031 = VERTEX_POINT('',#9032);
#9032 = CARTESIAN_POINT('',(1.128,-5.91,-1.385));
#9033 = SURFACE_CURVE('',#9034,(#9038,#9045),.PCURVE_S1.);
#9034 = LINE('',#9035,#9036);
#9035 = CARTESIAN_POINT('',(1.128,-5.91,-4.691));
#9036 = VECTOR('',#9037,1.);
#9037 = DIRECTION('',(0.,0.,1.));
#9038 = PCURVE('',#8180,#9039);
#9039 = DEFINITIONAL_REPRESENTATION('',(#9040),#9044);
#9040 = LINE('',#9041,#9042);
#9041 = CARTESIAN_POINT('',(0.,-9.683));
#9042 = VECTOR('',#9043,1.);
#9043 = DIRECTION('',(1.,0.));
#9044 = ( GEOMETRIC_REPRESENTATION_CONTEXT(2) 
PARAMETRIC_REPRESENTATION_CONTEXT() REPRESENTATION_CONTEXT('2D SPACE',''
  ) );
#9045 = PCURVE('',#8619,#9046);
#9046 = DEFINITIONAL_REPRESENTATION('',(#9047),#9051);
#9047 = LINE('',#9048,#9049);
#9048 = CARTESIAN_POINT('',(0.,0.));
#9049 = VECTOR('',#9050,1.);
#9050 = DIRECTION('',(1.,0.));
#9051 = ( GEOMETRIC_REPRESENTATION_CONTEXT(2) 
PARAMETRIC_REPRESENTATION_CONTEXT() REPRESENTATION_CONTEXT('2D SPACE',''
  ) );
#9052 = ORIENTED_EDGE('',*,*,#9053,.F.);
#9053 = EDGE_CURVE('',#9007,#9031,#9054,.T.);
#9054 = SURFACE_CURVE('',#9055,(#9059,#9066),.PCURVE_S1.);
#9055 = LINE('',#9056,#9057);
#9056 = CARTESIAN_POINT('',(1.128,-15.593,-1.385));
#9057 = VECTOR('',#9058,1.);
#9058 = DIRECTION('',(-0.,1.,0.));
#9059 = PCURVE('',#8180,#9060);
#9060 = DEFINITIONAL_REPRESENTATION('',(#9061),#9065);
#9061 = LINE('',#9062,#9063);
#9062 = CARTESIAN_POINT('',(3.306,0.));
#9063 = VECTOR('',#9064,1.);
#9064 = DIRECTION('',(0.,-1.));
#9065 = ( GEOMETRIC_REPRESENTATION_CONTEXT(2) 
PARAMETRIC_REPRESENTATION_CONTEXT() REPRESENTATION_CONTEXT('2D SPACE',''
  ) );
#9066 = PCURVE('',#9067,#9072);
#9067 = PLANE('',#9068);
#9068 = AXIS2_PLACEMENT_3D('',#9069,#9070,#9071);
#9069 = CARTESIAN_POINT('',(1.128,-15.593,-1.385));
#9070 = DIRECTION('',(0.,0.,1.));
#9071 = DIRECTION('',(1.,0.,-0.));
#9072 = DEFINITIONAL_REPRESENTATION('',(#9073),#9077);
#9073 = LINE('',#9074,#9075);
#9074 = CARTESIAN_POINT('',(0.,0.));
#9075 = VECTOR('',#9076,1.);
#9076 = DIRECTION('',(0.,1.));
#9077 = ( GEOMETRIC_REPRESENTATION_CONTEXT(2) 
PARAMETRIC_REPRESENTATION_CONTEXT() REPRESENTATION_CONTEXT('2D SPACE',''
  ) );
#9078 = ADVANCED_FACE('',(#9079),#8366,.T.);
#9079 = FACE_BOUND('',#9080,.T.);
#9080 = EDGE_LOOP('',(#9081,#9104,#9105,#9106,#9107));
#9081 = ORIENTED_EDGE('',*,*,#9082,.F.);
#9082 = EDGE_CURVE('',#8631,#9083,#9085,.T.);
#9083 = VERTEX_POINT('',#9084);
#9084 = CARTESIAN_POINT('',(5.925,-15.593,-1.385));
#9085 = SURFACE_CURVE('',#9086,(#9090,#9097),.PCURVE_S1.);
#9086 = LINE('',#9087,#9088);
#9087 = CARTESIAN_POINT('',(5.925,-15.593,-4.691));
#9088 = VECTOR('',#9089,1.);
#9089 = DIRECTION('',(0.,0.,1.));
#9090 = PCURVE('',#8366,#9091);
#9091 = DEFINITIONAL_REPRESENTATION('',(#9092),#9096);
#9092 = LINE('',#9093,#9094);
#9093 = CARTESIAN_POINT('',(0.,4.797));
#9094 = VECTOR('',#9095,1.);
#9095 = DIRECTION('',(1.,0.));
#9096 = ( GEOMETRIC_REPRESENTATION_CONTEXT(2) 
PARAMETRIC_REPRESENTATION_CONTEXT() REPRESENTATION_CONTEXT('2D SPACE',''
  ) );
#9097 = PCURVE('',#8645,#9098);
#9098 = DEFINITIONAL_REPRESENTATION('',(#9099),#9103);
#9099 = LINE('',#9100,#9101);
#9100 = CARTESIAN_POINT('',(0.,0.));
#9101 = VECTOR('',#9102,1.);
#9102 = DIRECTION('',(1.,0.));
#9103 = ( GEOMETRIC_REPRESENTATION_CONTEXT(2) 
PARAMETRIC_REPRESENTATION_CONTEXT() REPRESENTATION_CONTEXT('2D SPACE',''
  ) );
#9104 = ORIENTED_EDGE('',*,*,#8656,.T.);
#9105 = ORIENTED_EDGE('',*,*,#8352,.T.);
#9106 = ORIENTED_EDGE('',*,*,#9006,.T.);
#9107 = ORIENTED_EDGE('',*,*,#9108,.T.);
#9108 = EDGE_CURVE('',#9007,#9083,#9109,.T.);
#9109 = SURFACE_CURVE('',#9110,(#9114,#9121),.PCURVE_S1.);
#9110 = LINE('',#9111,#9112);
#9111 = CARTESIAN_POINT('',(1.128,-15.593,-1.385));
#9112 = VECTOR('',#9113,1.);
#9113 = DIRECTION('',(1.,0.,-0.));
#9114 = PCURVE('',#8366,#9115);
#9115 = DEFINITIONAL_REPRESENTATION('',(#9116),#9120);
#9116 = LINE('',#9117,#9118);
#9117 = CARTESIAN_POINT('',(3.306,0.));
#9118 = VECTOR('',#9119,1.);
#9119 = DIRECTION('',(0.,1.));
#9120 = ( GEOMETRIC_REPRESENTATION_CONTEXT(2) 
PARAMETRIC_REPRESENTATION_CONTEXT() REPRESENTATION_CONTEXT('2D SPACE',''
  ) );
#9121 = PCURVE('',#9067,#9122);
#9122 = DEFINITIONAL_REPRESENTATION('',(#9123),#9127);
#9123 = LINE('',#9124,#9125);
#9124 = CARTESIAN_POINT('',(0.,0.));
#9125 = VECTOR('',#9126,1.);
#9126 = DIRECTION('',(1.,0.));
#9127 = ( GEOMETRIC_REPRESENTATION_CONTEXT(2) 
PARAMETRIC_REPRESENTATION_CONTEXT() REPRESENTATION_CONTEXT('2D SPACE',''
  ) );
#9128 = ADVANCED_FACE('',(#9129),#8645,.F.);
#9129 = FACE_BOUND('',#9130,.F.);
#9130 = EDGE_LOOP('',(#9131,#9132,#9133,#9156));
#9131 = ORIENTED_EDGE('',*,*,#9082,.F.);
#9132 = ORIENTED_EDGE('',*,*,#8630,.T.);
#9133 = ORIENTED_EDGE('',*,*,#9134,.T.);
#9134 = EDGE_CURVE('',#8605,#9135,#9137,.T.);
#9135 = VERTEX_POINT('',#9136);
#9136 = CARTESIAN_POINT('',(5.925,-5.91,-1.385));
#9137 = SURFACE_CURVE('',#9138,(#9142,#9149),.PCURVE_S1.);
#9138 = LINE('',#9139,#9140);
#9139 = CARTESIAN_POINT('',(5.925,-5.91,-4.691));
#9140 = VECTOR('',#9141,1.);
#9141 = DIRECTION('',(0.,0.,1.));
#9142 = PCURVE('',#8645,#9143);
#9143 = DEFINITIONAL_REPRESENTATION('',(#9144),#9148);
#9144 = LINE('',#9145,#9146);
#9145 = CARTESIAN_POINT('',(0.,-9.683));
#9146 = VECTOR('',#9147,1.);
#9147 = DIRECTION('',(1.,0.));
#9148 = ( GEOMETRIC_REPRESENTATION_CONTEXT(2) 
PARAMETRIC_REPRESENTATION_CONTEXT() REPRESENTATION_CONTEXT('2D SPACE',''
  ) );
#9149 = PCURVE('',#8619,#9150);
#9150 = DEFINITIONAL_REPRESENTATION('',(#9151),#9155);
#9151 = LINE('',#9152,#9153);
#9152 = CARTESIAN_POINT('',(0.,4.797));
#9153 = VECTOR('',#9154,1.);
#9154 = DIRECTION('',(1.,0.));
#9155 = ( GEOMETRIC_REPRESENTATION_CONTEXT(2) 
PARAMETRIC_REPRESENTATION_CONTEXT() REPRESENTATION_CONTEXT('2D SPACE',''
  ) );
#9156 = ORIENTED_EDGE('',*,*,#9157,.F.);
#9157 = EDGE_CURVE('',#9083,#9135,#9158,.T.);
#9158 = SURFACE_CURVE('',#9159,(#9163,#9170),.PCURVE_S1.);
#9159 = LINE('',#9160,#9161);
#9160 = CARTESIAN_POINT('',(5.925,-15.593,-1.385));
#9161 = VECTOR('',#9162,1.);
#9162 = DIRECTION('',(-0.,1.,0.));
#9163 = PCURVE('',#8645,#9164);
#9164 = DEFINITIONAL_REPRESENTATION('',(#9165),#9169);
#9165 = LINE('',#9166,#9167);
#9166 = CARTESIAN_POINT('',(3.306,0.));
#9167 = VECTOR('',#9168,1.);
#9168 = DIRECTION('',(0.,-1.));
#9169 = ( GEOMETRIC_REPRESENTATION_CONTEXT(2) 
PARAMETRIC_REPRESENTATION_CONTEXT() REPRESENTATION_CONTEXT('2D SPACE',''
  ) );
#9170 = PCURVE('',#9067,#9171);
#9171 = DEFINITIONAL_REPRESENTATION('',(#9172),#9176);
#9172 = LINE('',#9173,#9174);
#9173 = CARTESIAN_POINT('',(4.797,0.));
#9174 = VECTOR('',#9175,1.);
#9175 = DIRECTION('',(0.,1.));
#9176 = ( GEOMETRIC_REPRESENTATION_CONTEXT(2) 
PARAMETRIC_REPRESENTATION_CONTEXT() REPRESENTATION_CONTEXT('2D SPACE',''
  ) );
#9177 = ADVANCED_FACE('',(#9178),#8619,.F.);
#9178 = FACE_BOUND('',#9179,.F.);
#9179 = EDGE_LOOP('',(#9180,#9181,#9182,#9183,#9184));
#9180 = ORIENTED_EDGE('',*,*,#9134,.F.);
#9181 = ORIENTED_EDGE('',*,*,#8604,.T.);
#9182 = ORIENTED_EDGE('',*,*,#8960,.T.);
#9183 = ORIENTED_EDGE('',*,*,#9030,.T.);
#9184 = ORIENTED_EDGE('',*,*,#9185,.T.);
#9185 = EDGE_CURVE('',#9031,#9135,#9186,.T.);
#9186 = SURFACE_CURVE('',#9187,(#9191,#9198),.PCURVE_S1.);
#9187 = LINE('',#9188,#9189);
#9188 = CARTESIAN_POINT('',(1.128,-5.91,-1.385));
#9189 = VECTOR('',#9190,1.);
#9190 = DIRECTION('',(1.,0.,-0.));
#9191 = PCURVE('',#8619,#9192);
#9192 = DEFINITIONAL_REPRESENTATION('',(#9193),#9197);
#9193 = LINE('',#9194,#9195);
#9194 = CARTESIAN_POINT('',(3.306,0.));
#9195 = VECTOR('',#9196,1.);
#9196 = DIRECTION('',(0.,1.));
#9197 = ( GEOMETRIC_REPRESENTATION_CONTEXT(2) 
PARAMETRIC_REPRESENTATION_CONTEXT() REPRESENTATION_CONTEXT('2D SPACE',''
  ) );
#9198 = PCURVE('',#9067,#9199);
#9199 = DEFINITIONAL_REPRESENTATION('',(#9200),#9204);
#9200 = LINE('',#9201,#9202);
#9201 = CARTESIAN_POINT('',(0.,9.683));
#9202 = VECTOR('',#9203,1.);
#9203 = DIRECTION('',(1.,0.));
#9204 = ( GEOMETRIC_REPRESENTATION_CONTEXT(2) 
PARAMETRIC_REPRESENTATION_CONTEXT() REPRESENTATION_CONTEXT('2D SPACE',''
  ) );
#9205 = ADVANCED_FACE('',(#9206),#8572,.T.);
#9206 = FACE_BOUND('',#9207,.T.);
#9207 = EDGE_LOOP('',(#9208,#9231,#9232,#9233,#9234));
#9208 = ORIENTED_EDGE('',*,*,#9209,.F.);
#9209 = EDGE_CURVE('',#8532,#9210,#9212,.T.);
#9210 = VERTEX_POINT('',#9211);
#9211 = CARTESIAN_POINT('',(5.925,-5.108,-1.385));
#9212 = SURFACE_CURVE('',#9213,(#9217,#9224),.PCURVE_S1.);
#9213 = LINE('',#9214,#9215);
#9214 = CARTESIAN_POINT('',(5.925,-5.108,-4.691));
#9215 = VECTOR('',#9216,1.);
#9216 = DIRECTION('',(0.,0.,1.));
#9217 = PCURVE('',#8572,#9218);
#9218 = DEFINITIONAL_REPRESENTATION('',(#9219),#9223);
#9219 = LINE('',#9220,#9221);
#9220 = CARTESIAN_POINT('',(0.,4.797));
#9221 = VECTOR('',#9222,1.);
#9222 = DIRECTION('',(1.,0.));
#9223 = ( GEOMETRIC_REPRESENTATION_CONTEXT(2) 
PARAMETRIC_REPRESENTATION_CONTEXT() REPRESENTATION_CONTEXT('2D SPACE',''
  ) );
#9224 = PCURVE('',#8546,#9225);
#9225 = DEFINITIONAL_REPRESENTATION('',(#9226),#9230);
#9226 = LINE('',#9227,#9228);
#9227 = CARTESIAN_POINT('',(0.,0.));
#9228 = VECTOR('',#9229,1.);
#9229 = DIRECTION('',(1.,0.));
#9230 = ( GEOMETRIC_REPRESENTATION_CONTEXT(2) 
PARAMETRIC_REPRESENTATION_CONTEXT() REPRESENTATION_CONTEXT('2D SPACE',''
  ) );
#9231 = ORIENTED_EDGE('',*,*,#8557,.T.);
#9232 = ORIENTED_EDGE('',*,*,#8982,.T.);
#9233 = ORIENTED_EDGE('',*,*,#8883,.T.);
#9234 = ORIENTED_EDGE('',*,*,#9235,.T.);
#9235 = EDGE_CURVE('',#8884,#9210,#9236,.T.);
#9236 = SURFACE_CURVE('',#9237,(#9241,#9248),.PCURVE_S1.);
#9237 = LINE('',#9238,#9239);
#9238 = CARTESIAN_POINT('',(1.128,-5.108,-1.385));
#9239 = VECTOR('',#9240,1.);
#9240 = DIRECTION('',(1.,0.,-0.));
#9241 = PCURVE('',#8572,#9242);
#9242 = DEFINITIONAL_REPRESENTATION('',(#9243),#9247);
#9243 = LINE('',#9244,#9245);
#9244 = CARTESIAN_POINT('',(3.306,0.));
#9245 = VECTOR('',#9246,1.);
#9246 = DIRECTION('',(0.,1.));
#9247 = ( GEOMETRIC_REPRESENTATION_CONTEXT(2) 
PARAMETRIC_REPRESENTATION_CONTEXT() REPRESENTATION_CONTEXT('2D SPACE',''
  ) );
#9248 = PCURVE('',#8944,#9249);
#9249 = DEFINITIONAL_REPRESENTATION('',(#9250),#9254);
#9250 = LINE('',#9251,#9252);
#9251 = CARTESIAN_POINT('',(0.,0.));
#9252 = VECTOR('',#9253,1.);
#9253 = DIRECTION('',(1.,0.));
#9254 = ( GEOMETRIC_REPRESENTATION_CONTEXT(2) 
PARAMETRIC_REPRESENTATION_CONTEXT() REPRESENTATION_CONTEXT('2D SPACE',''
  ) );
#9255 = ADVANCED_FACE('',(#9256),#8546,.F.);
#9256 = FACE_BOUND('',#9257,.F.);
#9257 = EDGE_LOOP('',(#9258,#9259,#9260,#9283));
#9258 = ORIENTED_EDGE('',*,*,#9209,.F.);
#9259 = ORIENTED_EDGE('',*,*,#8531,.T.);
#9260 = ORIENTED_EDGE('',*,*,#9261,.T.);
#9261 = EDGE_CURVE('',#8506,#9262,#9264,.T.);
#9262 = VERTEX_POINT('',#9263);
#9263 = CARTESIAN_POINT('',(5.925,4.771,-1.385));
#9264 = SURFACE_CURVE('',#9265,(#9269,#9276),.PCURVE_S1.);
#9265 = LINE('',#9266,#9267);
#9266 = CARTESIAN_POINT('',(5.925,4.771,-4.691));
#9267 = VECTOR('',#9268,1.);
#9268 = DIRECTION('',(0.,0.,1.));
#9269 = PCURVE('',#8546,#9270);
#9270 = DEFINITIONAL_REPRESENTATION('',(#9271),#9275);
#9271 = LINE('',#9272,#9273);
#9272 = CARTESIAN_POINT('',(0.,-9.879));
#9273 = VECTOR('',#9274,1.);
#9274 = DIRECTION('',(1.,0.));
#9275 = ( GEOMETRIC_REPRESENTATION_CONTEXT(2) 
PARAMETRIC_REPRESENTATION_CONTEXT() REPRESENTATION_CONTEXT('2D SPACE',''
  ) );
#9276 = PCURVE('',#8520,#9277);
#9277 = DEFINITIONAL_REPRESENTATION('',(#9278),#9282);
#9278 = LINE('',#9279,#9280);
#9279 = CARTESIAN_POINT('',(0.,4.797));
#9280 = VECTOR('',#9281,1.);
#9281 = DIRECTION('',(1.,0.));
#9282 = ( GEOMETRIC_REPRESENTATION_CONTEXT(2) 
PARAMETRIC_REPRESENTATION_CONTEXT() REPRESENTATION_CONTEXT('2D SPACE',''
  ) );
#9283 = ORIENTED_EDGE('',*,*,#9284,.F.);
#9284 = EDGE_CURVE('',#9210,#9262,#9285,.T.);
#9285 = SURFACE_CURVE('',#9286,(#9290,#9297),.PCURVE_S1.);
#9286 = LINE('',#9287,#9288);
#9287 = CARTESIAN_POINT('',(5.925,-5.108,-1.385));
#9288 = VECTOR('',#9289,1.);
#9289 = DIRECTION('',(-0.,1.,0.));
#9290 = PCURVE('',#8546,#9291);
#9291 = DEFINITIONAL_REPRESENTATION('',(#9292),#9296);
#9292 = LINE('',#9293,#9294);
#9293 = CARTESIAN_POINT('',(3.306,0.));
#9294 = VECTOR('',#9295,1.);
#9295 = DIRECTION('',(0.,-1.));
#9296 = ( GEOMETRIC_REPRESENTATION_CONTEXT(2) 
PARAMETRIC_REPRESENTATION_CONTEXT() REPRESENTATION_CONTEXT('2D SPACE',''
  ) );
#9297 = PCURVE('',#8944,#9298);
#9298 = DEFINITIONAL_REPRESENTATION('',(#9299),#9303);
#9299 = LINE('',#9300,#9301);
#9300 = CARTESIAN_POINT('',(4.797,0.));
#9301 = VECTOR('',#9302,1.);
#9302 = DIRECTION('',(0.,1.));
#9303 = ( GEOMETRIC_REPRESENTATION_CONTEXT(2) 
PARAMETRIC_REPRESENTATION_CONTEXT() REPRESENTATION_CONTEXT('2D SPACE',''
  ) );
#9304 = ADVANCED_FACE('',(#9305),#8520,.F.);
#9305 = FACE_BOUND('',#9306,.F.);
#9306 = EDGE_LOOP('',(#9307,#9308,#9309,#9310,#9311));
#9307 = ORIENTED_EDGE('',*,*,#9261,.F.);
#9308 = ORIENTED_EDGE('',*,*,#8505,.T.);
#9309 = ORIENTED_EDGE('',*,*,#8837,.T.);
#9310 = ORIENTED_EDGE('',*,*,#8907,.T.);
#9311 = ORIENTED_EDGE('',*,*,#9312,.T.);
#9312 = EDGE_CURVE('',#8908,#9262,#9313,.T.);
#9313 = SURFACE_CURVE('',#9314,(#9318,#9325),.PCURVE_S1.);
#9314 = LINE('',#9315,#9316);
#9315 = CARTESIAN_POINT('',(1.128,4.771,-1.385));
#9316 = VECTOR('',#9317,1.);
#9317 = DIRECTION('',(1.,0.,-0.));
#9318 = PCURVE('',#8520,#9319);
#9319 = DEFINITIONAL_REPRESENTATION('',(#9320),#9324);
#9320 = LINE('',#9321,#9322);
#9321 = CARTESIAN_POINT('',(3.306,0.));
#9322 = VECTOR('',#9323,1.);
#9323 = DIRECTION('',(0.,1.));
#9324 = ( GEOMETRIC_REPRESENTATION_CONTEXT(2) 
PARAMETRIC_REPRESENTATION_CONTEXT() REPRESENTATION_CONTEXT('2D SPACE',''
  ) );
#9325 = PCURVE('',#8944,#9326);
#9326 = DEFINITIONAL_REPRESENTATION('',(#9327),#9331);
#9327 = LINE('',#9328,#9329);
#9328 = CARTESIAN_POINT('',(0.,9.879));
#9329 = VECTOR('',#9330,1.);
#9330 = DIRECTION('',(1.,0.));
#9331 = ( GEOMETRIC_REPRESENTATION_CONTEXT(2) 
PARAMETRIC_REPRESENTATION_CONTEXT() REPRESENTATION_CONTEXT('2D SPACE',''
  ) );
#9332 = ADVANCED_FACE('',(#9333),#8473,.T.);
#9333 = FACE_BOUND('',#9334,.T.);
#9334 = EDGE_LOOP('',(#9335,#9358,#9359,#9360,#9361));
#9335 = ORIENTED_EDGE('',*,*,#9336,.F.);
#9336 = EDGE_CURVE('',#8433,#9337,#9339,.T.);
#9337 = VERTEX_POINT('',#9338);
#9338 = CARTESIAN_POINT('',(5.925,5.703,-1.385));
#9339 = SURFACE_CURVE('',#9340,(#9344,#9351),.PCURVE_S1.);
#9340 = LINE('',#9341,#9342);
#9341 = CARTESIAN_POINT('',(5.925,5.703,-4.691));
#9342 = VECTOR('',#9343,1.);
#9343 = DIRECTION('',(0.,0.,1.));
#9344 = PCURVE('',#8473,#9345);
#9345 = DEFINITIONAL_REPRESENTATION('',(#9346),#9350);
#9346 = LINE('',#9347,#9348);
#9347 = CARTESIAN_POINT('',(0.,4.797));
#9348 = VECTOR('',#9349,1.);
#9349 = DIRECTION('',(1.,0.));
#9350 = ( GEOMETRIC_REPRESENTATION_CONTEXT(2) 
PARAMETRIC_REPRESENTATION_CONTEXT() REPRESENTATION_CONTEXT('2D SPACE',''
  ) );
#9351 = PCURVE('',#8447,#9352);
#9352 = DEFINITIONAL_REPRESENTATION('',(#9353),#9357);
#9353 = LINE('',#9354,#9355);
#9354 = CARTESIAN_POINT('',(0.,0.));
#9355 = VECTOR('',#9356,1.);
#9356 = DIRECTION('',(1.,0.));
#9357 = ( GEOMETRIC_REPRESENTATION_CONTEXT(2) 
PARAMETRIC_REPRESENTATION_CONTEXT() REPRESENTATION_CONTEXT('2D SPACE',''
  ) );
#9358 = ORIENTED_EDGE('',*,*,#8458,.T.);
#9359 = ORIENTED_EDGE('',*,*,#8859,.T.);
#9360 = ORIENTED_EDGE('',*,*,#8760,.T.);
#9361 = ORIENTED_EDGE('',*,*,#9362,.T.);
#9362 = EDGE_CURVE('',#8761,#9337,#9363,.T.);
#9363 = SURFACE_CURVE('',#9364,(#9368,#9375),.PCURVE_S1.);
#9364 = LINE('',#9365,#9366);
#9365 = CARTESIAN_POINT('',(1.128,5.703,-1.385));
#9366 = VECTOR('',#9367,1.);
#9367 = DIRECTION('',(1.,0.,-0.));
#9368 = PCURVE('',#8473,#9369);
#9369 = DEFINITIONAL_REPRESENTATION('',(#9370),#9374);
#9370 = LINE('',#9371,#9372);
#9371 = CARTESIAN_POINT('',(3.306,0.));
#9372 = VECTOR('',#9373,1.);
#9373 = DIRECTION('',(0.,1.));
#9374 = ( GEOMETRIC_REPRESENTATION_CONTEXT(2) 
PARAMETRIC_REPRESENTATION_CONTEXT() REPRESENTATION_CONTEXT('2D SPACE',''
  ) );
#9375 = PCURVE('',#8821,#9376);
#9376 = DEFINITIONAL_REPRESENTATION('',(#9377),#9381);
#9377 = LINE('',#9378,#9379);
#9378 = CARTESIAN_POINT('',(0.,0.));
#9379 = VECTOR('',#9380,1.);
#9380 = DIRECTION('',(1.,0.));
#9381 = ( GEOMETRIC_REPRESENTATION_CONTEXT(2) 
PARAMETRIC_REPRESENTATION_CONTEXT() REPRESENTATION_CONTEXT('2D SPACE',''
  ) );
#9382 = ADVANCED_FACE('',(#9383),#8447,.F.);
#9383 = FACE_BOUND('',#9384,.F.);
#9384 = EDGE_LOOP('',(#9385,#9386,#9387,#9410));
#9385 = ORIENTED_EDGE('',*,*,#9336,.F.);
#9386 = ORIENTED_EDGE('',*,*,#8432,.T.);
#9387 = ORIENTED_EDGE('',*,*,#9388,.T.);
#9388 = EDGE_CURVE('',#8407,#9389,#9391,.T.);
#9389 = VERTEX_POINT('',#9390);
#9390 = CARTESIAN_POINT('',(5.925,15.31,-1.385));
#9391 = SURFACE_CURVE('',#9392,(#9396,#9403),.PCURVE_S1.);
#9392 = LINE('',#9393,#9394);
#9393 = CARTESIAN_POINT('',(5.925,15.31,-4.691));
#9394 = VECTOR('',#9395,1.);
#9395 = DIRECTION('',(0.,0.,1.));
#9396 = PCURVE('',#8447,#9397);
#9397 = DEFINITIONAL_REPRESENTATION('',(#9398),#9402);
#9398 = LINE('',#9399,#9400);
#9399 = CARTESIAN_POINT('',(0.,-9.607));
#9400 = VECTOR('',#9401,1.);
#9401 = DIRECTION('',(1.,0.));
#9402 = ( GEOMETRIC_REPRESENTATION_CONTEXT(2) 
PARAMETRIC_REPRESENTATION_CONTEXT() REPRESENTATION_CONTEXT('2D SPACE',''
  ) );
#9403 = PCURVE('',#8421,#9404);
#9404 = DEFINITIONAL_REPRESENTATION('',(#9405),#9409);
#9405 = LINE('',#9406,#9407);
#9406 = CARTESIAN_POINT('',(0.,4.797));
#9407 = VECTOR('',#9408,1.);
#9408 = DIRECTION('',(1.,0.));
#9409 = ( GEOMETRIC_REPRESENTATION_CONTEXT(2) 
PARAMETRIC_REPRESENTATION_CONTEXT() REPRESENTATION_CONTEXT('2D SPACE',''
  ) );
#9410 = ORIENTED_EDGE('',*,*,#9411,.F.);
#9411 = EDGE_CURVE('',#9337,#9389,#9412,.T.);
#9412 = SURFACE_CURVE('',#9413,(#9417,#9424),.PCURVE_S1.);
#9413 = LINE('',#9414,#9415);
#9414 = CARTESIAN_POINT('',(5.925,5.703,-1.385));
#9415 = VECTOR('',#9416,1.);
#9416 = DIRECTION('',(-0.,1.,0.));
#9417 = PCURVE('',#8447,#9418);
#9418 = DEFINITIONAL_REPRESENTATION('',(#9419),#9423);
#9419 = LINE('',#9420,#9421);
#9420 = CARTESIAN_POINT('',(3.306,0.));
#9421 = VECTOR('',#9422,1.);
#9422 = DIRECTION('',(0.,-1.));
#9423 = ( GEOMETRIC_REPRESENTATION_CONTEXT(2) 
PARAMETRIC_REPRESENTATION_CONTEXT() REPRESENTATION_CONTEXT('2D SPACE',''
  ) );
#9424 = PCURVE('',#8821,#9425);
#9425 = DEFINITIONAL_REPRESENTATION('',(#9426),#9430);
#9426 = LINE('',#9427,#9428);
#9427 = CARTESIAN_POINT('',(4.797,0.));
#9428 = VECTOR('',#9429,1.);
#9429 = DIRECTION('',(0.,1.));
#9430 = ( GEOMETRIC_REPRESENTATION_CONTEXT(2) 
PARAMETRIC_REPRESENTATION_CONTEXT() REPRESENTATION_CONTEXT('2D SPACE',''
  ) );
#9431 = ADVANCED_FACE('',(#9432),#8421,.F.);
#9432 = FACE_BOUND('',#9433,.F.);
#9433 = EDGE_LOOP('',(#9434,#9435,#9436,#9437,#9438));
#9434 = ORIENTED_EDGE('',*,*,#9388,.F.);
#9435 = ORIENTED_EDGE('',*,*,#8406,.T.);
#9436 = ORIENTED_EDGE('',*,*,#8679,.T.);
#9437 = ORIENTED_EDGE('',*,*,#8784,.T.);
#9438 = ORIENTED_EDGE('',*,*,#9439,.T.);
#9439 = EDGE_CURVE('',#8785,#9389,#9440,.T.);
#9440 = SURFACE_CURVE('',#9441,(#9445,#9452),.PCURVE_S1.);
#9441 = LINE('',#9442,#9443);
#9442 = CARTESIAN_POINT('',(1.128,15.31,-1.385));
#9443 = VECTOR('',#9444,1.);
#9444 = DIRECTION('',(1.,0.,-0.));
#9445 = PCURVE('',#8421,#9446);
#9446 = DEFINITIONAL_REPRESENTATION('',(#9447),#9451);
#9447 = LINE('',#9448,#9449);
#9448 = CARTESIAN_POINT('',(3.306,0.));
#9449 = VECTOR('',#9450,1.);
#9450 = DIRECTION('',(0.,1.));
#9451 = ( GEOMETRIC_REPRESENTATION_CONTEXT(2) 
PARAMETRIC_REPRESENTATION_CONTEXT() REPRESENTATION_CONTEXT('2D SPACE',''
  ) );
#9452 = PCURVE('',#8821,#9453);
#9453 = DEFINITIONAL_REPRESENTATION('',(#9454),#9458);
#9454 = LINE('',#9455,#9456);
#9455 = CARTESIAN_POINT('',(0.,9.607));
#9456 = VECTOR('',#9457,1.);
#9457 = DIRECTION('',(1.,0.));
#9458 = ( GEOMETRIC_REPRESENTATION_CONTEXT(2) 
PARAMETRIC_REPRESENTATION_CONTEXT() REPRESENTATION_CONTEXT('2D SPACE',''
  ) );
#9459 = ADVANCED_FACE('',(#9460),#8821,.F.);
#9460 = FACE_BOUND('',#9461,.F.);
#9461 = EDGE_LOOP('',(#9462,#9463,#9464,#9465));
#9462 = ORIENTED_EDGE('',*,*,#8807,.F.);
#9463 = ORIENTED_EDGE('',*,*,#9362,.T.);
#9464 = ORIENTED_EDGE('',*,*,#9411,.T.);
#9465 = ORIENTED_EDGE('',*,*,#9439,.F.);
#9466 = ADVANCED_FACE('',(#9467),#8944,.F.);
#9467 = FACE_BOUND('',#9468,.F.);
#9468 = EDGE_LOOP('',(#9469,#9470,#9471,#9472));
#9469 = ORIENTED_EDGE('',*,*,#8930,.F.);
#9470 = ORIENTED_EDGE('',*,*,#9235,.T.);
#9471 = ORIENTED_EDGE('',*,*,#9284,.T.);
#9472 = ORIENTED_EDGE('',*,*,#9312,.F.);
#9473 = ADVANCED_FACE('',(#9474),#9067,.F.);
#9474 = FACE_BOUND('',#9475,.F.);
#9475 = EDGE_LOOP('',(#9476,#9477,#9478,#9479));
#9476 = ORIENTED_EDGE('',*,*,#9053,.F.);
#9477 = ORIENTED_EDGE('',*,*,#9108,.T.);
#9478 = ORIENTED_EDGE('',*,*,#9157,.T.);
#9479 = ORIENTED_EDGE('',*,*,#9185,.F.);
#9480 = ( GEOMETRIC_REPRESENTATION_CONTEXT(3) 
GLOBAL_UNCERTAINTY_ASSIGNED_CONTEXT((#9484)) 
GLOBAL_UNIT_ASSIGNED_CONTEXT((#9481,#9482,#9483)) REPRESENTATION_CONTEXT
('Context #1','3D Context with UNIT and UNCERTAINTY') );
#9481 = ( LENGTH_UNIT() NAMED_UNIT(*) SI_UNIT(.MILLI.,.METRE.) );
#9482 = ( NAMED_UNIT(*) PLANE_ANGLE_UNIT() SI_UNIT($,.RADIAN.) );
#9483 = ( NAMED_UNIT(*) SI_UNIT($,.STERADIAN.) SOLID_ANGLE_UNIT() );
#9484 = UNCERTAINTY_MEASURE_WITH_UNIT(LENGTH_MEASURE(5.E-06),#9481,
  'distance_accuracy_value','confusion accuracy');
#9485 = CONTEXT_DEPENDENT_SHAPE_REPRESENTATION(#9486,#9488);
#9486 = ( REPRESENTATION_RELATIONSHIP('','',#32,#10) 
REPRESENTATION_RELATIONSHIP_WITH_TRANSFORMATION(#9487) 
SHAPE_REPRESENTATION_RELATIONSHIP() );
#9487 = ITEM_DEFINED_TRANSFORMATION('','',#11,#15);
#9488 = PRODUCT_DEFINITION_SHAPE('Placement','Placement of an item',
  #9489);
#9489 = NEXT_ASSEMBLY_USAGE_OCCURRENCE('1','=>[0:1:1:2]','',#5,#27,$);
#9490 = PRODUCT_RELATED_PRODUCT_CATEGORY('part',$,(#29));
ENDSEC;
END-ISO-10303-21;
